universidad,siglas,nombre,url,descripcion,perfil_ingreso,perfil_egreso,perfil_profesional
Escuela Politécnica Nacional,EPN,Licenciatura Administracion De Empresas,https://www.epn.edu.ec/licenciatura-administracion-de-empresas/,"En la Licenciatura en Administración de Empresas, adquirirás conocimientos clave en teorías y herramientas de gestión empresarial, y aprenderás a aplicar las mejores prácticas del mundo de los negocios. Además, desarrollarás habilidades a través de experiencias laborales y servicio comunitario, que te prepararán para gestionar organizaciones de cualquier sector de manera eficiente y contribuir al crecimiento económico y social de tu entorno. ¡Serás un líder capaz de transformar ideas en éxito!.","Bachilleres que hayan cumplido los requisitos normativos vigentes en el país para el ingreso a universidades, y cuenten con aptitudes de liderazgo, proactividad, creatividad, trabajo en equipo y, pensamiento crítico.

El conjunto de conocimientos mínimos requeridos para ingresar a la carrera incluye:

Razonamiento matemático
Capacidad de análisis y síntesis
Habilidad verbal y escrita; y
Manejo de herramientas informáticas básicas.","Resultados generalesRG1. Demostrar habilidades de comunicación y trabajo en equipo en su ámbito profesional, llevando a cabo negociaciones exitosas en contextos multiculturales.RG2. Practicar la ética en su práctica profesional respetando el marco regulatorio vigente, liderando la transformación organizacional; y, actuando con solidaridad y responsabilidad social para mejorar la calidad de vida de su comunidad, con un sólido compromiso en el cuidado y conservación del medio ambiente.Resultados específicosRE1. Identificar teorías y conceptos de la administración y sus funciones básicas, a fin de gestionar eficiente y eficazmente las organizaciones y mejorar su competitividad en un mundo globalizado.RE2. Identificar métodos innovadores de administración como apoyo en la toma de decisiones y en las prácticas de gestión, contribuyendo al desarrollo económico y empresarial.RE3. Generar ideas innovadoras para el despliegue de la estrategia del negocio, contribuyendo en la generación de valor para las partes interesadas internas y externas a la organización.RE4. Aplicar herramientas administrativas basadas en el uso de las tecnologías de información y comunicación vinculadas a la gestión empresarial, que permitan identificar oportunidades de negocio y diseñar soluciones a los problemas organizacionales con la finalidad de tomar decisiones que contribuyan a la mejora continua empresarial.","El Licenciado/a en Administración de Empresas está en capacidad de desarrollar actividades empresariales en cualquier tipo de organización, empleando técnicas y herramientas administrativas, diseñando y desarrollando proyectos innovadores apoyados en el uso de tecnologías de información y comunicación, tomando además decisiones estratégicas que agreguen valor y hagan competitiva a la organización en beneficio del desarrollo del país. Asimismo, está en capacidad de integrar equipos de investigación y participar en equipos multidisciplinarios en el desarrollo de actividades de consultoría empresarial. El profesional es formado con principios éticos, humanísticos; y, con valores de responsabilidad social."
Escuela Politécnica Nacional,EPN,Ingenieria Agroindustria,https://www.epn.edu.ec/ingenieria-agroindustria/,"La carrera de Agroindustria tiene como propósito fundamental formar profesionales que estén en capacidad de aplicar los principios de la ingeniería para resolver problemas complejos relacionados con el diseño de procesos agroindustriales en términos de calidad, seguridad, economía, uso racional y eficiente de los recursos agrícolas, pecuarios, acuícolas, entre otros, y la conservación del medio ambiente, en cumplimiento del código de ética de la profesión para rentabilizar el agro, modernizar sus empresas, adaptar y desarrollar tecnologías y, de esta manera, contribuir al desarrollo sostenible del sistema productivo agroindustrial.","Poseer capacidad de razonamiento verbal, lógico y numérico
Tener vocación para el área de ingeniería
Demostrar habilidades de pensamiento analítico
Demostrar iniciativa
Demostrar facilidad de trabajar en grupo
Poseer sólidos conocimientos en Física, Química y Matemática del nivel de Bachillerato","Resultados generalesRG1. Demostrar honestidad y responsabilidad hacia la sociedad y medio ambiente en términos del comportamiento ético profesional.RG2. Demostrar conocimiento de los temas contemporáneos y relevantes asociados a la práctica de la Ingeniería Agroindustrial.RG3. Aplicar conocimientos de ciencias básicas, matemáticas e ingeniería en la práctica de la Ingeniería Agroindustrial.RG4. Demostrar habilidad de integrarse y trabajar en equipos multidisciplinarios.RG5. Demostrar habilidad de comunicarse efectivamente tanto de forma oral como escrita.RG6. Demostrar la asimilación de conocimiento necesario para entender el impacto de las soluciones de ingeniería en el contexto global, social y ambiental.RG7. Demostrar habilidad de auto aprendizaje y de actualización permanente de conocimientos.RG8. Emplear métodos y herramientas de ingeniería necesarios en la práctica profesional.Resultados específicosRE1. Diseñar productos y procesos que requieran materias primas agropecuarias para darles valor agregado que satisfagan las necesidades del país de manera económica, eficiente y ambientalmente sustentable.RE2. Diseñar experimentos, para la obtención y el análisis de datos en el ejercicio de la Ingeniería Agroindustrial.RE3. Aplicar los principios de la Ingeniería Agroindustrial, a partir del análisis de las materias primas en el diseño de procesos de transformación mediante balances de masa, energía, fenómenos de transporte y aplicación lógica de las operaciones unitarias agroindustriales.RE4. Aplicar los conocimientos con criterio lógico en la identificación formulación y solución de problemas asociados al ejercicio de la Ingeniería Agroindustrial.",Gerenciar procesos productivos en plantas agroindustriales.Diseñar nuevos productos y procesos agroindustriales.Gerenciar proyectos para la agroindustria.
Escuela Politécnica Nacional,EPN,Ingenieria Ambiental,https://www.epn.edu.ec/ingenieria-ambiental/,"Una profesión que enfrenta el desafío de mitigar los impactos negativos del desarrollo urbano e industrial, integrando conocimientos técnicos avanzados para diseñar soluciones innovadoras que promuevan un desarrollo ambientalmente sostenible. Esta disciplina también impulsa la creación de modelos de desarrollo que equilibren el crecimiento económico y la preservación de los recursos naturales. El Ingeniero Ambiental está capacitado para analizar, planificar, diseñar, operar y optimizar sistemas integrales que abarcan desde el suministro de agua potable y saneamiento básico, hasta la gestión de residuos sólidos y peligrosos, control de la contaminación, y gestión ambiental en la industria.","Los aspirantes a ingresar a la carrera de Ingeniería Ambiental, deben haber concluido los estudios de bachillerato y obtenido el puntaje mínimo definido por el Sistema Nacional de Nivelación y Admisión (SNNA) correspondiente a la carrera.

Así también, el perfil deseable del aspirante incluye las siguientes habilidades:

Aptitud Verbal
Razonamiento numérico
Razonamiento abstracto

En cuanto a conocimientos, es deseable que el aspirante posea formación básica en física, matemática, química y fundamentos de biología.","Resultados generalesRG1: Aplicar conceptos técnico-prácticos actuales, con responsabilidad y ética, relacionados a la Ingeniería Ambiental, en cuanto a minimización de impactos ambientales y gestión adecuada de los recursos naturales.RG2: Trabajar honesta y responsablemente en equipos de trabajo multidisciplinarios para generar la soluciones ambientales costo-efectivas que satisfagan las necesidades de la sociedad, tomando en cuenta el contexto en el que se desenvuelve.RG3: Valorar las regulaciones que incluyan la legislación nacional e internacional apropiada para su campo de especialización, con el fin de ejercer sus funciones dentro de los límites legales.RG4: Identificar la complejidad de la profesión y el compromiso con la sociedad y el ambiente.Resultados específicosRE1: Aplicar conocimientos fundamentales de los principios y conceptos matemáticos, así como conocimientos de la naturaleza y sus fenómenos físico-químicos; incluyendo expresiones cuantitativas y tópicos relacionados con el medio ambiente y ciencias de la tierra.RE2: Identificar fundamentos, métodos, y herramientas para resolver problemas profesionales relacionados con la Ingeniería Ambiental.RE3: Resolver problemas profesionales de mediana complejidad relacionados con la Ingeniería Ambiental.RE4: Utilizar los conocimientos de ciencias básicas y la capacidad de aprendizaje continuo para colaborar en proyectos de investigación, desarrollo e innovación en diversas áreas de la Ingeniería Ambiental.RE5: Utilizar pensamiento crítico, para enfrentar los problemas ambientales que se deban resolver.RE6: Demostrar habilidades de comunicación utilizando medios escritos, orales y digitales, para comunicar los resultados de su actuación.RE7: Utilizar herramientas informáticas de forma adecuada y eficaz en la resolución de problemas ambientales.RE8: Aplicar modelos matemáticos para representar problemas ambientales reales y determinar alternativas de solución.RE9: Diseñar y/o modificar procesos de tratamiento de agua, aire, suelo y residuos.RE10: Aplicar las regulaciones y normativas ambientales en la resolución de problemas ambientales.","El Ingeniero Ambiental tendrá la capacidad de:Proveer servicios de consultoría y asesoría ambiental.Desempeñarse como responsable de Estudios de Impacto Ambiental.Implementar nuevas tecnologías de remediación ambiental.Dirigir y participar en proyectos relacionados con la Ingeniería Ambiental, en el ámbito público o privado.Crear su propia empresa, orientada a ofrecer soluciones ambientales.Desempeñarse como docente/investigador en instituciones educativas de nivel medio y superior.Diseñar, evaluar y mejorar sistemas de depuración de agua, aire y suelo.Diseñar, evaluar y mejorar sistemas de potabilización del agua.Diseñar planes de manejo integral de residuos.Desempeñarse como técnico de campo, en áreas varias: metalurgia, minería, industria manufacturera, industria química, etc.Desempeñarse como planificador de la ejecución de instrumentos de gestión ambiental."
Escuela Politécnica Nacional,EPN,Ciencias De Datos E Inteligencia Artificial,https://www.epn.edu.ec/ciencias-de-datos-e-inteligencia-artificial/,"La Carrera en Ciencia de Datos e Inteligencia Artificial forma profesionales capaces de integrar, transformar y analizar datos para la toma de decisiones y la resolución de problemas. El programa se enfoca en la comprensión de procesos, el descubrimiento de patrones en los datos. Los graduados estarán preparados para aplicar conocimientos en matemáticas, estadística y ciencias de la computación para abordar desafíos en diversos sectores, asegurando la competitividad de las organizaciones e impulsando el desarrollo del país. La carrera hace énfasis en el aprendizaje activo y colaborativo, fomentando el pensamiento crítico y la formación continua.","Los aspirantes a ingresar a la carrera de Ingeniería en Ciencia de Datos e Inteligencia Artificial, deben haber aprobado el examen SNNA del Sistema Nacional de Nivelación y Admisión, y haber obtenido el puntaje mínimo de la Carrera, para lo cual deben:

Tener conocimientos y habilidades de computación, ofimática, Internet, inglés básico y fundamentos matemáticos.
Debe mostrar interés por conocer más de: Matemática y Estadística, Aprendizaje Automático (Machine Learning), tratamiento y análisis de datos, nuevas tecnologías de la información, lenguajes de programación, idioma inglés avanzado.
Debe exhibir y querer desarrollar valores y actitudes en: pensamiento analítico y capacidad de razonamiento, aprendizaje y trabajo en una disciplina considerablemente dinámica, búsqueda de fuentes bibliográficas, lectura y auto aprendizaje, comunicación efectiva, trabajo en equipo y liderazgo, y sensibilidad sobre la privacidad y seguridad de los datos. Adicionalmente, como requisito de ingreso, el aspirante a la carrera deberá poseer título de Bachiller o su equivalente de conformidad con la Ley; también se aceptarán los títulos de Bachiller obtenidos en el extranjero, reconocidos o equiparados por el Ministerio de Educación.","Resultados generalesRG1. Demostrar una formación humanística, íntegra, transparente, ética, inclusiva y responsable para desarrollar productos y servicios digitales aplicando técnicas y herramientas de ciencia de datos e inteligencia artificial.RG2. Demostrar capacidad de trabajo en equipo en proyectos de ciencia de datos e inteligencia artificial alineados a los grandes objetivos nacionales, en los sectores público y privado, desempeñándose bajo protocolos de privacidad, honestidad, ética, responsabilidad, conciencia social y respeto al medio ambiente.Resultados específicosRE1. Demostrar sólidos conocimientos teóricos de las áreas de matemáticas, estadística y ciencias de la computación para realizar el análisis de datos convencionales y masivos que apoyen a la toma de decisiones organizacionales, o que resuelvan problemas relacionados con la falta de información y conocimiento.RE2. Identificar metodologías de investigación adecuadas para abordar problemas y retos nacionales o mundiales que impliquen innovación de la ciencia de datos e inteligencia artificial.RE3. Aplicar conocimientos y destrezas en el uso eficiente de herramientas y plataformas tecnológicas que apoyen la construcción de sistemas de análisis de datos en los niveles descriptivo, predictivo y prescriptivo, para enfrentar con solvencia los retos asociados a problemáticas locales, regionales e internacionales.RE4. Liderar proyectos de descubrimiento de conocimiento para mejorar los procesos, productos y servicios de la organización mediante el entendimiento del negocio, preparación de los datos, modelado, evaluación y despliegue del proyecto.RE5. Desarrollar la capacidad de autoformación y capacitación continua, en los ámbitos teórico y práctico, tanto de la ciencia como de las tecnologías propias del área, para ser competitivo ante el incesante avance científico-tecnológico, a fin de proponer las mejores soluciones a los problemas relacionados con el tratamiento de datos.","Los profesionales en Ciencia de Datos e Inteligencia Artificial poseen conocimientos, habilidades y valores en el manejo del hardware y uso y desarrollo de software especializados para recolectar, almacenar, analizar, procesar y modelar datos; además, comprenden y aplican la estadística, matemáticas, y el aprendizaje computacional para extraer conocimiento a partir de los datos.Los ingenieros científicos de datos trabajan en estrecha colaboración con las partes interesadas del negocio para comprender sus objetivos y determinar cómo se pueden utilizar los datos para lograr esos objetivos.Los profesionales científicos de datos están en la capacidad de diseñar procesos de modelado de datos, crear algoritmos y modelos predictivos, para generar el conocimiento que las instituciones, gobiernos, empresas y otras organizaciones necesitan para generar ventajas competitivas.Cada proyecto basado en datos es diferente, pero el profesional en ciencia de datos e inteligencia artificial conoce cómo efectuar los tipos de análisis: exploratorio, descriptivo, predictivo y prescriptivo; lo cual le permite desenvolverse en áreas tan diversas como medicina, negocios, banca, publicidad, entretenimiento, gobierno, salud pública, entre muchas otras.Los posibles cargos para los graduados de esta ingeniería incluyen: Ingeniero en Ciencia de Datos e Inteligencia Artificial, Analista de Datos, Ingeniero de Investigación, Desarrollador de Ciencia de Datos e Inteligencia Artificial, Arquitecto de Datos, Especialista en Inteligencia de Negocios, Gerente de Unidades Tecnológicas, y afines."
Escuela Politécnica Nacional,EPN,Ingenieria En Ciencias De La Computacion,https://www.epn.edu.ec/ingenieria-en-ciencias-de-la-computacion/,"La Carrera de Seguridad de Tecnologías de la Información busca formar profesionales en el ámbito de la Seguridad de las Tecnologías de la Información y la Comunicación capaces de identificar, evaluar y tratar los riesgos de seguridad en redes de comunicaciones, componentes de TI e información de organizaciones de diferentes sectores productivos del país, utilizando para ello metodologías, técnicas y herramientas de vanguardia, e implementando buenas prácticas y tecnologías de protección adecuadas; con habilidades para interrelacionarse personal y profesionalmente, y para trabajar en equipo con alto rigor ético y legal y comprometidos con el desarrollo sustentable de las organizaciones y su entorno.","Los aspirantes a ingresar a la Carrera en Computación, Titulación Ingeniería en Ciencias de la Computación, deben haber concluido los estudios de bachillerato y obtener el puntaje mínimo definido por el Sistema Nacional de Nivelación y Admisión SNNA correspondiente a la carrera.","Resultados generalesRG1. Comunicar efectivamente la aplicación de conocimiento de las Ciencias de la Computación, con un nivel de detalle y abstracción adecuado, para facilitar la transferencia de conocimiento a los sectores estratégicos del país.RG2. Demostrar una formación humanista, ética y técnico-científica para conceptualizar, desarrollar, transferir e innovar la calidad, seguridad y cobertura de servicios públicos y privados, a través del uso de sistemas computacionales eficientes y sustentables.RG3. Resolver los problemas sociales, legales, éticos, culturales y medio ambientales relacionados con la disciplina, para ejercer la profesión con responsabilidad, conciencia social y respeto al medio ambienteResultados específicosRE1. Aplicar conocimientos técnicos y tecnológicos relacionados con las Ciencias de la Computación para apoyar a la mejora continua de procesos, la gestión estratégica y la optimización de servicios.RE2. Construir sistemas computacionales eficientes y sustentables, utilizando tecnología de punta, para agilizar y simplificar procesos y procedimientos administrativos, maximizando el acceso a información de calidad.RE3. Desarrollar nuevas formas de aplicación de las Ciencias de la Computación para satisfacer las necesidades de transformación en los sectores estratégicos nacionales, mediante el uso de fundamentos y herramientas de investigación.RE4. Considerar el avance de la disciplina para mejorar su desempeño profesional, mediante la asimilación de nuevo conocimiento y el auto aprendizaje de herramientas de punta, ya sean éstas lenguajes de programación, herramientas, paradigmas, plataformas tecnológicas, entre otras.RE5. Desarrollar la creatividad y emprendimiento a través de la investigación de nuevas formas de aplicación de las Ciencias de la Computación para satisfacer las necesidades de transformación en los sectores estratégicos nacionales.RE6. Transferir el conocimiento adquirido durante el auto aprendizaje o la investigación para facilitar la conceptualización, diseño y construcción de sistemas computacionales que solucionen problemas estratégicos en sectores prioritarios de producción y desarrollo nacional.RE7. Diseñar soluciones eficientes, sustentables, integradoras y multidisciplinarias, con adecuado manejo de tiempo, costo, alcance y progreso.RE8. Seleccionar soluciones computacionales, mediante la evaluación cualitativa y cuantitativa de la funcionalidad, usabilidad, desempeño y aplicabilidad de la solución para satisfacer las necesidades de los sectores interesados.RE9. Evaluar el impacto social, cultural y ambiental de un sistema computacional sobre la vida de las personas y su ecosistema.","Ingeniería de Software para el Desarrollo de Sistemas de Información y Sistemas Inteligentes.Administración y Soporte de Plataformas Computacionales (Sistemas Informáticos, Redes de Comunicación y Seguridades y/o Bases de Datos).Evaluación y Auditoria de Plataformas Computacionales.Investigación Aplicada en Proyectos de Conceptualización, Desarrollo, Innovación y Transferencia de Sistemas Computacionales (Hardware y Software).Emprendimiento de Empresas de Investigación, Innovación, Desarrollo y Comercialización de Sistemas Computacionales (Hardware y Software)."
Escuela Politécnica Nacional,EPN,Economia,https://www.epn.edu.ec/economia/,"La carrera de Economía tiene como objetivo formar profesionales de excelencia en las ciencias económicas, con amplios conocimientos teóricos para el análisis económico y habilidades para el manejo de herramientas matemáticas, estadísticas, metodológicas e informáticas. La formación cuantitativa de nuestra carrera es el principal factor diferenciador frente a otras carreras de economía en el país. Un Economista es un profesional con una formación holística, capaz de conceptualizar, modelar y resolver fenómenos socioeconómicos complejos. Los egresados en Economía están capacitados para analizar problemas económicos en contextos locales, nacionales y globales.","El aspirante que desea ingresar a estudiar a la Carrera de Economía de la Facultad de Ciencias de la Escuela Politécnica Nacional del Ecuador deberá haber concluido sus estudios de bachillerato, haber aprobado el examen de Nivelación y Admisión SNNA con el puntaje requerido y haber aprobado el curso Pre politécnico.

Para el perfil deseable se sugieren las siguientes características:

Tener conocimientos básicos de matemáticas y ciencias sociales.
Tener conocimientos básicos de inglés y computación.
Tener aptitudes de criticidad analítica.
Tener interés sobre el entorno económico y social.
Ser honesto y responsable ante los retos y compromisos.
Ser disciplinado en el desarrollo de actividades académicas, de servicio a la sociedad y protección del medio ambiente.
Tener aptitudes para el trabajo organizado, independiente y/o en equipo.
Tener hábitos de lectura y auto-aprendizaje.","Resultados generalesRG1. Participar, con honestidad y ética profesional, conjuntamente con la comunidad y sus actores, en el planteamiento de soluciones a los problemas económicos y sociales del país, adaptando las teorías económicas a las necesidades del entorno social y natural.RG2. Impulsar el diálogo de saberes con las distintas comunidades para consensuar alternativas de solución a los problemas económicos y sociales del país, tomando en cuenta las restricciones y límites del medio ambiente y el respeto a la multiculturalidad del país.Resultados específicosRE1. Comprender la teoría económica como fundamento para la resolución de problemas económicos y sociales fundamentales del país.RE2. Analizar diversos modelos económicos para adaptarlos y aplicarlos a la realidad nacional, con el objetivo de satisfacer las necesidades de transformación de la economía del Ecuador.RE3. Sintetizar los avances en el área de la economía para mejorar su desempeño mediante la asimilación de nuevos conocimientos y el autoaprendizaje.RE4. Participar activamente y liderar equipos de investigación, tanto en proyectos de la economía como en esfuerzos multidisciplinarios.RE5. Aplicar el conocimiento adquirido durante el autoaprendizaje y la investigación para facilitar la conceptualización, modelización y desarrollo de propuestas que solucionen problemas económicos y sociales del país.RE6. Plantear soluciones económicas considerando los principios de esta ciencia y su aplicabilidad práctica, para satisfacer las necesidades de los sectores necesitados.RE7. Aportar a la evaluación del impacto social, económico, y ambiental de las decisiones de los diversos agentes económicos y, en particular, de las autoridades gubernamentales","Los economistas de la Escuela Politécnica Nacional contarán con la formación profesional y las herramientas técnicas para ocupar una variedad de cargos en el área económica y financiera; se espera que se genere una progresión profesional ascendente, desde cargos operativos hasta cargos de alto mando tanto en el sector público como en el sector privado, en la academia y centros de investigación. Este patrón ocurre actualmente con los graduados de la carrera de Ingeniería en Ciencias Económicas y Financieras. Entre los profesionales más nóveles, esto es los estudiantes graduados después del 2012, el 86% ocupa cargos operativos; en tanto que entre aquellos que ya cuentan con experiencia, los estudiantes graduados antes de 2012, un 33% ocupa un cargo de mando medio o alto. El patrón de progresión profesional dependerá claramente del nivel de experiencia en el mercado laboral de nuestros economistas."
Escuela Politécnica Nacional,EPN,Ingenieria En Electricidad,https://www.epn.edu.ec/ingenieria-en-electricidad/,"La Carrera de Seguridad de Tecnologías de la Información busca formar profesionales en el ámbito de la Seguridad de las Tecnologías de la Información y la Comunicación capaces de identificar, evaluar y tratar los riesgos de seguridad en redes de comunicaciones, componentes de TI e información de organizaciones de diferentes sectores productivos del país, utilizando para ello metodologías, técnicas y herramientas de vanguardia, e implementando buenas prácticas y tecnologías de protección adecuadas; con habilidades para interrelacionarse personal y profesionalmente, y para trabajar en equipo con alto rigor ético y legal y comprometidos con el desarrollo sustentable de las organizaciones y su entorno.","El perfil del aspirante a ingresar a la Carrera en Electricidad de la Escuela Politécnica Nacional, incluye las siguientes capacidades, habilidades y aptitudes:

Conocimientos básicos de física, matemática y química.
Mostrar interés por el conocimiento científico, el uso de la tecnología y las herramientas informáticas.
Comprensión lectora y razonamiento lógico.
Capacidad de análisis, síntesis y aplicación del conocimiento.
Creatividad y habilidad para la resolución de problemas teóricos y prácticos.
Capacidad para trabajar bajo presión y en equipo.
Disponibilidad de tiempo para cursar los estudios de ingeniería.","Resultados generalesRG1. Plantear soluciones a los diversos problemas locales específicos tomando como referencia la realidad socioeconómica y política del EcuadorRG2. Integrar conceptos sociales, económicos y ambientales en procesos de evaluación de proyectosRG3. Identificar normas y principios relativos a la conservación del medio ambiente para aplicarlos en el desarrollo de proyectos de ingeniería a su cargoResultados específicosRE1. Identificar los fundamentos de ciencia, tecnología, ingeniería y matemáticas; necesarios para su formación profesional.RE2. Identificar los procesos de la conversión de energía proveniente de fuentes convencionales y no convencionales, destinados a la generación de energía eléctrica.RE3. Resolver problemas de optimización para estudios técnicos eléctricos específicos. Estos problemas de optimización, que necesariamente considerarán criterios técnicos, económicos y de preservación del ambiente, se encaminan al desarrollo de capacidades de autoaprendizaje e investigación.RE4. Integrar conocimientos para realizar diseños, modelaciones matemáticas y simulaciones operativas de sistemas de generación, transmisión y/o distribución de energía eléctrica que le permitan inmiscuirse en procesos de autoaprendizaje e investigación formativa.RE5. Elaborar diseños de instalaciones eléctricas a nivel residencial, comercial e industrialRE6. Evaluar la demanda de energía eléctrica de instalaciones a nivel residencial, comercial e industrial.RE7. Realizar auditorías energéticas y de calidad de suministro de electricidad.RE8. Integrar conocimientos relativos a procesos de despacho y operación de sistemas eléctricos de potencia.RE9. Resolver problemas de ingeniería de sistemas de potencia en estado estacionario y dinámico.RE10. Sintetizar problemas de optimización mediante la utilización de modelos computacionales para el aprovechamiento óptimo de recursos naturales considerando criterios técnicos, económicos y de preservación del ambiente.RE11. Simular sistemas de generación – transmisión de energía eléctrica para realizar análisis y estudios operativos específicos en sistemas de alto y extra alto voltaje.RE12. Simular sistemas de distribución de energía eléctrica para realizar análisis y estudios operativos específicos en sistemas medio y bajo voltaje.RE13. Utilizar nuevas metodologías de seguridad industrial para pruebas y puesta en funcionamiento de sistemas eléctricos a nivel industrial, comercial y doméstico.RE14. Participar en equipos multidisciplinarios de investigación en el área de estudios eléctricos especializados de sistemas de potenciaRE15. Participar en proyectos de investigación relacionados con el despacho, operación, seguridad y calidad de servicio en los sistemas eléctricos de potencia","Desarrollar soluciones a problemas de ingeniería eléctrica que suplan las necesidades de la sociedad en un contexto global, social, político y ambiental, utilizando, adaptando o desarrollando herramientas tecnológicas adecuadas.Administrar en forma óptima los recursos técnicos, humanos, físicos y financieros requeridos en los proyectos y empresas en que intervenga o que promueva.Diseñar procesos relacionados con la generación, transmisión, distribución, y el aprovechamiento y control de la energía eléctrica.Supervisar la construcción y puesta en servicio de proyectos de generación, transmisión y distribución de energía eléctrica.Operar sistemas de generación, transmisión y distribución de energía eléctrica.Gerenciar instalaciones eléctricas industriales, comerciales, domiciliarias y especiales, de acuerdo a las normas vigentes a nivel nacional e internacional.Evaluar la factibilidad y los impactos sociales, económicos y ambientales asociados a proyectos de la ingeniería eléctrica.Asesorar la ejecución de proyectos eléctricos en general.Dirigir la instalación, el montaje y mantenimiento de equipos eléctricos.Determinar cantidad de obra, costos y tiempo estimado, especificaciones de diseño y métodos de instalación para elementos, equipos y sistemas eléctricos.Desarrollar procedimientos para la operación, mantenimiento preventivo, correctivo y reparación de equipos y sistemas eléctricos, tomando mando como base normas de seguridad y desempeño.Desarrollar manuales de operación y mantenimiento preventivo y correctivo de sistemas y equipos eléctricos.Elaborar diseños y diagramas de sistemas eléctricos diversos.Llevar a cabo actividades de investigación en áreas relacionadas con la ingeniería eléctrica.Liderar grupos de trabajo interdisciplinarios en el desarrollo de proyectos diversos, en cuanto a la generación, transmisión, distribución y uso de la energía eléctrica.Priorizar en su desempeño la ética profesional, y compromiso con el rendimiento de cuentas de costos y beneficios de proyectos bajo su responsabilidad.Mantener una actualización Profesional continua con particular interés en áreas afines a la ingeniería eléctrica.Realizar auditorías energéticas y de calidad de suministro de electricidad."
Escuela Politécnica Nacional,EPN,Ingenieria En Electronica Y Automatizacion,https://www.epn.edu.ec/ingenieria-en-electronica-y-automatizacion/,"La Carrera de Electrónica y Automatización estudia y analiza procesos de producción en plantas industriales, agroindustriales, sistemas de transporte, bioingeniería, sistemas de seguridad y supervisión de empresas, fábricas, edificios, hospitales, sistemas robóticos e instalaciones industriales desde una visión teórica-metodológica y práctica, para contribuir al mejoramiento continuo de los procesos industriales y a la transformación de la matriz productiva en los sectores estratégicos priorizados del Ecuador, impulsando el desarrollo de energías limpias, mediante el uso y aplicación de teorías y técnicas de control avanzado.","Debido al futuro campo profesional en donde deberá ejercer su trabajo, el aspirante a la Carrera en Electrónica y Automatización en la Escuela Politécnica Nacional debe tener un perfil compatible con los siguientes conocimientos básicos, habilidades, actitudes y valores:

Poseer habilidades en las áreas tecnológicas.
Estar interesado en las ciencias exactas, electrónico, robótico, y automatización.
Deseoso de utilizar tecnologías de punta y herramientas de diseño de última generación.
Dispuesto a diseñar soluciones innovadoras con proyectos de aplicación práctica.
Ser creativo para resolver problemas, proponer mejoras y dar soluciones a situaciones nuevas.
Tener valores personales de responsabilidad, honestidad, solidaridad social, responsabilidad con el medio ambiente y deseo de superación.","Resultados generalesRG1. Comprender la complejidad de la profesión y el compromiso con la sociedad y el medio ambiente, con el fin de cumplir con su código deontológico.RG2. Actuar con criterio y responsabilidad frente a dilemas éticos en el campo de su profesión aplicando valores y códigos de ética profesional reconocidos.RG3. Manifestar interés por temas contemporáneos en el ámbito local, nacional e internacional con el fin de analizarlos en relación con su profesión, discriminando las fuentes de información.RG4. Demostrar capacidad para la integración, participación proactiva, liderazgo, aceptación a la diversidad, pluralismo, comprensión mutua y solución de conflictos.RG5. Conocer el cambio tecnológico para desarrollar creatividad e innovación.RG6. Establecer estrategias para continuar aprendiendo a lo largo de su vida a través de identificar oportunidades de aprendizaje necesarias para el desarrollo y mejoramiento continuo de su carrera profesional.RG7. Demostrar habilidades para realizar búsquedas bibliográficas, utilizar bases de datos y otras fuentes de información.RG8. Fomentar las buenas prácticas de la profesión.RG9. Demostrar capacidad para liderar en ámbitos técnicos, financieros, humanos y de gestión.RG10. Comunicar el conocimiento en diversos estilos y formatos.RG11. Demostrar suficiente fluidez en, al menos, un idioma extranjero, para comunicar sus propuestas técnicas de manera efectiva.RG12. Participar en equipos de trabajo, utilizando destrezas de cooperación, comunicación, manejo de conflictos y definición de estrategias. Resultados específicosRE1. Proponer soluciones técnicamente satisfactorias y sustentables en el tiempo dentro del ámbito de su profesión.RE2. Aplicar los conocimientos de análisis y diseño de sistemas de control para la solución de problemas de su entorno, en el mejoramiento de su formación científico – técnica y ética.RE3. Aplicar los métodos prácticos y teóricos apropiados para solucionar los problemas técnicos de la profesión.RE4. Emplear principios económicos, de calidad, conservación, métodos estadísticos y de información técnica disciplinar.RE5. Aplicar las regulaciones que incluyan la legislación nacional e internacional apropiada para su campo de especialización.RE6. Aplicar principios de matemáticas y ciencias básicas para describir el comportamiento y operación de procesos y sistemas en el ámbito de su profesión.RE7. Integrar los principios de monitoreo y control en la supervisión de procesos industriales.RE8. Aplicar las leyes fundamentales para explicar el comportamiento de los diferentes sistemas automáticos de producción.RE9. Aplicar normas de sistemas de energía eléctrica en sistemas residenciales, comerciales y en aplicaciones industriales.RE10. Seleccionar dispositivos electrónicos, eléctricos, electromecánicos, neumáticos, electroneumáticos, utilizados a nivel industrial, residencial y en biomedicina.RE11. Integrar las tecnologías de última generación para el mejoramiento continuo de los procesos productivos.RE12. Aplicar nuevas teorías y modelos en el campo de la electrónica y automatización.RE13. Perfeccionar habilidades para llevar a cabo investigaciones y estudios detallados de aspectos técnicos en concordancia con los conocimientos y comprensión de las temáticas de su carrera.¿RE14. Transmitir los conocimientos, problemas y soluciones aplicados en el campo de la electrónica y automatización en lenguaje apropiado a públicos especializados y no especializados.RE15. Generar soluciones a problemas técnicos, administrativos o gerenciales en sistemas automatizados.RE16. Generar emprendimientos propios en el ámbito de su profesión con proyección local, nacional o internacional.RE17. Integrar los conocimientos adquiridos en la Carrera para resolver problemas pertinentes al campo de acción del Ingeniero en Electrónica y Automatización.","Diseñar, integrar y crear sistemas automáticos de control para satisfacer los requerimientos técnicos del sector industrial.Formular, desarrollar, implementar e innovar proyectos de automatización con criterios de calidad, seguridad y funcionalidad.Construir y/o adaptar soluciones tecnológicas para el mejoramiento continuo de los procesos de producción y servicios.Responder de manera efectiva a situaciones nuevas a fin de asimilar e incorporar los cambios científicos, tanto en la parte técnica como en el área administrativa gerencial.Actuar y decidir con sentido ético, proyección social y gestión empresarial.Enfatizar en las soluciones que optimicen los recursos disponibles y la conservación ecológica para contribuir al desarrollo sostenido y sustentable del País."
Escuela Politécnica Nacional,EPN,Fisica,https://www.epn.edu.ec/fisica/,"La carrera de Física tiene como objetivo formar profesionales capaces de analizar, formular y resolver problemas; de planificar, gestionar y evaluar modelos y procesos en el campo de la física. Tendrán un nivel académico que les permita participar en proyectos de investigación o resolver problemas científico-técnicos mediante el desarrollo de modelos físico-matemáticos y llevar a cabo la medición de parámetros físicos de toda índole de manera que contribuyan a la generación de conocimiento en las ciencias físicas y contribuyan a la innovación tecnológica mediante el trabajo con profesionales de ingenierías y ciencias aplicadas.","Formar profesionales capaces de analizar, formular y resolver problemas; de planificar, gestionar y evaluar modelos y procesos en el campo de la física. Tendrán un nivel académico que les permita participar en proyectos de investigación o resolver problemas científico-técnicos mediante el desarrollo de modelos físico-matemáticos y llevar a cabo la medición de parámetros físicos de toda índole de manera que contribuyan a la generación de conocimiento en las ciencias físicas y contribuyan a la innovación tecnológica mediante el trabajo con profesionales de ingenierías y ciencias aplicadas.","Resultados generalesRG1. Comunicar adecuadamente los resultados de la aplicación de los modelos y teorías físicas para facilitar la transferencia de conocimientos a los sectores estratégicos del país.RG2. Demostrar una formación humanista, ética y científica-técnica en la conceptualización y desarrollo de modelos físicos para el estudio de procesos naturales e industriales.RG3. Solucionar problemas fundamentales y aplicados de ciencia y tecnología desde los conceptos Físicos, participando en la transformación de la matriz productiva del país.Resultados específicosRE1. Presentar la evidencia científica y empírica en base a las teorías físicas clásicas y modernas, con rigor analítico-metodológico utilizando su sólida formación en matemáticas.RE2. Discriminar la información de procesos, mediciones o cálculos desde los modelos físicos subyacentes, colaborando en la solución de problemas reales o de investigación interdisciplinaria.RE3. Analizar la información científica actualizada desde la conceptualización física adquirida en su formación.RE4. Desarrollar modelos que permitan entender los procesos físicos asociados a fenómenos naturales o procesos de importancia social y económica.RE5. Transferir el conocimiento adquirido en el ejercicio de su profesión para facilitar la conceptualización, planteamiento y aplicación de modelos y teorías físicas que aporten a la solución de problemas estratégicos en sectores prioritarios para el desarrollo nacional.RE6. Diseñar, administrar y ejecutar proyectos de investigación y desarrollo multidisciplinarios.RE7. Manipular instrumentación de laboratorio y diseñar circuitos eléctricos y electrónicos, programas computacionales para su aplicación a la solución de problemas prácticos de medición y actuación funcional.RE8. Ejecutar arbitrajes, pericias, estudios y asesoramientos en ciencias físicas o afines en proyectos de desarrollo tecnológico, industrias, empresas o instituciones educativas.","El Físico es un profesional con un conocimiento amplio en las áreas fundamentales de la física, en matemática y en computación; tiene la capacidad de aplicar el método científico al estudio de situaciones y problemas reales en diferentes campos; particularmente, tiene la capacidad de entender los desarrollos actuales de la física y aplicarlos al análisis de los problemas que surgen en su actividad científico/técnica cotidiana. Las habilidades adquiridas de un físico le permiten incursionar no solo en actividades académicas sino también en actividades asociadas con procesos de aplicación técnica y tecnológica relacionadas con la física. Estas habilidades incluyen la capacidad de abstracción y formulación de teorías y modelos, de cálculo científico asistido por computadora, de análisis de resultados de medidas y simulaciones; así como la capacidad de trabajar con instrumentación científica en laboratorios especializados como parte de equipos multidisciplinarios.El principal ámbito de trabajo para un físico está relacionado con los procesos científico-tecnológicos que conlleven a la generación de nuevo conocimiento, a la aplicación del conocimiento existente y al desarrollo de procesos de innovación que requieren del aporte de la física, como parte de equipos multidisciplinarios. La actividad de un físico se desarrolla principalmente en la academia, centros de investigación y en las instituciones, públicas o privadas, cuyas actividades involucren un componente científico."
Escuela Politécnica Nacional,EPN,Ingenieria En Geologia,https://www.epn.edu.ec/ingenieria-en-geologia/,"Los geólogos son especialistas en la investigación y comprensión de los procesos que moldean la Tierra, capaces de identificar y gestionar recursos naturales como minerales, agua y energía, siempre con un enfoque responsable y sostenible. El programa académico busca posicionar a nuestros estudiantes en la comunidad científica, tanto nacional como internacional, a través de la participación en grupos de investigación y proyectos innovadores. Los geólogos egresados están capacitados para proveer soluciones tecnológicas oportunas y creativas a problemas complejos de la sociedad, como la gestión de recursos naturales, la mitigación de riesgos naturales.","La Carrera en Geología requiere que los estudiantes reúnan características particulares en cuanto a conocimientos, destrezas, valores y actitudes enfocadas a las Geociencias. Los estudiantes deben tener:

Sólidos conocimientos de matemática, física y química.
Interés en la investigación científica curiosidad por comprender los fenómenos naturales.
Capacidad de lidiar con la incertidumbre.
Humildad para el reconocimiento de los errores y aprender de ellos.
Interés y disposición de trabajar en el campo.
Capacidad de trabajo en equipo.
Disposición a la lectura, con sentido crítico y capacidad de síntesis.
Capacidad de interpretación tridimensional del entorno.
Capacidad de comunicación oral y escrita.
Respeto a la naturaleza y su entorno social.","Resultados generalesRG1: Integrar los conocimientos matemáticos, físicos y químicos; así como también, los conocimientos de las Ciencias de la Tierra con las Ciencias Naturales.RG2: Integrar equipos de trabajo utilizando destrezas de cooperación, comunicación, manejo de conflictos y definición de estrategias.RG3: Actuar con criterio ético y responsabilidad social para aportar al desarrollo nacional y regional.RG4: Socializar la información técnica utilizando efectivamente herramientas de comunicación oral y escrita, tomando en cuenta las características de los actores sociales.Resultados específicosRE1: Analizar e interpretar conjuntos de datos relacionados con la Ingeniería en Geología y Ciencias de la Tierra a fin de generar resultados y conocimiento.RE2: Analizar y evaluar amenazas geológicas para la reducción del Riesgo de Desastres y aportar en la planificación del territorio.RE3: Diseñar modelos, componentes o procesos aplicados a Geociencias, para satisfacer necesidades dentro de restricciones realistas (económicas, ambientales, sociales, políticas, éticas, de salud y seguridad, e incertidumbre).RE4: Evaluar la Geodiversidad del Ecuador para promover la conservación de los diversos paisajes y formaciones geológicas naturales que forman parte del patrimonio geológico nacional.","Aportar al desarrollo científico-tecnológico relacionado con energía hidroeléctrica y geotérmica fundamentalmente en cuanto a energía renovable.Contribuir al conocimiento e innovación en el campo de la minería e industria de materiales (nuevos materiales para construcción, minerales y rocas industriales).Aportar a la prevención, gestión y mitigación de riesgos naturales (control, investigación y cartografía de zonas de exposición-riesgo, clasificación, cuantificación y prevención de riesgos naturales).Investigar y desarrollar conocimiento para la gestión y manejo de recursos hídricos."
Escuela Politécnica Nacional,EPN,Ingenieria De La Produccion,https://www.epn.edu.ec/ingenieria-de-la-produccion/,"Formar profesionales en el campo de la Ingeniería de Producción con la capacidad de identificar, formular y resolver problemas complejos relacionados con las actividades de diseño, operación y optimización de procesos de manufactura o servicios; teniendo en cuenta los aspectos económicos, sociales, ambientales y humanos relacionados con los sistemas productivos, para posibilitar el desarrollo sostenible del país.","El aspirante a la carrera de Ingeniería de la Producción, debe ser un bachiller con interés en los procesos de producción, que demuestre habilidad para comunicarse, creatividad, con aptitudes para el empleo de técnicas cuantitativas y cualitativas; a su vez, el aspirante debe haber concluido los estudios de bachillerato y obtener el puntaje mínimo definido por el Sistema Nacional de Nivelación y Admisión SNNA correspondiente a la carrera.

La Ingeniería de la Producción espera incorporar estudiantes con los siguientes perfiles:

Bachilleres ecuatorianos o extranjeros de colegios secundarios privados o públicos.

Dentro del perfil de ingreso deseable en los aspirantes a la carrera de Ingeniería de la Producción, se espera que se posean conocimientos y habilidades básicas para:

Conocer y apreciar críticamente el desarrollo de las ciencias y de la tecnología y otros saberes, sus aplicaciones y consecuencias en el mundo natural y social.
Comprender y analizar los mecanismos y valores que organizan, de manera general, las sociedades, y de manera particular, la convivencia humana; y, asumir juicios y actitudes personales con respecto a la realidad ecuatoriana y al mundo contemporáneo.
Acercarse al medio natural y social, desde las diferentes formas de exploración, apreciación y análisis, tales como el razonamiento lógico, así como desde la estética, la creatividad y la capacidad de disfrute.","Resultados de aprendizajeEspecíficosRE1. Identificar teorías y conceptos de la administración y sus funciones básicas, a fin de gestionar eficiente y eficazmente las organizaciones y mejorar su competitividad en un mundo globalizado.RE2. Identificar métodos innovadores de administración como apoyo en la toma de decisiones y en las prácticas de gestión, contribuyendo al desarrollo económico y empresarial.RE3. Generar ideas innovadoras para el despliegue de la estrategia del negocio, contribuyendo en la generación de valor para las partes interesadas internas y externas a la organización.RE4. Aplicar herramientas administrativas basadas en el uso de las tecnologías de información y comunicación vinculadas a la gestión empresarial, que permitan identificar oportunidades de negocio y diseñar soluciones a los problemas organizacionales con la finalidad de tomar decisiones que contribuyan a la mejora continua empresarial. GeneralesRG1. Demostrar habilidades de comunicación y trabajo en equipo en su ámbito profesional, llevando a cabo negociaciones exitosas en contextos multiculturales.RG2. Practicar la ética en su práctica profesional respetando el marco regulatorio vigente, liderando la transformación organizacional; y, actuando con solidaridad y responsabilidad social para mejorar la calidad de vida de su comunidad, con un sólido compromiso en el cuidado y conservación del medio ambiente.","El Licenciado/a en Administración de Empresas está en capacidad de desarrollar actividades empresariales en cualquier tipo de organización, empleando técnicas y herramientas administrativas, diseñando y desarrollando proyectos innovadores apoyados en el uso de tecnologías de información y comunicación, tomando además decisiones estratégicas que agreguen valor y hagan competitiva a la organización en beneficio del desarrollo del país. Asimismo, está en capacidad de integrar equipos de investigación y participar en equipos multidisciplinarios en el desarrollo de actividades de consultoría empresarial. El profesional es formado con principios éticos, humanísticos; y, con valores de responsabilidad social."
Escuela Politécnica Nacional,EPN,Matematica,https://www.epn.edu.ec/matematica/,"La matemática pura es fascinante, tanto como las áreas aplicadas. El profesional en esta carrera está capacitado para investigar, utilizar, adaptar o crear métodos y modelos matemáticos en análisis matemático, ecuaciones diferenciales, estadística, matemáticas financieras, métodos numéricos y computacionales, optimización y control óptimo.","El aspirante que desea ingresar a estudiar a la Carrera de Matemática de la Facultad de Ciencias de la Escuela Politécnica Nacional deberá haber concluido sus estudios de bachillerato, haber aprobado el examen de Nivelación y Admisión SNNA con el puntaje requerido y haber aprobado el curso de nivelación.

Para el perfil deseable se sugieren las siguientes características:

Tener conocimientos básicos de matemáticas, física y ciencias naturales
Tener conocimientos básicos de inglés y computación
Tener aptitudes de criticidad analítica.
Tener aptitudes matemáticas
Ser honesto y responsable ante los retos y compromisos.
Ser disciplinado en el desarrollo de actividades académicas, de servicio a la sociedad y protección del medio ambiente.
Tener aptitudes para el trabajo organizado, independiente y/o en equipo.
Tener hábitos de lectura y auto-aprendizaje","El profesional Matemático posee los conocimientos, habilidades, destrezas y aptitudes para desempeñarse en:Investigación pura, es decir, investigación en el campo propio de la Matemática: Análisis Funcional, Álgebra, Geometría, Topología, Optimización, Ecuaciones Diferenciales, Análisis Numérico, Teoría de Probabilidades, Estadística, Procesos Estocásticos, etc.Investigación orientada a las aplicaciones de la Matemática en las diferentes ingenierías, y la innovación y desarrollo de modelos matemáticos en: Biología, Física, Química, Medicina, Ecología, Biotecnología, Nanotecnología, Ciencia de Materiales, Sistemas de Información, etc.Asesoría especializada en áreas de la Matemática para la Administración de Empresas, estudios estadísticos, estudios de mercado, estudios actuariales, desarrollo de software, etc.Dirección de instituciones y proyectos asociados al área matemática: centros de investigación, de desarrollo tecnológico, etc.Emprendimiento en empresas de investigación, innovación y desarrollo de modelos matemáticos para las distintas ingenierías y ciencias de la vida.Lo siguientes son los escenarios laborales, roles y funciones, y sus relaciones.1. Escenario laboral de desarrollo de la ciencia: investigadorRol de investigador en matemática pura y aplicadaGenerar nuevo conocimiento científico y tecnológico. Esto es, desarrollar nuevas teorías y conceptos o profundizar teorías existentes; desarrollar e innovar modelos matemáticos para solucionar necesidades específicas, desde enfoques nuevos o diferentes a los ya existentes.Gestionar proyectos de investigación pura y aplicada. Administración de los recursos físicos y humanos en el desarrollo de proyectos de investigación.Transferir socialmente el conocimiento generado durante el proceso de desarrollo de proyectos de investigación. Por lo cual el Matemático debe y puede estar vinculado a la academia, centros de capacitación o centros de transferencia de tecnología.2. Escenario laboral de aplicación de la matemática por parte del Matemático: consultor y asesorRol de consultor y asesorAnalizar los problemas específicos puestos a consideración y diseñar, implementar y evaluar soluciones a los problemas planteados.Aplicar las teorías y modelos matemáticos a la solución de problemas específicos.Trabajar en equipos disciplinarios e interdisciplinarios en la solución de problemas del mundo real.3. Escenario laboral de dirección o administración de instituciones y proyectos: director o administradorRol de director o administrador de instituciones y proyectos.Administrar instituciones y proyectos asociados al área de la Matemática, o en general de la ciencia y la tecnología como centros de investigación y estudios estadísticos y sociales, de desarrollo tecnológico, productivo, etc.Evaluar instituciones y proyectos asociados al área de la Matemática o en general de la ciencia y la tecnología.4. Escenario laboral de generación de empleo: emprendedorRol de emprendedor y generador de empleoCrear empresas de investigación, innovación y desarrollo de aplicaciones de la Matemática en estudios estadísticos, estudios actuariales, estudios de mercado, ciencias de la vida, etc.",
Escuela Politécnica Nacional,EPN,Matematica Aplicada,https://www.epn.edu.ec/matematica-aplicada/,"En la carrera de Matemática Aplicada se ofrece una sólida formación tanto en áreas directamente relacionadas con el mercado laboral como son la estadística, la optimización y las ciencias actuariales, como también en áreas relacionadas con la matemática pura y aplicada como el Análisis Matemático y las Ecuaciones Diferenciales. De esta forma, las y los graduados de la carrera están en capacidad de insertarse en el mercado laboral ya sea en el sector público, en el sector empresarial, en el sector financiero o en la academia, con gran éxito en todos los casos. Asimismo, pueden continuar con su formación de cuarto nivel cursando programas de maestría y doctorado en reconocidas instituciones a nivel mundial.","Los aspirantes a ingresar a la Carrera de Matemática Aplicada deben haber concluido los estudios de bachillerato y obtener el puntaje mínimo definido por el Sistema Nacional de Nivelación y Admisión SNNA correspondiente a la carrera.

Asimismo, dentro del perfil deseable se sugieren las siguientes características:

Conocimientos:

Tener conocimientos básicos de Matemática (Fundamentos de Álgebra, Trigonometría, Geometría Euclidiana y Analítica) y nociones elementales de Computación.
Tener conocimiento de idioma inglés.","Resultados de aprendizaje GeneralesLos resultados de aprendizaje, que posibilitan el desarrollo de capacidades y actitudes (valores), de los Ingenieros Matemáticos, responden al “Ser” del profesional, y son los siguientes: RG1 Comunicar la aplicación de métodos matemáticos, con un nivel de detalle y abstracción adecuado, para facilitar la transferencia de conocimiento a los sectores estratégicos del país.RG2 Demostrar una formación humanista, ética y técnico-científica para conceptualizar, desarrollar, transferir e innovar la calidad, seguridad y cobertura de servicios públicos y privados, a través del desarrollo de modelos matemáticos eficientes.RG3 Resolver los problemas sociales, legales, éticos, culturales y medio ambientales relacionados con la disciplina, para ejercer la profesión con responsabilidad, conciencia social y respeto al medio ambiente. Resultados de aprendizaje específicosLos resultados de aprendizaje, relacionados con el dominio de teorías, sistemas conceptuales, métodos y lenguajes de integración del conocimiento, la profesión y la investigación (conocimientos), de los Ingenieros Matemáticos, responden al “Saber” del profesional, y son los siguientes: RE1 Aplicar conocimientos técnicos y tecnológicos relacionados con las Matemáticas Aplicadas para apoyar a la mejora continua de procesos, la gestión estratégica, la optimización de recursos, la ampliación de servicios, el mejoramiento de la producción, y así alcanzar el desarrollo sostenido y sustentable del país.RE2 Diseñar modelos matemáticos eficientes, para resolver problemas asociados a las ciencias, las ingenierías, y los ámbitos social y empresarial.RE3 Desarrollar nuevas formas de aplicación de la Matemática para satisfacer las necesidades de transformación en los sectores estratégicos nacionales, mediante el uso de fundamentos y herramientas de investigación. Los resultados de aprendizaje, relacionados con las capacidades cognitivas y genéricas (auto aprendizaje e investigación formativa), que son necesarios para el futuro ejercicio profesional de los Ingenieros Matemáticos, responden al “Saber Conocer” del profesional, y son los siguientes: RE4 Considerar el avance de la disciplina para mejorar su desempeño profesional, mediante la asimilación de nuevo conocimiento y el auto aprendizaje relacionado a nuevas teorías, software de soporte, aplicaciones, entre otros.RE5 Desarrollar la creatividad y emprendimiento a través de la investigación de nuevas formas de aplicación de la Matemática para satisfacer las necesidades de transformación en los sectores estratégicos nacionales.RE6 Transferir el conocimiento adquirido durante el auto aprendizaje o la investigación para facilitar la conceptualización, diseño y aplicación de modelos matemáticos que solucionen problemas estratégicos en sectores prioritarios de producción para el desarrollo nacional. Los resultados de aprendizaje, relacionados con el manejo de modelos, protocolos, procesos y procedimientos profesionales e investigativos (destrezas), que son necesarios para el futuro ejercicio profesional de los Ingenieros Matemáticos, responden al “Saber Hacer” del profesional, y son los siguientes: RE7 Desarrollar modelos matemáticos suficientemente robustos y proponer soluciones integradoras y multidisciplinarias, a problemas sociales, económicos, y de la ingeniería, con adecuado manejo de tiempo, costo, alcance y progreso.RE8 Seleccionar técnicas matemáticas, mediante la evaluación cualitativa y cuantitativa de la funcionalidad, usabilidad, desempeño y aplicabilidad de la solución para satisfacer las necesidades de los sectores interesados.",
Escuela Politécnica Nacional,EPN,Ingenieria En Materiales,https://www.epn.edu.ec/ingenieria-en-materiales/,"Formar profesionales científica y técnicamente interdisciplinarios, que posean los conocimientos y destrezas para realizar actividades de: diseño, investigación, desarrollo, control, evaluación, innovación y solución de problemas relacionados con la ciencia y tecnología de materiales sean estos metálicos, cerámicos, compuestos o poliméricos.","Al finalizar su formación académica, los profesionales estarán en capacidad de:

Integrar los conocimientos en Ciencia de Materiales con la Ingeniería en Materiales para solucionar problemas particulares.
Explicar los procesos de manufactura de los materiales metálicos, cerámicos y poliméricos para de esta manera optimizarlos y satisfacer las necesidades del medio.
Integrar los principios que interrelacionan la estructura, diseño, procesamiento y propiedades que determinan el desempeño de los materiales.
Desempeñar posiciones a nivel productivo en industrias relacionadas con el procesamiento de materiales y efectuar tareas de innovación e investigación.
Dirigir procesos de gestión, manufactura y transformación de materiales de manera responsable, honesta y sustentable, al servicio de la sociedad, así como, desarrollo de proyectos de investigación y de soluciones a las necesidades existentes.
Aplicar los conocimientos sobre las etapas de preparación y adecuación de las materias primas para la producción de materiales.
Diseñar y controlar métodos de protección contra la degradación de los materiales.
Demostrar habilidades de trabajo en equipo, pensamiento crítico y aprendizaje continuo en el uso de materiales y sus aplicaciones específicas, con responsabilidad social y ambiental.
Actuar con ética profesional en todas las actividades encomendadas.","Resultados generalesRG1. Comunicar la aplicación de métodos matemáticos, con un nivel de detalle y abstracción adecuado, para facilitar la transferencia de conocimiento a los sectores estratégicos del país.RG2. Demostrar una formación humanista, ética y técnico-científica para conceptualizar, desarrollar, transferir e innovar la calidad, seguridad y cobertura de servicios públicos y privados, a través del desarrollo de modelos matemáticos eficientes.RG3. Resolver los problemas sociales, legales, éticos, culturales y medio ambientales relacionados con la disciplina, para ejercer la profesión con responsabilidad, conciencia social y respeto al medio ambiente.Resultados específicosRE1. Aplicar conocimientos técnicos y tecnológicos relacionados con las Matemáticas Aplicadas para apoyar a la mejora continua de procesos, la gestión estratégica, la optimización de recursos, la ampliación de servicios, el mejoramiento de la producción, y así alcanzar el desarrollo sostenido y sustentable del país.RE2. Diseñar modelos matemáticos eficientes, para resolver problemas asociados a las ciencias, las ingenierías, y los ámbitos social y empresarial.RE3. Desarrollar nuevas formas de aplicación de la Matemática para satisfacer las necesidades de transformación en los sectores estratégicos nacionales, mediante el uso de fundamentos y herramientas de investigación.RE4. Considerar el avance de la disciplina para mejorar su desempeño profesional, mediante la asimilación de nuevo conocimiento y el auto aprendizaje relacionado a nuevas teorías, software de soporte, aplicaciones, entre otros.RE5. Desarrollar la creatividad y emprendimiento a través de la investigación de nuevas formas de aplicación de la Matemática para satisfacer las necesidades de transformación en los sectores estratégicos nacionales.RE6. Transferir el conocimiento adquirido durante el auto aprendizaje o la investigación para facilitar la conceptualización, diseño y aplicación de modelos matemáticos que solucionen problemas estratégicos en sectores prioritarios de producción para el desarrollo nacional.RE7. Desarrollar modelos matemáticos suficientemente robustos y proponer soluciones integradoras y multidisciplinarias, a problemas sociales, económicos, y de la ingeniería, con adecuado manejo de tiempo, costo, alcance y progreso.RE8. Seleccionar técnicas matemáticas, mediante la evaluación cualitativa y cuantitativa de la funcionalidad, usabilidad, desempeño y aplicabilidad de la solución para satisfacer las necesidades de los sectores interesados.","La consecución del título de grado permitirá a los profesionales desempeñar funciones en industrias productoras de materiales o en industrias utilizadoras de materiales, así como en laboratorios vinculados al desarrollo, caracterización y control de calidad de materiales. Así también, podrá realizar actividades tales como:Seleccionar la mejor combinación de materiales para propósitos específicos.Realizar pruebas de laboratorio de los materiales para evaluar su resistencia al calor, corrosión o ataque químico.Evaluar los materiales con características y aplicaciones específicas.Analizar datos utilizando modelos computacionales.Desarrollar prototipos de nuevos materiales.Considerar las implicaciones de los residuos y otros posibles agentes contaminantes del ambiente de cualquier producto o proceso.Asesorar sobre las adaptaciones que debe realizar una planta para implementar nuevos procesos y materiales.Trabajar en la solución de problemas que puedan surgir durante el proceso de manufactura o con el producto terminado.Supervisar el control de calidad, tanto de los procesos como de los productos.Coadyuvar para asegurar que los productos cumplen con las normas legales y los estándares de calidad, nacionales e internacionales.Supervisar el trabajo del personal técnico y demás personal de apoyo.Considerar las implicaciones de costo de los materiales utilizados en el proceso y proponer alternativas para mejora, en términos de tiempo y costo.Colaborar en proyectos de investigación.La carrera en Materiales se ha diseñado de tal manera que pueda responder a las expectativas y necesidades del sector productivo del país, tales como:Diversificación de la producción nacional a través del modelo de sustitución de importaciones por el del desarrollo de materiales para nuevas aplicaciones o por el del mejoramiento de las propiedades y características de los materiales ya existentes.Fortalecimiento de las micro, pequeñas y medianas empresas (MIPYMES) y sectores artesanales, generando mayor valor agregado en la producción nacional y utilización de materias primas nacionales.Participación en procesos de desagregación tecnológica que promueva una adecuada transferencia de tecnologías permitiendo mejorar la producción nacional de materiales metálicos, polímeros, cerámicos, y compuestos; de tal manera que provea valor agregado a dicha producción en base a materias primas nacionales.Participación en la industrialización de la actividad minera, permitiendo la aplicación correcta de tecnologías existentes de extracción de minerales en las minas del territorio nacional.Fortalecimiento de sistemas de reciclaje de materiales, que permitan el eficiente aprovechamiento de residuos industriales y la recuperación de materiales.El mantenimiento y recuperación de monumentos, obras de arte e inmuebles de centros históricos del patrimonio cultural del país."
Escuela Politécnica Nacional,EPN,Ingenieria En Mecanica,https://www.epn.edu.ec/ingenieria-en-mecanica/,"La carrera de Mecánica se enfoca en formar profesionales altamente capacitados en el diseño, análisis, fabricación y mantenimiento de sistemas mecánicos y térmicos. Los estudiantes reciben una sólida formación en ciencias básicas, como matemáticas, física y química, que se complementa con un profundo conocimiento en áreas fundamentales de la ingeniería mecánica, tales como mecánica de sólidos, termodinámica, dinámica de fluidos, y transferencia de calor. Además, el currículo incluye materias especializadas que permiten a los estudiantes desarrollar habilidades en diseño mecánico, simulación computacional, manufactura, robótica, y control de procesos. La carrera promueve el desarrollo de competencias en investigación y desarrollo tecnológico, incentivando la innovación y la solución de problemas complejos en la industria.","El aspirante debe haber culminado el bachillerato y obtenido el puntaje mínimo definido por el Sistema Nacional de Nivelación y Admisión SNNA correspondiente a la carrera. Además, los aspirantes a ingresar a la carrera de Mecánica deberán tener:

Conocimientos de:

Ciencias básicas (Fundamentos de Física, Fundamentos de Química, Fundamentos de Geometría, Fundamentos de Matemática)

Habilidades para:

Comunicarse en forma oral y escrita.
Analizar problemas y proponer soluciones sobre la base de la creatividad.
Utilizar paquetes informáticos básicos.
Aprender de forma autónoma.

Actitudes y valores que:

Promuevan hábitos de estudio, lectura, auto aprendizaje, investigación y trabajo en equipo.
Contribuyan al desarrollo de la curiosidad y creatividad.
Fomenten el respeto a sí mismo, a los demás y a su entorno.
Reflejen responsabilidad, espíritu de lucha, constancia y disciplina.","Resultados generalesRG1. Trabajar en equipos multidisciplinarios e interdisciplinarios.RG2. Actuar con responsabilidad ética y profesional enmarcándose dentro de la legislación y normativa vigente.RG3. Comunicar ideas efectivamente.RG4. Valorar el impacto de las soluciones de ingeniería dentro del contexto global, económico, ambiental y social.RG5. Valorar la importancia de los procedimientos de seguridad y mantenimiento en los procesos productivos.RG6. Promover la innovación y la creatividadRG7. Evidenciar compromiso con el aprendizaje continuo.RG8. Relacionar temas y problemáticas de actualidad con la Ingeniería Mecánica.RG9. Analizar datos e información empleando: métodos, técnicas, procedimientos y herramientas de ingeniería e investigación científica.Resultados EspecíficosRE1. Aplicar conocimientos de ciencias básicas e ingeniería para la resolución de problemas de ingeniería mecánica.RE2. Identificar problemas de Ingeniería Mecánica con enfoque de complejidad sistémica, para el planteamiento de soluciones integrales.RE3. Organizar el conocimiento teórico-práctico percibido durante el proceso de aprendizaje.RE4. Diseñar experimentos con base en el cumplimiento de documentación técnica como normas, especificaciones y protocolos de pruebas.RE5. Diseñar sistemas, componentes o procesos que satisfagan las necesidades deseadas considerando restricciones técnicas, económicas, ambientales, sociales, políticas, de seguridad, de facilidad de manufactura y de sostenibilidad.RE6. Resolver problemas de Ingeniería Mecánica utilizando herramientas y métodos que satisfagan las necesidades de los distintos sectores de la sociedad.RE7. Usar las técnicas, habilidades y herramientas de la ingeniería moderna necesarias para la práctica de la Ingeniería Mecánica.","Resultados generalesRG1. Trabajar en equipos multidisciplinarios e interdisciplinarios.RG2. Actuar con responsabilidad ética y profesional enmarcándose dentro de la legislación y normativa vigente.RG3. Comunicar ideas efectivamente.RG4. Valorar el impacto de las soluciones de ingeniería dentro del contexto global, económico, ambiental y social.RG5. Valorar la importancia de los procedimientos de seguridad y mantenimiento en los procesos productivos.RG6. Promover la innovación y la creatividadRG7. Evidenciar compromiso con el aprendizaje continuo.RG8. Relacionar temas y problemáticas de actualidad con la Ingeniería Mecánica.RG9. Analizar datos e información empleando: métodos, técnicas, procedimientos y herramientas de ingeniería e investigación científica.Resultados EspecíficosRE1. Aplicar conocimientos de ciencias básicas e ingeniería para la resolución de problemas de ingeniería mecánica.RE2. Identificar problemas de Ingeniería Mecánica con enfoque de complejidad sistémica, para el planteamiento de soluciones integrales.RE3. Organizar el conocimiento teórico-práctico percibido durante el proceso de aprendizaje.RE4. Diseñar experimentos con base en el cumplimiento de documentación técnica como normas, especificaciones y protocolos de pruebas.RE5. Diseñar sistemas, componentes o procesos que satisfagan las necesidades deseadas considerando restricciones técnicas, económicas, ambientales, sociales, políticas, de seguridad, de facilidad de manufactura y de sostenibilidad.RE6. Resolver problemas de Ingeniería Mecánica utilizando herramientas y métodos que satisfagan las necesidades de los distintos sectores de la sociedad.RE7. Usar las técnicas, habilidades y herramientas de la ingeniería moderna necesarias para la práctica de la Ingeniería Mecánica."
Escuela Politécnica Nacional,EPN,Ingenieria En Mecatronica,https://www.epn.edu.ec/ingenieria-en-mecatronica/,"Se centra en el estudio y optimización de sistemas mecatrónicos en sectores industriales clave, con énfasis en la automatización de procesos, mejora de la productividad y optimización de la producción. Mediante un enfoque teórico-metodológico y práctico, los estudiantes adquieren las habilidades necesarias para diseñar, desarrollar e implementar sistemas electromecánicos que integran tecnologías mecánicas, electrónicas y de control computarizado. Los ingenieros estarán capacitados para contribuir al avance de la industria nacional, optimizando procesos en fábricas, plantas industriales y sistemas robóticos, aplicando teorías avanzadas de control, automatización, tecnologías electrónicas y sistemas inteligentes.","La Carrera de Mecatrónica está diseñada para aquellos estudiantes que demuestran el agrado por el estudio de todo lo relacionado con las habilidades fisicomatemáticas, tecnologías mecánicas, electrónica, automatización, programación, uso y transformación de la energía en sus diferentes formas y manifestaciones, el diseño como el cálculo, la construcción y manipulación de partes mecánicas, así como una buena capacidad de dirección, liderazgo y trabajo en equipo interdisciplinario.

El aspirante a cursar la carrera de Mecatrónica debe cumplir además las siguientes características:

Tener facilidad para el cálculo.
Tener amplio sentido práctico.
Poseer capacidad de razonamiento.
Demostrar capacidad de abstracción e investigación.
Tener sentido de la organización y el método.
Demostrar capacidad de creación e innovación.
Tener aptitudes de planificación, liderazgo e innovación.","Resultados generalesRG1. Demostrar habilidades de comunicación efectiva, haciendo uso de informes técnicos, reportes escritos, presentaciones orales u otros mediosRG2. Demostrar capacidad de organización y gestión aplicadas al trabajo en equipo interdisciplinario. RG3. Demostrar capacidad de adaptación a nuevas situaciones tecnológicas.RG4. Colaborar en grupos multidisciplinarios de trabajo escuchando y respetando opiniones sobre las múltiples facetas sociales de un problema en ingenieríaRG5. Diseñar soluciones que permitan mejorar la capacidad productiva de sectores poco industrializados del país con el menor impacto ambiental posible.Resultados específicosRE1. Fusionar los conocimientos en sistemas mecánicos y electrónicos para solucionar problemas particulares.RE2. Diseñar sistemas que cumplan con una tarea específica aplicando procesos de modelación y control de diferentes tipos de sistemas físicosRE3. Integrar los principios que interrelacionan conocimientos en estructura, funcionamiento, diseño, montaje e implementación de sistemas mecatrónicos en la industria.RE4. Diseñar sistemas de mejora continua de los procesos que usen sistemas electromecánicos en la línea de producción de una industria.RE5. Aplicar los conocimientos sobre diferentes métodos de resolución de las ecuaciones producto del modelaje de sistemas, sean estas analíticas, computacionales o numéricas.RE6. Simular y analizar el comportamiento de los sistemas mecatrónicos diseñados.RE7. Dirigir proyectos de modelaje, diseño, fabricación e implementación de sistemas mecatrónicos de manera responsable, honesta y sustentable, al servicio de la sociedad.RE8. Aplicar los fundamentos de administración de empresas e interpretar la información financiera que le permita el análisis económico-social de proyectos bajo su responsabilidadRE9. Elaborar planes de mantenimiento para sistemas mecatrónicos. RE10. Demostrar habilidades creativas e innovativas.","Al comprender el funcionamiento de los mecanismos, circuitos eléctricos y electrónicos, y conseguir modelar su comportamiento, los ingenieros en mecatrónica están en capacidad de entender, crear, diseñar y viabilizar sistemas mecatrónicos, los cuales sean programados para resolver necesidades de un usuario en particular o de la industria. Su experiencia radica en comprender las leyes que rigen sobre los sistemas físicos, modelar su comportamiento, estudiar el mismo por medio de simulaciones, y articular diferentes tipos de sistemas mecánicos con sistemas electrónicos.En caso de que la respuesta del sistema físico estudiado deba ser modificada, el ingeniero mecatrónico estará en capacidad de seleccionar la ley de control más adecuada e implementarla para obtener las características de la salida deseadas.La solución propuesta por el ingeniero en mecatrónica deberá tener un buen desempeño, ser durable y rentable. Además, está en capacidad de vincular a las redes de información con la producción industrial. El campo de acción de un ingeniero en mecatrónica es amplio, incluyendo:Parametrización de sistemas.Modelaje de sistemas físicos.Dimensionamiento de mecanismos, circuitos y fuentes de potencia.Diseño de soluciones mecatrónicas,Mecánica computacional aplicada al control y optimización de sistemas físicos, así como al diseño y adaptación de soluciones mecatrónicas innovadoras para resolver desafíos industriales, como la mejora en la precisión, el aumento del nivel de producción y la eficiencia de los procesos."
Escuela Politécnica Nacional,EPN,Ingenieria En Petroleos,https://www.epn.edu.ec/ingenieria-en-petroleos/,"La Carrera en Petróleos trata con situaciones y problemas, asociados a la industria hidrocarburífera, formando profesionales con capacidades teóricas, tecnológicas y con claro compromiso social sobre la industria, que les permite promover el desarrollo productivo, social y competitivo de los sectores públicos y privados vinculados a la industria, a partir del manejo eficiente de los recursos tecnológicos, físicos, económicos y de información; para alcanzar altos niveles de competitividad y promoviendo el cambio de la matriz productiva; trabajando dentro de un contexto multicultural y una realidad nacional que apunta a la actualización de tecnología y a un desarrollo integral del país acorde al Plan Nacional de Desarrollo. Las asignaturas de la unidad básica abarcan todos los contenidos que estructuran la plataforma básica científica para el adecuado desarrollo de las asignaturas de formación profesional. Las asignaturas de la unidad profesional cubren toda la experticia del área de estudio y además tienen un carácter bipartito, es decir, su contenido es autónomo e independiente con respecto a otras asignaturas pero también se concatenan entre ellas a manera de complemento con el fin de favorecer la globalización de los saberes.","Estudiantes responsables, proactivos, independientes, honestos, éticos, con conciencia social y sólidos conocimientos en las ciencias básicas; pensamiento lógico y crítico, dispuestos a trabajar en grupos multidisciplinarios, amor por la naturaleza y gusto por el trabajo de campo.","Resultados específicosRE1. Desarrollar actividades básicas de evaluación y cuantificación de reservas en prospectos y campos en producción.RE2. Dimensionar sistemas de levantamiento artificial en campos petroleros. Diagnosticar problemas operacionales en el sistema de producción.RE3. Analizar los procesos involucrados en las operaciones de exploración y producción de hidrocarburos, mediante el trabajo de grupos interdisciplinarios, y aplicación de herramientas computacionales de última tecnología.RE4. Aplicar los fundamentos de los diferentes métodos de Recuperación Mejorada, de los Yacimientos de Crudos Pesados y de los procesos de Recuperación Térmica utilizados en la Explotación de Petróleo en Yacimientos Convencionales. Resultados generalesRG1. Aplicar principios y fundamentos de ciencias básicas en la resolución de problemas en el ejercicio profesional.RG2. Integrar equipos de trabajo, utilizando destrezas de cooperación, comunicación, manejo de conflictos y definición de estrategias, en el campo de especialización.RG3. Actuar con criterio y responsabilidad frente a dilemas éticos en todos los campos del accionar social y de estudio.RG4. Comunicar información utilizando efectivamente medios escritos, orales y digitales, tomando en cuenta las características de la audiencia y aplicando tecnologías de información y comunicación.RG5. Valorar las implicaciones de temas contemporáneos del ámbito local, nacional e internacional en relación con su campo de especialización, discriminando las fuentes de información.RG6. Manifestar compromiso con el desarrollo nacional y regional, orientando la aplicación de sus conocimientos.RG7. Desarrollar la capacidad de análisis y pensamiento crítico, orientada a la resolución de problemas en el ejercicio profesional.","El profesional en Ingeniería de Petróleos posee una sólida formación científica y técnica para liderar de manera integral las operaciones de:Perforación, producción, transporte de hidrocarburos y manejo ambiental de campos petroleros.Dirigir actividades de prospección, perforación, extracción y desarrollo del campo petrolero.Evaluar la producción optimizando y controlando los procesos, operativos. Promoción de proyectos de desarrollo y aplicación de los procesos de exploración y explotación en yacimientos de hidrocarburos.Formar parte de organismos de investigación o como perito en asuntos legales relacionados con su campo profesional.Ejercer como docente en los niveles en aquellas asignaturas que comprende su plan de estudios. Gestión de la planeación de la política petrolera."
Escuela Politécnica Nacional,EPN,Ingenieria Quimica,https://www.epn.edu.ec/ingenieria-quimica/,"La carrera de Ingeniería Química tiene como propósito fundamental formar profesionales capaces de formular y resolver exitosamente problemas complejos relacionados con el diseño de procesos y productos químicos o bioquímicos. Los profesionales de esta carrera dominarán la concepción, cálculo, diseño, análisis y operación de equipos e instalaciones industriales bajo elevados estándares de calidad, seguridad, economía, uso racional y eficiente de los recursos naturales y conservación del medio ambiente, en estricto cumplimiento del código ético de la profesión, con la finalidad de satisfacer las necesidades del sector productivo e industrial del país.","Un estudiante que desee optar por la carrera de Ingeniería Química de la EPN, deberá:

Poseer capacidad de razonamiento verbal, lógico y numérico
Tener vocación para el área de ingeniería
Demostrar habilidades de pensamiento analítico
Demostrar iniciativa
Demostrar facilidad de trabajar en grupo
Poseer sólidos conocimientos en Física, Química y Matemática del nivel de Bachillerato","Resultados generalesRG1. Demostrar honestidad y responsabilidad hacia la sociedad y medio ambiente en términos del comportamiento ético profesional.RG2. Demostrar conocimiento de los temas contemporáneos y relevantes asociados a la práctica de la ingeniería química.RG3. Aplicar conocimientos de ciencias básicas, matemáticas e ingeniería en la práctica de la ingeniería química.RG4. Demostrar habilidad de integrarse y trabajar en equipos multidisciplinarios.RG5. Demostrar habilidad de comunicarse efectivamente tanto de forma oral como escrita.RG6. Demostrar que tienen el conocimiento necesario para entender el impacto de las soluciones de ingeniería en el contexto global, social y ambiental.RG7. Demostrar habilidad de auto aprendizaje y de actualización permanente de conocimientos.Resultados específicosRE1. Diseñar productos y procesos que requieran transformación física, química y/o bioquímica de materiales que satisfagan las necesidades de la industria, y del país de manera económica, eficiente y ambientalmente sustentable.RE2. Diseñar y conducir experimentos, para la obtención y el análisis de datos en el ejercicio de la Ingeniería Química.RE3. Aplicar los principios de la Ingeniería Química, a partir del análisis de sistemas y procesos mediante balances de masa, transferencia de masa, transferencia de calor y fluidos, termodinámica, diseño y control de plantas y procesos tanto en régimen estacionario como no estacionario en el diseño, optimización o innovación de procesos.RE4. Aplicar los conocimientos con criterio lógico en la identificación formulación y solución de problemas asociados al ejercicio de la Ingeniería Química.RE5. Emplear métodos y herramientas de Ingeniería necesarios en la práctica profesional.","Un estudiante que desee optar por la carrera de Ingeniería Química de la EPN, deberá:Poseer capacidad de razonamiento verbal, lógico y numéricoTener vocación para el área de ingenieríaDemostrar habilidades de pensamiento analíticoDemostrar iniciativaDemostrar facilidad de trabajar en grupoPoseer sólidos conocimientos en Física, Química y Matemática del nivel de Bachillerato"
Escuela Politécnica Nacional,EPN,Ingenieria En Sistemas De Informacion,https://www.epn.edu.ec/ingenieria-en-sistemas-de-informacion/,"Formar profesionales que posean conocimientos y desarrollen habilidades que les permitan integrar las soluciones de tecnologías de la información y los procesos de negocio para satisfacer las necesidades de información de las empresas y otras organizaciones, a fin de que éstas logren sus objetivos en forma efectiva y eficiente; los profesionales están facultados para abordar factores técnicos y organizativos, y para determinar cómo los procesos comerciales, respaldados en el análisis de la información y uso de la tecnología, pueden proporcionar una ventaja competitiva en las organizaciones, posibilitando así el desarrollo económico, social y ambiental de los distintos sectores estratégicos nacionales.","Los aspirantes a ingresar a la carrera de Ingeniería de Sistemas de Información, deben haber aprobado el examen SNNA del Sistema Nacional de Nivelación y Admisión, y haber obtenido el puntaje mínimo de la Carrera, para lo cual deben poseer las siguientes habilidades y conocimientos:

Aptitud Verbal. En esta habilidad se consideran cuatro aspectos que son:
Reconocer antónimos.
Establecer analogías.
Complementar enunciados.
Comprensión de lectura.
Razonamiento numérico. En esta habilidad se manejan tres aspectos que son:
Aritmética.
Álgebra.
Geometría.
Razonamiento abstracto.","Resultados Generales:RG1: Aplicar conceptos técnico-prácticos actuales, con responsabilidad y ética, relacionados a la Ingeniería Ambiental, en cuanto a minimización de impactos ambientales y gestión adecuada de los recursos naturales.RG2: Trabajar honesta y responsablemente en equipos de trabajo multidisciplinarios para generar las soluciones ambientales costo-efectivas que satisfagan las necesidades de la sociedad, tomando en cuenta el contexto en el que se desenvuelve.RG3: Valorar las regulaciones que incluyan la legislación nacional e internacional apropiada para su campo de especialización, con el fin de ejercer sus funciones dentro de los límites legales.RG4: Identificar la complejidad de la profesión y el compromiso con la sociedad y el ambiente.Resultados Específicos:RE1: Aplicar conocimientos fundamentales de los principios y conceptos matemáticos, así como conocimientos de la naturaleza y sus fenómenos físico-químicos; incluyendo expresiones cuantitativas y tópicos relacionados con el medio ambiente y ciencias de la tierra.RE2: Identificar fundamentos, métodos, y herramientas para resolver problemas profesionales relacionados con la Ingeniería Ambiental.RE3: Resolver problemas profesionales de mediana complejidad relacionados con la Ingeniería Ambiental.RE4: Utilizar los conocimientos de ciencias básicas y la capacidad de aprendizaje continuo para colaborar en proyectos de investigación, desarrollo e innovación en diversas áreas de la Ingeniería Ambiental.RE5: Utilizar pensamiento crítico, para enfrentar los problemas ambientales que se deban resolver.RE6: Demostrar habilidades de comunicación utilizando medios escritos, orales y digitales, para comunicar los resultados de su actuación.RE7: Utilizar herramientas informáticas de forma adecuada y eficaz en la resolución de problemas ambientales.RE8: Aplicar modelos matemáticos para representar problemas ambientales reales y determinar alternativas de solución.RE9: Diseñar y/o modificar procesos de tratamiento de agua, aire, suelo y residuos.RE10: Aplicar las regulaciones y normativas ambientales en la resolución de problemas ambientales","Al finalizar su formación académica, el profesional estará en capacidad de:Aplicar conocimientos técnicos y tecnológicos relacionados con los Sistemas de Información para apoyar a la mejora continua de procesos, la gestión estratégica y la optimización de servicios.Construir Sistemas de Información eficientes y sustentables, utilizando tecnología de punta, para agilizar y simplificar procesos y procedimientos administrativos, maximizando el acceso a información de calidad.Desarrollar la creatividad y emprendimiento a través de la investigación de nuevas formas de aplicación de los Sistemas de Información para satisfacer las necesidades de transformación en los sectores estratégicos nacionales, mediante el uso de fundamentos y herramientas de investigación.Considerar el avance de la disciplina para mejorar su desempeño profesional, mediante la asimilación de nuevo conocimiento y el auto aprendizaje de herramientas de punta, ya sean éstas lenguajes de programación, herramientas, paradigmas, plataformas tecnológicas, entre otras.Transferir el conocimiento adquirido durante el auto aprendizaje o la investigación para facilitar la conceptualización, diseño y construcción de Sistemas de Información que solucionen problemas estratégicos en sectores prioritarios de producción y desarrollo nacional.Diseñar soluciones eficientes, sustentables, integradoras y multidisciplinarias, con adecuado manejo de tiempo, costo, alcance y progreso.Seleccionar soluciones en Sistemas de Información, mediante la evaluación cualitativa y cuantitativa de la funcionalidad, usabilidad, desempeño y aplicabilidad de la solución, para satisfacer las necesidades de los sectores interesados.Evaluar el impacto social, cultural y ambiental de un sistema de información sobre la vida de las personas y su ecosistema.Desarrollar la habilidad de trabajar en equipos multidisciplinarios para comunicar efectivamente la aplicación de conocimiento de los Sistemas de Información, con un nivel de detalle y abstracción adecuado y facilitar la transferencia de conocimiento a los sectores estratégicos del país.Demostrar una formación humanista, ética y técnico-científica para conceptualizar, desarrollar, transferir e innovar la calidad, seguridad y cobertura de servicios públicos y privados, a través del uso de Sistemas de Información eficientes y sustentables.Ejercer la profesión con ética, responsabilidad, honestidad, conciencia social y respeto al medio ambiente."
Escuela Politécnica Nacional,EPN,Ingenieria En Software,https://www.epn.edu.ec/ingenieria-en-software/,"La Carrera en Software se enfoca en la creación de productos software desde su nacimiento, como una idea, hasta su implementación, para ser utilizados por los usuarios finales. Como campo de estudio, la Ingeniería de Software aborda la gestión del ciclo de vida de un producto software, esto incluye la identificación de los requisitos, análisis, diseño, construcción y pruebas del producto informático; todo esto a partir de metodologías, herramientas y técnicas de desarrollo y documentación. En este sentido, la Carrera en Software tiene como objetivo formar profesionales competentes para resolver problemas inherentes a la gestión efectiva de productos software que apoyen al desarrollo tecnológico de la sociedad en el marco de los sectores estratégicos del Ecuador.","Los aspirantes a ingresar a la Carrera en Software, titulación Ingeniero/a de Software, deben haber concluido los estudios de bachillerato y obtener el puntaje mínimo definido por el Sistema Nacional de Nivelación y Admisión SNNA correspondiente a la carrera.

Dentro del perfil de ingreso deseable se sugiere características de Conocimientos, Destrezas, y Valores y Actitudes.

Conocimientos: conocimientos básicos de computación, matemática e idioma inglés. Destrezas: capacidad de razonamiento lógico-matemático, abstracción-modelamiento, análisis, síntesis, comunicación oral y escrita.

Valores y actitudes: Ser disciplinado en el desarrollo de actividades académicas, de servicio a la sociedad y protección del medio ambiente; tener aptitudes para el trabajo organizado, independiente y en equipo; tener hábitos de lectura y auto-aprendizaje; tener interés por aprender y perfeccionar la escritura, lectura y conversación en idioma inglés","Resultados GeneralesRG1. Ser capaz de identificar las necesidades de los sectores estratégicos públicos o privados del país, que requieren una solución a través de productos de software eficientes y costo-efectivos.RG2. Demostrar hábitos de trabajo efectivos, el liderazgo, la buena comunicación, respeto al medio ambiente, ética profesional, que le permitan trabajar individualmente y como parte de un equipo.RG3. Fomentar el desarrollo profesional continuo y vanguardista acorde a nuevos modelos, técnicas y tecnologías que van surgiendo en la industria del software.Resultados EspecíficosRE1. Aplicar teorías, metodologías, estándares y tecnologías apropiadas, para crear soluciones de software, mediante el análisis, diseño, desarrollo, implementación, verificación, documentación, y gestión.RE2. Evaluar aspectos interdisciplinares, de infraestructuras tecnológicas existentes, de tecnología emergente, legales, éticos, económicos, ambientales, y sociales, para diseñar soluciones de Software de Calidad.RE3. Emplear principios y herramientas de investigación, para generar nuevas formas de aplicación de la Ingeniería de Software en los sectores industriales y académicos estratégicos del país.RE4. Construir un sistema de aprendizaje autónomo mediante el aprendizaje activo, motivado, participativo, modelado, necesario, y crítico de la diversidad de fuentes y tipo de información, considerando que la Ingeniería de Software es parte de un campo que cambia muy rápidamente.RE5. Desarrollar la creatividad y emprendimiento a través de la investigación de nuevas formas de aplicación de la Ingeniería de Software para satisfacer las necesidades de transformación en los sectores estratégicos nacionales.RE6. Emplear los fundamentos de comunicación profesional, técnica, y científica, para transferir efectivamente los conocimientos adquiridos durante el auto aprendizaje, la investigación, y el ejercicio profesional.RE7. Crear sistemas de Software, aplicando la Ingeniería de Software y los estándares más adecuados, asegurando la calidad del proceso y del producto de software; tomando en cuenta cuestiones legales y sociales, y practicando los hábitos de trabajo ético y efectivo.RE8. Demostrar capacidad de trabajo individual y en equipo logrando la conciliación de objetivos conflictivos en un entorno típico de desarrollo de Software, compromisos aceptables dentro de las limitaciones de costo, tiempo, conocimiento, sistemas existentes, entre otros.RE9. Utilizar técnicas, herramientas y estándares que permitan auditar el desempeño y cumplimiento de soluciones de Software.Ser capaz de identificar las necesidades de los sectores estratégicos públicos o privados del país, que requieren una solución a través de productos de software eficientes y costo-efectivos.Demostrar hábitos de trabajo efectivos, el liderazgo, la buena comunicación, respeto al medio ambiente, ética profesional, que le permitan trabajar individualmente y como parte de un equipo.Fomentar el desarrollo profesional continuo y vanguardista acorde a nuevos modelos, técnicas y tecnologías que van surgiendo en la industria del software","Verificación, validación y aseguramiento de la calidad del Software.Administración de proyectos de Software.Investigación aplicada en proyectos de conceptualización, desarrollo, innovación y transferencia de Software.Ingeniería de Software para el desarrollo de Sistemas de Información y Sistemas Inteligentes.Emprendimiento de empresas de investigación, innovación, desarrollo y comercialización de Software."
Escuela Politécnica Nacional,EPN,Ingenieria En Telecomunicacion De La Informacion,https://www.epn.edu.ec/ingenieria-en-telecomunicacion-de-la-informacion/,"La Carrera de Tecnologías de la Información se concentra en los problemas relacionados con la satisfacción de las necesidades del usuario dentro de un contexto social y de la organización, a través de la selección, creación, aplicación, integración y administración de las Tecnologías de la Información, con una perspectiva teórica, práctica y experimental, para la transformación tanto delos usuarios como de las organizaciones mediante el empleo de tecnologías actuales y emergentes, y sin excluir principios actitudinales y afectivos en su interrelación con las personas y el medio en el que se desenvuelven.","Los aspirantes a ingresar a la Carrera de Tecnologías de la Información deben haber concluido sus estudios de bachillerato y deben obtener el puntaje mínimo requerido por el Sistema Nacional de Nivelación y Admisión (SNNA) para ingenierías y en particular para la Carrera.

Sería recomendable que el aspirante tenga el siguiente perfil de ingreso:

En cuanto a su formación previa, el aspirante debe tener una formación que le permita acceder a los conocimientos avanzados que se imparten en la Carrera. En particular, es recomendable que tenga conocimientos en áreas relacionadas a física y matemáticas y cuente con un buen nivel de comprensión de lectura y redacción en español.
Respecto a sus aptitudes y capacidades, resultan deseables las siguientes: capacidad de concentración, capacidad de abstracción, facilidad para el aprendizaje autónomo, habilidad para organizar el tiempo y el estudio, capacidad de pensamiento lógico, gusto por el uso y manejo y aprovechamiento de la tecnología.

Respecto a sus valores y actitudes, se espera que el aspirante, en concordancia con el código de ética de la EPN, tenga buena disposición para el trabajo individual y trabajo en equipo, respete al pensamiento, visión y criterios ajenos, excluya toda de forma de violencia y actitudes discriminatorias, apoyo a un ambiente pluralista y que haga de la honestidad el principio básico de comportamiento en todos sus actos.","Resultados Generales:RG1: Cooperar honesta y responsablemente en equipos de trabajo multi, intra e inter disciplinarios para generar la solución costo-efectivo que satisfaga las necesidades de los usuarios y tome en consideración el contexto en el que se desenvuelven.RG2: Valorar las regulaciones que incluyan la legislación nacional e internacional apropiada para su campo de especialización, con el fin de ejercer sus funciones dentro de los límites legales.RG3: Comprender la complejidad de la profesión y el compromiso con la sociedad y el medio ambiente, con el fin de cumplir con su código deontológico.RG4: Comunicar y receptar criterios de forma efectiva en diversos contextos de la profesión, tanto por medios orales como por medios escritos, interactuando así con los diferentes actores y sectores vinculados.RG5: Inferir el funcionamiento y las formas de utilización de las Tecnologías de la Información emergentes y existentes, relevantes para su campo de especializaciónRG6: Usar sus conocimientos de administración y financieros, calidad, conservación y utilización de estadísticas e información técnica disciplinar en el ejercicio de su profesión.RG7: Utilizar los conocimientos de ciencias básicas y la capacidad de aprendizaje continuo para colaborar en proyectos de investigación, desarrollo e innovación. Resultados Específicos:RE1: Aplicar conceptos técnico-prácticos actuales, con responsabilidad y ética, relacionados a las Tecnologías de la Información para interacción humano máquina, bases de datos, redes de comunicaciones, sistemas web, gestión de información y seguridadesRE2: Resolver problemas en las áreas de la especialidad usando los conocimientos teórico-metodológicos relacionados y considerando las mejores prácticas y estándares de las Tecnologías de la Información.RE3: Proponer soluciones elaboradas y argumentadas con sentido crítico, y empleando las Tecnologías de la Información para brindar respuestas proactivas y reactivas que garanticen la operatividad del negocio tratando de minimizar posibles riesgos.RE4: Aplicar los conocimientos de electricidad y electrónica, para transformar datos analógicos a digitales; bases de datos, para almacenamiento de la información y posible obtención de conocimiento de dicha información; redes de datos, para transmisión de la información; programación, para el procesamiento de la información; y finalmente, las aplicaciones distribuidas, aplicaciones web, servicios web y las interfaces humano-máquina para la generación y presentación de la información.RE5: Proponer soluciones basadas en Tecnologías de la Información que soporten los procesos de una organización gracias a la formación académica recibida, así como a su capacidad de autoaprendizaje e investigación formativa.RE6: Usar los conocimientos integrados en los campos de formación básica, profesional y humanística para generar una idea desde su concepto abstracto, ejecutarla y realizarla de forma práctica y real tanto en una nueva empresa como en organizaciones que emplean herramientas y metodologías de las Tecnologías de la Información.RE7: Evaluar la situación actual de la infraestructura de Tecnologías de la Información de una organización para encontrar fallos, determinar su rendimiento, optimizar su funcionamiento, así como proponer mejoras de seguridad.RE8: Analizar las necesidades del usuario para la selección, diseño, implementación, evaluación, optimización y administración de las Tecnologías de la Información.RE9: Integrar soluciones basadas en Tecnologías de la Información tomando en consideración el entorno en el que se desenvuelve el usuario.RE10: Gestionar las herramientas e infraestructura de Tecnologías de la Información utilizadas dentro de una organización a fin de garantizar su correcto funcionamiento actual y futuro.","Auditar los sistemas de Tecnologías de la Información, a través de metodologías estándares con el fin de determinar las condiciones actuales.Proveer servicios de consultoría para el desarrollo de proyectos de Tecnologías de la Información, orientados a la gestión, planeación, análisis, diseño, implementación y despliegue de sistemas que den solución a los diversos problemas de las organizaciones y su entorno.Dirigir proyectos de Tecnologías de la Información a través de procesos y modelos estándares y que contribuyen a la consecución de los objetivos estratégicos de las organizaciones.Propiciar la implementación de nuevas soluciones de Tecnologías de la Información para atender áreas de innovación en las organizaciones mediante la evaluación de las tecnologías emergentes en el mercado.Emprender, de forma independiente, empresas orientadas al desarrollo y consultoría de bienes y servicios en el ámbito de las Tecnologías de la Información.Liderar proyectos de investigación aplicada y/o desarrollos tecnológicos en el sector de las Tecnologías de la Información.Implementar sistemas de información desarrollados para satisfacer las necesidades de la organización, garantizando aspectos de seguridad y calidad.Desarrollar proyectos de Tecnologías de la Información para la implementación eficaz de soluciones empleando los recursos disponibles en la organización.Administrar los servicios y la infraestructura de las Tecnologías de la Información de la organización."
Escuela Politécnica Nacional,EPN,Ingenieria En Telecomunicaciones,https://www.epn.edu.ec/ingenieria-en-telecomunicaciones/,"La Carrera de Tecnologías de la Información se concentra en los problemas relacionados con la satisfacción de las necesidades del usuario dentro de un contexto social y de la organización, a través de la selección, creación, aplicación, integración y administración de las Tecnologías de la Información, con una perspectiva teórica, práctica y experimental, para la transformación tanto delos usuarios como de las organizaciones mediante el empleo de tecnologías actuales y emergentes, y sin excluir principios actitudinales y afectivos en su interrelación con las personas y el medio en el que se desenvuelven","Los aspirantes a ingresar a la Carrera de Tecnologías de la Información deben haber concluido sus estudios de bachillerato y deben obtener el puntaje mínimo requerido por el Sistema Nacional de Nivelación y Admisión (SNNA) para ingenierías y en particular para la Carrera.

Sería recomendable que el aspirante tenga el siguiente perfil de ingreso:

En cuanto a su formación previa, el aspirante debe tener una formación que le permita acceder a los conocimientos avanzados que se imparten en la Carrera. En particular, es recomendable que tenga conocimientos en áreas relacionadas a física y matemáticas y cuente con un buen nivel de comprensión de lectura y redacción en español.
Respecto a sus aptitudes y capacidades, resultan deseables las siguientes: capacidad de concentración, capacidad de abstracción, facilidad para el aprendizaje autónomo, habilidad para organizar el tiempo y el estudio, capacidad de pensamiento lógico, gusto por el uso y manejo y aprovechamiento de la tecnología.

Respecto a sus valores y actitudes, se espera que el aspirante, en concordancia con el código de ética de la EPN, tenga buena disposición para el trabajo individual y trabajo en equipo, respete al pensamiento, visión y criterios ajenos, excluya toda de forma de violencia y actitudes discriminatorias, apoyo a un ambiente pluralista y que haga de la honestidad el principio básico de comportamiento en todos sus actos.","Resultados de aprendizajeGenerales:RG1: Cooperar honesta y responsablemente en equipos de trabajo multi, intra e inter disciplinarios para generar la solución costo-efectivo que satisfaga las necesidades de los usuarios y tome en consideración el contexto en el que se desenvuelven.RG2: Valorar las regulaciones que incluyan la legislación nacional e internacional apropiada para su campo de especialización, con el fin de ejercer sus funciones dentro de los límites legales.RG3: Comprender la complejidad de la profesión y el compromiso con la sociedad y el medio ambiente, con el fin de cumplir con su código deontológico.RG4: Comunicar y receptar criterios de forma efectiva en diversos contextos de la profesión, tanto por medios orales como por medios escritos, interactuando así con los diferentes actores y sectores vinculados.RG5: Inferir el funcionamiento y las formas de utilización de las Tecnologías de la Información emergentes y existentes, relevantes para su campo de especialización.RG6: Usar sus conocimientos de administración y financieros, calidad, conservación y utilización de estadísticas e información técnica disciplinar en el ejercicio de su profesión.RG7: Utilizar los conocimientos de ciencias básicas y la capacidad de aprendizaje continuo para colaborar en proyectos de investigación, desarrollo e innovación.EspecíficosRE1: Aplicar conceptos técnico-prácticos actuales, con responsabilidad y ética, relacionados a las Tecnologías de la Información para interacción humano máquina, bases de datos, redes de comunicaciones, sistemas web, gestión de información y seguridades.RE2: Resolver problemas en las áreas de la especialidad usando los conocimientos teórico-metodológicos relacionados y considerando las mejores prácticas y estándares de las Tecnologías de la Información.RE3: Proponer soluciones elaboradas y argumentadas con sentido crítico, y empleando las Tecnologías de la Información para brindar respuestas proactivas y reactivas que garanticen la operatividad del negocio tratando de minimizar posibles riesgos.RE4: Aplicar los conocimientos de electricidad y electrónica, para transformar datos analógicos a digitales; bases de datos, para almacenamiento de la información y posible obtención de conocimiento de dicha información; redes de datos, para transmisión de la información; programación, para el procesamiento de la información; y finalmente, las aplicaciones distribuidas, aplicaciones web, servicios web y las interfaces humano-máquina para la generación y presentación de la información.RE5: Proponer soluciones basadas en Tecnologías de la Información que soporten los procesos de una organización gracias a la formación académica recibida, así como a su capacidad de autoaprendizaje e investigación formativa.RE6: Usar los conocimientos integrados en los campos de formación básica, profesional y humanística para generar una idea desde su concepto abstracto, ejecutarla y realizarla de forma práctica y real tanto en una nueva empresa como en organizaciones que emplean herramientas y metodologías de las Tecnologías de la Información.RE7: Evaluar la situación actual de la infraestructura de Tecnologías de la Información de una organización para encontrar fallos, determinar su rendimiento, optimizar su funcionamiento así como proponer mejoras de seguridad.RE8: Analizar las necesidades del usuario para la selección, diseño, implementación, evaluación, optimización y administración de las Tecnologías de la Información.RE9: Integrar soluciones basadas en Tecnologías de la Información tomando en consideración el entorno en el que se desenvuelve el usuario.RE10: Gestionar las herramientas e infraestructura de Tecnologías de la Información utilizadas dentro de una organización a fin de garantizar su correcto funcionamiento actual y futuro.","Auditar los sistemas de Tecnologías de la Información, a través de metodologías estándares con el fin de determinar las condiciones actuales.Proveer servicios de consultoría para el desarrollo de proyectos de Tecnologías de la Información, orientados a la gestión, planeación, análisis, diseño, implementación y despliegue de sistemas que den solución a los diversos problemas de las organizaciones y su entorno.Dirigir proyectos de Tecnologías de la Información a través de procesos y modelos estándares y que contribuyen a la consecución de los objetivos estratégicos de las organizaciones.Propiciar la implementación de nuevas soluciones de Tecnologías de la Información para atender áreas de innovación en las organizaciones mediante la evaluación de las tecnologías emergentes en el mercado.Emprender, de forma independiente, empresas orientadas al desarrollo y consultoría de bienes y servicios en el ámbito de las Tecnologías de la Información.Liderar proyectos de investigación aplicada y/o desarrollos tecnológicos en el sector de las Tecnologías de la Información.Implementar sistemas de información desarrollados para satisfacer las necesidades de la organización, garantizando aspectos de seguridad y calidad.Desarrollar proyectos de Tecnologías de la Información para la implementación eficaz de soluciones empleando los recursos disponibles en la organización.Administrar los servicios y la infraestructura de las Tecnologías de la Información de la organización."
Escuela Politécnica Nacional,EPN,Ingenieria Civil,https://www.epn.edu.ec/ingenieria-civil/,"La Ingeniería Civil es una profesión que se relaciona con la planificación, diseño, construcción, mantenimiento y operación de infraestructura desde el punto de vista estructural, de recursos hídricos y saneamiento. El Ingeniero Civil de la Escuela Politécnica Nacional es el profesional que tiene conocimientos, habilidades, destrezas, valores, aptitudes y actitudes aplicables en las áreas de estructuras, vías terrestres, hidráulica, administración, construcción, ingeniería sanitaria y geotecnia, tomando en consideración la conservación del ambiente con la finalidad de planear, diseñar, construir, operar y conservar obras hidráulicas y sanitarias, sistemas estructurales, vías terrestres, obras de urbanización e instalaciones en obras civiles; y en la elaboración, evaluación y diagnóstico de estudios técnicos económicos y financieros de obras, proyectos de investigación y desarrollo tecnológico.","Los aspirantes a ingresar a la carrera de Ingeniería Civil, deben haber aprobado el examen SNNA del Sistema Nacional de Nivelación y Admisión, y haber obtenido el puntaje mínimo de la Carrera, para lo cual deben poseer las siguientes habilidades y conocimientos:

Aptitud Verbal. En esta habilidad se consideran cuatro aspectos que son:
Reconocer antónimos.
Establecer analogías.
Complementar enunciados.
Comprensión de lectura.
Razonamiento numérico. En esta habilidad se manejan tres aspectos que son:
Aritmética.
Álgebra.
Geometría.
Razonamiento abstracto.","Resultados Generales:RG1. Comunicar efectivamente la aplicación de conocimiento de la Ingeniería Civil, con un nivel de detalle y abstracción adecuado, y aplicación de la ciencia facilitando la transferencia de conocimiento a los sectores estratégicos del país.RG2. Demostrar una formación humanista, ética y técnico-científica para conceptualizar, desarrollar, transferir e innovar la calidad, seguridad y cobertura de la infraestructura públicas y privadas, servicios públicos y privados concernientes al campo de ingeniería civil como agua y saneamiento, a través del uso óptimos de los recursos de materiales, mano de obra y maquinaria.RG3. Resolver los problemas sociales, legales, éticos, culturales y medio ambientales relacionados con la ingeniería civil a través de un ejercicio profesional responsable, con conciencia social y respeto al medio ambiente.Resultados Específicos:RE1. Aplicar conocimientos técnicos y tecnológicos relacionados con la ingeniería civil para lograr la mejora continua de métodos constructivos y procesos de saneamiento, sistemas viales, la gestión estratégica de recursos, utilización de mano de obra y la optimización de materiales e insumos. Es decir, aplicación de las Ciencias Básicas a Ingeniería Civil.RE2. Construir infraestructura sustentable, utilizando tecnología de punta y maximizando el uso de la mano de obra disponible, el justo uso de los recursos, la mejora de calidad en bienes inmuebles, infraestructura pública y la calidad de vida de los ciudadanos. Es decir, la identificación y definición de los problemas de manera eficiente. Desarrollar nuevas formas de aplicación de la ingeniería civil para satisfacer las necesidades y sustentar el mejoramiento de los sectores estratégicos nacionales, mediante la investigación en recursos hídricos, vivienda, infraestructura, materiales, saneamiento gestión de riesgos y ambiental.RE3. Considerar las mejoras tecnológicas y el auto aprendizaje mediante la asimilación de nuevos conocimientos en maquinarias, materiales, software, usos de nuevos materiales y procesos en la región. Desarrollo de la utilización de herramientas especializadas. Desarrollar la creatividad y emprendimiento a través de la investigación para satisfacer las necesidades en ingeniería civil de los sectores estratégicos nacionales. Promover el trabajo en equipo.RE4. Transferir el conocimiento adquirido, auto aprendizaje o la investigación para facilitar la conceptualización, diseño y construcción de infraestructura que solucione las necesidades de sectores de la producción y desarrollo nacional. Trabajar con compromiso social y ético.RE5. Prestar soluciones eficientes, sustentables, integradoras y multidisciplinarias, con adecuado manejo de tiempo, costo, materiales, mano de obra y procesos, a través de una adecuada planificación, diseño, construcción, gestión y control de la infraestructura. Evaluar el impacto económico, social, calidad de vida y ambiental de la infraestructura sobre la vida de las personas. Demostrar compromiso con el aprendizaje continuo.RE6. Utilizar herramientas informáticas de forma adecuada y eficaz en la resolución de problemas de ingeniería civil, utilización de modelos para la solución óptima de alternativas.","El Ingeniero Civil podra:Proveer servicios de consultoría en estructuras, hidráulica, saneamiento y vías.Desempeñarse como responsable de Diseño de proyectos de Ingeniería Civil.Implementar nuevas tecnologías para la construcción.Dirigir y participar en proyectos relacionados con construcción de edificaciones, en el ámbito público o privado, en los campos de la planificación, evaluación, gestión y ejecución de obras.Crear su propia empresa, orientada a ofrecer soluciones de consultoría en diseño, en las áreas de especialización: estructuras sismo-resistentes, construcciones hidráulicas, manejo de recursos hídricos y saneamiento.Desempeñarse como docente/investigador en instituciones educativas de nivel medio y superior.Diseñar, evaluar y mejorar sistemas de saneamiento, recolección y tratamiento de aguas.Diseñar, evaluar y mejorar sistemas de potabilización del agua.Diseñar planes de manejo integral de residuos sólidos.Desempeñarse como técnico de obra, en proyectos de edificaciones de educación, salud, servicios y otros en el sector estatal y privado.Desempeñarse como administrador de proyectos de construcción."
Escuela Politécnica Nacional,EPN,Seguridad De Redes De Informacion,https://www.epn.edu.ec/seguridad-de-redes-de-informacion/,"La Carrera de Seguridad de Tecnologías de la Información busca formar profesionales en el ámbito de la Seguridad de las Tecnologías de la Información y la Comunicación capaces de identificar, evaluar y tratar los riesgos de seguridad en redes de comunicaciones, componentes de TI e información de organizaciones de diferentes sectores productivos del país, utilizando para ello metodologías, técnicas y herramientas de vanguardia, e implementando buenas prácticas y tecnologías de protección adecuadas; con habilidades para interrelacionarse personal y profesionalmente, y para trabajar en equipo con alto rigor ético y legal y comprometidos con el desarrollo sustentable de las organizaciones y su entorno.","Los aspirantes a ingresar a la Carrera de Seguridad de Redes de Información deben haber concluido sus estudios de bachillerato y deben obtener el puntaje mínimo requerido por el Sistema Nacional de Nivelación y Admisión (SNNA) para ingenierías y en particular para la Carrera.

Sería recomendable que el aspirante tenga el siguiente perfil de ingreso:

En cuanto a su formación previa, el aspirante debe tener una formación que le permita acceder a los conocimientos avanzados que se imparten en la Carrera. En particular, es recomendable que tenga conocimientos en áreas relacionadas a física y matemáticas y cuente con un buen nivel de comprensión de lectura y redacción en español.
Respecto a sus aptitudes y capacidades, resultan deseables las siguientes: capacidad de concentración, capacidad de abstracción, facilidad para el aprendizaje autónomo, habilidad para organizar el tiempo y el estudio, capacidad de pensamiento lógico, gusto por el uso y manejo y aprovechamiento de la tecnología.
Respecto a sus valores y actitudes, se espera que el aspirante, en concordancia con el código de ética de la EPN, tenga buena disposición para el trabajo individual y trabajo en equipo, respete al pensamiento, visión y criterios ajenos, excluya toda de forma de violencia y actitudes discriminatorias, apoyo a un ambiente pluralista y que haga de la honestidad el principio básico de comportamiento en todos sus actos.","Resultados Generales:RG1. Usar sus conocimientos de administración y financieros, realidad nacional, calidad, utilización de estadísticas e información técnica disciplinar en el ejercicio de su profesión.RG2. Utilizar los conocimientos de ciencias básicas y la capacidad de aprendizaje continuo para colaborar en proyectos de investigación desarrollo e innovación.RG3. Trabajar en equipo con independencia de la etnia, el género, la condición social, etc., y evitando la discriminación por cualquiera de estos aspectos.RG4. Realizar estudios, consultorías y proyectos con responsabilidad ética y profesional, y en el marco de la legislación y normativa nacional e internacional pertinente.RG5. Receptar las diferentes posiciones que puedan tener los diferentes actores y sectores al trabajar en equipo.RG6. Utilizar sus conocimientos de forma creativa para ofrecer soluciones de seguridad innovadoras y vanguardistas.RG7. Transmitir sus conocimientos, ideas y soluciones de forma eficaz utilizando un lenguaje correcto tanto de forma oral como escrita  Resultados Específicos:RE1. Explicar el fundamento teórico, metodologías, técnicas y herramientas para la identificación, detección y auditoría de los riesgos de seguridad de la red de comunicaciones en una organización, y las tecnologías y buenas prácticas para su tratamiento.RE2. Explicar el fundamento teórico, metodologías, técnicas y herramientas para la identificación, detección y auditoría de los riesgos de seguridad de los componentes de TI en una organización, y las tecnologías y buenas prácticas para su tratamiento.RE3. Explicar el fundamento teórico, metodologías, técnicas y herramientas para la identificación, detección y auditoría de los riesgos de seguridad de la información en una organización, y las tecnologías y buenas prácticas para su tratamiento.RE4. Analizar y evaluar los riesgos de seguridad de la red de comunicaciones en una organización, siguiendo métodos, técnicas y herramientas apropiadas, y de implementar las buenas prácticas y tecnologías requeridas para su tratamiento.RE5. Analizar y evaluar los riesgos de seguridad de los componentes de TI en una organización, siguiendo métodos, técnicas y herramientas apropiadas, y de implementar las buenas prácticas y tecnologías requeridas para su tratamiento.RE6. Analizar y evaluar los riesgos de seguridad de la información en una organización, siguiendo métodos, técnicas y herramientas apropiadas, y de implementar las buenas prácticas y tecnologías requeridas para su tratamiento.RE7. Gestionar la seguridad de la información en una organización, considerando la legislación local e internacional en materia de seguridad y protección de datos.RE8. El egresado estará en capacidad de ejercer su profesión de manera legal, ética, con rigor científico y comprometido con el desarrollo sustentable de su entorno.RE9. El egresado demostrará su capacidad de análisis crítico proponiendo soluciones de seguridad que contribuyan al desarrollo productivo de las organizaciones públicas y privadas.RE10. El egresado contribuirá con soluciones de seguridad de vanguardia, considerando siempre el contexto cultural regional y local.","El Ingeniero/a en Seguridad de Tecnologías de la Información estará en la capacidad de aplicar teorías, conceptos y métodos para resolver problemas relacionados a la seguridad de las Tecnologías de la Información, en áreas como: la seguridad en la red, seguridad de la información, seguridad en los componentes y la gestión de la misma a través de la aplicación de las mejores prácticas (normas y estándares); con ética y responsabilidad. Por otro lado, el campo de acción de un Ingeniero/a en Seguridad de Tecnologías de la Información también incluye:i) Proponer soluciones a problemas relacionados con temáticas multidisciplinarias para las que la Seguridad de las TI es un dominio transversal, y coordina y dirige efectivamente su implementación,ii) Proponer y dirigir proyectos de investigación e innovación relacionados con la Seguridad de las TI y su integración en diferentes soluciones tecnológicas,iii) Gestionar con solvencia vulneraciones de Seguridad de las TI de una organizacióniv) Administrar servicios de consultoría para el análisis de la Seguridad de una organización en el ámbito de las TI,v) Liderar centros (como el CSIRT-Computer Security Incident Response Team) de Seguridad de una organización.vi) Finalmente, gracias a la formación integral en los estándares vigentes tecnológicos, el Ingeniero/a en Seguridad de Tecnologías de la Información está en la capacidad de generar emprendimientos orientados al desarrollo y consultoría de bienes y servicios en el ámbito de la Seguridad de las TI."
Escuela Superior Politécnica del Litoral,ESPOL,COMPUTACIÓN,https://www.fiec.espol.edu.ec/es/carreras-de-grado/computacion,"La carrera de Computación forma profesionales que participan activamente en grupos multidisciplinares para diseñar e implementar soluciones de software y hardware basadas en el conocimiento del contexto, prácticas y necesidades de los diversos grupos de nuestra sociedad. Misión: formar profesionales en ciencias de la computación comprometidos con la transformación digital y el desarrollo sostenible, mediante la preparación académica de excelencia que integra un enfoque interdisciplinario promoviendo la innovación e investigación aplicada, el aprendizaje continuo y la vinculación con la sociedad.","Estudiantes curiosos, imaginativos, creativos e innovadores con: conocimientos básicos de informática, aptitud numérica y conocimientos básicos de Matemáticas, capacidad de abstracción, análisis, síntesis y razonamiento lógico, disposición para trabajar en equipo, comprensión lectora en inglés, y capacidad de percepción y atención.","1. Analizar un problema computacional complejo y aplicar principios de computación para identificar soluciones. 2. Diseñar, implementar y evaluar una solución basada en computación. 3. Comunicarse efectivamente en español e inglés en contextos profesionales. 4. Reconocer responsabilidades profesionales y realizar juicios éticos. 5. Funcionar efectivamente como miembro o líder de un equipo. 6. Aplicar teoría de ciencias computacionales para producir soluciones. 7. Diseñar soluciones reales que proponen valor único.","Emprendedor en el área de TI, desarrollador de sistemas computacionales, consultor especializado en desarrollo de sistemas y proyectos tecnológicos, gerente o CEO de organizaciones orientadas al desarrollo de software, cloud y DevOps, gestor de datos y analítica avanzada, implementador de IA y sistemas inteligentes, oficial de ciberseguridad."
Escuela Superior Politécnica del Litoral,ESPOL,ELECTRICIDAD,https://www.fiec.espol.edu.ec/es/carreras-de-grado/electricidad,"La carrera de Ingeniería en Electricidad de la ESPOL está orientada a la gestión, generación y uso de la energía eléctrica. El Ingeniero en Electricidad está en capacidad de innovar, diseñar, administrar, construir y operar sistemas de generación convencional y renovable, sistemas de transmisión, distribución e instalaciones industriales.","Los postulantes deben ser curiosos, observadores, analíticos, recursivos, tener actitud emprendedora y capacidad de liderazgo para trabajar en equipo y tomar decisiones. Poseer conocimientos y habilidades en física, química y matemáticas. Interés por la investigación documental y de campo, así como deseo permanente de aprender.","Luego de 4 años y medio: liderar proyectos de generación, transmisión y utilización de la energía; realizar estudios de planificación de sistemas eléctricos de potencia; operar y controlar en forma eficiente los sistemas eléctricos de potencia; diseñar, analizar y construir sistemas eléctricos de potencia, eléctricos industriales, comerciales y residenciales; elaborar planes de mantenimiento de sistemas eléctricos de potencia.","Gerente de planta, gerente de proyectos, gerente de empresas técnicas privadas y públicas, asesor y consultor, fiscalizador y evaluador, empresario, jefe de operaciones, jefe de mantenimiento de empresas, ingeniero de soporte técnico, estudiante de programas de postgrado."
Escuela Superior Politécnica del Litoral,ESPOL,ELECTRÓNICA Y AUTOMATIZACIÓN,https://www.fiec.espol.edu.ec/es/carreras-de-grado/electronica-y-automatizacion,"La carrera de Electrónica y Automatización se creó debido a que las industrias requieren profesionales con un amplio conocimiento de la electrónica aplicada a la industria, así como la Automatización y Control de Procesos Industriales. Forma profesionales con amplios conocimientos científicos, técnicos y humanísticos para resolver problemas en la industria.","Jóvenes que posean capacidades de abstracción, lógica, comprensión; además de conocimientos básicos de las ciencias experimentales y matemáticas.","Luego de 4 años: resolver problemas en la industria mediante el diseño e implementación de soluciones relacionadas a la electrónica, robótica, automatización, instrumentación y control, optimizando recursos y mejorando tecnológicamente los procesos.","Auditoría y consultoría de sistemas eléctricos y de procesos industriales; elaboración de proyectos de automatización y control de maquinaria industrial; diseño, implementación y manejo de proyectos eléctricos y de electrónica industrial, incluyendo planes de mantenimiento preventivo y correctivo; mantenimiento, diseño y fabricación de equipos y tarjetas electrónicas."
Escuela Superior Politécnica del Litoral,ESPOL,TELECOMUNICACIONES,https://www.fiec.espol.edu.ec/es/carreras-de-grado/telecomunicaciones,"La carrera de Telecomunicaciones de la ESPOL forma Ingenieros en Telecomunicaciones capaces de diseñar e implementar redes y sistemas de comunicación. Las Telecomunicaciones permiten la conectividad y el desarrollo de Internet de alta velocidad, la transmisión de voz y video, la Domótica y el IoT home e industrial.","El aspirante debe tener conocimientos básicos de Física, Química y Matemáticas, y poseer gran interés en la tecnología, proyectando su carrera profesional en la innovación y liderazgo en el desarrollo de las Telecomunicaciones del Ecuador.","Luego de 4 años: diseñar e implementar redes de telefonía y televisión digital, redes de datos e Internet, y sistemas de comunicación inalámbrica de corto y largo alcance; preparación, ejecución y liderazgo de proyectos de implementación de comunicaciones por fibra óptica; diseño de sistemas electrónicos analógicos y digitales basados en sistemas programables para aplicaciones como IoT y robótica; planificar y evaluar proyectos de sistemas de redes de Telecomunicaciones.","Empresario, gerente de ingeniería en empresas proveedoras de servicios de telecomunicaciones, ingeniero de diseño e implementación de cableado estructurado y redes, soporte técnico en operación y mantenimiento de redes de comunicaciones, gerente de diseño, consultor y asesor en implantación de Tecnologías TIC."
Escuela Superior Politécnica del Litoral,ESPOL,MECATRÓNICA,https://www.fimcp.espol.edu.ec/es/carreras-de-grado/mecatronica,"La carrera de Mecatrónica desarrolla la capacidad de crear soluciones tecnológicas que mejoren la calidad de vida en la sociedad, utilizando un enfoque multidisciplinario que integre el diseño mecánico, sistemas de control automatizado, electrónica y recursos informáticos de manera simultánea. Forma profesionales en diseño de soluciones integradas alrededor de cinco ejes: Mecánica, Electrónica, Robótica y control, Computación, y Diseño mecatrónico.","Se requiere aptitudes en matemáticas y programación; además, conocimientos básicos de física en mecánica y electromagnetismo. Ser curioso por la tecnología en general y contar con motivación propia para aprender.","Luego de cuatro años y medio: diseñar soluciones tecnológicas integradas que incorporen mecanismos activados por actuadores electromecánicos, hidráulicos y neumáticos; sistemas de transporte de fluidos; circuitos electrónicos de poder y acondicionamiento de señales para sensores; sistemas de control automático de tipo industrial; creación de interfaces para monitoreo y control usando computadoras, dispositivos móviles y sistemas embebidos. Gestionar instalaciones, operación y mantenimiento de maquinarias y plantas industriales.","Los ingenieros mecatrónicos pueden crear emprendimientos en manufactura automatizada, electrónica de consumo masivo, maquinaria para procesos agroindustriales, tecnología biomédica, transporte y seguridad. Laborar en áreas de mantenimiento y operación de maquinaria, ventas técnicas, diseño de sistemas automatizados, dirección de equipos en proyectos interdisciplinarios, adaptación de sistemas robóticos en líneas de producción."
Escuela Superior Politécnica del Litoral,ESPOL,INGENIERÍA CIVIL,https://www.fict.espol.edu.ec/es/carreras-de-grado/ingenieria-civil,"La carrera de Ingeniería Civil de la ESPOL forma profesionales que aportan con sus conocimientos técnico-científicos en las áreas de diseño, construcción, fiscalización, supervisión, operación y mantenimiento, para el aprovechamiento sustentable y eficiente de los recursos naturales, proyectos y obras civiles; considerando aspectos sociales, económicos, legales y ambientales.","Estudiantes proactivos, creativos, analíticos, de espíritu crítico, con conocimientos básicos de las ciencias experimentales e interesados en las áreas de física, matemáticas y construcción; así como en diseñar, planificar, gestionar y ejecutar proyectos de obras civiles.","Luego de 4 años y medio: aplicar conocimientos de matemáticas, ciencias e Ingeniería Civil; diseñar y conducir ensayos, analizar e interpretar datos; diseñar sistemas, componentes o procesos bajo restricciones económicas, medioambientales, sociales y éticas; identificar, formular y resolver problemas en las especialidades de Ingeniería Civil (Estructuras, Vías y Transporte, Geotecnia, Sanitaria, Hidráulica, Ambiental, Puertos).","Profesionales en capacidad de colaborar al desarrollo del sector de la construcción trabajando en el sector privado o público, universidades e institutos de investigación, como consultores y asesores independientes, como fiscalizadores y constructores."
Escuela Superior Politécnica del Litoral,ESPOL,INGENIERÍA QUÍMICA,https://www.fcnm.espol.edu.ec/es/carreras-de-grado/ingenieria-quimica,"La Ingeniería Química conecta a la ciencia con la industria, combinando el conocimiento de la Matemática, Química y otras ciencias básicas, para resolver problemas mediante la evaluación, optimización, simulación y diseño de todo tipo de elemento en la industria del proceso con gran impacto en la sociedad. Forma profesionales con bases sólidas en ciencias químicas, termodinámica, operaciones unitarias y diseño de plantas industriales.","Capacidad analítica, crítica y deductiva; aptitudes para el dominio matemático, físico y químico; compromiso en la búsqueda del bienestar social y la sustentabilidad; interés por la química y sus aplicaciones industriales.","Luego de 4 años: evaluar, mejorar y/o diseñar nuevos procesos químicos asociados a transformar la materia, la energía y los recursos naturales en productos, bienes y servicios útiles a la sociedad, aplicando la integración de la ingeniería con las ciencias exactas. Desarrollar procesos considerando eficiencia, calidad de productos, costos e impacto ambiental. Manejo de instrumental y equipos de laboratorios.","Investigación, Desarrollo e Innovación (jefe de I+D, coordinador de laboratorios); Gestión de la Calidad, Ambiente y Seguridad (director de departamento ambiental, auditor); Procesos Industriales (gerente de operaciones, jefe de planta, ingeniero de procesos); Docencia (rector, director, profesor, investigador). Sectores: petroquímica, alimentos, farmacéutica, minería, construcción."
Escuela Superior Politécnica del Litoral,ESPOL,INGENIERÍA INDUSTRIAL,https://www.fimcp.espol.edu.ec/es/carreras-de-grado/ingenieria-industrial,"Un Ingeniero Industrial tiene la capacidad de diseñar, administrar y controlar sistemas de producción, cadenas de suministro, calidad y seguridad y salud ocupacional; además de aplicar investigación de operaciones para optimizar procesos en entornos de servicios y manufactura.","Curiosidad, análisis y capacidad de abstracción y lógica con conocimientos básicos de las ciencias experimentales y de matemática.","Luego de cuatro años y medio: resolver problemas complejos a través del uso de herramientas matemáticas y estadísticas; analizar e interpretar información en el contexto de la ingeniería industrial; diseñar un sistema, componente, o proceso para alcanzar las necesidades y requerimientos esperados; utilizar técnicas, destrezas y herramientas modernas para el mejoramiento continuo de procesos.","Reingeniería de procesos, cadenas logísticas sostenibles, gestión de transporte y distribución, planificación de la demanda y suministro, mejora continua de procesos, planificación y control de producción, higiene y seguridad industrial, centros de investigación con enfoque en modelamiento y análisis de datos."
Escuela Superior Politécnica del Litoral,ESPOL,MECÁNICA,https://www.fimcp.espol.edu.ec/es/carreras-de-grado/mecanica,"El Ingeniero Mecánico brinda soluciones en torno al diseño de componentes, sistemas mecánicos, sistemas térmicos e hidráulicos y procesos de manufactura. Gestiona la instalación y mantenimiento de maquinarias, plantas industriales, sistemas de climatización y generación de energía. Es considerada una profesión multifacética y necesaria en áreas como diseño, producción, fabricación y mantenimiento.","Estudiantes curiosos, honestos, reflexivos, analíticos, tenaces, emprendedores, solidarios y con conocimientos básicos en el área de la física, química, y matemáticas. Estar dispuestos a trabajar bajo presión tanto de manera autónoma como parte de grupos colaborativos interdisciplinarios.","Luego de 4 años y medio: diseñar un sistema mecánico o térmico, componente o proceso que satisfaga necesidades específicas; resolver problemas ingenieriles complejos mediante la aplicación de los principios de ingeniería, ciencia y matemáticas; analizar e interpretar resultados experimentales para facilitar la aplicación del juicio de ingeniería; gestionar instalaciones, operación y mantenimiento de maquinarias y plantas industriales.","Profesional que trabaja en todas las industrias. Puede ejercer en diseño, producción, fabricación y mantenimiento. Desempeñarse en actividades administrativas y ejecutivas en diferentes niveles empresariales, tanto en relación de dependencia como en libre ejercicio profesional a través de actividades de emprendimiento."
Escuela Superior Politécnica del Litoral,ESPOL,MATERIALES,https://www.fimcp.espol.edu.ec/es/carreras-de-grado/materiales,"Ingeniería en Materiales — única de este tipo en Ecuador. Diseña, procesa, utiliza y recicla materiales tradicionales, avanzados e inteligentes. Formación técnico-científica para entender el comportamiento del material en servicio y diseñar materiales que satisfagan las necesidades de la sociedad.","Si te gusta la física, química y matemáticas, podrás aplicar estos principios en el diseño, desarrollo y procesamiento de materiales. La investigación y curiosidad para explorar nuevos campos de conocimiento son esenciales. El trabajo en equipos multidisciplinarios es un aspecto importante en esta carrera.",Luego de 4 años: analizar el ciclo de vida de un material desde su concepción hasta su reciclaje; diseñar y procesar materiales tradicionales y avanzados; diseñar nuevos materiales e innovar en líneas o procesos de manufactura; seleccionar materiales para aplicaciones específicas; controlar la calidad y desempeño de materiales en servicio; estudiar las fallas en aplicaciones ingenieriles; emprender bajo conceptos de economía circular.,"Industria metalmecánica y de fundición de metales, manufactura y desarrollo de polímeros, cerámicos y vidrios, manufactura de caucho, control de calidad en procesos de soldadura, ensayos no destructivos, investigación en desarrollo de nuevos materiales y nanotecnología, sector de la construcción."
Escuela Superior Politécnica del Litoral,ESPOL,PETRÓLEOS,https://www.fict.espol.edu.ec/es/carreras-de-grado/petroleos,"La carrera de Ingeniería en Petróleos de la ESPOL forma profesionales para colaborar con el desarrollo del sector hidrocarburífero del país. Incluye el capítulo estudiantil SPE (Society of Petroleum Engineers), reconocido internacionalmente con el Presidential Award.","Estudiantes curiosos, creativos, analíticos, de espíritu crítico, con conocimientos básicos de las ciencias experimentales e interesados en las ciencias de la tierra, en especial en la extracción de petróleo y gas natural.","Luego de 4 años: diseñar o conducir ensayos mediante interpretación y análisis de datos relacionados al área; proyectar, diseñar y operar sistemas, componentes o procesos bajo restricciones económicas, ambientales, sociales y éticas; identificar, formular y resolver problemas en las distintas áreas de la Ingeniería en Petróleos; usar técnicas y herramientas esenciales e innovadoras para el desarrollo de la Ingeniería en Petróleo.","Exploración, perforación, producción, yacimientos, remediación ambiental, negociación petrolera e investigación. Trabajar en empresas como Equinor, Schlumberger, y organismos nacionales del sector hidrocarburífero."
Escuela Superior Politécnica del Litoral,ESPOL,GEOLOGÍA,https://www.fict.espol.edu.ec/es/carreras-de-grado/geologia,"La carrera de Ingeniería en Geología de la ESPOL forma profesionales con formación técnica, investigativa y administrativa para trabajar en industrias de petróleo, minería, construcción, geotecnia, exploración mineral, climatología, sistemas de información geográfica y prevención de riesgos naturales.","Estudiantes curiosos, reflexivos, analíticos, de espíritu crítico, interesados en la investigación y en la resolución de problemas relacionados con la interacción del hombre con el entorno geológico.","Luego de 4 años: monitorear la actividad de volcanes, glaciares y terremotos; identificar, describir y clasificar materiales terrestres; solucionar problemas geológicos en grandes obras de ingeniería; trabajar en laboratorios petrográficos, geotécnicos, geoquímicos, geofísicos, mineralúrgicos e hidrogeológicos.","Industrias de petróleo, minería, construcción, geotecnia, exploración mineral, climatología, sistemas de información geográfica, energías renovables y prevención de riesgos naturales. Instituciones como Equinor, Cornerston, GeoLage, Holcim, Schlumberger, Secretaría de Gestión de Riesgos."
Escuela Superior Politécnica del Litoral,ESPOL,MATEMÁTICA,https://www.fcnm.espol.edu.ec/es/carreras-de-grado/matematica,"Matemática es una de las carreras más estratégicas y mejor valoradas en el mundo empresarial y académico, debido a que tiene muchas aplicaciones en diversas áreas del conocimiento y está vinculada al desarrollo económico y tecnológico. El Matemático de la ESPOL recibe formación con sólidos conocimientos en álgebra, geometría, análisis matemático, ecuaciones diferenciales y modelos matemáticos.","Estudiantes curiosos, críticos, analíticos, con aptitudes para el pensamiento lógico y abstracto.","Al finalizar la carrera: encontrar soluciones a problemas en el ámbito empresarial, académico y cotidiano; adaptar modelos matemáticos a diferentes procesos, ya sea en análisis de problemas teóricos o aplicados; participar en equipos multidisciplinarios e integrarse en investigación y programas de postgrado.","Desarrollador de algoritmos y modelos matemáticos, analista de negocios y riesgos en empresas financieras, experto en instituciones de investigación científica o tecnológica, asesor científico en diferentes áreas, docente universitario. También pueden cursar estudios de postgrado y seguir carreras empresariales, científicas, técnicas o en servicios sociales y administración pública."
Escuela Superior Politécnica del Litoral,ESPOL,ECONOMÍA,https://www.fcsh.espol.edu.ec/es/carreras-de-grado/economia,"La carrera de Economía de la ESPOL fue la primera en crearse en la Facultad de Ciencias Sociales y Humanísticas. Los estudiantes tienen acceso a un laboratorio de Economía Experimental, lo que convierte a la ESPOL en una de las pocas universidades del país que poseen un espacio para el estudio del comportamiento de los agentes económicos en la toma de decisiones.","Los aspirantes deben ser observadores, reflexivos, analíticos, con pensamiento crítico, perseverantes, con capacidades de abstracción y con conocimientos básicos de las ciencias sociales y de matemática. Jóvenes apasionados por la investigación y con un espíritu curioso por conocer cómo se comportan las personas y los mercados.","El graduado estará en capacidad de ser emprendedor, analizar y entender los procesos de formación de precios, evaluar los efectos de las políticas económicas y valorar el uso eficiente de los recursos financieros.","Consultores económicos en organismos nacionales e internacionales (BID, FMI, Banco Mundial), directores de centros de investigación, analistas económicos en el sector público o privado, docentes, analistas en áreas de evaluación de riesgos de empresas. Análisis de aspectos económicos en entorno local e internacional, formulación y ejecución de proyectos y políticas en organizaciones públicas y privadas."
Escuela Superior Politécnica del Litoral,ESPOL,ADMINISTRACIÓN DE EMPRESAS,https://www.fcsh.espol.edu.ec/es/carreras-de-grado/administracion-de-empresas,"La carrera de Administración de Empresas de la ESPOL aplica el uso de simuladores en materias como Estrategias Corporativas y de Negocios y Administración de Operaciones, con el fin de trasladar los conocimientos de forma práctica. Se dictan materias en inglés para potenciar el aprendizaje del idioma.","Los postulantes deben ser observadores, reflexivos, analíticos, perseverantes, de espíritu crítico, con capacidades de abstracción y con conocimientos básicos de las ciencias sociales y de matemática. Deben estar dispuestos a trabajar bajo presión y poder integrar grupos colaborativos interdisciplinarios.",Luego de 4 años: diseñar estrategias administrativas y soluciones mediante herramientas de análisis; evaluar la situación financiera de la organización utilizando herramientas cualitativas y cuantitativas; evaluar la situación del entorno macroeconómico; evaluar los procesos que integran la cadena de valor mediante modelos de optimización.,"Desempeñarse en áreas como Gestión de Marketing, Recursos Humanos, Operaciones y Finanzas. Además, en capacidad de formar y dirigir su propia empresa."
Universidad Politécnica Salesiana,UPS,COMPUTACIÓN,https://computacionuio.ups.edu.ec/,"La carrera de Ciencias de la Computación forma profesionales capaces de dar soluciones informáticas que involucran el desarrollo de software, uso de inteligencia artificial y propuestas de infraestructura tecnológica que implican hardware, software y redes de computación. Además, podrán gestionar y crear aplicaciones web y móviles, implantación de Smart Cities, manejo de Internet of Things, Big Data e Industria 4.0.",No especificado explícitamente en la web. Se requiere bachillerato y puntaje SENESCYT.,"SO1: Analizar un problema computacional complejo y aplicar los principios de computación para identificar soluciones. SO2: Diseñar, implementar y evaluar una solución basada en la computación. SO3: Comunicarse eficazmente en una variedad de contextos profesionales. SO4: Reconocer las responsabilidades profesionales y hacer juicios informados con base en principios legales y éticos. SO5: Ejecutar efectivamente las funciones como miembro o líder de un equipo. SO6: Aplicar la teoría de Ciencias de la Computación y los fundamentos del Desarrollo de Software para producir soluciones informáticas.","Creación, implementación y soporte de aplicaciones informáticas en servidores físicos o virtuales; soluciones usando sistemas operativos, lenguajes de programación y bases de datos en la nube; aplicaciones web y móviles; soluciones innovadoras a problemas de la sociedad. PEO1: Desarrollar productos y servicios con estándares de calidad. PEO2: Liderar e innovar en sistemas basados en computadora. PEO3: Sólida base de conocimiento técnico con enfoque humanista y ético."
Universidad Politécnica Salesiana,UPS,ELECTRÓNICA Y AUTOMATIZACIÓN,https://electronicayautomatizacionuio.ups.edu.ec/,"La carrera de Electrónica y Automatización forma profesionales capaces de favorecer y aportar en el cambio de la matriz productiva del país mediante la integración de las tecnologías en electrónica, instrumentación y de ordenadores, sus aplicaciones y adaptaciones para la innovación y desarrollo en cada escenario laboral.",No especificado explícitamente en la web. Se requiere bachillerato y puntaje SENESCYT.,"Profesional con amplios conocimientos en electrónica, instrumentación y automatización industrial. Capacidad de planificar, optimizar y desarrollar procesos de producción eficientes. Competencias para diseñar sistemas de control, realizar instrumentación y desarrollar soluciones de automatización con estándares de seguridad industrial y ambiental.","Planificar, optimizar y desarrollar procesos de producción eficientes en el sector industrial, transformando la materia prima en productos con valor agregado mediante nuevas tecnologías. Dar soluciones a la industria textil, de alimentos o metalúrgica. Emprender creando dispositivos electrónicos y soluciones de automatización. Auditoría y consultoría de sistemas electrónicos e industriales."
Universidad Politécnica Salesiana,UPS,ELECTRICIDAD,https://electricidaduio.ups.edu.ec/,"La carrera de Electricidad forma profesionales para asumir retos en el área de generación, transmisión y distribución de la energía eléctrica con un especial énfasis en el moderno mundo de las redes eléctricas inteligentes que tienen como objetivo optimizar los recursos y procesos. Se encarga de administrar y desarrollar tecnologías eléctricas innovadoras y de verificar la calidad, la eficiencia y la confiabilidad de los procesos y sistemas de energía eléctrica en bajo, medio y alto voltaje.",No especificado explícitamente en la web. Se requiere bachillerato y puntaje SENESCYT.,"SO1: Identificar, formular y resolver problemas complejos de ingeniería aplicando principios de ingeniería, ciencias y matemáticas. SO2: Aplicar diseño de ingeniería para generar soluciones que satisfagan necesidades específicas. SO3: Comunicarse efectivamente. SO4: Reconocer la responsabilidad ética y profesional. SO5: Funcionar de manera efectiva en un equipo. SO6: Desarrollar y llevar a cabo experimentación apropiada, analizar e interpretar datos. SO7: Adquirir y aplicar nuevos conocimientos según sea necesario.","Desempeñarse en empresas nacionales e internacionales del sector público y privado. PEO1: Desarrollar proyectos eléctricos y energéticos en fases de diseño, planificación e implementación. PEO2: Gestionar, implementar y administrar la operación, mantenimiento y auditoría de sistemas eléctricos. PEO3: Proponer soluciones a necesidades energéticas promoviendo sostenibilidad ambiental y eficiencia. PEO4: Liderar equipos con responsabilidad ética y profesional. PEO5: Adquirir nuevos conocimientos mediante ejercicio profesional o estudios de posgrado."
Universidad Politécnica Salesiana,UPS,TELECOMUNICACIONES,https://telecomunicacionescue.ups.edu.ec/,"La carrera de Telecomunicaciones de la UPS forma ingenieros con conocimientos en redes convergentes, sistemas de comunicación inalámbrica (Bluetooth, Zigbee, LoraWAN, WiFi, WiMAX, 5G), fibra óptica, IoT y sistemas multimedia. Orientada a la innovación y optimización de recursos para la solución de problemas relacionados con el acceso a la información y la reducción de la brecha digital.",No especificado explícitamente en la web. Se requiere bachillerato y puntaje SENESCYT.,"Capacidad de diagnosticar, organizar, planificar, dirigir, controlar, evaluar, experimentar, desarrollar e innovar sistemas de telecomunicación. Diseñar e implementar redes de comunicación en empresa pública, privada, mixta, ONG y negocio propio. Roles: administración, docencia-investigación, integración de conocimiento, planificación, gestión social del conocimiento, operadores y mantenimiento.","Empresa pública, privada, mixta, ONG y negocio propio en áreas de: diseño e implementación de redes de comunicación, soporte técnico en operación y mantenimiento de redes, gerencia de proyectos de telecomunicaciones, consultoría en tecnologías TIC, investigación y desarrollo de sistemas de comunicación."
Universidad Politécnica Salesiana,UPS,MECATRÓNICA,https://mecatronicauio.ups.edu.ec/,"La carrera de Mecatrónica forma profesionales capaces de favorecer y aportar en la matriz productiva del país mediante la integración de sistemas mecatrónicos para la automatización de procesos industriales, favoreciendo la producción y la calidad en los diferentes sectores. Promueve el respeto al medio ambiente garantizando la integración tecnológica, para la solución en los diversos campos profesionales.",No especificado explícitamente en la web. Se requiere bachillerato y puntaje SENESCYT.,"Profesional capaz de diseñar soluciones tecnológicas integradas que combinen mecánica, electrónica, control e informática. Capacidad para automatizar procesos industriales, diseñar productos mecatrónicos, gestionar proyectos de manufactura automatizada y liderar equipos multidisciplinarios.","Diferentes industrias públicas y privadas dando soluciones a procesos productivos aplicados a la manufactura, sistemas y productos mecatrónicos. Roles: Director de departamentos de proyectos, Director de instrumentación, Gerente de operaciones, Director de Innovación y desarrollo, Jefe o supervisor de mantenimiento."
Universidad Politécnica Salesiana,UPS,MECÁNICA,https://mecanicauio.ups.edu.ec/,"La carrera de Mecánica forma profesionales capaces de aportar y dar soluciones en procesos productivos tales como mantenimiento, diseño mecánico, gestión energética o producción.",No especificado explícitamente en la web. Se requiere bachillerato y puntaje SENESCYT.,"Profesional con competencias para diseñar, analizar y mantener sistemas mecánicos y térmicos. Capacidad de aplicar conocimientos de termodinámica, mecánica de fluidos, diseño mecánico y manufactura para resolver problemas ingenieriles complejos en el sector industrial.","Sector industrial y de manufactura en roles de diseño mecánico, mantenimiento industrial, gestión energética, producción y gestión de proyectos. Puede trabajar en empresas de manufactura, plantas industriales, empresas de energía, consultoras y en el sector público."
Universidad Politécnica Salesiana,UPS,INGENIERÍA CIVIL,https://civiluio.ups.edu.ec/,"La carrera de Ingeniería Civil forma profesionales capaces de planificar, diseñar, construir, fiscalizar y supervisar proyectos de obras civiles, tales como estructuras, vías, alcantarillado sanitario y pluvial o sistemas de riego alineados a estándares de calidad nacional e internacional. Poseen una sólida base de conocimientos técnicos y científicos sustentada en un enfoque humanista y de responsabilidad ética y social.",No especificado explícitamente en la web. Se requiere bachillerato y puntaje SENESCYT.,"Planificar, diseñar y construir infraestructura vial, hidráulica, sanitaria y estructural. Fiscalizar y supervisar proyectos de obras civiles. Capacidad de aplicar normas técnicas nacionales e internacionales. Gestionar proyectos con responsabilidad ética, social y ambiental.","Instituciones públicas y privadas. Planificar, diseñar y construir infraestructura vial, edificaciones, obras hidráulicas y sanitarias. Fiscalizar y supervisar proyectos. Ejercer como consultor independiente, trabajar en gobiernos locales, empresas constructoras, consultoras de ingeniería y organismos internacionales."
Universidad Politécnica Salesiana,UPS,INGENIERÍA AMBIENTAL,https://ambientaluio.ups.edu.ec/,"La carrera de Ingeniería Ambiental de la UPS forma profesionales capaces de identificar, evaluar y gestionar los recursos naturales renovables y no renovables, así como los impactos ambientales generados por las actividades humanas. Promueve el desarrollo sustentable mediante la aplicación de normativa ambiental y sistemas de gestión.",No especificado explícitamente en la web. Se requiere bachillerato y puntaje SENESCYT.,Gestionar los recursos naturales y los impactos ambientales. Aplicar normativa ambiental vigente. Diseñar e implementar sistemas de gestión ambiental. Realizar auditorías y estudios de impacto ambiental. Proponer soluciones sostenibles a problemas ambientales locales y globales.,"Instituciones públicas y privadas en áreas de gestión ambiental, consultoría, auditoría ambiental, control de calidad ambiental, gestión de residuos, tratamiento de aguas y procesos industriales limpios. Ministerios, municipios, empresas extractivas, consultoras ambientales y organismos internacionales."
Universidad Politécnica Salesiana,UPS,INGENIERÍA INDUSTRIAL,https://industrialuio.ups.edu.ec/,"La carrera de Ingeniería Industrial de la UPS forma profesionales líderes comprometidos con el desarrollo sustentable que permitan impulsar la transformación de la matriz productiva y la competitividad de las empresas industriales y de servicios, a través de la optimización de los sistemas de producción, asegurando la calidad y la seguridad e higiene ocupacional.",No especificado explícitamente en la web. Se requiere bachillerato y puntaje SENESCYT.,"Optimizar sistemas de producción, asegurar calidad y seguridad ocupacional. Planificar, dirigir, controlar y mejorar sistemas de producción de bienes y servicios. Aplicar herramientas de mejora continua e investigación de operaciones.","Supervisor de procesos de manufactura y servicios; Consultor/asesor empresarial en sistemas de gestión de calidad, ambientales y seguridad; Gerente/Supervisor de Producción (planeación y programación); Gerente de compras/aprovisionamiento; Jefe de Mantenimiento; Administrador o Gerente General. Amplias oportunidades en el mercado laboral por su espectro de competencias."
Universidad Politécnica Salesiana,UPS,INGENIERÍA DE LA PRODUCCIÓN,https://industrialuio.ups.edu.ec/,"La carrera de Ingeniería Industrial / de la Producción de la UPS forma profesionales líderes comprometidos con el desarrollo sustentable, orientados a la transformación de la matriz productiva y la competitividad de las empresas industriales y de servicios, a través de la optimización de los sistemas de producción.",No especificado explícitamente en la web. Se requiere bachillerato y puntaje SENESCYT.,"Optimizar sistemas de producción, asegurar calidad y seguridad ocupacional. Planificar, dirigir, controlar y mejorar sistemas de producción de bienes y servicios con valor agregado.","Empresas industriales y de servicios en roles de supervisión, consultoría, gerencia de producción, compras, mantenimiento y dirección general. Foco en operaciones, planificación y mejora continua."
Universidad Politécnica Salesiana,UPS,SOFTWARE,https://softwareuio.ups.edu.ec/,"La carrera de Ingeniería en Software de la UPS forma profesionales capaces de diseñar, desarrollar, implementar y mantener soluciones de software de calidad, aplicando metodologías ágiles, patrones de diseño, arquitecturas modernas y buenas prácticas de ingeniería para satisfacer las necesidades de organizaciones y usuarios en entornos cambiantes.",No especificado explícitamente en la web. Se requiere bachillerato y puntaje SENESCYT.,Diseñar e implementar arquitecturas de software robustas. Aplicar la Ingeniería de Software en la conceptualización de problemas. Gestionar proyectos de software con metodologías ágiles. Aplicar patrones y modelos de software contemporáneos. Desarrollar soluciones de software empresarial con inteligencia de negocios centradas en la experiencia de usuario.,"Desarrollador de software, arquitecto de sistemas, líder técnico, analista de sistemas, consultor de TI, gestor de proyectos de software, especialista en DevOps/Cloud. Puede trabajar en empresas de tecnología, startups, sector financiero, salud, educación y gobierno."
Universidad Politécnica Salesiana,UPS,ADMINISTRACIÓN DE EMPRESAS,https://administracionuio.ups.edu.ec/,"La carrera de Administración de Empresas de la UPS forma profesionales con sólidos conocimientos en gestión organizacional, finanzas, marketing, recursos humanos y operaciones, con enfoque en innovación, responsabilidad social y desarrollo sostenible. Forma líderes capaces de gestionar organizaciones del sector público y privado.",No especificado explícitamente en la web. Se requiere bachillerato y puntaje SENESCYT.,"Planificar, organizar, dirigir y controlar organizaciones. Aplicar herramientas de análisis estratégico y toma de decisiones. Gestionar recursos humanos, financieros y operativos. Desarrollar e implementar estrategias empresariales con enfoque en innovación y responsabilidad social.","Gerente, director o administrador en empresas públicas y privadas. Consultor empresarial. Emprendedor. Roles en áreas de: Administración General, Alta Gerencia, Recursos Humanos, Comunicación Organizacional, Marketing, Finanzas y Operaciones."
Universidad Politécnica Salesiana,UPS,ECONOMÍA,https://economiauio.ups.edu.ec/,"La carrera de Economía de la UPS forma profesionales capaces de desarrollar propuestas en las áreas de finanzas, auditoría, marketing, inversiones, asesoría y enseñanza. Forma economistas con sólida base analítica para evaluar problemas económicos y proponer políticas y estrategias de desarrollo.",No especificado explícitamente en la web. Se requiere bachillerato y puntaje SENESCYT.,Analizar problemas económicos aplicando modelos teóricos y cuantitativos. Diseñar y evaluar políticas económicas. Gestionar proyectos de inversión y desarrollo. Asesorar en decisiones financieras y económicas. Investigar y generar conocimiento en el área económica.,"Analista económico en sector público y privado; asesor financiero; investigador económico; consultor en proyectos de desarrollo; docente universitario; funcionario de organismos internacionales (BID, BM, FMI); evaluador de proyectos de inversión; gerente de área económica-financiera."
Universidad Politécnica Salesiana,UPS,CIENCIA DE DATOS,https://www.ups.edu.ec/oferta-academica,"La carrera de Ciencias de Datos de la UPS (modalidad en línea) forma profesionales capaces de recolectar, procesar, analizar e interpretar grandes volúmenes de datos para generar valor en organizaciones. Integra estadística, programación, inteligencia artificial y conocimiento de negocios para apoyar la toma de decisiones basada en datos.",No especificado explícitamente en la web. Se requiere bachillerato y puntaje SENESCYT.,"Recolectar, procesar y analizar grandes volúmenes de datos. Aplicar algoritmos de machine learning e inteligencia artificial. Crear modelos predictivos y prescriptivos. Visualizar y comunicar insights a partir de datos. Gestionar proyectos de ciencia de datos en entornos empresariales.","Científico de datos, analista de datos, ingeniero de datos, especialista en machine learning, consultor de inteligencia de negocios, analista de Business Intelligence. Puede trabajar en finanzas, salud, telecomunicaciones, retail, gobierno y cualquier sector que gestione grandes volúmenes de datos."
Escuela Superior Politécnica de Chimborazo,ESPOCH,ADMINISTRACIÓN DE EMPRESAS,https://www.espoch.edu.ec/fae-ie/,"La carrera de Ingeniería en Empresas de la ESPOCH forma profesionales con sólidos conocimientos en administración, gestión, finanzas y emprendimiento, capaces de liderar organizaciones del sector público y privado con responsabilidad social y ética empresarial.","Capacidad de lectura comprensiva, comunicación oral y escrita, razonamiento lógico y numérico, disposición para trabajo grupal e individual, conocimiento y práctica de valores éticos. Requiere título de bachiller y cumplir requisitos del SNNA.","OB1: Resolver problemas empresariales mediante diseño, organización y gestión de procesos. OB2: Liderar equipos multidisciplinarios con comunicación efectiva y responsabilidad ética. OB3: Demostrar capacidad de innovar para beneficio sostenible de la sociedad. OB4: Alcanzar mayor nivel de conocimiento mediante desarrollo profesional o postgrado.","El Ingeniero/a de Empresas puede desempeñarse en instituciones públicas y privadas en áreas de gestión empresarial, administración de recursos, consultoría, emprendimiento y docencia universitaria."
Escuela Superior Politécnica de Chimborazo,ESPOCH,COMPUTACIÓN,https://www.espoch.edu.ec/fie-cc/,"La carrera de Computación de la ESPOCH forma ingenieros con sólida base científica en ciencias de la computación, capaces de diseñar, implementar y gestionar sistemas computacionales, redes y soluciones de software para resolver problemas complejos en diversos sectores productivos.","Capacidad de razonamiento lógico, numérico y abstracto. Conocimientos básicos de física y matemática. Manejo de TICs. Disposición al trabajo en equipo. Interés por la tecnología e informática.","Aplicar principios de ciencias de la computación en el diseño de soluciones. Desarrollar, evaluar y mantener sistemas de software. Gestionar proyectos tecnológicos. Trabajar en equipos multidisciplinarios. Aplicar principios éticos en la práctica profesional.","Desarrollador de software, administrador de sistemas, analista de datos, consultor tecnológico, gestor de proyectos TI, docente universitario e investigador en sector público y privado."
Escuela Superior Politécnica de Chimborazo,ESPOCH,ECONOMÍA,https://www.espoch.edu.ec/fae-eco/,"La carrera de Economía de la ESPOCH forma profesionales con sólida preparación teórica y práctica para analizar, investigar e interpretar la problemática socioeconómica nacional e internacional, contribuyendo al desarrollo del país mediante la propuesta de políticas y soluciones económicas.","Capacidad analítica, pensamiento crítico, conocimientos básicos de matemática y estadística, interés por las ciencias sociales y económicas. Requiere título de bachiller y requisitos del SNNA.",Analizar procesos económicos nacionales e internacionales. Diseñar y evaluar políticas económicas. Elaborar e interpretar modelos econométricos. Gestionar proyectos de desarrollo. Asesorar en toma de decisiones económicas.,"Organismos gubernamentales y ministerios, sector financiero y bancario, organismos internacionales (BID, FMI, BM), centros de investigación, empresas del sector real y consultoría económica."
Escuela Superior Politécnica de Chimborazo,ESPOCH,ELECTRÓNICA Y AUTOMATIZACIÓN,https://www.espoch.edu.ec/fie-ea/,"La carrera de Electrónica y Automatización de la ESPOCH forma profesionales competitivos capaces de planificar, implementar y administrar sistemas electrónicos, de control y automatización industrial, aplicando tecnologías modernas para la optimización de procesos productivos.","Capacidad de razonamiento lógico, numérico y abstracto. Conocimientos básicos de física y matemática. Manejo de TICs. Disposición para trabajo en equipo. Interés por tecnología y sistemas electrónicos.",Diseñar e implementar sistemas de control y automatización industrial. Desarrollar soluciones en electrónica analógica y digital. Gestionar proyectos de automatización. Aplicar normas de seguridad industrial. Trabajar en equipos multidisciplinarios con ética profesional.,"Empresas de telecomunicaciones, empresas hidroeléctricas y petroleras, industrias manufactureras, Gobiernos Autónomos Descentralizados, ministerios del sector tecnológico (MINTEL, ARCOTEL), empresas de servicios eléctricos y electrónicos."
Escuela Superior Politécnica de Chimborazo,ESPOCH,TELECOMUNICACIONES,https://www.espoch.edu.ec/fie-t/,"La carrera de Electrónica, Telecomunicaciones y Redes de la ESPOCH forma profesionales competitivos capaces de planificar e implementar redes de comunicaciones inalámbricas de última generación, sistemas de comunicaciones satelitales y redes de fibra óptica para brindar internet de alta velocidad.","Capacidad de razonamiento lógico, numérico y abstracto. Conocimientos básicos de física, matemática y electrónica. Manejo de TICs. Disposición para trabajo en equipo e investigación.",Planificar e implementar redes de telecomunicaciones. Administrar sistemas de comunicaciones. Diseñar redes inalámbricas y de fibra óptica. Evaluar proyectos de telecomunicaciones. Aplicar normativa nacional e internacional del sector.,"Empresas de telecomunicaciones nacionales e internacionales (CNT, Claro, Movistar, Netlife). Empresas hidroeléctricas y petroleras. Ministerios del sector (MINTEL, ARCOTEL). Gobiernos Autónomos Descentralizados."
Escuela Superior Politécnica de Chimborazo,ESPOCH,INGENIERÍA CIVIL,https://www.espoch.edu.ec/fc-ic/,"La carrera de Ingeniería Civil de la ESPOCH forma profesionales con sólida formación científica y técnica, capaces de planificar, diseñar, construir, fiscalizar y supervisar proyectos de infraestructura civil (estructuras, vías, obras hidráulicas, sanitarias), considerando aspectos económicos, sociales y ambientales.","Capacidad de razonamiento lógico, numérico y abstracto. Conocimientos básicos de física, química y matemática. Interés por la construcción y diseño de obras civiles. Disposición para trabajo en campo y en equipo.","Planificar y diseñar proyectos de infraestructura civil. Construir y supervisar obras civiles. Aplicar normas técnicas nacionales e internacionales. Resolver problemas geotécnicos, hidráulicos y estructurales. Gestionar proyectos con responsabilidad ética y ambiental.","Sector público y privado en áreas de diseño y construcción de obras civiles, consultoría de ingeniería, fiscalización de proyectos, gestión de infraestructura y docencia universitaria."
Escuela Superior Politécnica de Chimborazo,ESPOCH,INGENIERÍA INDUSTRIAL,https://www.espoch.edu.ec/fm-ii/,"La carrera de Ingeniería Industrial de la ESPOCH integra ciencia, gestión y tecnología para analizar, diseñar y perfeccionar sistemas productivos, elevando su eficiencia y sostenibilidad, con énfasis en gestión de calidad, seguridad industrial y manufactura digital avanzada.",Capacidad de abstracción lógica y matemática. Conocimientos básicos de ciencias experimentales. Interés por la optimización de procesos. Disposición para trabajo en equipo.,OB1: Resolver problemas de la industria mediante diseño y gestión de procesos productivos. OB2: Liderar equipos multidisciplinarios con ética profesional. OB3: Innovar para beneficio sostenible de la sociedad. OB4: Alcanzar mayor conocimiento mediante desarrollo profesional o postgrado.,"Supervisor de manufactura, consultor empresarial, gerente de producción, jefe de mantenimiento, director de innovación. Roles en operaciones y logística, diseño de sistemas productivos, calidad y administración industrial."
Escuela Superior Politécnica de Chimborazo,ESPOCH,MECÁNICA,https://www.espoch.edu.ec/fm-m/,"La carrera de Ingeniería Mecánica de la ESPOCH forma profesionales con sólida formación en diseño mecánico, termofluidos, manufactura y mantenimiento industrial, capaces de diseñar, construir, operar y mantener sistemas mecánicos y térmicos para el desarrollo industrial del país.",Capacidad de razonamiento lógico y matemático. Conocimientos básicos de física y matemática. Interés por sistemas mecánicos y térmicos. Disposición para trabajo en laboratorio y campo.,Diseñar sistemas mecánicos y térmicos. Gestionar procesos de manufactura. Planificar y ejecutar mantenimiento industrial. Aplicar principios de termodinámica y mecánica de fluidos. Liderar proyectos de ingeniería con responsabilidad ética.,"Industrias manufactureras, energéticas, mineras y alimentarias. Empresas de mantenimiento industrial. Consultoras de ingeniería. Sector automotriz y aeronáutico. Docencia e investigación."
Escuela Superior Politécnica de Chimborazo,ESPOCH,INGENIERÍA QUÍMICA,http://facultadciencias.espoch.edu.ec/carrera/quimicas,"La carrera de Ingeniería Química de la ESPOCH forma profesionales competitivos y emprendedores capaces de gestionar equipos e instalaciones con procesos químicos, transformar materias primas en productos con valor agregado, y diseñar soluciones en petroquímica, biotecnología, alimentos y energía.","Capacidad de lectura comprensiva, comunicación oral y escrita. Razonamiento lógico, numérico y abstracto. Capacidad para la investigación. Conocimientos básicos de física, química y matemática. Interés en procesos industriales.","Diseñar, operar y optimizar procesos industriales en petroquímica, biotecnología, alimentos y energía. Implementar tecnologías limpias y sostenibles. Controlar calidad de productos. Gestionar plantas químicas. Adaptarse a cambios de la industria química nacional e internacional.","Gerencias técnicas y administrativas en empresas estatales y privadas. Departamentos de producción, planificación, diseño, control de calidad y mantenimiento. Docencia universitaria, investigación. Consultoría en industrias de alimentos, farmacéutica, petrolera y petroquímica."
Escuela Superior Politécnica de Chimborazo,ESPOCH,SOFTWARE,https://www.espoch.edu.ec/fie-s/,La carrera de Software de la ESPOCH forma profesionales con sólida base científica y fuerte compromiso ético para gestionar proyectos tecnológicos y desarrollar soluciones innovadoras de software. Se enfoca en la creación de productos sostenibles que resuelvan desafíos en diferentes sectores productivos.,"Capacidad de razonamiento lógico, numérico y abstracto. Conocimientos básicos de programación y matemática. Disposición para trabajo en equipo. Interés por la tecnología y desarrollo de software.",OB1: Afrontar desafíos profesionales aplicando fundamentos de ingeniería de software con principios éticos. OB2: Investigar problemas del sector productivo y proponer soluciones efectivas. OB3: Desarrollar soluciones de software en entornos dinámicos. OB4: Liderar emprendimientos tecnológicos sostenibles.,"Análisis, diseño, desarrollo, implementación, gestión y mantenimiento de sistemas de software en el ámbito público, privado, académico e investigativo. Emprendimiento tecnológico y consultoría en software."
Escuela Superior Politécnica de Chimborazo,ESPOCH,SISTEMAS DE INFORMACIÓN,https://www.espoch.edu.ec/so-ti/,"La carrera de Tecnologías de la Información de la ESPOCH forma profesionales capaces de diseñar, implementar y gestionar infraestructuras tecnológicas, sistemas de información y soluciones digitales para organizaciones del sector público y privado.","Capacidad de razonamiento lógico, numérico y abstracto. Conocimientos básicos de física y matemática. Manejo de TICs. Dominio básico de inglés. Disposición para trabajo en equipo.",Especialista en gestión de gobierno electrónico. Analista de infraestructura y plataforma tecnológica. Administrador de aplicaciones y bases de datos. Analista de redes y comunicaciones. Consultor TI. Director de seguridad de sistemas de información.,"Especialista en gestión de gobierno electrónico, analista de infraestructura tecnológica, administrador de aplicaciones y bases de datos, consultor TI, director de seguridad de sistemas, gerente de departamentos tecnológicos."
Escuela Superior Politécnica de Chimborazo,ESPOCH,GEOLOGÍA,https://www.espoch.edu.ec/sms-m/,"La carrera de Geología / Minas de la ESPOCH (Sede Morona Santiago) forma profesionales con formación científica para evaluar y modelar yacimientos, planificar campañas de prospección y exploración mineral, y gestionar operaciones con factibilidad social, ambiental y económica.","Conocimiento crítico, lógico, numérico y abstracto. Competencias digitales. Lectura comprensiva. Razonamiento lógico. Disposición para trabajo en campo y en equipo. Interés en ciencias de la tierra.","Evaluar y modelar yacimientos minerales. Planificar campañas de prospección y exploración. Gestionar operaciones mineras y geológicas con sostenibilidad ambiental. Trabajar en laboratorios petrográficos, geotécnicos y geofísicos. Realizar estudios de riesgo geológico.","Empresas mineras y petroleras, sector de construcción y geotecnia, empresas de exploración mineral, climatología, SIG, energías renovables y prevención de riesgos naturales."
Escuela Superior Politécnica de Chimborazo,ESPOCH,MATEMÁTICA,https://facultadciencias.espoch.edu.ec/carrera/Matem%C3%A1tica,"La carrera de Matemática de la ESPOCH forma profesionales con competencias para aplicar el conocimiento matemático en la resolución de problemas complejos, contribuyendo al avance científico y tecnológico del país mediante modelación, estadística e investigación.","Aptitudes para el pensamiento lógico, crítico y abstracto. Conocimientos básicos de matemática. Interés por la investigación matemática y sus aplicaciones. Disposición para estudio riguroso.",Diseñar y aplicar métodos matemáticos para resolver problemas en diferentes campos. Desarrollar modelos matemáticos y estadísticos. Investigar en matemática pura y aplicada. Comunicar resultados matemáticos con claridad.,"Docencia universitaria, investigación matemática, análisis de datos, actuaría y finanzas, diseño de algoritmos, modelación de sistemas en industria y tecnología."
Universidad Central del Ecuador,UCE,ADMINISTRACIÓN DE EMPRESAS,https://www.uce.edu.ec/en/web/fca,"La Facultad de Ciencias Administrativas de la UCE forma administradores competitivos con conocimientos científicos y tecnológicos para responder a las necesidades del sector público y privado, abarcando Administración de Empresas, Administración Pública y Contabilidad y Auditoría.","Bachiller con conocimientos básicos de matemática y ciencias sociales. Capacidad analítica, liderazgo y trabajo en equipo. Interés por la gestión empresarial. Puntaje SENESCYT requerido.","Integra los procesos administrativos: planificación estratégica, organización con estructuras y manuales, dirección con liderazgo comunicacional, y control con evaluación y retroalimentación. Gestiona eficazmente recursos humanos, financieros y materiales. Diseña políticas estratégicas para el desarrollo empresarial.","Directivo o gerente en empresas del sector público y privado. Consultor y asesor empresarial. Emprendedor. Docente universitario. Especialista en administración, finanzas, recursos humanos y operaciones."
Universidad Central del Ecuador,UCE,COMPUTACIÓN,https://www.uce.edu.ec/en/web/fica,"La carrera de Computación de la UCE, adscrita a la Facultad de Ingeniería, Ciencias Físicas y Matemática, forma profesionales con competencias en ciencias de la computación para diseñar e implementar soluciones tecnológicas que atiendan las necesidades del sector productivo del Ecuador.","Aptitud numérica y lógica. Conocimientos básicos de matemática. Capacidad de abstracción, análisis y razonamiento lógico. Interés por la programación y tecnología. Puntaje SENESCYT requerido.",Diseñar e implementar sistemas computacionales. Desarrollar software y aplicaciones. Gestionar bases de datos y redes. Aplicar principios éticos en la práctica profesional. Resolver problemas complejos de ingeniería mediante computación.,"Desarrollador de software, administrador de sistemas y redes, analista de datos, consultor TI, gestor de proyectos tecnológicos, docente universitario en sector público y privado."
Universidad Central del Ecuador,UCE,ECONOMÍA,https://www.uce.edu.ec/en/web/fce,"La Facultad de Ciencias Económicas de la UCE forma Economistas con sólida preparación teórica y cuantitativa para analizar la problemática socioeconómica nacional e internacional, proponer políticas públicas y contribuir al desarrollo del Ecuador.",Conocimientos básicos de matemática y ciencias sociales. Capacidad de análisis cuantitativo. Interés por la economía y las políticas públicas. Pensamiento crítico y analítico. Puntaje SENESCYT requerido.,Analizar e interpretar la problemática económica nacional e internacional. Diseñar y evaluar políticas económicas y proyectos. Elaborar modelos econométricos. Asesorar en decisiones económicas. Contribuir al desarrollo sostenible del país.,"Analista económico en sector público y privado, consultor en proyectos de inversión, funcionario de organismos internacionales, docente e investigador universitario, asesor de política económica y evaluador de proyectos de desarrollo."
Universidad Central del Ecuador,UCE,INGENIERÍA AMBIENTAL,https://www.uce.edu.ec/en/web/figmap,"La carrera de Ingeniería Ambiental de la UCE, perteneciente a la Facultad de Ingeniería en Geología, Minas, Petróleo y Ambiental, forma profesionales capaces de identificar, evaluar y proponer soluciones a problemas ambientales, promoviendo el uso sustentable de los recursos naturales.","Interés en ciencias naturales y ambientales. Capacidad de razonamiento científico. Conocimientos básicos de química, biología y matemática. Responsabilidad con el ser humano y el ambiente. Puntaje SENESCYT requerido.",Gestionar recursos naturales y evaluar impactos ambientales. Diseñar e implementar sistemas de gestión ambiental. Realizar auditorías ambientales y estudios de impacto. Proponer soluciones sostenibles. Aplicar normativa ambiental vigente.,"Ministerio del Ambiente y organismos de control ambiental, empresas del sector extractivo, municipios y GADs, consultoras ambientales, ONGs, organismos internacionales y empresas de ingeniería civil."
Universidad Central del Ecuador,UCE,INGENIERÍA CIVIL,https://www.uce.edu.ec/en/web/fica,"La carrera de Ingeniería Civil de la UCE forma profesionales con competencias para planificar, diseñar, construir, fiscalizar y supervisar proyectos de obras civiles en estructuras, vías, alcantarillado, sistemas de riego e hidráulica, respetando normas técnicas y el entorno socioambiental.","Conocimientos básicos de física y matemática. Interés en construcción, diseño y estructuras. Capacidad analítica y de síntesis. Disposición para trabajo de campo y en equipo. Puntaje SENESCYT requerido.","Diseñar y construir obras civiles de diversa naturaleza. Fiscalizar y supervisar proyectos de infraestructura. Aplicar normas técnicas nacionales e internacionales. Gestionar proyectos con responsabilidad ética, social y ambiental.","Sector público y privado en constructoras, consultoras de ingeniería, fiscalización de proyectos, municipios y GADs, organismos internacionales y empresas de servicios básicos."
Universidad Central del Ecuador,UCE,QUÍMICA,https://www.uce.edu.ec/en/web/fcq,"La carrera de Química de la UCE, perteneciente a la Facultad de Ciencias Químicas, forma profesionales con sólida formación en ciencias químicas para desarrollarse en análisis, control de calidad, investigación y docencia en las áreas farmacéutica, industrial y ambiental.","Interés por la química y sus aplicaciones. Capacidad analítica y experimental. Conocimientos básicos de química, física y matemática. Responsabilidad y precisión en trabajo de laboratorio. Puntaje SENESCYT requerido.","Aplicar conocimientos de química en análisis y control de calidad. Desarrollar investigaciones en química básica y aplicada. Trabajar en industrias farmacéutica, alimentaria y química. Enseñar y difundir el conocimiento químico.","Laboratorios de análisis clínico y control de calidad, industrias farmacéutica, alimentaria y química, organismos de control ambiental, institutos de investigación, docencia universitaria y empresas del sector petroquímico."
Universidad Central del Ecuador,UCE,INGENIERÍA QUÍMICA,https://www.uce.edu.ec/en/web/fiq,"La Facultad de Ingeniería Química de la UCE forma ingenieros con sólida preparación científica y técnica para diseñar, implementar y optimizar procesos industriales de transformación química, contribuyendo al desarrollo productivo del Ecuador.","Conocimientos sólidos de matemática, física y química. Capacidad analítica y experimental. Interés por los procesos industriales y la química aplicada. Disposición para trabajo en laboratorio y planta. Puntaje SENESCYT requerido.","Diseñar y optimizar procesos químicos industriales. Gestionar plantas de producción. Controlar calidad de productos. Aplicar ingeniería química en petroquímica, alimentos y farmacéutica. Implementar tecnologías sostenibles.","Industrias petrolera, petroquímica, farmacéutica, alimentaria y química. Departamentos de producción, control de calidad y planificación. Consultoría e investigación. Docencia universitaria."
Universidad Central del Ecuador,UCE,GEOLOGÍA,https://www.uce.edu.ec/en/web/figmap,"La carrera de Geología de la UCE, adscrita a la Facultad FIGMAP, forma profesionales para estudiar, caracterizar y gestionar los recursos geológicos del país, aplicando técnicas modernas de exploración y evaluación mineral e hidrocarburífera.","Interés en ciencias de la tierra. Conocimientos básicos de física, química y matemática. Capacidad de observación y análisis. Disposición para trabajo de campo. Puntaje SENESCYT requerido.",Realizar estudios geológicos y de prospección mineral. Evaluar yacimientos y recursos naturales. Aplicar cartografía y SIG. Contribuir a proyectos de infraestructura con estudios geotécnicos. Gestionar riesgos geológicos.,"Sector minero y petrolero, empresas de exploración mineral, construcción y geotecnia, organismos de gestión de riesgos, institutos de investigación y docencia universitaria."
Universidad Central del Ecuador,UCE,MECÁNICA,https://www.uce.edu.ec/en/web/fica,"La carrera de Mecánica de la UCE forma ingenieros mecánicos con capacidades para diseñar, construir y mantener sistemas mecánicos y térmicos, contribuyendo al desarrollo industrial y tecnológico del Ecuador.",Conocimientos sólidos de física y matemática. Capacidad de análisis y síntesis técnica. Interés por los sistemas mecánicos y la industria. Disposición para trabajo de laboratorio y campo. Puntaje SENESCYT requerido.,Diseñar y desarrollar sistemas mecánicos y térmicos. Gestionar procesos de manufactura y mantenimiento industrial. Aplicar principios de termodinámica y mecánica de fluidos. Liderar proyectos de ingeniería con responsabilidad ética.,"Industrias de manufactura, automotriz, alimentaria y de energía. Empresas de mantenimiento industrial. Consultoras de ingeniería. Sector público en obras de infraestructura. Docencia e investigación."
Universidad Central del Ecuador,UCE,PETRÓLEOS,https://www.uce.edu.ec/en/web/figmap,"La carrera de Petróleos de la UCE forma ingenieros en el sector hidrocarburífero con capacidades para planificar y ejecutar operaciones de exploración, perforación, producción y recuperación de hidrocarburos, con énfasis en sostenibilidad ambiental.","Conocimientos sólidos de física, química y matemática. Interés por las ciencias de la tierra y los hidrocarburos. Capacidad analítica. Disposición para trabajo de campo. Puntaje SENESCYT requerido.",Planificar y ejecutar operaciones de exploración y perforación petrolera. Gestionar producción y reservorios de hidrocarburos. Aplicar técnicas de recuperación mejorada. Evaluar proyectos hidrocarburíferos. Gestionar el impacto ambiental.,"Industria petrolera nacional e internacional, Petroecuador y empresas privadas del sector, organismos de regulación del sector energético, consultoría y docencia universitaria."
Universidad Central del Ecuador,UCE,SISTEMAS DE INFORMACIÓN,https://www.uce.edu.ec/en/web/fica,"La carrera de Sistemas de Información de la UCE forma ingenieros con competencias para diseñar, implementar y gestionar sistemas de información empresariales que apoyen la toma de decisiones y la transformación digital de organizaciones.",Capacidad de razonamiento lógico y matemático. Interés por la tecnología y los sistemas de información. Conocimientos básicos de informática. Disposición para trabajo en equipo. Puntaje SENESCYT requerido.,Diseñar y gestionar sistemas de información. Desarrollar e implementar soluciones de software. Administrar bases de datos e infraestructuras TI. Gestionar proyectos de transformación digital. Asesorar en automatización organizacional.,"Analista de sistemas, administrador de bases de datos, consultor TI, gerente de proyectos tecnológicos, especialista en seguridad informática. Sector público, privado y organismos internacionales."
Universidad Central del Ecuador,UCE,MATEMÁTICA,https://www.uce.edu.ec/en/web/fc,"La carrera de Matemática de la UCE, adscrita a la Facultad de Ciencias, forma profesionales con sólida formación en matemática pura y aplicada, capaces de resolver problemas complejos y contribuir al avance científico y tecnológico del país.","Aptitudes para el pensamiento lógico, crítico y abstracto. Sólidos conocimientos de matemática de bachillerato. Interés por la investigación y el análisis matemático. Puntaje SENESCYT requerido.","Aplicar el conocimiento matemático para resolver problemas en ciencias, ingeniería y tecnología. Desarrollar investigación matemática. Modelar fenómenos con herramientas matemáticas. Enseñar matemática en educación superior.","Docencia universitaria e investigación, análisis de datos y modelación estadística, actuaría y finanzas, diseño de algoritmos computacionales, consultoría científica y técnica."
Universidad de Guayaquil,UG,ADMINISTRACIÓN DE EMPRESAS,https://www.ug.edu.ec/facultad-de-ciencias-administrativas/,"La carrera de Administración de Empresas de la Universidad de Guayaquil forma profesionales con competencias para gestionar, planificar y controlar organizaciones del sector público y privado, con enfoque en innovación empresarial, responsabilidad social y el desarrollo económico del Ecuador.","Bachiller con conocimientos básicos de matemática y ciencias sociales. Capacidad de liderazgo, análisis y trabajo en equipo. Interés por la gestión empresarial y el emprendimiento. Puntaje SENESCYT requerido.","Planificar, organizar, dirigir y controlar organizaciones. Diseñar estrategias de desarrollo empresarial. Gestionar recursos humanos, financieros y materiales. Aplicar herramientas de análisis económico-financiero. Emprender y asesorar en el ámbito empresarial.","Directivo y gerente en empresas públicas y privadas. Consultor y asesor empresarial. Emprendedor. Docente universitario. Especialista en administración, marketing, finanzas y operaciones."
Universidad de Guayaquil,UG,CIENCIA DE DATOS E INTELIGENCIA ARTIFICIAL,https://www.ug.edu.ec/facultad-de-ciencias-matematicas-y-fisicas/,"La carrera de Ciencia de Datos e Inteligencia Artificial de la UG forma profesionales capaces de recolectar, procesar, analizar e interpretar grandes volúmenes de datos utilizando técnicas de IA y machine learning para apoyar la toma de decisiones en organizaciones.",Aptitudes matemáticas y estadísticas. Capacidad de razonamiento lógico y abstracto. Interés por la tecnología y el análisis de datos. Conocimientos básicos de programación. Puntaje SENESCYT requerido.,Desarrollar algoritmos de machine learning e IA. Analizar e interpretar grandes volúmenes de datos. Diseñar modelos predictivos y prescriptivos. Visualizar y comunicar insights. Gestionar proyectos de ciencia de datos.,"Científico de datos, analista de datos, ingeniero de datos, especialista en IA/ML, consultor de Business Intelligence. Sectores: finanzas, salud, telecomunicaciones, retail y gobierno."
Universidad de Guayaquil,UG,COMPUTACIÓN,https://www.ug.edu.ec/facultad-de-ciencias-matematicas-y-fisicas/,"La carrera de Computación de la UG forma ingenieros con capacidades para diseñar, implementar y gestionar sistemas computacionales, redes y soluciones de software que respondan a las necesidades del sector productivo y social del país.",Aptitud numérica y lógica. Conocimientos básicos de matemática. Capacidad de abstracción y razonamiento lógico. Interés por la programación y tecnología. Puntaje SENESCYT requerido.,Diseñar e implementar sistemas computacionales y de software. Gestionar redes y bases de datos. Desarrollar soluciones tecnológicas innovadoras. Aplicar principios éticos. Liderar proyectos de ingeniería de software.,"Desarrollador de software, administrador de sistemas y redes, analista de datos, consultor TI, gestor de proyectos tecnológicos, especialista en seguridad informática, docente universitario."
Universidad de Guayaquil,UG,ECONOMÍA,https://www.ug.edu.ec/facultad-de-ciencias-economicas/,"La carrera de Economía de la UG forma economistas con sólida preparación teórica y cuantitativa para analizar e interpretar la problemática económica nacional e internacional, y proponer soluciones que contribuyan al desarrollo sostenible del Ecuador.",Conocimientos básicos de matemática y ciencias sociales. Pensamiento crítico y analítico. Interés por la economía y las políticas públicas. Habilidades cuantitativas. Puntaje SENESCYT requerido.,Analizar el comportamiento de los agentes económicos. Diseñar y evaluar políticas económicas. Elaborar modelos econométricos. Evaluar proyectos de inversión. Asesorar en decisiones de política económica y empresarial.,"Analista económico en sector público y privado, consultor de proyectos, funcionario de organismos internacionales, docente e investigador universitario, asesor de política económica."
Universidad de Guayaquil,UG,INGENIERÍA CIVIL,https://www.ug.edu.ec/facultad-de-ciencias-matematicas-y-fisicas/,"La carrera de Ingeniería Civil de la UG forma profesionales con capacidades para diseñar, construir, fiscalizar y mantener obras de infraestructura civil, aplicando normas técnicas y criterios de sostenibilidad ambiental y social.",Conocimientos sólidos de física y matemática. Capacidad analítica y de síntesis. Interés por la construcción e infraestructura. Disposición para trabajo de campo y en equipo. Puntaje SENESCYT requerido.,Planificar y diseñar obras civiles. Construir y supervisar proyectos de infraestructura. Aplicar normas técnicas de construcción. Gestionar proyectos con responsabilidad ambiental y social. Fiscalizar obras de infraestructura.,"Empresas constructoras, consultoras de ingeniería, sector público (MIDUVI, GADs), fiscalización de proyectos, diseño estructural, vías y transporte, hidráulica y saneamiento."
Universidad de Guayaquil,UG,INGENIERÍA QUÍMICA,https://www.ug.edu.ec/facultad-de-ingenieria-quimica/,"La Facultad de Ingeniería Química de la UG forma ingenieros con sólida base en procesos químicos industriales para diseñar, implementar y optimizar procesos de transformación, con énfasis en calidad, seguridad y sostenibilidad ambiental.","Sólidos conocimientos de matemática, física y química. Capacidad analítica y experimental. Interés por los procesos industriales. Disposición para trabajo en laboratorio y planta. Puntaje SENESCYT requerido.","Diseñar y optimizar procesos químicos industriales. Gestionar plantas de producción. Controlar la calidad de productos y procesos. Aplicar ingeniería química en industrias alimentaria, farmacéutica y petrolera. Implementar soluciones ambientalmente sostenibles.","Industrias petrolera, petroquímica, farmacéutica, alimentaria y de plásticos. Departamentos de producción y calidad. Consultoría e investigación. Docencia universitaria."
Universidad de Guayaquil,UG,INGENIERÍA INDUSTRIAL,https://www.ug.edu.ec/facultad-de-ingenieria-industrial/,"La carrera de Ingeniería Industrial de la UG forma profesionales con capacidades para diseñar, gestionar y optimizar sistemas de producción industriales, aplicando herramientas de calidad, seguridad y mejora continua para incrementar la competitividad empresarial.",Conocimientos básicos de matemática y física. Capacidad analítica. Interés por los procesos productivos e industriales. Disposición para trabajo en equipo. Puntaje SENESCYT requerido.,Diseñar y gestionar sistemas de producción. Implementar sistemas de gestión de calidad. Optimizar cadenas de suministro y logística. Aplicar herramientas de mejora continua. Administrar proyectos industriales.,"Sector manufacturero y de servicios en roles de gerencia de producción, gestión de calidad, logística, mantenimiento, consultoría y administración de operaciones."
Universidad de Guayaquil,UG,MECÁNICA,https://www.ug.edu.ec/facultad-de-ingenieria-industrial/,"La carrera de Mecánica de la UG forma ingenieros con capacidades para diseñar, fabricar y mantener sistemas mecánicos y térmicos, contribuyendo al desarrollo industrial y tecnológico del Ecuador.",Conocimientos sólidos de física y matemática. Interés por los sistemas mecánicos y la industria. Capacidad de análisis técnico. Disposición para trabajo en laboratorio y campo. Puntaje SENESCYT requerido.,"Diseñar y desarrollar sistemas mecánicos, térmicos e hidráulicos. Gestionar procesos de manufactura y mantenimiento. Aplicar principios de ingeniería mecánica. Liderar proyectos industriales con responsabilidad ambiental.","Industrias manufactureras, energéticas, mineras y alimentarias. Empresas de mantenimiento industrial. Consultoras de ingeniería. Sector automotriz. Docencia universitaria e investigación."
Universidad de Guayaquil,UG,SISTEMAS DE INFORMACIÓN,https://www.ug.edu.ec/facultad-de-ciencias-matematicas-y-fisicas/,"La carrera de Sistemas de Información de la UG forma profesionales con capacidades para diseñar, implementar y gestionar sistemas de información empresariales que apoyen la toma de decisiones y la transformación digital.",Capacidad de razonamiento lógico. Interés por la tecnología y los sistemas de información. Conocimientos básicos de informática. Puntaje SENESCYT requerido.,Diseñar y gestionar sistemas de información. Desarrollar e implementar soluciones de software. Administrar bases de datos e infraestructuras TI. Gestionar proyectos tecnológicos. Asesorar en transformación digital.,"Analista y gestor de sistemas de información, administrador de bases de datos, consultor TI, gerente de proyectos tecnológicos, especialista en seguridad informática en sector público y privado."
Universidad de Guayaquil,UG,SOFTWARE,https://www.ug.edu.ec/facultad-de-ciencias-matematicas-y-fisicas/,"La carrera de Ingeniería en Software de la UG forma profesionales con capacidades para diseñar, desarrollar e implementar soluciones de software de calidad, aplicando metodologías modernas para responder a los desafíos de la transformación digital.",Aptitud lógica y matemática. Interés por la programación y el desarrollo de software. Capacidad analítica. Puntaje SENESCYT requerido.,Diseñar e implementar sistemas de software de calidad. Aplicar metodologías ágiles de desarrollo. Gestionar proyectos de software. Diseñar arquitecturas robustas. Aplicar principios éticos en el desarrollo.,"Desarrollador de software, arquitecto de sistemas, líder técnico, analista de sistemas, consultor TI, gestor de proyectos de software en empresas de tecnología, sector financiero, salud y gobierno."
Universidad de Guayaquil,UG,TELECOMUNICACIONES,https://www.ug.edu.ec/facultad-de-ciencias-matematicas-y-fisicas/,"La carrera de Telecomunicaciones de la UG forma ingenieros capaces de diseñar, implementar y gestionar redes y sistemas de comunicación, contribuyendo al desarrollo de las telecomunicaciones y la reducción de la brecha digital en el Ecuador.","Conocimientos básicos de física, matemática y electrónica. Interés por las tecnologías de comunicación. Capacidad analítica. Puntaje SENESCYT requerido.",Diseñar e implementar redes y sistemas de telecomunicaciones. Administrar infraestructuras de comunicación. Gestionar proyectos del sector. Aplicar normativa técnica. Asesorar en diseño y expansión de redes.,"Empresas de telecomunicaciones, industrias que usen sistemas electrónicos, organismos reguladores (ARCOTEL, MINTEL), sector de energía e hidrocarburos, emprendimiento tecnológico."
Universidad San Francisco de Quito USFQ,USFQ,ADMINISTRACIÓN DE EMPRESAS,https://www.usfq.edu.ec/en/undergraduate-programs/business-administration,"La carrera de Administración de Empresas de la USFQ forma Licenciados con sólida formación en gestión organizacional, finanzas, marketing y estrategia, con enfoque en liderazgo, innovación y responsabilidad social, enmarcado en el modelo de Artes Liberales.","Bachiller con interés en negocios, liderazgo e innovación. Capacidad de análisis cuantitativo y pensamiento crítico. Inglés intermedio-avanzado. Interés por la gestión empresarial en contextos globales.",Analizar y resolver problemas empresariales complejos. Diseñar estrategias organizacionales con visión global. Gestionar recursos financieros y humanos. Innovar y emprender en entornos dinámicos. Liderar equipos con responsabilidad ética.,"Gerente o director en empresas nacionales e internacionales. Consultor empresarial. Emprendedor. Analista financiero o de mercados. Especialista en marketing, operaciones o recursos humanos. Puede continuar estudios de MBA."
Universidad San Francisco de Quito USFQ,USFQ,CIENCIA DE DATOS E INTELIGENCIA ARTIFICIAL,https://www.usfq.edu.ec/en/undergraduate-programs/computer-science,"La carrera de Computación/Ciencia de Datos de la USFQ forma ingenieros con capacidades para aplicar técnicas avanzadas de análisis de datos, machine learning e inteligencia artificial en la solución de problemas complejos de diversas industrias.",Sólidas aptitudes matemáticas y estadísticas. Interés por la programación y tecnología. Capacidad analítica y de resolución de problemas. Curiosidad intelectual y disposición para el aprendizaje continuo.,Desarrollar y aplicar algoritmos de IA y ML. Analizar grandes volúmenes de datos. Diseñar modelos predictivos. Comunicar resultados a audiencias técnicas y no técnicas. Aplicar principios éticos en el uso de datos.,"Científico de datos, ingeniero de ML/IA, analista de datos, consultor de transformación digital, investigador. Sectores: finanzas, salud, telecomunicaciones, retail y tecnología."
Universidad San Francisco de Quito USFQ,USFQ,COMPUTACIÓN,https://www.usfq.edu.ec/en/undergraduate-programs/computer-science,"La carrera de Computación de la USFQ forma ingenieros con sólida preparación en ciencias de la computación y diseño de software. Bajo el modelo de Artes Liberales, los estudiantes desarrollan habilidades técnicas complementadas con pensamiento crítico y comunicación efectiva.",Aptitudes matemáticas y lógicas. Interés por la programación y los sistemas computacionales. Capacidad analítica. Inglés intermedio-avanzado. Curiosidad por la resolución de problemas tecnológicos.,Diseñar e implementar soluciones computacionales de calidad. Aplicar principios de ingeniería de software. Gestionar proyectos tecnológicos. Trabajar en equipos multidisciplinarios. Resolver problemas complejos con métodos computacionales.,"Desarrollador de software, arquitecto de sistemas, gerente de proyectos TI, analista de datos, consultor tecnológico, investigador en empresas de tecnología, banca y sector público."
Universidad San Francisco de Quito USFQ,USFQ,ECONOMÍA,https://www.usfq.edu.ec/en/undergraduate-programs/economics,"La carrera de Economía de la USFQ forma economistas con sólida preparación cuantitativa y teórica, capaces de analizar fenómenos económicos, diseñar políticas y generar investigación de alta calidad bajo el modelo de Artes Liberales.",Sólidas aptitudes matemáticas y estadísticas. Pensamiento analítico y crítico. Interés por la economía y los fenómenos sociales. Inglés intermedio-avanzado. Curiosidad intelectual.,Analizar e interpretar fenómenos económicos complejos. Diseñar y evaluar políticas económicas. Elaborar modelos econométricos. Investigar en economía aplicada. Asesorar en decisiones del sector público y privado.,"Analista económico en sector público y privado, investigador en universidades y think tanks, funcionario de organismos internacionales, consultor de políticas públicas, especialista financiero."
Universidad San Francisco de Quito USFQ,USFQ,INGENIERÍA CIVIL,https://www.usfq.edu.ec/en/undergraduate-programs/civil-engineering,"La carrera de Ingeniería Civil de la USFQ se centra en la planificación, diseño y construcción de infraestructura que resuelve problemas de la sociedad. Con acreditación ABET, garantiza estándares internacionales de calidad y prepara profesionales para el mercado global.",Sólidos conocimientos de física y matemática. Interés por el diseño y construcción de infraestructura. Capacidad analítica. Inglés intermedio-avanzado. Vocación por el servicio a la comunidad.,"Planificar, diseñar y construir proyectos de infraestructura civil. Aplicar normas técnicas nacionales e internacionales. Gestionar proyectos con responsabilidad ambiental. Resolver problemas de ingeniería civil complejos. Liderar equipos multidisciplinarios.","Empresas constructoras nacionales e internacionales, consultoras de ingeniería, sector público (MIDUVI, GADs, MTOP), fiscalización de grandes obras, docencia universitaria e investigación aplicada."
Universidad San Francisco de Quito USFQ,USFQ,INGENIERÍA QUÍMICA,https://www.usfq.edu.ec/en/undergraduate-programs/chemical-engineering,"La carrera de Ingeniería Química de la USFQ forma ingenieros con profundo conocimiento de los procesos de transformación química para aplicarlos en industria, energía, medio ambiente y biotecnología. Con acreditación ABET.","Sólidas aptitudes en matemática, física y química. Interés por los procesos industriales. Capacidad analítica y experimental. Inglés intermedio-avanzado. Vocación por la innovación tecnológica.","Diseñar, implementar y optimizar procesos químicos industriales. Gestionar plantas de producción. Aplicar principios de sostenibilidad ambiental. Resolver problemas en industrias petroquímica, alimentaria y farmacéutica. Investigar e innovar en procesos químicos.","Industrias petrolera, petroquímica, farmacéutica, alimentaria y energética. Consultoras de ingeniería. Organismos de regulación ambiental. Investigación y desarrollo. Emprendimiento en el sector químico."
Universidad San Francisco de Quito USFQ,USFQ,INGENIERÍA INDUSTRIAL,https://www.usfq.edu.ec/en/undergraduate-programs/industrial-engineering,"La carrera de Ingeniería Industrial de la USFQ forma ingenieros con sólida preparación en diseño, gestión y optimización de sistemas productivos y de servicios, con enfoque en sostenibilidad, calidad y competitividad. Con acreditación ABET.",Conocimientos sólidos de matemática y física. Capacidad analítica. Interés por la optimización de procesos y gestión empresarial. Inglés intermedio-avanzado. Disposición para trabajo en equipo.,Diseñar y gestionar sistemas productivos. Optimizar cadenas de suministro y logística. Aplicar herramientas de calidad y mejora continua. Evaluar proyectos de inversión. Liderar equipos multidisciplinarios.,"Empresas de manufactura y servicios en gerencia de operaciones, consultoría industrial, gestión de calidad, logística y docencia universitaria."
Universidad San Francisco de Quito USFQ,USFQ,MECÁNICA,https://www.usfq.edu.ec/en/undergraduate-programs/mechanical-engineering,"La carrera de Ingeniería Mecánica de la USFQ forma ingenieros para diseñar, analizar y desarrollar sistemas mecánicos sostenibles, con énfasis en diseño mecánico, sistemas de energía y manufactura. Con acreditación ABET.",Sólidas aptitudes en matemática y física. Interés por el diseño de máquinas y sistemas mecánicos. Capacidad creativa y analítica. Inglés intermedio-avanzado. Vocación por la innovación tecnológica sostenible.,"Diseñar sistemas mecánicos, térmicos e hidráulicos sostenibles. Aplicar herramientas CAD/CAE. Gestionar proyectos de ingeniería mecánica. Innovar en sistemas de energía y manufactura. Resolver problemas complejos con visión global.","Diseño de productos industriales, sector energético y de manufactura, consultoras de ingeniería, docencia e investigación, emprendimiento en tecnología mecánica."
Universidad San Francisco de Quito USFQ,USFQ,MECATRÓNICA,https://www.usfq.edu.ec/en/undergraduate-programs/mechatronics-engineering,"La carrera de Ingeniería en Mecatrónica de la USFQ forma ingenieros para diseñar sistemas integrados que combinan mecánica, electrónica, control e informática. Con acreditación ABET, prepara profesionales para liderar automatización e innovación tecnológica.","Sólidas aptitudes en matemática, física y lógica. Interés por robótica, automatización y sistemas integrados. Capacidad creativa y analítica. Inglés intermedio-avanzado. Vocación por la innovación.",Diseñar sistemas mecatrónicos integrados. Desarrollar robots y sistemas de automatización. Aplicar control automático en procesos. Gestionar proyectos de mecatrónica. Liderar innovación tecnológica interdisciplinaria.,"Automatización industrial, robótica, diseño de productos mecatrónicos, manufactura avanzada, sector energético y tecnológico, docencia e investigación."
Universidad San Francisco de Quito USFQ,USFQ,SISTEMAS DE INFORMACIÓN,https://www.usfq.edu.ec/en/undergraduate-programs/information-systems,La carrera de Sistemas de Información de la USFQ forma profesionales que integran tecnología y gestión empresarial para diseñar e implementar soluciones de información que apoyen la toma de decisiones y la transformación digital.,Aptitudes analíticas y matemáticas. Interés por tecnología y gestión organizacional. Pensamiento crítico. Inglés intermedio-avanzado. Disposición para aprendizaje continuo.,Diseñar e implementar sistemas de información empresariales. Gestionar proyectos TI. Analizar datos para decisiones estratégicas. Liderar transformación digital. Integrar tecnología con estrategia empresarial.,"Gerente de sistemas de información, consultor TI, analista de negocios, especialista en transformación digital, arquitecto de soluciones empresariales en sector financiero, salud y gobierno."
Universidad San Francisco de Quito USFQ,USFQ,TELECOMUNICACIONES,https://www.usfq.edu.ec/en/undergraduate-programs/electronics-and-automation-engineering,"La carrera de Electrónica y Automatización / Telecomunicaciones de la USFQ forma ingenieros con capacidades para diseñar e implementar sistemas electrónicos, de comunicación y automatización, con acreditación ABET.","Sólidas aptitudes en matemática, física y electrónica. Interés por sistemas de comunicación y automatización. Inglés intermedio-avanzado. Vocación por la innovación tecnológica.",Diseñar e implementar sistemas electrónicos y de telecomunicaciones. Desarrollar soluciones de automatización. Gestionar proyectos de ingeniería electrónica. Aplicar normas técnicas internacionales. Resolver problemas complejos.,"Empresas de telecomunicaciones, industrias manufactureras y de automatización, sector energético, organismos reguladores, consultoría tecnológica, docencia e investigación."
Universidad de Las Américas,UDLA,ADMINISTRACIÓN DE EMPRESAS,https://www.udla.edu.ec/carreras/programas-academicos/pregrados-diurna/facultad-de-ciencias-administrativas-y-contables/,"La carrera de Administración de Empresas de la UDLA forma profesionales con sólidas competencias en gestión organizacional, finanzas, marketing y estrategia, capacitados para liderar equipos y tomar decisiones en entornos empresariales dinámicos. Única universidad ecuatoriana acreditada por WSCUC (EEUU).",Bachiller con aptitudes de liderazgo y trabajo en equipo. Capacidad analítica y comunicativa. Interés por los negocios y la gestión empresarial. Disposición para el aprendizaje continuo.,"Planificar, organizar, dirigir y controlar organizaciones. Diseñar estrategias competitivas. Gestionar recursos con eficiencia y responsabilidad. Emprender e innovar en entornos empresariales. Aplicar principios éticos en la gestión.","Gerente o director en empresas públicas y privadas. Consultor empresarial. Emprendedor. Especialista en marketing, finanzas, recursos humanos u operaciones. Puede continuar con MBA."
Universidad de Las Américas,UDLA,CIENCIA DE DATOS E INTELIGENCIA ARTIFICIAL,https://www.udla.edu.ec/carreras/programas-academicos/pregrados-diurna/facultad-de-ingenieria-y-ciencias-aplicadas/,"La carrera de Ciencia de Datos de la UDLA forma profesionales con capacidades para diseñar y desarrollar soluciones basadas en inteligencia artificial, machine learning y análisis de datos para responder a los desafíos de la economía digital.",Aptitudes matemáticas y estadísticas. Interés por la programación y análisis de datos. Capacidad analítica. Disposición para el aprendizaje continuo en tecnología.,Diseñar algoritmos de IA y ML. Analizar e interpretar grandes volúmenes de datos. Desarrollar soluciones tecnológicas innovadoras. Gestionar proyectos de ciencia de datos. Comunicar resultados técnicos.,"Científico de datos, ingeniero de IA/ML, analista de datos, consultor de transformación digital. Sectores: finanzas, salud, telecomunicaciones, retail y tecnología."
Universidad de Las Américas,UDLA,COMPUTACIÓN,https://www.udla.edu.ec/carreras/programas-academicos/pregrados-diurna/facultad-de-ingenieria-y-ciencias-aplicadas/ingenieria-en-sistemas-de-computacion-e-informatica/,"La carrera de Ingeniería en Sistemas de Computación e Informática de la UDLA forma profesionales capaces de concebir, diseñar, implementar y operar soluciones tecnológicas para mejorar el desempeño organizacional. El 90% de estudiantes se ubican laboralmente a partir del 6to semestre.",Capacidad analítica y de resolución de problemas. Interés por la programación y los sistemas de información. Habilidades matemáticas y lógicas. Disposición para trabajo en equipo e innovación tecnológica.,"Concebir, diseñar, implementar y operar soluciones tecnológicas e informáticas. Gestionar proyectos de desarrollo de software. Diseñar y administrar infraestructuras tecnológicas. Aplicar principios éticos y de sostenibilidad en TI.","Implantación de sistemas informáticos en empresas públicas y privadas. Desarrollo de software y soluciones tecnológicas. Dirección y administración de proyectos TI. Consultoría tecnológica. Sectores: IBM, BAYTEQ, banca, telecomunicaciones."
Universidad de Las Américas,UDLA,ECONOMÍA,https://sitios.udla.edu.ec/facea/economia/,"La carrera de Economía de la UDLA forma economistas con sólida preparación cuantitativa y dominio de la teoría económica aplicada, capaces de analizar el comportamiento de los agentes económicos, interpretar el entorno socioeconómico y proponer soluciones basadas en evidencia.","Aptitudes matemáticas y estadísticas. Pensamiento analítico y crítico. Interés por la economía, las políticas públicas y los mercados. Disposición para el aprendizaje continuo e investigación.",Analizar el comportamiento de agentes económicos con base teórica. Elaborar e interpretar modelos estadísticos y econométricos. Evaluar proyectos y políticas con herramientas cuantitativas. Investigar y asesorar en decisiones empresariales y de política pública.,Analista económico en sector público y privado. Consultor de proyectos de desarrollo. Funcionario de organismos internacionales. Investigador y docente universitario. Especialista financiero y asesor de política económica.
Universidad de Las Américas,UDLA,INGENIERÍA CIVIL,https://www.udla.edu.ec/carreras/programas-academicos/pregrados-diurna/facultad-de-ingenieria-y-ciencias-aplicadas/ingenieria-civil/,"La carrera de Ingeniería Civil de la UDLA forma profesionales con capacidades para planificar, diseñar, construir y gestionar obras de infraestructura civil, aplicando estándares nacionales e internacionales con enfoque en sostenibilidad y calidad.",Sólidos conocimientos de física y matemática. Interés por el diseño y construcción de infraestructura. Capacidad analítica. Disposición para trabajo de campo y en equipo.,"Planificar y diseñar proyectos de infraestructura civil. Construir y supervisar obras. Aplicar normas técnicas nacionales e internacionales. Gestionar proyectos con responsabilidad ambiental y social. Resolver problemas estructurales, hidráulicos y geotécnicos.","Empresas constructoras y consultoras. Sector público (MIDUVI, GADs, MTOP). Fiscalización de obras. Diseño estructural, vías e hidráulica. Docencia universitaria e investigación aplicada."
Universidad de Las Américas,UDLA,INGENIERÍA INDUSTRIAL,https://www.udla.edu.ec/carreras/programas-academicos/pregrados-diurna/facultad-de-ingenieria-y-ciencias-aplicadas/ingenieria-industrial/,"La carrera de Ingeniería Industrial de la UDLA forma profesionales integrales en ingeniería y administración de operaciones para diseñar, manejar y optimizar sistemas de producción, cadena de abastecimiento, calidad y seguridad industrial. Acreditada por ABET.",Conocimientos sólidos de matemática y física. Capacidad analítica. Interés por la optimización de procesos. Aptitudes de liderazgo. Disposición para trabajo en equipo.,"Analizar, formalizar y mejorar todos los procesos de una empresa. Diseñar y optimizar sistemas de producción. Implementar sistemas de calidad. Aplicar herramientas de análisis de datos. Comunicarse efectivamente con audiencias técnicas y no técnicas.","Gerencia de operaciones, gestión de calidad, logística, mejora continua, seguridad industrial en empresas manufactureras, de servicios, consultoras y organismos públicos."
Universidad de Las Américas,UDLA,MECÁNICA,https://www.udla.edu.ec/carreras/programas-academicos/pregrados-diurna/facultad-de-ingenieria-y-ciencias-aplicadas/ingenieria-mecanica/,"La carrera de Ingeniería Mecánica de la UDLA forma ingenieros para diseñar, analizar y desarrollar sistemas mecánicos, con énfasis en uso eficiente de la energía, diseño de maquinaria y manufactura sostenible.",Sólidas aptitudes en matemática y física. Interés por el diseño de máquinas y sistemas mecánicos. Capacidad creativa y analítica. Vocación por la innovación tecnológica sostenible.,Diseñar sistemas mecánicos y térmicos. Aplicar herramientas computacionales de diseño. Gestionar proyectos de ingeniería. Innovar en sistemas de energía sostenible. Resolver problemas con visión ambiental.,"Industrias manufactureras, energéticas, automotriz y aeronáutica. Consultoras de ingeniería. Sector público. Docencia e investigación. Emprendimiento en tecnología mecánica."
Universidad de Las Américas,UDLA,MECATRÓNICA,https://www.udla.edu.ec/carreras/programas-academicos/pregrados-diurna/facultad-de-ingenieria-y-ciencias-aplicadas/,"La carrera de Mecatrónica de la UDLA forma ingenieros capaces de diseñar y desarrollar sistemas integrados que combinan mecánica, electrónica, control e informática, con visión empresarial y habilidades de innovación para liderar la automatización industrial.","Sólidas aptitudes en matemática, física y electrónica. Interés por robótica y automatización. Capacidad creativa y analítica. Vocación por la tecnología e innovación.",Diseñar sistemas mecatrónicos integrados. Desarrollar robots y sistemas de automatización. Aplicar control automático. Gestionar proyectos interdisciplinarios de mecatrónica. Liderar innovación tecnológica.,"Automatización industrial, robótica, diseño de productos mecatrónicos, manufactura avanzada, sector energético y tecnológico, consultoría e investigación."
Universidad de Las Américas,UDLA,SOFTWARE,https://www.udla.edu.ec/carreras/programas-academicos/pregrados-diurna/facultad-de-ingenieria-y-ciencias-aplicadas/ingenieria-de-software/,"La carrera de Ingeniería de Software de la UDLA forma profesionales para diseñar, desarrollar e implementar soluciones de software de calidad, aplicando metodologías modernas y arquitecturas robustas para responder a los desafíos de la transformación digital empresarial.",Aptitud lógica y matemática. Interés por la programación y el desarrollo de software. Capacidad analítica. Disposición para aprendizaje continuo y trabajo en equipo.,Diseñar e implementar sistemas de software de calidad. Aplicar metodologías ágiles de desarrollo. Gestionar proyectos de software. Diseñar arquitecturas robustas. Aplicar principios éticos y responsabilidad profesional.,"Desarrollador de software, arquitecto de sistemas, gerente de proyectos TI, consultor tecnológico, especialista en DevOps/Cloud. Sectores: tecnología, finanzas, salud, educación y gobierno."
Universidad Técnica Particular de Loja,UTPL,ADMINISTRACIÓN DE EMPRESAS,https://www.utpl.edu.ec/carreras/administracion-de-empresas,"La carrera de Administración de Empresas de la UTPL forma profesionales con competencias en gestión organizacional, finanzas, marketing y estrategia, con modalidades presencial y a distancia. Orientada al desarrollo empresarial sostenible y responsable.","Bachiller con interés en negocios y gestión empresarial. Capacidad analítica, liderazgo y trabajo en equipo. Aptitudes comunicativas y numéricas. Disposición para aprendizaje autónomo.","Planificar, organizar, dirigir y controlar organizaciones. Diseñar e implementar estrategias empresariales. Gestionar recursos con eficiencia y responsabilidad social. Emprender e innovar con visión regional y global.","Gerente o administrador en empresas públicas y privadas. Consultor y asesor empresarial. Emprendedor. Especialista en marketing, finanzas, recursos humanos y operaciones."
Universidad Técnica Particular de Loja,UTPL,ECONOMÍA,https://www.utpl.edu.ec/carreras/economia,"La carrera de Economía de la UTPL forma economistas con sólida preparación teórica y cuantitativa para analizar la problemática económica, diseñar políticas y generar propuestas de desarrollo. Disponible en modalidades presencial y a distancia.","Aptitudes matemáticas y estadísticas. Pensamiento analítico y crítico. Interés por la economía, mercados y políticas públicas. Disposición para aprendizaje autónomo.",Analizar e interpretar la problemática económica nacional e internacional. Diseñar y evaluar políticas económicas. Elaborar modelos econométricos. Asesorar en decisiones empresariales y de política pública.,Analista económico en sector público y privado. Consultor de proyectos de desarrollo. Funcionario de organismos internacionales. Investigador y docente universitario.
Universidad Técnica Particular de Loja,UTPL,INGENIERÍA CIVIL,https://www.utpl.edu.ec/carreras/ingenieria-civil,"La carrera de Ingeniería Civil de la UTPL forma profesionales para planificar, diseñar, construir y fiscalizar obras de infraestructura civil. Disponible en modalidades presencial y a distancia.",Sólidos conocimientos de física y matemática. Interés por diseño y construcción de infraestructura. Capacidad analítica. Disposición para trabajo de campo.,Planificar y diseñar proyectos de infraestructura civil. Construir y supervisar obras. Aplicar normas técnicas. Gestionar proyectos con responsabilidad ambiental y social.,"Empresas constructoras y consultoras. Sector público (GADs, MIDUVI, MTOP). Fiscalización de obras. Diseño estructural, vías e hidráulica. Docencia universitaria."
Universidad Técnica Particular de Loja,UTPL,INGENIERÍA INDUSTRIAL,https://www.utpl.edu.ec/carreras/ingenieria-industrial,"La carrera de Ingeniería Industrial de la UTPL forma profesionales para diseñar, gestionar y optimizar sistemas productivos industriales, con modalidades presencial y a distancia.",Conocimientos básicos de matemática y física. Interés por los procesos productivos. Capacidad analítica. Disposición para trabajo en equipo.,Diseñar y gestionar sistemas de producción. Optimizar cadenas de suministro. Implementar sistemas de gestión de calidad. Aplicar herramientas de mejora continua.,"Sector manufacturero y de servicios en roles de gerencia de operaciones, consultoría, gestión de calidad y logística."
Universidad Técnica Particular de Loja,UTPL,COMPUTACIÓN,https://www.utpl.edu.ec/carreras/ingenieria-en-ciencias-de-la-computacion,La carrera de Ciencias de la Computación de la UTPL forma ingenieros para diseñar e implementar soluciones computacionales innovadoras. Disponible en modalidades presencial y a distancia.,Aptitud numérica y lógica. Interés por programación y sistemas computacionales. Capacidad de abstracción. Disposición para aprendizaje autónomo.,Diseñar e implementar sistemas computacionales. Desarrollar software y aplicaciones. Gestionar bases de datos y redes. Resolver problemas tecnológicos complejos. Aplicar principios éticos.,"Desarrollador de software, administrador de sistemas, consultor TI, analista de datos, gestor de proyectos tecnológicos en sector público y privado."
Universidad Técnica Particular de Loja,UTPL,TELECOMUNICACIONES,https://www.utpl.edu.ec/carreras/telecomunicaciones,"La carrera de Telecomunicaciones de la UTPL forma ingenieros para diseñar, implementar y gestionar redes y sistemas de comunicación. Disponible en modalidades presencial y a distancia.","Conocimientos básicos de física, matemática y electrónica. Interés por telecomunicaciones y tecnología. Capacidad analítica. Disposición para trabajo en equipo.",Diseñar e implementar redes de telecomunicaciones. Administrar sistemas de comunicación. Gestionar proyectos del sector. Aplicar normativa técnica.,"Empresas de telecomunicaciones, sector energético y tecnológico, organismos reguladores, consultoría tecnológica, docencia e investigación."
Universidad Técnica Particular de Loja,UTPL,ELECTRICIDAD,https://www.utpl.edu.ec/carreras/electricidad,"La carrera de Electricidad de la UTPL forma ingenieros eléctricos para diseñar, implementar y mantener sistemas eléctricos de potencia, con énfasis en energías renovables y eficiencia energética. Disponible en modalidades presencial y a distancia.",Conocimientos básicos de física y matemática. Interés por los sistemas eléctricos y la energía. Capacidad analítica. Disposición para trabajo de campo y en equipo.,Diseñar y gestionar sistemas eléctricos de potencia. Implementar soluciones de energía renovable. Realizar mantenimiento de instalaciones eléctricas. Aplicar normativa del sector eléctrico.,"Empresas de distribución y generación eléctrica, sector industrial, consultoras de ingeniería eléctrica, ministerios del sector energético, docencia e investigación."
Universidad Técnica Particular de Loja,UTPL,ELECTRÓNICA Y AUTOMATIZACIÓN,https://www.utpl.edu.ec/carreras/electronica-y-automatizacion,La carrera de Electrónica y Automatización de la UTPL forma ingenieros para diseñar e implementar sistemas electrónicos y de automatización industrial. Disponible en modalidades presencial y a distancia.,"Conocimientos básicos de física, matemática y electrónica. Interés por automatización y sistemas electrónicos. Capacidad analítica. Disposición para trabajo en equipo.",Diseñar e implementar sistemas electrónicos y de control. Desarrollar proyectos de automatización. Gestionar instalaciones electrónicas. Aplicar normativa técnica del sector.,"Industrias manufactureras y de automatización, empresas de servicios eléctricos y electrónicos, sector de telecomunicaciones, consultoría tecnológica, docencia e investigación."
Universidad Técnica Particular de Loja,UTPL,SISTEMAS DE INFORMACIÓN,https://www.utpl.edu.ec/carreras/sistemas-de-informacion,La carrera de Sistemas de Información de la UTPL forma profesionales para diseñar e implementar sistemas de información que apoyen la gestión empresarial y la transformación digital. Disponible en modalidades presencial y a distancia.,Aptitud lógica y matemática. Interés por tecnología y sistemas de información. Disposición para aprendizaje autónomo y trabajo en equipo.,Diseñar y gestionar sistemas de información. Desarrollar soluciones de software. Administrar bases de datos. Gestionar proyectos TI. Asesorar en transformación digital.,"Analista de sistemas, administrador de bases de datos, consultor TI, gestor de proyectos tecnológicos en sector público y privado."
Universidad de las Fuerzas Armadas-ESPE,ESPE,ADMINISTRACIÓN DE EMPRESAS,https://www.espe.edu.ec/carreras/administracion-de-empresas/,"La carrera de Administración de Empresas de la ESPE forma Licenciados con competencias en gestión organizacional, finanzas y estrategia empresarial, con valores de liderazgo, responsabilidad y servicio orientados al fortalecimiento del sector productivo nacional.",Bachiller con interés en gestión empresarial y liderazgo. Capacidad analítica y comunicativa. Aptitudes para el trabajo en equipo. Valores de compromiso y responsabilidad.,"Planificar, organizar, dirigir y controlar organizaciones. Diseñar estrategias empresariales. Gestionar recursos con eficiencia y responsabilidad social. Emprender e innovar. Aplicar principios éticos en la gestión.",Gerente o administrador en empresas públicas y privadas. Consultor empresarial. Emprendedor. Especialista en diferentes áreas de la administración.
Universidad de las Fuerzas Armadas-ESPE,ESPE,COMPUTACIÓN,https://www.espe.edu.ec/carreras/tecnologias-de-la-informacion/,"La carrera de Tecnologías de la Información / Computación de la ESPE forma ingenieros con competencias para diseñar, implementar y gestionar sistemas computacionales, redes y soluciones tecnológicas para organizaciones del sector público y privado.",Aptitud numérica y lógica. Interés por la programación y la tecnología. Capacidad analítica. Valores de compromiso y responsabilidad. Disposición para trabajo en equipo.,Diseñar e implementar sistemas computacionales. Gestionar infraestructuras tecnológicas. Desarrollar soluciones de software. Administrar redes y sistemas de información. Aplicar principios éticos.,"Desarrollador de software, administrador de sistemas, analista de datos, gestor de proyectos TI, especialista en seguridad informática en sector público y privado."
Universidad de las Fuerzas Armadas-ESPE,ESPE,ELECTRÓNICA Y AUTOMATIZACIÓN,https://www.espe.edu.ec/carreras/electronica-y-automatizacion/,"La carrera de Electrónica y Automatización de la ESPE forma ingenieros para diseñar, implementar y gestionar sistemas electrónicos y de automatización industrial, contribuyendo al desarrollo tecnológico del país.",Conocimientos sólidos de física y matemática. Interés por sistemas electrónicos y automatización. Capacidad analítica. Valores de compromiso y servicio. Disposición para trabajo en equipo.,Diseñar e implementar sistemas de control y automatización. Desarrollar proyectos de electrónica industrial. Gestionar instalaciones electrónicas. Aplicar normas técnicas con responsabilidad ética.,"Industrias manufactureras y de automatización, empresas de servicios eléctricos y electrónicos, sector defensa y seguridad, telecomunicaciones, consultoría tecnológica."
Universidad de las Fuerzas Armadas-ESPE,ESPE,INGENIERÍA CIVIL,https://www.espe.edu.ec/carreras/ingenieria-civil/,"La carrera de Ingeniería Civil de la ESPE forma profesionales para planificar, diseñar, construir y fiscalizar obras de infraestructura civil, con valores de liderazgo y servicio aplicando criterios de sostenibilidad.",Conocimientos sólidos de física y matemática. Interés por diseño y construcción de infraestructura. Capacidad analítica. Valores de compromiso y responsabilidad. Disposición para trabajo de campo.,Planificar y diseñar proyectos de infraestructura civil. Construir y supervisar obras. Aplicar normas técnicas. Gestionar proyectos con responsabilidad ambiental y social. Fiscalizar obras de infraestructura.,"Empresas constructoras y consultoras. Sector público (Fuerzas Armadas, MIDUVI, MTOP, GADs). Fiscalización de obras de infraestructura estratégica. Docencia universitaria."
Universidad de las Fuerzas Armadas-ESPE,ESPE,MECÁNICA,https://www.espe.edu.ec/carreras/mecanica/,"La carrera de Mecánica de la ESPE forma ingenieros para diseñar, construir, operar y mantener sistemas mecánicos y térmicos, contribuyendo al desarrollo tecnológico e industrial del país con valores de liderazgo y servicio.",Conocimientos sólidos de física y matemática. Interés por sistemas mecánicos y la industria. Capacidad analítica técnica. Valores de disciplina y responsabilidad. Disposición para trabajo en laboratorio y campo.,Diseñar sistemas mecánicos y térmicos. Gestionar procesos de manufactura y mantenimiento. Aplicar principios de ingeniería mecánica. Liderar proyectos industriales con responsabilidad ética.,"Industrias manufactureras, automotriz y energética. Instituciones del sector defensa. Empresas de mantenimiento. Consultoras de ingeniería. Docencia e investigación universitaria."
Universidad de las Fuerzas Armadas-ESPE,ESPE,MECATRÓNICA,https://www.espe.edu.ec/carreras/mecatronica/,"La carrera de Mecatrónica de la ESPE forma ingenieros para diseñar y desarrollar sistemas integrados de mecánica, electrónica, control e informática, con aplicaciones en automatización, defensa y tecnología industrial.","Aptitudes en matemática, física y electrónica. Interés por robótica y automatización. Capacidad creativa y analítica. Valores de disciplina y compromiso. Vocación por la tecnología.",Diseñar sistemas mecatrónicos integrados. Desarrollar robots y sistemas de automatización. Aplicar control automático. Gestionar proyectos de mecatrónica. Innovar en tecnología industrial y de defensa.,"Automatización industrial, robótica, sector defensa y seguridad, industria manufacturera, consultoría tecnológica, docencia e investigación."
Universidad de las Fuerzas Armadas-ESPE,ESPE,SISTEMAS DE INFORMACIÓN,https://www.espe.edu.ec/carreras/tecnologias-de-la-informacion/,"La carrera de Tecnologías de la Información / Sistemas de Información de la ESPE forma ingenieros para diseñar, implementar y gestionar sistemas de información con énfasis en seguridad informática para el sector público y privado.",Aptitud lógica y matemática. Interés por la tecnología y los sistemas de información. Valores de responsabilidad y compromiso. Disposición para trabajo en equipo.,Diseñar y gestionar sistemas de información. Administrar bases de datos e infraestructuras TI. Gestionar proyectos tecnológicos. Aplicar medidas de seguridad informática. Asesorar en transformación digital.,"Analista de sistemas, administrador TI, especialista en seguridad informática, gestor de proyectos tecnológicos en instituciones de defensa y sector público y privado."
Universidad de las Fuerzas Armadas-ESPE,ESPE,TELECOMUNICACIONES,https://www.espe.edu.ec/carreras/telecomunicaciones/,"La carrera de Telecomunicaciones de la ESPE forma ingenieros para diseñar, implementar y gestionar redes y sistemas de comunicación, con aplicaciones en el sector civil y de defensa, contribuyendo al desarrollo tecnológico del Ecuador.","Conocimientos básicos de física, matemática y electrónica. Interés por comunicaciones y tecnología. Valores de compromiso y disciplina. Disposición para trabajo en equipo.",Diseñar e implementar redes de telecomunicaciones. Administrar sistemas de comunicación. Gestionar proyectos tecnológicos. Aplicar normativa del sector. Innovar en comunicación civil y de defensa.,"Empresas de telecomunicaciones, sector defensa y seguridad, organismos reguladores, sector energético, consultoría tecnológica, docencia e investigación."
Universidad Católica de Santiago de Guayaquil (UCSG),UCSG,ADMINISTRACIÓN DE EMPRESAS,https://www.ucsg.edu.ec/facultad-de-ciencias-economicas/,"La carrera de Administración de Empresas de la UCSG forma profesionales con competencias en gestión organizacional, finanzas, marketing y estrategia, con valores humanistas y visión internacional orientada a la responsabilidad social.","Bachiller con interés en la gestión empresarial y el liderazgo. Capacidad analítica, comunicativa y de trabajo en equipo. Valores humanistas y vocación de servicio.","Planificar, organizar, dirigir y controlar organizaciones con visión estratégica. Gestionar recursos con eficiencia y ética. Diseñar e implementar estrategias competitivas. Emprender con responsabilidad social.","Gerente o director en empresas públicas y privadas. Consultor empresarial. Emprendedor. Especialista en administración, finanzas, marketing y operaciones."
Universidad Católica de Santiago de Guayaquil (UCSG),UCSG,ECONOMÍA,https://www.ucsg.edu.ec/fee/c004049/,"La carrera de Economía de la UCSG forma economistas con sólida preparación cuantitativa para analizar el entorno económico, diseñar políticas e interpretar grandes volúmenes de datos. Los graduados son altamente calificados para roles de Analistas de Ciencia de Datos, Inteligencia de Negocios y Análisis Financiero.","Aptitudes matemáticas y estadísticas. Pensamiento analítico y crítico. Interés por la economía, mercados y políticas públicas. Valores humanistas y vocación de servicio social.",Interpretar grandes volúmenes de datos para apoyar decisiones estratégicas. Aplicar herramientas de inteligencia de negocios. Evaluar la viabilidad financiera. Analizar el entorno económico nacional e internacional. Formular estrategias para la competitividad empresarial.,"Analistas de Ciencia de Datos, Inteligencia de Negocios y Análisis Financiero. Banca, sector público, organismos internacionales, consultoría económica y docencia universitaria."
Universidad Católica de Santiago de Guayaquil (UCSG),UCSG,INGENIERÍA CIVIL,https://www.ucsg.edu.ec/facultad-de-ingenieria/,"La carrera de Ingeniería Civil de la UCSG forma profesionales para planificar, diseñar, construir y fiscalizar obras de infraestructura civil, con valores humanistas y visión de sostenibilidad ambiental y social.",Conocimientos sólidos de física y matemática. Interés por diseño y construcción de infraestructura. Capacidad analítica. Valores humanistas y vocación de servicio a la comunidad.,Planificar y diseñar proyectos de infraestructura civil. Construir y supervisar obras con calidad y sostenibilidad. Aplicar normas técnicas. Gestionar proyectos con responsabilidad ambiental.,"Empresas constructoras y consultoras. Sector público (GADs, MTOP, MIDUVI). Fiscalización de obras. Diseño estructural, hidráulico y vial. Docencia e investigación universitaria."
Universidad Católica de Santiago de Guayaquil (UCSG),UCSG,INGENIERÍA INDUSTRIAL,https://www.ucsg.edu.ec/facultad-de-ingenieria/,"La carrera de Ingeniería Industrial de la UCSG forma profesionales para diseñar, gestionar y optimizar sistemas productivos, aplicando calidad, seguridad y mejora continua con valores humanistas.",Conocimientos básicos de matemática y física. Capacidad analítica. Interés por los procesos industriales. Valores humanistas y vocación de servicio.,Diseñar y optimizar sistemas de producción. Implementar sistemas de gestión de calidad. Gestionar cadenas de suministro. Aplicar herramientas de mejora continua. Liderar proyectos industriales.,"Gerencia de operaciones, gestión de calidad, logística y cadena de suministro, mejora continua, seguridad industrial en empresas del sector productivo y de servicios."
Universidad Católica de Santiago de Guayaquil (UCSG),UCSG,INGENIERÍA QUÍMICA,https://www.ucsg.edu.ec/facultad-de-ingenieria/,"La carrera de Ingeniería Química de la UCSG forma ingenieros con sólida base en procesos químicos para diseñar y optimizar procesos industriales con énfasis en calidad, sostenibilidad ambiental y valores humanistas.","Conocimientos sólidos de matemática, física y química. Capacidad analítica y experimental. Interés por los procesos industriales. Valores humanistas y responsabilidad ambiental.","Diseñar y optimizar procesos químicos industriales. Gestionar plantas de producción. Controlar la calidad de productos. Aplicar ingeniería química en industrias farmacéutica, alimentaria y petrolera. Implementar tecnologías sostenibles.","Industrias petrolera, petroquímica, farmacéutica, alimentaria y química. Organismos de regulación ambiental. Consultoría e investigación. Docencia universitaria."
Universidad Católica de Santiago de Guayaquil (UCSG),UCSG,COMPUTACIÓN,https://www.ucsg.edu.ec/facultad-de-ingenieria/,"La carrera de Computación de la UCSG forma ingenieros para diseñar e implementar sistemas computacionales y soluciones de software para organizaciones del sector público y privado, con valores humanistas.",Aptitud numérica y lógica. Interés por programación y tecnología. Capacidad analítica. Valores humanistas.,Diseñar e implementar sistemas computacionales. Desarrollar software. Gestionar redes y bases de datos. Resolver problemas tecnológicos. Aplicar principios éticos en la práctica profesional.,"Desarrollador de software, administrador de sistemas, consultor TI, gestor de proyectos tecnológicos, analista de datos en sector público y privado."
Universidad Católica de Santiago de Guayaquil (UCSG),UCSG,SISTEMAS DE INFORMACIÓN,https://www.ucsg.edu.ec/facultad-de-ingenieria/,"La carrera de Sistemas de Información de la UCSG forma profesionales para diseñar, implementar y gestionar sistemas de información empresariales que apoyen la toma de decisiones y la transformación digital, con valores humanistas.",Aptitud lógica y matemática. Interés por tecnología y sistemas de información. Valores humanistas. Disposición para trabajo en equipo.,Diseñar y gestionar sistemas de información. Desarrollar e implementar soluciones TI. Administrar infraestructuras tecnológicas. Gestionar proyectos de transformación digital.,"Analista de sistemas, consultor TI, gestor de proyectos tecnológicos, especialista en seguridad informática en sector público y privado."
Universidad Católica de Santiago de Guayaquil (UCSG),UCSG,TELECOMUNICACIONES,https://www.ucsg.edu.ec/facultad-de-ingenieria/,"La carrera de Telecomunicaciones de la UCSG forma ingenieros para diseñar e implementar redes y sistemas de comunicación, con valores humanistas y visión de desarrollo regional.","Conocimientos básicos de física, matemática y electrónica. Interés por telecomunicaciones. Valores humanistas. Disposición para trabajo en equipo.",Diseñar e implementar redes de telecomunicaciones. Administrar sistemas de comunicación. Gestionar proyectos tecnológicos. Aplicar normativa técnica del sector.,"Empresas de telecomunicaciones, sector industrial y tecnológico, organismos reguladores, consultoría tecnológica, docencia e investigación universitaria."
Pontificia Universidad Católica del Ecuador,PUCE,ADMINISTRACIÓN DE EMPRESAS,https://www.puce.edu.ec/carreras/administracion-de-empresas/,"La carrera de Administración de Empresas de la PUCE forma Licenciados con sólida formación en gestión organizacional, finanzas, marketing y estrategia, con valores humanistas desde la perspectiva de la doctrina social de la Iglesia, orientados a la responsabilidad social.",Bachiller con interés en gestión empresarial y liderazgo. Capacidad analítica y comunicativa. Valores humanistas y vocación de servicio. Aptitudes para trabajo en equipo.,"Planificar, organizar, dirigir y controlar organizaciones con visión estratégica y ética. Gestionar recursos con eficiencia y responsabilidad social. Diseñar e implementar estrategias competitivas. Emprender con compromiso social.","Gerente o director en empresas públicas y privadas. Consultor empresarial con responsabilidad social. Emprendedor. Especialista en marketing, finanzas, recursos humanos y operaciones."
Pontificia Universidad Católica del Ecuador,PUCE,CIENCIA DE DATOS E INTELIGENCIA ARTIFICIAL,https://www.puce.edu.ec/carreras/ciencia-de-datos/,"La carrera de Ciencia de Datos de la PUCE forma profesionales para recolectar, procesar, analizar e interpretar grandes volúmenes de datos usando técnicas de IA, con responsabilidad ética y visión humanista.",Sólidas aptitudes matemáticas y estadísticas. Interés por programación y análisis de datos. Pensamiento analítico y crítico. Valores humanistas.,Desarrollar y aplicar algoritmos de IA y ML. Analizar e interpretar grandes volúmenes de datos. Diseñar modelos predictivos. Comunicar resultados técnicos. Aplicar principios éticos en el uso de datos.,"Científico de datos, ingeniero de IA/ML, analista de datos, consultor de transformación digital en sectores de finanzas, salud, telecomunicaciones y gobierno."
Pontificia Universidad Católica del Ecuador,PUCE,COMPUTACIÓN,https://www.puce.edu.ec/carreras/ingenieria-en-sistemas-y-computacion/,"La carrera de Ingeniería en Sistemas y Computación de la PUCE forma ingenieros con competencias para diseñar e implementar soluciones computacionales innovadoras, con valores humanistas y compromiso social.",Aptitud numérica y lógica. Interés por programación y sistemas computacionales. Capacidad analítica. Valores humanistas y vocación de servicio.,Diseñar e implementar sistemas computacionales. Desarrollar software y aplicaciones. Gestionar proyectos tecnológicos. Resolver problemas complejos. Aplicar principios éticos en la práctica profesional.,"Desarrollador de software, arquitecto de sistemas, consultor TI, gerente de proyectos tecnológicos en sector público y privado."
Pontificia Universidad Católica del Ecuador,PUCE,ECONOMÍA,https://www.puce.edu.ec/carreras/economia/,"La carrera de Economía de la PUCE forma economistas con sólida preparación teórica y cuantitativa, con valores humanistas desde la perspectiva de la doctrina social de la Iglesia, para contribuir al desarrollo económico justo y sostenible del Ecuador.",Aptitudes matemáticas y estadísticas. Pensamiento analítico y crítico. Interés por la economía y los problemas sociales. Valores humanistas y vocación de servicio.,Analizar e interpretar fenómenos económicos. Diseñar y evaluar políticas económicas con criterio social. Elaborar modelos econométricos. Investigar en economía aplicada. Asesorar en decisiones de política pública.,Analista económico en sector público y privado. Consultor de proyectos de desarrollo. Funcionario de organismos internacionales. Investigador y docente universitario.
Pontificia Universidad Católica del Ecuador,PUCE,INGENIERÍA CIVIL,https://www.puce.edu.ec/carreras/ingenieria-civil/,"La carrera de Ingeniería Civil de la PUCE forma profesionales con competencias para planificar, diseñar y construir obras de infraestructura civil, con valores humanistas y responsabilidad ambiental y social.",Conocimientos sólidos de física y matemática. Interés por infraestructura y construcción. Capacidad analítica. Valores humanistas y vocación de servicio a la comunidad.,"Planificar, diseñar y construir obras de infraestructura civil. Aplicar normas técnicas con criterio ético. Gestionar proyectos con responsabilidad social y ambiental. Fiscalizar y supervisar obras.","Empresas constructoras y consultoras. Sector público (GADs, MIDUVI, MTOP). Fiscalización de obras. Diseño estructural, hidráulico y vial. Docencia universitaria."
Pontificia Universidad Católica del Ecuador,PUCE,MATEMÁTICA,https://www.puce.edu.ec/carreras/matematica/,"La carrera de Matemática de la PUCE forma profesionales con sólida formación en matemática pura y aplicada, con valores humanistas, capaces de contribuir al avance científico y tecnológico del país desde una perspectiva interdisciplinaria.",Sólidas aptitudes para el pensamiento lógico y abstracto. Interés por la matemática y su aplicación en diversas áreas. Valores humanistas. Vocación por la investigación.,Aplicar el conocimiento matemático para resolver problemas en ciencias e ingeniería. Desarrollar investigación matemática. Modelar fenómenos con herramientas matemáticas. Comunicar resultados con claridad y rigor.,"Docencia universitaria e investigación matemática, análisis de datos y modelación estadística, actuaría y finanzas, diseño de algoritmos, consultoría científica y técnica."
Pontificia Universidad Católica del Ecuador,PUCE,INGENIERÍA AMBIENTAL,https://www.puce.edu.ec/carreras/ingenieria-ambiental/,"La carrera de Ingeniería Ambiental de la PUCE forma profesionales con capacidades para identificar, evaluar y proponer soluciones a problemas ambientales, con valores humanistas y compromiso con el desarrollo sostenible del Ecuador.","Interés en ciencias naturales y ambientales. Capacidad de razonamiento científico. Valores humanistas y compromiso ambiental. Conocimientos básicos de química, biología y matemática.",Gestionar recursos naturales y evaluar impactos ambientales. Diseñar e implementar sistemas de gestión ambiental. Realizar auditorías ambientales. Proponer soluciones sostenibles. Aplicar normativa ambiental vigente.,"Ministerio del Ambiente, empresas del sector extractivo, municipios, consultoras ambientales, ONGs, organismos internacionales y empresas de ingeniería ambiental."
Pontificia Universidad Católica del Ecuador,PUCE,SISTEMAS DE INFORMACIÓN,https://www.puce.edu.ec/carreras/ingenieria-en-sistemas-y-computacion/,"La carrera de Sistemas de Información de la PUCE forma profesionales para diseñar e implementar sistemas de información que apoyen la gestión empresarial, con valores humanistas y responsabilidad social.",Aptitud lógica y matemática. Interés por tecnología y sistemas de información. Valores humanistas. Disposición para trabajo en equipo.,Diseñar y gestionar sistemas de información. Desarrollar soluciones TI. Administrar infraestructuras tecnológicas. Gestionar proyectos de transformación digital. Aplicar principios éticos.,"Analista de sistemas, consultor TI, gerente de proyectos tecnológicos, especialista en seguridad informática en sector público y privado."
Universidad Técnica del Norte,UTN,ADMINISTRACIÓN DE EMPRESAS,https://www.utn.edu.ec/facae/administracion-de-empresas/,"La carrera de Administración de Empresas de la UTN forma profesionales con competencias en gestión organizacional, finanzas, marketing y estrategia, con compromiso social y regional orientado al desarrollo del norte del Ecuador.",Bachiller con interés en la gestión empresarial. Capacidad analítica y liderazgo. Aptitudes comunicativas y numéricas. Compromiso con el desarrollo regional.,"Planificar, organizar, dirigir y controlar organizaciones. Diseñar estrategias empresariales. Gestionar recursos con eficiencia. Emprender e innovar con responsabilidad social.","Gerente o administrador en empresas públicas y privadas de la región norte. Consultor empresarial. Emprendedor. Especialista en marketing, finanzas y operaciones."
Universidad Técnica del Norte,UTN,AGROINDUSTRIA ALIMENTARIA,https://www.utn.edu.ec/ficaya/ingenieria-agroindustrial/,"La carrera de Agroindustria Alimentaria de la UTN forma profesionales para desarrollar, gestionar y optimizar procesos de producción, transformación y comercialización de productos agroalimentarios, contribuyendo al desarrollo productivo de la región norte del Ecuador.","Interés en ciencias agrícolas y alimentarias. Conocimientos básicos de química, biología y matemática. Compromiso con el desarrollo agropecuario regional. Disposición para trabajo de campo y laboratorio.",Diseñar y gestionar procesos agroindustriales. Controlar la calidad e inocuidad de productos alimentarios. Desarrollar nuevos productos. Gestionar plantas de procesamiento. Aplicar normativas de seguridad alimentaria.,"Industrias alimentarias (lácteos, cárnicos, frutas, cereales). Empresas de control de calidad. Organismos de regulación alimentaria. Consultoría y docencia universitaria."
Universidad Técnica del Norte,UTN,COMPUTACIÓN,https://www.utn.edu.ec/fica/ingenieria-en-sistemas-computacionales/,"La carrera de Ingeniería en Sistemas Computacionales de la UTN forma ingenieros para diseñar e implementar soluciones tecnológicas innovadoras, contribuyendo al desarrollo tecnológico de la región norte y del Ecuador.",Aptitud numérica y lógica. Interés por programación y tecnología. Capacidad analítica. Compromiso con el desarrollo regional. Disposición para trabajo en equipo.,Diseñar e implementar sistemas computacionales. Desarrollar software y aplicaciones. Gestionar redes e infraestructuras TI. Resolver problemas tecnológicos. Aplicar principios éticos.,"Desarrollador de software, administrador de sistemas, consultor TI, gestor de proyectos tecnológicos en sector público y privado de la región norte."
Universidad Técnica del Norte,UTN,ELECTRÓNICA Y AUTOMATIZACIÓN,https://www.utn.edu.ec/fica/ingenieria-en-electronica-y-automatizacion/,"La carrera de Electrónica y Automatización de la UTN forma ingenieros para diseñar, implementar y gestionar sistemas electrónicos y de automatización industrial, contribuyendo al desarrollo tecnológico de la región norte del Ecuador.","Conocimientos básicos de física, matemática y electrónica. Interés por automatización y sistemas electrónicos. Capacidad analítica. Compromiso con el desarrollo regional.",Diseñar e implementar sistemas de control y automatización. Desarrollar proyectos de electrónica industrial. Gestionar instalaciones electrónicas. Aplicar normas técnicas con responsabilidad ética.,"Industrias manufactureras y de automatización, empresas de servicios eléctricos y electrónicos, sector de telecomunicaciones, consultoría tecnológica, docencia e investigación."
Universidad Técnica del Norte,UTN,INGENIERÍA CIVIL,https://www.utn.edu.ec/ficaya/ingenieria-civil/,"La carrera de Ingeniería Civil de la UTN forma profesionales para planificar, diseñar, construir y fiscalizar obras de infraestructura civil, orientada al desarrollo de la región norte con compromiso ambiental y social.",Conocimientos sólidos de física y matemática. Interés por diseño y construcción de infraestructura. Capacidad analítica. Compromiso con el desarrollo regional. Disposición para trabajo de campo.,Planificar y diseñar proyectos de infraestructura. Construir y supervisar obras civiles. Aplicar normas técnicas. Gestionar proyectos con responsabilidad ambiental y social. Fiscalizar obras.,"Empresas constructoras y consultoras regionales. Sector público (GADs, MTOP, MIDUVI). Fiscalización de obras. Diseño estructural, hidráulico y vial. Docencia universitaria."
Universidad Técnica del Norte,UTN,MECATRÓNICA,https://www.utn.edu.ec/fica/ingenieria-en-mecatronica/,"La carrera de Mecatrónica de la UTN forma ingenieros para diseñar y desarrollar sistemas integrados de mecánica, electrónica, control e informática, contribuyendo al desarrollo tecnológico e industrial de la región norte del Ecuador.","Aptitudes en matemática, física y electrónica. Interés por robótica y automatización. Capacidad creativa y analítica. Compromiso con el desarrollo regional.",Diseñar sistemas mecatrónicos integrados. Desarrollar robots y sistemas de automatización. Aplicar control automático en procesos. Gestionar proyectos de mecatrónica. Innovar en tecnología industrial.,"Automatización industrial, robótica, manufactura avanzada, sector energético y tecnológico, consultoría e investigación, docencia universitaria."
Universidad Técnica del Norte,UTN,SISTEMAS DE INFORMACIÓN,https://www.utn.edu.ec/fica/ingenieria-en-tecnologias-de-la-informacion/,La carrera de Tecnologías de la Información de la UTN forma profesionales para diseñar e implementar sistemas de información que apoyen la transformación digital de organizaciones de la región norte del Ecuador.,Aptitud lógica y matemática. Interés por tecnología y sistemas de información. Compromiso con el desarrollo regional. Disposición para trabajo en equipo.,Diseñar y gestionar sistemas de información. Desarrollar soluciones TI. Administrar infraestructuras tecnológicas. Gestionar proyectos de transformación digital. Aplicar principios éticos.,"Analista de sistemas, administrador TI, gestor de proyectos tecnológicos, consultor de transformación digital en organizaciones regionales y nacionales."
Universidad Técnica del Norte,UTN,TELECOMUNICACIONES,https://www.utn.edu.ec/fica/ingenieria-en-electronica-y-redes-de-comunicacion/,"La carrera de Electrónica y Redes de Comunicación de la UTN forma ingenieros para diseñar, implementar y gestionar redes y sistemas de comunicación, contribuyendo al desarrollo tecnológico de la región norte del Ecuador.","Conocimientos básicos de física, matemática y electrónica. Interés por comunicaciones y tecnología. Compromiso con el desarrollo regional. Disposición para trabajo en equipo.",Diseñar e implementar redes de telecomunicaciones. Administrar sistemas de comunicación. Gestionar proyectos del sector. Aplicar normativa técnica. Contribuir a reducir la brecha digital regional.,"Empresas de telecomunicaciones, sector industrial y tecnológico, organismos reguladores, GADs, consultoría tecnológica, docencia e investigación."
Universidad Técnica de Manabí,UTM,ADMINISTRACIÓN DE EMPRESAS,https://www.utm.edu.ec/oferta-academica/grado/facultades,"La carrera de Administración de Empresas de la UTM forma profesionales con competencias en gestión organizacional, finanzas, marketing y estrategia, con compromiso social orientado al desarrollo productivo de Manabí y el Ecuador.","Bachiller con interés en la gestión empresarial y liderazgo. Capacidad analítica, comunicativa y de trabajo en equipo. Compromiso con el desarrollo regional de Manabí.","Planificar, organizar, dirigir y controlar organizaciones. Diseñar estrategias empresariales. Gestionar recursos con eficiencia y responsabilidad social. Emprender e innovar.","Gerente o administrador en empresas públicas y privadas. Consultor empresarial. Emprendedor. Especialista en marketing, finanzas y operaciones en la región y el país."
Universidad Técnica de Manabí,UTM,ECONOMÍA,https://www.utm.edu.ec/oferta-academica/grado/facultades,"La carrera de Economía de la UTM forma economistas con sólida preparación teórica y cuantitativa para analizar la problemática socioeconómica de Manabí y Ecuador, contribuyendo al desarrollo regional mediante propuestas de política económica.",Aptitudes matemáticas y estadísticas. Pensamiento analítico. Interés por la economía y el desarrollo regional. Compromiso con la provincia de Manabí.,Analizar e interpretar fenómenos económicos. Diseñar y evaluar políticas económicas. Elaborar modelos econométricos. Asesorar en decisiones económicas. Contribuir al desarrollo sostenible de la región.,Analista económico en sector público y privado. Consultor de proyectos. Funcionario de organismos del estado. Investigador y docente universitario. Asesor de política pública regional.
Universidad Técnica de Manabí,UTM,ELECTRICIDAD,https://www.utm.edu.ec/oferta-academica/grado/facultades,"La carrera de Electricidad de la UTM forma ingenieros eléctricos para diseñar, implementar y mantener sistemas eléctricos de potencia, con énfasis en el desarrollo del sector energético de Manabí y el Ecuador.",Conocimientos básicos de física y matemática. Interés por sistemas eléctricos y energía. Capacidad analítica. Compromiso con el desarrollo de Manabí.,Diseñar y gestionar sistemas eléctricos de potencia. Implementar soluciones de energía. Realizar mantenimiento de instalaciones eléctricas. Aplicar normativa del sector eléctrico. Contribuir al desarrollo energético regional.,"Empresas de distribución y generación eléctrica, sector industrial, consultoras, ministerios del sector energético, GADs provinciales, docencia e investigación."
Universidad Técnica de Manabí,UTM,ELECTRÓNICA Y AUTOMATIZACIÓN,https://www.utm.edu.ec/oferta-academica/grado/facultades,"La carrera de Electrónica y Automatización de la UTM forma ingenieros para diseñar e implementar sistemas electrónicos y de automatización industrial, contribuyendo al desarrollo tecnológico de Manabí y el Ecuador.","Conocimientos básicos de física, matemática y electrónica. Interés por automatización y sistemas electrónicos. Capacidad analítica. Compromiso con el desarrollo regional.",Diseñar e implementar sistemas de control y automatización. Desarrollar proyectos de electrónica industrial. Gestionar instalaciones electrónicas. Aplicar normas técnicas del sector.,"Industrias manufactureras y de automatización, empresas de servicios eléctricos y electrónicos, sector de telecomunicaciones, consultoría tecnológica, docencia."
Universidad Técnica de Manabí,UTM,INGENIERÍA AMBIENTAL,https://www.utm.edu.ec/oferta-academica/grado/facultades,"La carrera de Ingeniería Ambiental de la UTM forma profesionales para identificar, evaluar y proponer soluciones a problemas ambientales, con especial atención a los ecosistemas costeros y la biodiversidad de Manabí.","Interés en ciencias naturales y ambientales. Capacidad analítica. Conocimientos básicos de química, biología y matemática. Compromiso ambiental y con el desarrollo sostenible de la región.",Gestionar recursos naturales y evaluar impactos ambientales. Diseñar sistemas de gestión ambiental. Realizar auditorías ambientales. Proponer soluciones sostenibles. Aplicar normativa ambiental vigente.,"Ministerio del Ambiente, sector extractivo (petróleo, pesca), municipios y GADs de Manabí, consultoras ambientales, ONGs y organismos internacionales."
Universidad Técnica de Manabí,UTM,INGENIERÍA CIVIL,https://www.utm.edu.ec/oferta-academica/grado/facultades,"La carrera de Ingeniería Civil de la UTM forma profesionales para planificar, diseñar, construir y fiscalizar obras de infraestructura civil, orientada al desarrollo de la infraestructura de Manabí y el Ecuador.",Conocimientos sólidos de física y matemática. Interés por diseño y construcción de infraestructura. Capacidad analítica. Compromiso con el desarrollo de Manabí. Disposición para trabajo de campo.,Planificar y diseñar proyectos de infraestructura civil. Construir y supervisar obras. Aplicar normas técnicas. Gestionar proyectos con responsabilidad ambiental. Fiscalizar obras de infraestructura.,"Empresas constructoras y consultoras provinciales. Sector público (GADs de Manabí, MTOP, MIDUVI). Fiscalización de obras. Diseño estructural, hidráulico y vial. Docencia universitaria."
Universidad Técnica de Manabí,UTM,INGENIERÍA DE LA PRODUCCIÓN,https://www.utm.edu.ec/oferta-academica/grado/facultades,"La carrera de Ingeniería de la Producción de la UTM forma profesionales para diseñar, gestionar y optimizar sistemas productivos industriales, contribuyendo a la transformación de la matriz productiva de Manabí y Ecuador.",Conocimientos básicos de matemática y física. Interés por los procesos productivos e industriales. Capacidad analítica. Compromiso con el desarrollo de Manabí.,Diseñar y gestionar sistemas de producción. Implementar calidad y seguridad industrial. Optimizar cadenas de suministro. Aplicar herramientas de mejora continua. Administrar proyectos industriales.,"Sector manufacturero y de servicios de Manabí y Ecuador. Gerencia de operaciones, gestión de calidad, logística y consultoría industrial."
Universidad Técnica de Manabí,UTM,INGENIERÍA INDUSTRIAL,https://www.utm.edu.ec/oferta-academica/grado/facultades,"La carrera de Ingeniería Industrial de la UTM forma profesionales para diseñar, gestionar y optimizar procesos industriales con enfoque en la competitividad empresarial y el desarrollo productivo de Manabí.",Conocimientos básicos de matemática y física. Interés por la industria y los procesos productivos. Capacidad analítica. Compromiso con el desarrollo regional.,Diseñar y optimizar sistemas industriales. Implementar gestión de calidad y seguridad. Gestionar proyectos productivos. Aplicar herramientas de mejora continua.,"Empresas industriales y de servicios de Manabí. Roles de gerencia de producción, gestión de calidad, logística, seguridad industrial y consultoría."
Universidad Técnica de Manabí,UTM,INGENIERÍA QUÍMICA,https://www.utm.edu.ec/oferta-academica/grado/facultades,"La carrera de Ingeniería Química de la UTM forma profesionales con sólida formación en procesos químicos industriales para diseñar y optimizar procesos de transformación química, con énfasis en las industrias estratégicas de Manabí.","Conocimientos sólidos de matemática, física y química. Interés por los procesos industriales y la química. Capacidad analítica y experimental. Compromiso ambiental.",Diseñar y optimizar procesos químicos industriales. Gestionar plantas de producción. Controlar la calidad. Aplicar principios de ingeniería química. Implementar tecnologías sostenibles.,"Industrias petrolera, petroquímica, pesquera, farmacéutica y alimentaria de Manabí. Departamentos de producción y control de calidad. Consultoría e investigación. Docencia universitaria."
Universidad Técnica de Manabí,UTM,MECÁNICA,https://www.utm.edu.ec/oferta-academica/grado/facultades,"La carrera de Mecánica de la UTM forma ingenieros para diseñar, construir y mantener sistemas mecánicos y térmicos, contribuyendo al desarrollo industrial de la provincia de Manabí.",Conocimientos sólidos de física y matemática. Interés por los sistemas mecánicos. Capacidad analítica técnica. Compromiso con el desarrollo de Manabí.,Diseñar sistemas mecánicos y térmicos. Gestionar manufactura y mantenimiento. Aplicar principios de ingeniería mecánica. Liderar proyectos industriales con responsabilidad ambiental.,"Industrias manufactureras, de alimentos y pesqueras de Manabí. Empresas de mantenimiento. Consultoras de ingeniería. Sector público provincial. Docencia e investigación."
Universidad Técnica de Manabí,UTM,SISTEMAS DE INFORMACIÓN,https://www.utm.edu.ec/fci/,"La carrera de Sistemas de Información de la UTM, adscrita a la Facultad de Ciencias Informáticas, forma ingenieros para diseñar e implementar sistemas de información empresariales que apoyen la transformación digital de organizaciones de Manabí y el Ecuador.",Aptitud numérica y lógica. Capacidad de comunicación oral y escrita. Trabajo en equipos multidisciplinarios con liderazgo y honestidad. Interés por la protección del medio ambiente. Comprometido con el desarrollo regional y nacional.,"El/la Ingeniero/a en Sistemas de Información de la UTM podrá: diseñar e implementar sistemas de información, gestionar bases de datos y redes, desarrollar aplicaciones informáticas, asesorar en transformación digital y actualización profesional continua.","Instituciones públicas y privadas de Manabí en roles de analista de sistemas, administrador de bases de datos, consultor TI, gestor de proyectos tecnológicos y docente universitario."
Universidad Técnica de Manabí,UTM,TELECOMUNICACIONES,https://www.utm.edu.ec/fci/,"La carrera de Telecomunicaciones de la UTM forma ingenieros para diseñar, implementar y gestionar redes y sistemas de comunicación, contribuyendo al desarrollo de las telecomunicaciones en Manabí y la reducción de la brecha digital.","Conocimientos básicos de física, matemática y electrónica. Interés por comunicaciones y tecnología. Capacidad analítica. Compromiso con el desarrollo de Manabí.",Diseñar e implementar redes de telecomunicaciones. Administrar sistemas de comunicación. Gestionar proyectos del sector. Aplicar normativa técnica. Contribuir al desarrollo tecnológico de la región.,"Empresas de telecomunicaciones, sector industrial, organismos reguladores, GADs de Manabí, consultoría tecnológica, docencia e investigación universitaria."
Universidad Técnica de Manabí,UTM,COMPUTACIÓN,https://www.utm.edu.ec/fci/,"La carrera de Computación de la UTM, adscrita a la Facultad de Ciencias Informáticas, forma ingenieros para diseñar e implementar soluciones computacionales innovadoras que respondan a las necesidades tecnológicas de Manabí y Ecuador.",Aptitud numérica y lógica. Capacidad analítica y de razonamiento. Interés por la programación y tecnología. Disposición para trabajo en equipo. Compromiso con el desarrollo regional.,Diseñar e implementar sistemas computacionales. Desarrollar software y aplicaciones. Gestionar infraestructuras TI. Resolver problemas tecnológicos. Aplicar principios éticos en el ejercicio profesional.,"Desarrollador de software, administrador de sistemas, consultor TI, analista de datos, gestor de proyectos tecnológicos en sector público y privado de Manabí y el Ecuador."
