siglas,universidad,nombre,rank,skill_label,skill_type,reuse_level,score,skill_uri
EPN,Escuela Politécnica Nacional,Licenciatura Administracion De Empresas,1,aplicar la gestión de conflictos,skill/competence,cross-sector,0.8588,http://data.europa.eu/esco/skill/0ee94af1-b445-4973-9c3f-459fab250342
EPN,Escuela Politécnica Nacional,Licenciatura Administracion De Empresas,2,gestionar recursos humanos,skill/competence,cross-sector,0.8531,http://data.europa.eu/esco/skill/339ac029-066a-4985-9f9d-b3d7c8fea0bb
EPN,Escuela Politécnica Nacional,Licenciatura Administracion De Empresas,3,gestionar un equipo,skill/competence,cross-sector,0.848,http://data.europa.eu/esco/skill/cb668e89-6ef5-4ff3-ab4a-506010e7e70b
EPN,Escuela Politécnica Nacional,Licenciatura Administracion De Empresas,4,respetar las normas internas de una empresa,skill/competence,cross-sector,0.8451,http://data.europa.eu/esco/skill/f5f5b244-6cea-4fbc-8a50-8f712791bc09
EPN,Escuela Politécnica Nacional,Licenciatura Administracion De Empresas,5,tener espíritu emprendedor,skill/competence,transversal,0.8445,http://data.europa.eu/esco/skill/bdcf429c-5ccf-4c3d-bb61-4c987573a35e
EPN,Escuela Politécnica Nacional,Licenciatura Administracion De Empresas,6,gestionar empresas de producción,skill/competence,cross-sector,0.8429,http://data.europa.eu/esco/skill/435d1751-8667-41ec-8b32-865b7cd3c684
EPN,Escuela Politécnica Nacional,Licenciatura Administracion De Empresas,7,sensibilizar sobre el medioambiente,skill/competence,cross-sector,0.8423,http://data.europa.eu/esco/skill/8abdc43c-2bfd-417c-97c2-27fcdaf53171
EPN,Escuela Politécnica Nacional,Licenciatura Administracion De Empresas,8,realizar gestión de clientes,skill/competence,cross-sector,0.8423,http://data.europa.eu/esco/skill/91306a20-9b81-4f3d-97eb-f5368b607da7
EPN,Escuela Politécnica Nacional,Licenciatura Administracion De Empresas,9,legislación ambiental en materia de agricultura y silvicultura,knowledge,cross-sector,0.841,http://data.europa.eu/esco/skill/3419fac9-575d-4492-a018-edff6f4dae26
EPN,Escuela Politécnica Nacional,Licenciatura Administracion De Empresas,10,enseñar principios de gestión empresarial,skill/competence,cross-sector,0.839,http://data.europa.eu/esco/skill/29d3663f-348a-4b67-a8db-b94fd3912385
EPN,Escuela Politécnica Nacional,Licenciatura Administracion De Empresas,11,ejercer la administración,skill/competence,cross-sector,0.8364,http://data.europa.eu/esco/skill/151174e2-2a27-4c1e-be68-6446278d34b7
EPN,Escuela Politécnica Nacional,Licenciatura Administracion De Empresas,12,aplicar conocimientos sobre el comportamiento humano,skill/competence,cross-sector,0.8357,http://data.europa.eu/esco/skill/a0e23745-6ba4-45e2-9510-df6e71ed1230
EPN,Escuela Politécnica Nacional,Licenciatura Administracion De Empresas,13,apreciar diversas expresiones culturales y artísticas,skill/competence,transversal,0.8356,http://data.europa.eu/esco/skill/98a999db-72d5-4657-a0b0-2f850afd4368
EPN,Escuela Politécnica Nacional,Licenciatura Administracion De Empresas,14,tomar decisiones empresariales estratégicas,skill/competence,cross-sector,0.8356,http://data.europa.eu/esco/skill/f60c9e52-95fc-4ca1-a73c-18a491153b63
EPN,Escuela Politécnica Nacional,Licenciatura Administracion De Empresas,15,preparar informes sobre asuntos relacionados con el trabajo,skill/competence,cross-sector,0.8356,http://data.europa.eu/esco/skill/918f5211-b99f-4b29-9a34-6e475583ef55
EPN,Escuela Politécnica Nacional,Licenciatura Administracion De Empresas,16,identificarse con los objetivos de la compañía,skill/competence,cross-sector,0.8354,http://data.europa.eu/esco/skill/fc54bd7f-0c03-4fdd-af8c-5eb4021e716d
EPN,Escuela Politécnica Nacional,Licenciatura Administracion De Empresas,17,mantenerse al día sobre las innovaciones en el ámbito empresarial,skill/competence,cross-sector,0.8354,http://data.europa.eu/esco/skill/7f70572d-f0c1-4039-9954-b57dc69981f6
EPN,Escuela Politécnica Nacional,Licenciatura Administracion De Empresas,18,interactuar con el consejo de administración,skill/competence,cross-sector,0.8351,http://data.europa.eu/esco/skill/28f637e1-15fc-462d-ba10-5908fd438a0e
EPN,Escuela Politécnica Nacional,Licenciatura Administracion De Empresas,19,realizar la gestión de un evento,skill/competence,cross-sector,0.835,http://data.europa.eu/esco/skill/03a0ab28-ce99-4e14-baf8-a66c55da28f8
EPN,Escuela Politécnica Nacional,Licenciatura Administracion De Empresas,20,participar en las operaciones cotidianas de la empresa,skill/competence,cross-sector,0.835,http://data.europa.eu/esco/skill/ce4cbc3a-bde0-43b4-9526-e643c4fe5b04
EPN,Escuela Politécnica Nacional,Licenciatura Administracion De Empresas,21,tener conciencia de los riesgos sanitarios,skill/competence,transversal,0.8347,http://data.europa.eu/esco/skill/c4180af3-befd-4bd8-9a65-6a496f9d9f15
EPN,Escuela Politécnica Nacional,Licenciatura Administracion De Empresas,22,gestionar el impacto medioambiental de las operaciones,skill/competence,cross-sector,0.8338,http://data.europa.eu/esco/skill/d86babea-bf8b-4552-81a8-daf706066ad6
EPN,Escuela Politécnica Nacional,Licenciatura Administracion De Empresas,23,asesorar sobre procedimientos de gestión de residuos,skill/competence,cross-sector,0.8338,http://data.europa.eu/esco/skill/f82b05a7-128b-4a72-a815-044ff6062f62
EPN,Escuela Politécnica Nacional,Licenciatura Administracion De Empresas,24,utilizar servicios electrónicos,skill/competence,cross-sector,0.8335,http://data.europa.eu/esco/skill/16a00c69-9c74-4c37-96d7-6301d285e5ce
EPN,Escuela Politécnica Nacional,Licenciatura Administracion De Empresas,25,demostrar voluntad de aprender,skill/competence,transversal,0.8335,http://data.europa.eu/esco/skill/9bf266a6-188b-4d17-a22f-2f266d76832b
EPN,Escuela Politécnica Nacional,Ingenieria Agroindustria,1,sensibilizar sobre el medioambiente,skill/competence,cross-sector,0.857,http://data.europa.eu/esco/skill/8abdc43c-2bfd-417c-97c2-27fcdaf53171
EPN,Escuela Politécnica Nacional,Ingenieria Agroindustria,2,legislación ambiental en materia de agricultura y silvicultura,knowledge,cross-sector,0.8546,http://data.europa.eu/esco/skill/3419fac9-575d-4492-a018-edff6f4dae26
EPN,Escuela Politécnica Nacional,Ingenieria Agroindustria,3,aplicar medidas de protección del medioambiente,skill/competence,cross-sector,0.853,http://data.europa.eu/esco/skill/f6d7ba88-5234-4994-944d-843ca453c923
EPN,Escuela Politécnica Nacional,Ingenieria Agroindustria,4,aplicar la gestión de conflictos,skill/competence,cross-sector,0.8511,http://data.europa.eu/esco/skill/0ee94af1-b445-4973-9c3f-459fab250342
EPN,Escuela Politécnica Nacional,Ingenieria Agroindustria,5,"aplicar conocimientos científicos, tecnológicos y de ingeniería",skill/competence,transversal,0.8507,http://data.europa.eu/esco/skill/5c3ab99d-a3f1-4620-9602-d12d2151a03d
EPN,Escuela Politécnica Nacional,Ingenieria Agroindustria,6,planificar procesos de fabricación,skill/competence,cross-sector,0.8499,http://data.europa.eu/esco/skill/7d0f33ea-e724-4d77-8b75-ee4fe66bb9ba
EPN,Escuela Politécnica Nacional,Ingenieria Agroindustria,7,realizar todas las actividades de ingeniería de procesos,skill/competence,cross-sector,0.8497,http://data.europa.eu/esco/skill/8b9d609a-6d62-4d5c-9133-01d41979cfac
EPN,Escuela Politécnica Nacional,Ingenieria Agroindustria,8,diseñar escombreras de minas,skill/competence,cross-sector,0.8496,http://data.europa.eu/esco/skill/cfbe1cdb-1738-45a1-b442-75cbda1fff06
EPN,Escuela Politécnica Nacional,Ingenieria Agroindustria,9,tener competencias informáticas,skill/competence,cross-sector,0.8495,http://data.europa.eu/esco/skill/d15ce60f-ddab-41ce-ba56-398451b77b60
EPN,Escuela Politécnica Nacional,Ingenieria Agroindustria,10,gestionar el impacto medioambiental de las operaciones,skill/competence,cross-sector,0.8493,http://data.europa.eu/esco/skill/d86babea-bf8b-4552-81a8-daf706066ad6
EPN,Escuela Politécnica Nacional,Ingenieria Agroindustria,11,demostrar voluntad de aprender,skill/competence,transversal,0.8483,http://data.europa.eu/esco/skill/9bf266a6-188b-4d17-a22f-2f266d76832b
EPN,Escuela Politécnica Nacional,Ingenieria Agroindustria,12,coordinar equipos de ingeniería,skill/competence,cross-sector,0.8478,http://data.europa.eu/esco/skill/7af6e9e8-1e11-4c0b-b7c6-ac96bbbbc674
EPN,Escuela Politécnica Nacional,Ingenieria Agroindustria,13,examinar principios de ingeniería,skill/competence,cross-sector,0.847,http://data.europa.eu/esco/skill/8bc1c7da-c832-4896-a441-30d087c46aad
EPN,Escuela Politécnica Nacional,Ingenieria Agroindustria,14,ingeniería ambiental,knowledge,cross-sector,0.8465,http://data.europa.eu/esco/skill/b1b118c4-3291-484e-b64d-6d51fd5da8b3
EPN,Escuela Politécnica Nacional,Ingenieria Agroindustria,15,cumplir los compromisos,skill/competence,transversal,0.8463,http://data.europa.eu/esco/skill/113b4428-0a31-4199-8496-070af7854b91
EPN,Escuela Politécnica Nacional,Ingenieria Agroindustria,16,evaluar el impacto ambiental de yacimientos y zonas industriales,skill/competence,cross-sector,0.8455,http://data.europa.eu/esco/skill/f12f094b-492f-4e88-b36b-50b8e58b7500
EPN,Escuela Politécnica Nacional,Ingenieria Agroindustria,17,gestionar empresas de producción,skill/competence,cross-sector,0.8448,http://data.europa.eu/esco/skill/435d1751-8667-41ec-8b32-865b7cd3c684
EPN,Escuela Politécnica Nacional,Ingenieria Agroindustria,18,respetar indicaciones de las recetas,skill/competence,cross-sector,0.8443,http://data.europa.eu/esco/skill/a0d96ce8-aeeb-4ffb-bd78-21c0598179ff
EPN,Escuela Politécnica Nacional,Ingenieria Agroindustria,19,mantenerse al día sobre las innovaciones en el ámbito empresarial,skill/competence,cross-sector,0.844,http://data.europa.eu/esco/skill/7f70572d-f0c1-4039-9954-b57dc69981f6
EPN,Escuela Politécnica Nacional,Ingenieria Agroindustria,20,tener conciencia de los riesgos sanitarios,skill/competence,transversal,0.844,http://data.europa.eu/esco/skill/c4180af3-befd-4bd8-9a65-6a496f9d9f15
EPN,Escuela Politécnica Nacional,Ingenieria Agroindustria,21,trabajar de forma organizada,skill/competence,cross-sector,0.843,http://data.europa.eu/esco/skill/1258cc12-37bb-4a12-b219-9c3d6b294533
EPN,Escuela Politécnica Nacional,Ingenieria Agroindustria,22,trabajar de forma organizada,skill/competence,cross-sector,0.843,http://data.europa.eu/esco/skill/1258cc12-37bb-4a12-b219-9c3d6b294533
EPN,Escuela Politécnica Nacional,Ingenieria Agroindustria,23,garantizar la seguridad en el zona de producción,skill/competence,cross-sector,0.8425,http://data.europa.eu/esco/skill/ab239c75-dfcc-4f6c-9d11-75bb78049afc
EPN,Escuela Politécnica Nacional,Ingenieria Agroindustria,24,interpretar las interfaces de comunicación gráfica,skill/competence,cross-sector,0.8421,http://data.europa.eu/esco/skill/ea99e1f2-ad03-4bb3-8960-1227fc76bb2a
EPN,Escuela Politécnica Nacional,Ingenieria Agroindustria,25,tener espíritu emprendedor,skill/competence,transversal,0.8421,http://data.europa.eu/esco/skill/bdcf429c-5ccf-4c3d-bb61-4c987573a35e
EPN,Escuela Politécnica Nacional,Ingenieria Ambiental,1,ingeniería ambiental,knowledge,cross-sector,0.8537,http://data.europa.eu/esco/skill/b1b118c4-3291-484e-b64d-6d51fd5da8b3
EPN,Escuela Politécnica Nacional,Ingenieria Ambiental,2,diseñar escombreras de minas,skill/competence,cross-sector,0.8466,http://data.europa.eu/esco/skill/cfbe1cdb-1738-45a1-b442-75cbda1fff06
EPN,Escuela Politécnica Nacional,Ingenieria Ambiental,3,aplicar medidas de protección del medioambiente,skill/competence,cross-sector,0.8461,http://data.europa.eu/esco/skill/f6d7ba88-5234-4994-944d-843ca453c923
EPN,Escuela Politécnica Nacional,Ingenieria Ambiental,4,realizar auditorías ambientales,skill/competence,cross-sector,0.8456,http://data.europa.eu/esco/skill/60ab2bf7-c812-4a88-86c0-7c81a9b2f77c
EPN,Escuela Politécnica Nacional,Ingenieria Ambiental,5,gestionar el impacto medioambiental de las operaciones,skill/competence,cross-sector,0.8446,http://data.europa.eu/esco/skill/d86babea-bf8b-4552-81a8-daf706066ad6
EPN,Escuela Politécnica Nacional,Ingenieria Ambiental,6,sensibilizar sobre el medioambiente,skill/competence,cross-sector,0.8433,http://data.europa.eu/esco/skill/8abdc43c-2bfd-417c-97c2-27fcdaf53171
EPN,Escuela Politécnica Nacional,Ingenieria Ambiental,7,legislación ambiental en materia de agricultura y silvicultura,knowledge,cross-sector,0.8419,http://data.europa.eu/esco/skill/3419fac9-575d-4492-a018-edff6f4dae26
EPN,Escuela Politécnica Nacional,Ingenieria Ambiental,8,aplicar la gestión de conflictos,skill/competence,cross-sector,0.8415,http://data.europa.eu/esco/skill/0ee94af1-b445-4973-9c3f-459fab250342
EPN,Escuela Politécnica Nacional,Ingenieria Ambiental,9,evaluar el impacto ambiental de yacimientos y zonas industriales,skill/competence,cross-sector,0.841,http://data.europa.eu/esco/skill/f12f094b-492f-4e88-b36b-50b8e58b7500
EPN,Escuela Politécnica Nacional,Ingenieria Ambiental,10,realizar actividades de limpieza de forma respetuosa con el medioambiente,skill/competence,cross-sector,0.8397,http://data.europa.eu/esco/skill/4fb7f781-9362-426a-9eb6-65c360f83e31
EPN,Escuela Politécnica Nacional,Ingenieria Ambiental,11,"aplicar conocimientos científicos, tecnológicos y de ingeniería",skill/competence,transversal,0.8396,http://data.europa.eu/esco/skill/5c3ab99d-a3f1-4620-9602-d12d2151a03d
EPN,Escuela Politécnica Nacional,Ingenieria Ambiental,12,asesorar sobre sistemas de gestión de riesgos ambientales,skill/competence,cross-sector,0.8396,http://data.europa.eu/esco/skill/a366bfc5-8d17-4792-a9f0-db0951528dda
EPN,Escuela Politécnica Nacional,Ingenieria Ambiental,13,supervisar el funcionamiento de los equipos,skill/competence,cross-sector,0.8377,http://data.europa.eu/esco/skill/ca17f0df-59e4-4ed2-9360-fc5325bc7151
EPN,Escuela Politécnica Nacional,Ingenieria Ambiental,14,coordinar equipos de ingeniería,skill/competence,cross-sector,0.8373,http://data.europa.eu/esco/skill/7af6e9e8-1e11-4c0b-b7c6-ac96bbbbc674
EPN,Escuela Politécnica Nacional,Ingenieria Ambiental,15,tener conciencia de los riesgos sanitarios,skill/competence,transversal,0.8369,http://data.europa.eu/esco/skill/c4180af3-befd-4bd8-9a65-6a496f9d9f15
EPN,Escuela Politécnica Nacional,Ingenieria Ambiental,16,realizar procedimientos de análisis de agua,skill/competence,cross-sector,0.8361,http://data.europa.eu/esco/skill/e80f9e50-71ff-4bb7-8b7d-eb232685d17f
EPN,Escuela Politécnica Nacional,Ingenieria Ambiental,17,garantizar el cumplimiento de la legislación ambiental,skill/competence,cross-sector,0.835,http://data.europa.eu/esco/skill/089ee650-297e-4716-87d1-440743b70a0d
EPN,Escuela Politécnica Nacional,Ingenieria Ambiental,18,gestionar recursos humanos,skill/competence,cross-sector,0.8349,http://data.europa.eu/esco/skill/339ac029-066a-4985-9f9d-b3d7c8fea0bb
EPN,Escuela Politécnica Nacional,Ingenieria Ambiental,19,gestionar impacto ambiental,skill/competence,cross-sector,0.8347,http://data.europa.eu/esco/skill/d3a8ef9c-8572-438c-91dc-010537070be3
EPN,Escuela Politécnica Nacional,Ingenieria Ambiental,20,tener competencias informáticas,skill/competence,cross-sector,0.8345,http://data.europa.eu/esco/skill/d15ce60f-ddab-41ce-ba56-398451b77b60
EPN,Escuela Politécnica Nacional,Ingenieria Ambiental,21,actuar de enlace con profesionales del sector,skill/competence,cross-sector,0.8342,http://data.europa.eu/esco/skill/d1317634-ccea-44d0-9cdc-c863f9bf856b
EPN,Escuela Politécnica Nacional,Ingenieria Ambiental,22,asesorar sobre recuperación ambiental,skill/competence,cross-sector,0.8334,http://data.europa.eu/esco/skill/b422efe7-b151-4120-86ae-db11a48dd0fa
EPN,Escuela Politécnica Nacional,Ingenieria Ambiental,23,redactar informes de inspección,skill/competence,cross-sector,0.8318,http://data.europa.eu/esco/skill/cdd2b6cc-b4a9-42a0-824b-766f52176fd3
EPN,Escuela Politécnica Nacional,Ingenieria Ambiental,24,realizar trabajos técnicos difíciles,skill/competence,cross-sector,0.8318,http://data.europa.eu/esco/skill/2d780738-9b34-40a3-adbb-590001f6ff86
EPN,Escuela Politécnica Nacional,Ingenieria Ambiental,25,desenvolverse bien en entornos de riesgo,skill/competence,cross-sector,0.8315,http://data.europa.eu/esco/skill/6dce7757-c416-4cec-bd2e-9f2319438c48
EPN,Escuela Politécnica Nacional,Ciencias De Datos E Inteligencia Artificial,1,demostrar conocimientos especializados sobre una disciplina,skill/competence,cross-sector,0.8607,http://data.europa.eu/esco/skill/4134622c-c3fb-4a41-beb6-6d58ba5107db
EPN,Escuela Politécnica Nacional,Ciencias De Datos E Inteligencia Artificial,2,gestionar datos de investigación,skill/competence,cross-sector,0.8524,http://data.europa.eu/esco/skill/08b04e53-ed25-41a2-9f90-0b9cd939ba3d
EPN,Escuela Politécnica Nacional,Ciencias De Datos E Inteligencia Artificial,3,crear una red profesional con investigadores y científicos,skill/competence,cross-sector,0.8432,http://data.europa.eu/esco/skill/cc61f9e5-d4fc-470e-8606-1ce865ff8386
EPN,Escuela Politécnica Nacional,Ciencias De Datos E Inteligencia Artificial,4,gestionar recursos humanos,skill/competence,cross-sector,0.8431,http://data.europa.eu/esco/skill/339ac029-066a-4985-9f9d-b3d7c8fea0bb
EPN,Escuela Politécnica Nacional,Ciencias De Datos E Inteligencia Artificial,5,realizar trabajos técnicos difíciles,skill/competence,cross-sector,0.8418,http://data.europa.eu/esco/skill/2d780738-9b34-40a3-adbb-590001f6ff86
EPN,Escuela Politécnica Nacional,Ciencias De Datos E Inteligencia Artificial,6,tener competencias informáticas,skill/competence,cross-sector,0.84,http://data.europa.eu/esco/skill/d15ce60f-ddab-41ce-ba56-398451b77b60
EPN,Escuela Politécnica Nacional,Ciencias De Datos E Inteligencia Artificial,7,gestionar un equipo,skill/competence,cross-sector,0.8375,http://data.europa.eu/esco/skill/cb668e89-6ef5-4ff3-ab4a-506010e7e70b
EPN,Escuela Politécnica Nacional,Ciencias De Datos E Inteligencia Artificial,8,crear soluciones para problemas informativos,skill/competence,cross-sector,0.8364,http://data.europa.eu/esco/skill/4539aeca-b56f-4d03-ba86-8f675a7f2536
EPN,Escuela Politécnica Nacional,Ciencias De Datos E Inteligencia Artificial,9,demostrar voluntad de aprender,skill/competence,transversal,0.8356,http://data.europa.eu/esco/skill/9bf266a6-188b-4d17-a22f-2f266d76832b
EPN,Escuela Politécnica Nacional,Ciencias De Datos E Inteligencia Artificial,10,interpretar datos científicos para determinar la calidad del agua,skill/competence,cross-sector,0.8355,http://data.europa.eu/esco/skill/07ec6866-d283-46a6-991c-e8ce0c6fc159
EPN,Escuela Politécnica Nacional,Ciencias De Datos E Inteligencia Artificial,11,aplicar conocimientos de ciencias sociales y humanidades,skill/competence,transversal,0.8354,http://data.europa.eu/esco/skill/deb3c1bc-d48a-42e6-b0cc-cb238534ec28
EPN,Escuela Politécnica Nacional,Ciencias De Datos E Inteligencia Artificial,12,"aplicar conocimientos científicos, tecnológicos y de ingeniería",skill/competence,transversal,0.8348,http://data.europa.eu/esco/skill/5c3ab99d-a3f1-4620-9602-d12d2151a03d
EPN,Escuela Politécnica Nacional,Ciencias De Datos E Inteligencia Artificial,13,realizar búsquedas en internet,skill/competence,transversal,0.8347,http://data.europa.eu/esco/skill/ba93b71b-c433-4a01-8246-ed2daa85a9a2
EPN,Escuela Politécnica Nacional,Ciencias De Datos E Inteligencia Artificial,14,llevar a cabo investigaciones científicas,skill/competence,cross-sector,0.8346,http://data.europa.eu/esco/skill/4fabca9a-7435-4f33-b1da-3cdb00340fdc
EPN,Escuela Politécnica Nacional,Ciencias De Datos E Inteligencia Artificial,15,realizar cálculos,skill/competence,transversal,0.8343,http://data.europa.eu/esco/skill/19ba11f3-9c99-41fd-a7c9-f77e6a026186
EPN,Escuela Politécnica Nacional,Ciencias De Datos E Inteligencia Artificial,16,coordinar equipos de ingeniería,skill/competence,cross-sector,0.8339,http://data.europa.eu/esco/skill/7af6e9e8-1e11-4c0b-b7c6-ac96bbbbc674
EPN,Escuela Politécnica Nacional,Ciencias De Datos E Inteligencia Artificial,17,aplicar competencias matemáticas,skill/competence,cross-sector,0.8337,http://data.europa.eu/esco/skill/5dd01a1e-7ba0-4b7f-a76c-ed811c12bfde
EPN,Escuela Politécnica Nacional,Ciencias De Datos E Inteligencia Artificial,18,analizar modelos de negocio,skill/competence,cross-sector,0.8335,http://data.europa.eu/esco/skill/3c1cbc5e-2220-4f45-bcc8-3d52c8c9cae0
EPN,Escuela Politécnica Nacional,Ciencias De Datos E Inteligencia Artificial,19,preparar informes sobre asuntos relacionados con el trabajo,skill/competence,cross-sector,0.8333,http://data.europa.eu/esco/skill/918f5211-b99f-4b29-9a34-6e475583ef55
EPN,Escuela Politécnica Nacional,Ciencias De Datos E Inteligencia Artificial,20,utilizar servicios electrónicos,skill/competence,cross-sector,0.8331,http://data.europa.eu/esco/skill/16a00c69-9c74-4c37-96d7-6301d285e5ce
EPN,Escuela Politécnica Nacional,Ciencias De Datos E Inteligencia Artificial,21,recabar datos biológicos,skill/competence,cross-sector,0.833,http://data.europa.eu/esco/skill/e3fcd642-5f9c-48ee-be58-258dd895d281
EPN,Escuela Politécnica Nacional,Ciencias De Datos E Inteligencia Artificial,22,aplicar la gestión de conflictos,skill/competence,cross-sector,0.8327,http://data.europa.eu/esco/skill/0ee94af1-b445-4973-9c3f-459fab250342
EPN,Escuela Politécnica Nacional,Ciencias De Datos E Inteligencia Artificial,23,analizar datos científicos,skill/competence,cross-sector,0.8326,http://data.europa.eu/esco/skill/36ff57b0-637d-4a83-a0e8-d14f86f9f078
EPN,Escuela Politécnica Nacional,Ciencias De Datos E Inteligencia Artificial,24,utilizar herramientas tecnológicas en criminalística,skill/competence,cross-sector,0.8323,http://data.europa.eu/esco/skill/45a16833-6666-488d-aadf-e02e569275e8
EPN,Escuela Politécnica Nacional,Ciencias De Datos E Inteligencia Artificial,25,desenvolverse bien en entornos de riesgo,skill/competence,cross-sector,0.8322,http://data.europa.eu/esco/skill/6dce7757-c416-4cec-bd2e-9f2319438c48
EPN,Escuela Politécnica Nacional,Ingenieria En Ciencias De La Computacion,1,tener competencias informáticas,skill/competence,cross-sector,0.8571,http://data.europa.eu/esco/skill/d15ce60f-ddab-41ce-ba56-398451b77b60
EPN,Escuela Politécnica Nacional,Ingenieria En Ciencias De La Computacion,2,utilizar servicios electrónicos,skill/competence,cross-sector,0.8528,http://data.europa.eu/esco/skill/16a00c69-9c74-4c37-96d7-6301d285e5ce
EPN,Escuela Politécnica Nacional,Ingenieria En Ciencias De La Computacion,3,ejecutar cálculos matemáticos analíticos,skill/competence,cross-sector,0.8526,http://data.europa.eu/esco/skill/31c69100-b612-4a61-8db5-fd314318854c
EPN,Escuela Politécnica Nacional,Ingenieria En Ciencias De La Computacion,4,aplicar competencias matemáticas,skill/competence,cross-sector,0.8507,http://data.europa.eu/esco/skill/5dd01a1e-7ba0-4b7f-a76c-ed811c12bfde
EPN,Escuela Politécnica Nacional,Ingenieria En Ciencias De La Computacion,5,aplicar la gestión de conflictos,skill/competence,cross-sector,0.8472,http://data.europa.eu/esco/skill/0ee94af1-b445-4973-9c3f-459fab250342
EPN,Escuela Politécnica Nacional,Ingenieria En Ciencias De La Computacion,6,demostrar conocimientos especializados sobre una disciplina,skill/competence,cross-sector,0.8461,http://data.europa.eu/esco/skill/4134622c-c3fb-4a41-beb6-6d58ba5107db
EPN,Escuela Politécnica Nacional,Ingenieria En Ciencias De La Computacion,7,aplicar medidas de protección del medioambiente,skill/competence,cross-sector,0.846,http://data.europa.eu/esco/skill/f6d7ba88-5234-4994-944d-843ca453c923
EPN,Escuela Politécnica Nacional,Ingenieria En Ciencias De La Computacion,8,utilizar las tecnologías digitales con creatividad,skill/competence,cross-sector,0.8442,http://data.europa.eu/esco/skill/1a4cc54f-1e53-442b-a6d2-1682dc8ef8f9
EPN,Escuela Politécnica Nacional,Ingenieria En Ciencias De La Computacion,9,calcular con exactitud las horas de trabajo,skill/competence,cross-sector,0.843,http://data.europa.eu/esco/skill/bd556223-d9af-434b-a6bf-e70fa3ed3d12
EPN,Escuela Politécnica Nacional,Ingenieria En Ciencias De La Computacion,10,crear soluciones para problemas,skill/competence,cross-sector,0.8423,http://data.europa.eu/esco/skill/03b9b491-fc9b-4868-914a-bf7cd47b5041
EPN,Escuela Politécnica Nacional,Ingenieria En Ciencias De La Computacion,11,gestionar recursos humanos,skill/competence,cross-sector,0.8418,http://data.europa.eu/esco/skill/339ac029-066a-4985-9f9d-b3d7c8fea0bb
EPN,Escuela Politécnica Nacional,Ingenieria En Ciencias De La Computacion,12,"aplicar conocimientos científicos, tecnológicos y de ingeniería",skill/competence,transversal,0.8418,http://data.europa.eu/esco/skill/5c3ab99d-a3f1-4620-9602-d12d2151a03d
EPN,Escuela Politécnica Nacional,Ingenieria En Ciencias De La Computacion,13,gestionar un equipo,skill/competence,cross-sector,0.8416,http://data.europa.eu/esco/skill/cb668e89-6ef5-4ff3-ab4a-506010e7e70b
EPN,Escuela Politécnica Nacional,Ingenieria En Ciencias De La Computacion,14,aplicar conocimientos de ciencias sociales y humanidades,skill/competence,transversal,0.8416,http://data.europa.eu/esco/skill/deb3c1bc-d48a-42e6-b0cc-cb238534ec28
EPN,Escuela Politécnica Nacional,Ingenieria En Ciencias De La Computacion,15,realizar trabajos técnicos difíciles,skill/competence,cross-sector,0.8412,http://data.europa.eu/esco/skill/2d780738-9b34-40a3-adbb-590001f6ff86
EPN,Escuela Politécnica Nacional,Ingenieria En Ciencias De La Computacion,16,crear soluciones para problemas informativos,skill/competence,cross-sector,0.8407,http://data.europa.eu/esco/skill/4539aeca-b56f-4d03-ba86-8f675a7f2536
EPN,Escuela Politécnica Nacional,Ingenieria En Ciencias De La Computacion,17,utilizar modelos informáticos especializados para predecir el tiempo,skill/competence,cross-sector,0.8391,http://data.europa.eu/esco/skill/206f5738-e91f-4390-84a2-fcb864bc11b1
EPN,Escuela Politécnica Nacional,Ingenieria En Ciencias De La Computacion,18,tener conciencia de los riesgos sanitarios,skill/competence,transversal,0.8388,http://data.europa.eu/esco/skill/c4180af3-befd-4bd8-9a65-6a496f9d9f15
EPN,Escuela Politécnica Nacional,Ingenieria En Ciencias De La Computacion,19,aplicar conocimientos sobre el comportamiento humano,skill/competence,cross-sector,0.8385,http://data.europa.eu/esco/skill/a0e23745-6ba4-45e2-9510-df6e71ed1230
EPN,Escuela Politécnica Nacional,Ingenieria En Ciencias De La Computacion,20,trabajar de forma organizada,skill/competence,cross-sector,0.8383,http://data.europa.eu/esco/skill/1258cc12-37bb-4a12-b219-9c3d6b294533
EPN,Escuela Politécnica Nacional,Ingenieria En Ciencias De La Computacion,21,trabajar de forma organizada,skill/competence,cross-sector,0.8383,http://data.europa.eu/esco/skill/1258cc12-37bb-4a12-b219-9c3d6b294533
EPN,Escuela Politécnica Nacional,Ingenieria En Ciencias De La Computacion,22,cumplir los compromisos,skill/competence,transversal,0.8379,http://data.europa.eu/esco/skill/113b4428-0a31-4199-8496-070af7854b91
EPN,Escuela Politécnica Nacional,Ingenieria En Ciencias De La Computacion,23,realizar cálculos,skill/competence,transversal,0.8377,http://data.europa.eu/esco/skill/19ba11f3-9c99-41fd-a7c9-f77e6a026186
EPN,Escuela Politécnica Nacional,Ingenieria En Ciencias De La Computacion,24,resolver problemas,skill/competence,transversal,0.8377,http://data.europa.eu/esco/skill/adc6dc11-3376-467b-96c5-9b0a21edc869
EPN,Escuela Politécnica Nacional,Ingenieria En Ciencias De La Computacion,25,crear una red profesional con investigadores y científicos,skill/competence,cross-sector,0.8372,http://data.europa.eu/esco/skill/cc61f9e5-d4fc-470e-8606-1ce865ff8386
EPN,Escuela Politécnica Nacional,Economia,1,predecir tendencias económicas,skill/competence,cross-sector,0.8302,http://data.europa.eu/esco/skill/f2a34d6b-131a-4b8f-a110-898b9c91d18f
EPN,Escuela Politécnica Nacional,Economia,2,analizar modelos de negocio,skill/competence,cross-sector,0.8286,http://data.europa.eu/esco/skill/3c1cbc5e-2220-4f45-bcc8-3d52c8c9cae0
EPN,Escuela Politécnica Nacional,Economia,3,actuar de enlace con profesionales del sector,skill/competence,cross-sector,0.828,http://data.europa.eu/esco/skill/d1317634-ccea-44d0-9cdc-c863f9bf856b
EPN,Escuela Politécnica Nacional,Economia,4,aplicar medidas de protección del medioambiente,skill/competence,cross-sector,0.8276,http://data.europa.eu/esco/skill/f6d7ba88-5234-4994-944d-843ca453c923
EPN,Escuela Politécnica Nacional,Economia,5,demostrar voluntad de aprender,skill/competence,transversal,0.8274,http://data.europa.eu/esco/skill/9bf266a6-188b-4d17-a22f-2f266d76832b
EPN,Escuela Politécnica Nacional,Economia,6,realizar cálculos,skill/competence,transversal,0.8273,http://data.europa.eu/esco/skill/19ba11f3-9c99-41fd-a7c9-f77e6a026186
EPN,Escuela Politécnica Nacional,Economia,7,gestionar recursos humanos,skill/competence,cross-sector,0.8264,http://data.europa.eu/esco/skill/339ac029-066a-4985-9f9d-b3d7c8fea0bb
EPN,Escuela Politécnica Nacional,Economia,8,planificar procesos de fabricación,skill/competence,cross-sector,0.8264,http://data.europa.eu/esco/skill/7d0f33ea-e724-4d77-8b75-ee4fe66bb9ba
EPN,Escuela Politécnica Nacional,Economia,9,aplicar conocimientos de ciencias sociales y humanidades,skill/competence,transversal,0.8262,http://data.europa.eu/esco/skill/deb3c1bc-d48a-42e6-b0cc-cb238534ec28
EPN,Escuela Politécnica Nacional,Economia,10,aplicar competencias matemáticas,skill/competence,cross-sector,0.8258,http://data.europa.eu/esco/skill/5dd01a1e-7ba0-4b7f-a76c-ed811c12bfde
EPN,Escuela Politécnica Nacional,Economia,11,analizar las tendencias del mercado de la energía,skill/competence,cross-sector,0.8258,http://data.europa.eu/esco/skill/28878fd9-9a17-452a-b3b8-5db5c63d7905
EPN,Escuela Politécnica Nacional,Economia,12,"aplicar conocimientos científicos, tecnológicos y de ingeniería",skill/competence,transversal,0.8257,http://data.europa.eu/esco/skill/5c3ab99d-a3f1-4620-9602-d12d2151a03d
EPN,Escuela Politécnica Nacional,Economia,13,analizar las tendencias económicas,skill/competence,cross-sector,0.8249,http://data.europa.eu/esco/skill/5f302d63-048e-451c-b150-97c124a5a26b
EPN,Escuela Politécnica Nacional,Economia,14,gestionar empresas de producción,skill/competence,cross-sector,0.8239,http://data.europa.eu/esco/skill/435d1751-8667-41ec-8b32-865b7cd3c684
EPN,Escuela Politécnica Nacional,Economia,15,pronosticar niveles futuros de desarrollo empresarial,skill/competence,cross-sector,0.8237,http://data.europa.eu/esco/skill/ab167ae1-dfd8-4607-8dc4-d6d500622e1d
EPN,Escuela Politécnica Nacional,Economia,16,realizar investigación estratégica,skill/competence,cross-sector,0.8236,http://data.europa.eu/esco/skill/0aa02c52-077d-45f8-8c2d-7132c11ac16e
EPN,Escuela Politécnica Nacional,Economia,17,ejecutar cálculos matemáticos analíticos,skill/competence,cross-sector,0.8232,http://data.europa.eu/esco/skill/31c69100-b612-4a61-8db5-fd314318854c
EPN,Escuela Politécnica Nacional,Economia,18,economía,knowledge,cross-sector,0.8231,http://data.europa.eu/esco/skill/88af9294-b697-4687-ae19-aefbb6234dfa
EPN,Escuela Politécnica Nacional,Economia,19,utilizar servicios electrónicos,skill/competence,cross-sector,0.8228,http://data.europa.eu/esco/skill/16a00c69-9c74-4c37-96d7-6301d285e5ce
EPN,Escuela Politécnica Nacional,Economia,20,desarrollar un plan de formación en línea,skill/competence,cross-sector,0.8227,http://data.europa.eu/esco/skill/8a6394d1-f44f-4b0d-81d5-7201fc025ba8
EPN,Escuela Politécnica Nacional,Economia,21,elaborar políticas de economía,skill/competence,cross-sector,0.8226,http://data.europa.eu/esco/skill/8394fefb-f62a-48c0-a156-3117cefdb9b3
EPN,Escuela Politécnica Nacional,Economia,22,elaborar software estadístico,skill/competence,cross-sector,0.8222,http://data.europa.eu/esco/skill/bb165899-d95f-4433-95f2-173fefd716d2
EPN,Escuela Politécnica Nacional,Economia,23,tener conciencia de los riesgos sanitarios,skill/competence,transversal,0.8221,http://data.europa.eu/esco/skill/c4180af3-befd-4bd8-9a65-6a496f9d9f15
EPN,Escuela Politécnica Nacional,Economia,24,coordinar con expertos ferroviarios,skill/competence,cross-sector,0.8221,http://data.europa.eu/esco/skill/6172948e-5d52-4f94-a617-278a9013a8ae
EPN,Escuela Politécnica Nacional,Economia,25,adaptar niveles de producción,skill/competence,cross-sector,0.8219,http://data.europa.eu/esco/skill/6e9aaf01-f2a4-4405-9733-29dc9825efa9
EPN,Escuela Politécnica Nacional,Ingenieria En Electricidad,1,evaluar las necesidades energéticas,skill/competence,cross-sector,0.8457,http://data.europa.eu/esco/skill/36fccad9-1d20-4104-bcc2-a8ea9d1ce5ea
EPN,Escuela Politécnica Nacional,Ingenieria En Electricidad,2,planificar procesos de fabricación,skill/competence,cross-sector,0.8415,http://data.europa.eu/esco/skill/7d0f33ea-e724-4d77-8b75-ee4fe66bb9ba
EPN,Escuela Politécnica Nacional,Ingenieria En Electricidad,3,realizar actividades de gestión energética en instalaciones,skill/competence,cross-sector,0.8411,http://data.europa.eu/esco/skill/885808f7-f42b-406e-95f2-28efcd45ddda
EPN,Escuela Politécnica Nacional,Ingenieria En Electricidad,4,supervisar el funcionamiento de los equipos,skill/competence,cross-sector,0.8398,http://data.europa.eu/esco/skill/ca17f0df-59e4-4ed2-9360-fc5325bc7151
EPN,Escuela Politécnica Nacional,Ingenieria En Electricidad,5,legislación ambiental en materia de agricultura y silvicultura,knowledge,cross-sector,0.8377,http://data.europa.eu/esco/skill/3419fac9-575d-4492-a018-edff6f4dae26
EPN,Escuela Politécnica Nacional,Ingenieria En Electricidad,6,aplicar medidas de protección del medioambiente,skill/competence,cross-sector,0.8368,http://data.europa.eu/esco/skill/f6d7ba88-5234-4994-944d-843ca453c923
EPN,Escuela Politécnica Nacional,Ingenieria En Electricidad,7,operar el equipo de empaquetado,skill/competence,cross-sector,0.8361,http://data.europa.eu/esco/skill/f8cd217b-b870-42aa-9bbe-d36b672cbb65
EPN,Escuela Politécnica Nacional,Ingenieria En Electricidad,8,realizar trabajos técnicos difíciles,skill/competence,cross-sector,0.8355,http://data.europa.eu/esco/skill/2d780738-9b34-40a3-adbb-590001f6ff86
EPN,Escuela Politécnica Nacional,Ingenieria En Electricidad,9,"aplicar conocimientos científicos, tecnológicos y de ingeniería",skill/competence,transversal,0.8355,http://data.europa.eu/esco/skill/5c3ab99d-a3f1-4620-9602-d12d2151a03d
EPN,Escuela Politécnica Nacional,Ingenieria En Electricidad,10,mantener motores eléctricos,skill/competence,cross-sector,0.8349,http://data.europa.eu/esco/skill/2876970d-90af-45bd-9cfd-c0af757947ea
EPN,Escuela Politécnica Nacional,Ingenieria En Electricidad,11,desenvolverse bien en entornos de riesgo,skill/competence,cross-sector,0.8339,http://data.europa.eu/esco/skill/6dce7757-c416-4cec-bd2e-9f2319438c48
EPN,Escuela Politécnica Nacional,Ingenieria En Electricidad,12,gestionar empresas de producción,skill/competence,cross-sector,0.8329,http://data.europa.eu/esco/skill/435d1751-8667-41ec-8b32-865b7cd3c684
EPN,Escuela Politécnica Nacional,Ingenieria En Electricidad,13,diseñar sistemas electrónicos,skill/competence,cross-sector,0.8329,http://data.europa.eu/esco/skill/feb717ff-fba6-4a91-aa10-ee11cf2da6b4
EPN,Escuela Politécnica Nacional,Ingenieria En Electricidad,14,realizar auditorías ambientales,skill/competence,cross-sector,0.8313,http://data.europa.eu/esco/skill/60ab2bf7-c812-4a88-86c0-7c81a9b2f77c
EPN,Escuela Politécnica Nacional,Ingenieria En Electricidad,15,analizar las tendencias del mercado de la energía,skill/competence,cross-sector,0.8312,http://data.europa.eu/esco/skill/28878fd9-9a17-452a-b3b8-5db5c63d7905
EPN,Escuela Politécnica Nacional,Ingenieria En Electricidad,16,tener conciencia de los riesgos sanitarios,skill/competence,transversal,0.8311,http://data.europa.eu/esco/skill/c4180af3-befd-4bd8-9a65-6a496f9d9f15
EPN,Escuela Politécnica Nacional,Ingenieria En Electricidad,17,utilizar modelos informáticos especializados para predecir el tiempo,skill/competence,cross-sector,0.8304,http://data.europa.eu/esco/skill/206f5738-e91f-4390-84a2-fcb864bc11b1
EPN,Escuela Politécnica Nacional,Ingenieria En Electricidad,18,diseñar escombreras de minas,skill/competence,cross-sector,0.8301,http://data.europa.eu/esco/skill/cfbe1cdb-1738-45a1-b442-75cbda1fff06
EPN,Escuela Politécnica Nacional,Ingenieria En Electricidad,19,gestionar un equipo,skill/competence,cross-sector,0.8298,http://data.europa.eu/esco/skill/cb668e89-6ef5-4ff3-ab4a-506010e7e70b
EPN,Escuela Politécnica Nacional,Ingenieria En Electricidad,20,realizar investigación estratégica,skill/competence,cross-sector,0.8296,http://data.europa.eu/esco/skill/0aa02c52-077d-45f8-8c2d-7132c11ac16e
EPN,Escuela Politécnica Nacional,Ingenieria En Electricidad,21,elaborar estrategias para resolver problemas,skill/competence,cross-sector,0.8293,http://data.europa.eu/esco/skill/7a8fb784-67fa-41e9-a75c-6b491d91f800
EPN,Escuela Politécnica Nacional,Ingenieria En Electricidad,22,analizar modelos de negocio,skill/competence,cross-sector,0.8292,http://data.europa.eu/esco/skill/3c1cbc5e-2220-4f45-bcc8-3d52c8c9cae0
EPN,Escuela Politécnica Nacional,Ingenieria En Electricidad,23,gestionar la recepción de suministros eléctricos,skill/competence,cross-sector,0.829,http://data.europa.eu/esco/skill/c796e1fa-cbbd-4639-b8d9-cbcdc130c7a2
EPN,Escuela Politécnica Nacional,Ingenieria En Electricidad,24,desarrollar conceptos de ahorro de energía,skill/competence,cross-sector,0.829,http://data.europa.eu/esco/skill/0037c821-2898-4919-b96e-7ed1cd89554c
EPN,Escuela Politécnica Nacional,Ingenieria En Electricidad,25,controlar maquinaria pesada,skill/competence,cross-sector,0.8289,http://data.europa.eu/esco/skill/4853efe8-0cdd-42d1-bc5a-6ba5fa9a8b2c
EPN,Escuela Politécnica Nacional,Ingenieria En Electronica Y Automatizacion,1,aplicar medidas de protección del medioambiente,skill/competence,cross-sector,0.8673,http://data.europa.eu/esco/skill/f6d7ba88-5234-4994-944d-843ca453c923
EPN,Escuela Politécnica Nacional,Ingenieria En Electronica Y Automatizacion,2,demostrar conocimientos especializados sobre una disciplina,skill/competence,cross-sector,0.8614,http://data.europa.eu/esco/skill/4134622c-c3fb-4a41-beb6-6d58ba5107db
EPN,Escuela Politécnica Nacional,Ingenieria En Electronica Y Automatizacion,3,aplicar la gestión de conflictos,skill/competence,cross-sector,0.8614,http://data.europa.eu/esco/skill/0ee94af1-b445-4973-9c3f-459fab250342
EPN,Escuela Politécnica Nacional,Ingenieria En Electronica Y Automatizacion,4,gestionar un equipo,skill/competence,cross-sector,0.8596,http://data.europa.eu/esco/skill/cb668e89-6ef5-4ff3-ab4a-506010e7e70b
EPN,Escuela Politécnica Nacional,Ingenieria En Electronica Y Automatizacion,5,demostrar voluntad de aprender,skill/competence,transversal,0.8587,http://data.europa.eu/esco/skill/9bf266a6-188b-4d17-a22f-2f266d76832b
EPN,Escuela Politécnica Nacional,Ingenieria En Electronica Y Automatizacion,6,tener competencias informáticas,skill/competence,cross-sector,0.8578,http://data.europa.eu/esco/skill/d15ce60f-ddab-41ce-ba56-398451b77b60
EPN,Escuela Politécnica Nacional,Ingenieria En Electronica Y Automatizacion,7,realizar actividades de limpieza de forma respetuosa con el medioambiente,skill/competence,cross-sector,0.856,http://data.europa.eu/esco/skill/4fb7f781-9362-426a-9eb6-65c360f83e31
EPN,Escuela Politécnica Nacional,Ingenieria En Electronica Y Automatizacion,8,trabajar de forma organizada,skill/competence,cross-sector,0.8555,http://data.europa.eu/esco/skill/1258cc12-37bb-4a12-b219-9c3d6b294533
EPN,Escuela Politécnica Nacional,Ingenieria En Electronica Y Automatizacion,9,trabajar de forma organizada,skill/competence,cross-sector,0.8555,http://data.europa.eu/esco/skill/1258cc12-37bb-4a12-b219-9c3d6b294533
EPN,Escuela Politécnica Nacional,Ingenieria En Electronica Y Automatizacion,10,gestionar recursos humanos,skill/competence,cross-sector,0.8546,http://data.europa.eu/esco/skill/339ac029-066a-4985-9f9d-b3d7c8fea0bb
EPN,Escuela Politécnica Nacional,Ingenieria En Electronica Y Automatizacion,11,apreciar diversas expresiones culturales y artísticas,skill/competence,transversal,0.8545,http://data.europa.eu/esco/skill/98a999db-72d5-4657-a0b0-2f850afd4368
EPN,Escuela Politécnica Nacional,Ingenieria En Electronica Y Automatizacion,12,respetar los procedimientos operativos estándar,skill/competence,cross-sector,0.8545,http://data.europa.eu/esco/skill/6d7e3b0c-3995-4953-816d-cf3c5e9ffe34
EPN,Escuela Politécnica Nacional,Ingenieria En Electronica Y Automatizacion,13,tener conciencia de los riesgos sanitarios,skill/competence,transversal,0.8545,http://data.europa.eu/esco/skill/c4180af3-befd-4bd8-9a65-6a496f9d9f15
EPN,Escuela Politécnica Nacional,Ingenieria En Electronica Y Automatizacion,14,respetar las normas internas de una empresa,skill/competence,cross-sector,0.8541,http://data.europa.eu/esco/skill/f5f5b244-6cea-4fbc-8a50-8f712791bc09
EPN,Escuela Politécnica Nacional,Ingenieria En Electronica Y Automatizacion,15,preparar informes sobre asuntos relacionados con el trabajo,skill/competence,cross-sector,0.8537,http://data.europa.eu/esco/skill/918f5211-b99f-4b29-9a34-6e475583ef55
EPN,Escuela Politécnica Nacional,Ingenieria En Electronica Y Automatizacion,16,"aplicar conocimientos científicos, tecnológicos y de ingeniería",skill/competence,transversal,0.8533,http://data.europa.eu/esco/skill/5c3ab99d-a3f1-4620-9602-d12d2151a03d
EPN,Escuela Politécnica Nacional,Ingenieria En Electronica Y Automatizacion,17,resolver problemas,skill/competence,transversal,0.853,http://data.europa.eu/esco/skill/adc6dc11-3376-467b-96c5-9b0a21edc869
EPN,Escuela Politécnica Nacional,Ingenieria En Electronica Y Automatizacion,18,controlar los avances en el campo de especialidad,skill/competence,cross-sector,0.8528,http://data.europa.eu/esco/skill/23ac233d-84ad-4517-b0f5-8ca19ba2614e
EPN,Escuela Politécnica Nacional,Ingenieria En Electronica Y Automatizacion,19,colaborar con el personal técnico en producciones artísticas,skill/competence,cross-sector,0.8527,http://data.europa.eu/esco/skill/94d02529-72e1-4180-9d93-4008342ac481
EPN,Escuela Politécnica Nacional,Ingenieria En Electronica Y Automatizacion,20,desenvolverse bien en entornos de riesgo,skill/competence,cross-sector,0.8527,http://data.europa.eu/esco/skill/6dce7757-c416-4cec-bd2e-9f2319438c48
EPN,Escuela Politécnica Nacional,Ingenieria En Electronica Y Automatizacion,21,realizar trabajos técnicos difíciles,skill/competence,cross-sector,0.8524,http://data.europa.eu/esco/skill/2d780738-9b34-40a3-adbb-590001f6ff86
EPN,Escuela Politécnica Nacional,Ingenieria En Electronica Y Automatizacion,22,comunicar cuestiones técnicas a los clientes,skill/competence,cross-sector,0.8518,http://data.europa.eu/esco/skill/652da95d-b336-497a-bce5-1c29a674eecb
EPN,Escuela Politécnica Nacional,Ingenieria En Electronica Y Automatizacion,23,supervisar el funcionamiento de los equipos,skill/competence,cross-sector,0.8512,http://data.europa.eu/esco/skill/ca17f0df-59e4-4ed2-9360-fc5325bc7151
EPN,Escuela Politécnica Nacional,Ingenieria En Electronica Y Automatizacion,24,Interactuar de manera profesional en entornos de investigación y profesionales,skill/competence,cross-sector,0.8505,http://data.europa.eu/esco/skill/20a8fe89-d4eb-4698-8521-8881c13377e0
EPN,Escuela Politécnica Nacional,Ingenieria En Electronica Y Automatizacion,25,cumplir los compromisos,skill/competence,transversal,0.8505,http://data.europa.eu/esco/skill/113b4428-0a31-4199-8496-070af7854b91
EPN,Escuela Politécnica Nacional,Fisica,1,"aplicar conocimientos científicos, tecnológicos y de ingeniería",skill/competence,transversal,0.8669,http://data.europa.eu/esco/skill/5c3ab99d-a3f1-4620-9602-d12d2151a03d
EPN,Escuela Politécnica Nacional,Fisica,2,utilizar modelos informáticos especializados para predecir el tiempo,skill/competence,cross-sector,0.8492,http://data.europa.eu/esco/skill/206f5738-e91f-4390-84a2-fcb864bc11b1
EPN,Escuela Politécnica Nacional,Fisica,3,ejecutar cálculos matemáticos analíticos,skill/competence,cross-sector,0.8487,http://data.europa.eu/esco/skill/31c69100-b612-4a61-8db5-fd314318854c
EPN,Escuela Politécnica Nacional,Fisica,4,realizar trabajos técnicos difíciles,skill/competence,cross-sector,0.8448,http://data.europa.eu/esco/skill/2d780738-9b34-40a3-adbb-590001f6ff86
EPN,Escuela Politécnica Nacional,Fisica,5,aplicar competencias matemáticas,skill/competence,cross-sector,0.8395,http://data.europa.eu/esco/skill/5dd01a1e-7ba0-4b7f-a76c-ed811c12bfde
EPN,Escuela Politécnica Nacional,Fisica,6,enseñar física,skill/competence,cross-sector,0.8357,http://data.europa.eu/esco/skill/2bc7884c-0d04-4ae9-a4e5-dccd77701ba3
EPN,Escuela Politécnica Nacional,Fisica,7,proporcionar experiencia técnica,skill/competence,cross-sector,0.8353,http://data.europa.eu/esco/skill/c69587b4-05d3-45bb-b79b-9b85e6603fc2
EPN,Escuela Politécnica Nacional,Fisica,8,mecánica de los trenes,knowledge,cross-sector,0.8343,http://data.europa.eu/esco/skill/af0bbc31-b54d-4e8d-82b1-2e91a1115523
EPN,Escuela Politécnica Nacional,Fisica,9,operar el equipo de manipulación de materiales,skill/competence,cross-sector,0.8334,http://data.europa.eu/esco/skill/7838de1e-d65e-4a3f-b60b-e2213026116f
EPN,Escuela Politécnica Nacional,Fisica,10,planificar procesos de fabricación,skill/competence,cross-sector,0.832,http://data.europa.eu/esco/skill/7d0f33ea-e724-4d77-8b75-ee4fe66bb9ba
EPN,Escuela Politécnica Nacional,Fisica,11,trabajar con sustancias químicas,skill/competence,cross-sector,0.8319,http://data.europa.eu/esco/skill/929a997b-d56c-4383-b36d-6de9fa0e1721
EPN,Escuela Politécnica Nacional,Fisica,12,proponer estrategias de mejora,skill/competence,cross-sector,0.8307,http://data.europa.eu/esco/skill/d4cc5022-7801-4885-bcff-166552788d35
EPN,Escuela Politécnica Nacional,Fisica,13,realizar cálculos,skill/competence,transversal,0.8305,http://data.europa.eu/esco/skill/19ba11f3-9c99-41fd-a7c9-f77e6a026186
EPN,Escuela Politécnica Nacional,Fisica,14,evaluar el impacto ambiental de yacimientos y zonas industriales,skill/competence,cross-sector,0.8301,http://data.europa.eu/esco/skill/f12f094b-492f-4e88-b36b-50b8e58b7500
EPN,Escuela Politécnica Nacional,Fisica,15,observar la materia,skill/competence,cross-sector,0.8297,http://data.europa.eu/esco/skill/e97f4e66-bb24-4727-b053-cadd23cfe29d
EPN,Escuela Politécnica Nacional,Fisica,16,utilizar herramientas tecnológicas en criminalística,skill/competence,cross-sector,0.8293,http://data.europa.eu/esco/skill/45a16833-6666-488d-aadf-e02e569275e8
EPN,Escuela Politécnica Nacional,Fisica,17,aplicar medidas de protección del medioambiente,skill/competence,cross-sector,0.829,http://data.europa.eu/esco/skill/f6d7ba88-5234-4994-944d-843ca453c923
EPN,Escuela Politécnica Nacional,Fisica,18,seguir fórmulas de coloración,skill/competence,cross-sector,0.8286,http://data.europa.eu/esco/skill/8779e8a1-45a8-4f51-b42a-2ea07ee4e8cd
EPN,Escuela Politécnica Nacional,Fisica,19,aplicar la gestión de conflictos,skill/competence,cross-sector,0.8284,http://data.europa.eu/esco/skill/0ee94af1-b445-4973-9c3f-459fab250342
EPN,Escuela Politécnica Nacional,Fisica,20,gestionar recursos humanos,skill/competence,cross-sector,0.8284,http://data.europa.eu/esco/skill/339ac029-066a-4985-9f9d-b3d7c8fea0bb
EPN,Escuela Politécnica Nacional,Fisica,21,elaborar estrategias para resolver problemas,skill/competence,cross-sector,0.8276,http://data.europa.eu/esco/skill/7a8fb784-67fa-41e9-a75c-6b491d91f800
EPN,Escuela Politécnica Nacional,Fisica,22,colaborar con el personal técnico en producciones artísticas,skill/competence,cross-sector,0.8275,http://data.europa.eu/esco/skill/94d02529-72e1-4180-9d93-4008342ac481
EPN,Escuela Politécnica Nacional,Fisica,23,demostrar conocimientos especializados sobre una disciplina,skill/competence,cross-sector,0.8273,http://data.europa.eu/esco/skill/4134622c-c3fb-4a41-beb6-6d58ba5107db
EPN,Escuela Politécnica Nacional,Fisica,24,resolver problemas,skill/competence,transversal,0.8271,http://data.europa.eu/esco/skill/adc6dc11-3376-467b-96c5-9b0a21edc869
EPN,Escuela Politécnica Nacional,Fisica,25,montar máquinas,skill/competence,cross-sector,0.827,http://data.europa.eu/esco/skill/87a0c0e6-c114-4ea1-b2d0-933bce1f3c5f
EPN,Escuela Politécnica Nacional,Ingenieria En Geologia,1,evaluar el impacto ambiental de yacimientos y zonas industriales,skill/competence,cross-sector,0.8567,http://data.europa.eu/esco/skill/f12f094b-492f-4e88-b36b-50b8e58b7500
EPN,Escuela Politécnica Nacional,Ingenieria En Geologia,2,reaccionar ante emergencias mineras,skill/competence,cross-sector,0.8463,http://data.europa.eu/esco/skill/3938da70-dd7a-4092-b039-10c2218867fd
EPN,Escuela Politécnica Nacional,Ingenieria En Geologia,3,diseñar escombreras de minas,skill/competence,cross-sector,0.8443,http://data.europa.eu/esco/skill/cfbe1cdb-1738-45a1-b442-75cbda1fff06
EPN,Escuela Politécnica Nacional,Ingenieria En Geologia,4,preparar informes sobre asuntos relacionados con el trabajo,skill/competence,cross-sector,0.8421,http://data.europa.eu/esco/skill/918f5211-b99f-4b29-9a34-6e475583ef55
EPN,Escuela Politécnica Nacional,Ingenieria En Geologia,5,coordinar con expertos ferroviarios,skill/competence,cross-sector,0.8421,http://data.europa.eu/esco/skill/6172948e-5d52-4f94-a617-278a9013a8ae
EPN,Escuela Politécnica Nacional,Ingenieria En Geologia,6,crear una red profesional con investigadores y científicos,skill/competence,cross-sector,0.8412,http://data.europa.eu/esco/skill/cc61f9e5-d4fc-470e-8606-1ce865ff8386
EPN,Escuela Politécnica Nacional,Ingenieria En Geologia,7,tener conciencia de los riesgos sanitarios,skill/competence,transversal,0.8408,http://data.europa.eu/esco/skill/c4180af3-befd-4bd8-9a65-6a496f9d9f15
EPN,Escuela Politécnica Nacional,Ingenieria En Geologia,8,"aplicar conocimientos científicos, tecnológicos y de ingeniería",skill/competence,transversal,0.8405,http://data.europa.eu/esco/skill/5c3ab99d-a3f1-4620-9602-d12d2151a03d
EPN,Escuela Politécnica Nacional,Ingenieria En Geologia,9,aplicar medidas de protección del medioambiente,skill/competence,cross-sector,0.8399,http://data.europa.eu/esco/skill/f6d7ba88-5234-4994-944d-843ca453c923
EPN,Escuela Politécnica Nacional,Ingenieria En Geologia,10,gestionar impacto ambiental,skill/competence,cross-sector,0.8384,http://data.europa.eu/esco/skill/d3a8ef9c-8572-438c-91dc-010537070be3
EPN,Escuela Politécnica Nacional,Ingenieria En Geologia,11,sensibilizar sobre el medioambiente,skill/competence,cross-sector,0.8378,http://data.europa.eu/esco/skill/8abdc43c-2bfd-417c-97c2-27fcdaf53171
EPN,Escuela Politécnica Nacional,Ingenieria En Geologia,12,desenvolverse bien en entornos de riesgo,skill/competence,cross-sector,0.8367,http://data.europa.eu/esco/skill/6dce7757-c416-4cec-bd2e-9f2319438c48
EPN,Escuela Politécnica Nacional,Ingenieria En Geologia,13,ejecutar cálculos matemáticos analíticos,skill/competence,cross-sector,0.8365,http://data.europa.eu/esco/skill/31c69100-b612-4a61-8db5-fd314318854c
EPN,Escuela Politécnica Nacional,Ingenieria En Geologia,14,demostrar conocimientos especializados sobre una disciplina,skill/competence,cross-sector,0.8364,http://data.europa.eu/esco/skill/4134622c-c3fb-4a41-beb6-6d58ba5107db
EPN,Escuela Politécnica Nacional,Ingenieria En Geologia,15,redactar propuestas de investigación,skill/competence,cross-sector,0.8362,http://data.europa.eu/esco/skill/0ee7b0d6-db98-4785-9948-f2ef415d155a
EPN,Escuela Politécnica Nacional,Ingenieria En Geologia,16,proponer estrategias de mejora,skill/competence,cross-sector,0.836,http://data.europa.eu/esco/skill/d4cc5022-7801-4885-bcff-166552788d35
EPN,Escuela Politécnica Nacional,Ingenieria En Geologia,17,aplicar la gestión de conflictos,skill/competence,cross-sector,0.836,http://data.europa.eu/esco/skill/0ee94af1-b445-4973-9c3f-459fab250342
EPN,Escuela Politécnica Nacional,Ingenieria En Geologia,18,recabar datos biológicos,skill/competence,cross-sector,0.836,http://data.europa.eu/esco/skill/e3fcd642-5f9c-48ee-be58-258dd895d281
EPN,Escuela Politécnica Nacional,Ingenieria En Geologia,19,realizar trabajos técnicos difíciles,skill/competence,cross-sector,0.8354,http://data.europa.eu/esco/skill/2d780738-9b34-40a3-adbb-590001f6ff86
EPN,Escuela Politécnica Nacional,Ingenieria En Geologia,20,realizar investigación estratégica,skill/competence,cross-sector,0.8352,http://data.europa.eu/esco/skill/0aa02c52-077d-45f8-8c2d-7132c11ac16e
EPN,Escuela Politécnica Nacional,Ingenieria En Geologia,21,crear soluciones para problemas informativos,skill/competence,cross-sector,0.8349,http://data.europa.eu/esco/skill/4539aeca-b56f-4d03-ba86-8f675a7f2536
EPN,Escuela Politécnica Nacional,Ingenieria En Geologia,22,realizar procedimientos de análisis de agua,skill/competence,cross-sector,0.8346,http://data.europa.eu/esco/skill/e80f9e50-71ff-4bb7-8b7d-eb232685d17f
EPN,Escuela Politécnica Nacional,Ingenieria En Geologia,23,gestionar un equipo,skill/competence,cross-sector,0.8344,http://data.europa.eu/esco/skill/cb668e89-6ef5-4ff3-ab4a-506010e7e70b
EPN,Escuela Politécnica Nacional,Ingenieria En Geologia,24,apreciar diversas expresiones culturales y artísticas,skill/competence,transversal,0.8343,http://data.europa.eu/esco/skill/98a999db-72d5-4657-a0b0-2f850afd4368
EPN,Escuela Politécnica Nacional,Ingenieria En Geologia,25,coordinar comunicaciones en situaciones de emergencia en operaciones mineras,skill/competence,cross-sector,0.8343,http://data.europa.eu/esco/skill/707ff33d-d130-4e61-8a2a-6e8b023be9fc
EPN,Escuela Politécnica Nacional,Ingenieria De La Produccion,1,enseñar principios de gestión empresarial,skill/competence,cross-sector,0.853,http://data.europa.eu/esco/skill/29d3663f-348a-4b67-a8db-b94fd3912385
EPN,Escuela Politécnica Nacional,Ingenieria De La Produccion,2,gestionar recursos humanos,skill/competence,cross-sector,0.8502,http://data.europa.eu/esco/skill/339ac029-066a-4985-9f9d-b3d7c8fea0bb
EPN,Escuela Politécnica Nacional,Ingenieria De La Produccion,3,gestionar empresas de producción,skill/competence,cross-sector,0.8485,http://data.europa.eu/esco/skill/435d1751-8667-41ec-8b32-865b7cd3c684
EPN,Escuela Politécnica Nacional,Ingenieria De La Produccion,4,gestionar un equipo,skill/competence,cross-sector,0.8442,http://data.europa.eu/esco/skill/cb668e89-6ef5-4ff3-ab4a-506010e7e70b
EPN,Escuela Politécnica Nacional,Ingenieria De La Produccion,5,tener espíritu emprendedor,skill/competence,transversal,0.8436,http://data.europa.eu/esco/skill/bdcf429c-5ccf-4c3d-bb61-4c987573a35e
EPN,Escuela Politécnica Nacional,Ingenieria De La Produccion,6,respetar las normas internas de una empresa,skill/competence,cross-sector,0.8435,http://data.europa.eu/esco/skill/f5f5b244-6cea-4fbc-8a50-8f712791bc09
EPN,Escuela Politécnica Nacional,Ingenieria De La Produccion,7,aplicar la gestión de conflictos,skill/competence,cross-sector,0.8431,http://data.europa.eu/esco/skill/0ee94af1-b445-4973-9c3f-459fab250342
EPN,Escuela Politécnica Nacional,Ingenieria De La Produccion,8,realizar gestión de clientes,skill/competence,cross-sector,0.8422,http://data.europa.eu/esco/skill/91306a20-9b81-4f3d-97eb-f5368b607da7
EPN,Escuela Politécnica Nacional,Ingenieria De La Produccion,9,mantenerse al día sobre las innovaciones en el ámbito empresarial,skill/competence,cross-sector,0.8416,http://data.europa.eu/esco/skill/7f70572d-f0c1-4039-9954-b57dc69981f6
EPN,Escuela Politécnica Nacional,Ingenieria De La Produccion,10,mejorar procesos empresariales,skill/competence,cross-sector,0.8414,http://data.europa.eu/esco/skill/75b30aeb-34c0-40f4-b77d-271d75a98b14
EPN,Escuela Politécnica Nacional,Ingenieria De La Produccion,11,ejercer la administración,skill/competence,cross-sector,0.8391,http://data.europa.eu/esco/skill/151174e2-2a27-4c1e-be68-6446278d34b7
EPN,Escuela Politécnica Nacional,Ingenieria De La Produccion,12,tomar decisiones empresariales estratégicas,skill/competence,cross-sector,0.8385,http://data.europa.eu/esco/skill/f60c9e52-95fc-4ca1-a73c-18a491153b63
EPN,Escuela Politécnica Nacional,Ingenieria De La Produccion,13,interactuar con el consejo de administración,skill/competence,cross-sector,0.8369,http://data.europa.eu/esco/skill/28f637e1-15fc-462d-ba10-5908fd438a0e
EPN,Escuela Politécnica Nacional,Ingenieria De La Produccion,14,legislación ambiental en materia de agricultura y silvicultura,knowledge,cross-sector,0.8357,http://data.europa.eu/esco/skill/3419fac9-575d-4492-a018-edff6f4dae26
EPN,Escuela Politécnica Nacional,Ingenieria De La Produccion,15,realizar la gestión de un evento,skill/competence,cross-sector,0.8355,http://data.europa.eu/esco/skill/03a0ab28-ce99-4e14-baf8-a66c55da28f8
EPN,Escuela Politécnica Nacional,Ingenieria De La Produccion,16,identificarse con los objetivos de la compañía,skill/competence,cross-sector,0.835,http://data.europa.eu/esco/skill/fc54bd7f-0c03-4fdd-af8c-5eb4021e716d
EPN,Escuela Politécnica Nacional,Ingenieria De La Produccion,17,participar en las operaciones cotidianas de la empresa,skill/competence,cross-sector,0.8338,http://data.europa.eu/esco/skill/ce4cbc3a-bde0-43b4-9526-e643c4fe5b04
EPN,Escuela Politécnica Nacional,Ingenieria De La Produccion,18,sensibilizar sobre el medioambiente,skill/competence,cross-sector,0.8337,http://data.europa.eu/esco/skill/8abdc43c-2bfd-417c-97c2-27fcdaf53171
EPN,Escuela Politécnica Nacional,Ingenieria De La Produccion,19,gestionar el impacto medioambiental de las operaciones,skill/competence,cross-sector,0.8336,http://data.europa.eu/esco/skill/d86babea-bf8b-4552-81a8-daf706066ad6
EPN,Escuela Politécnica Nacional,Ingenieria De La Produccion,20,aplicar conocimientos sobre el comportamiento humano,skill/competence,cross-sector,0.8331,http://data.europa.eu/esco/skill/a0e23745-6ba4-45e2-9510-df6e71ed1230
EPN,Escuela Politécnica Nacional,Ingenieria De La Produccion,21,informar sobre la gestión general de una empresa,skill/competence,cross-sector,0.8331,http://data.europa.eu/esco/skill/307ffd2d-8fb3-43ff-8ad8-4052382f8f83
EPN,Escuela Politécnica Nacional,Ingenieria De La Produccion,22,guiar a los gestores de los diferentes departamentos de la empresa,skill/competence,cross-sector,0.8327,http://data.europa.eu/esco/skill/3e61ee41-2bd9-466f-b313-00ce04072410
EPN,Escuela Politécnica Nacional,Ingenieria De La Produccion,23,planificar,skill/competence,transversal,0.8323,http://data.europa.eu/esco/skill/e49f4158-9d4c-425d-bf32-dfe89b19840a
EPN,Escuela Politécnica Nacional,Ingenieria De La Produccion,24,formar equipos dentro de la empresa en base a las competencias,skill/competence,cross-sector,0.8316,http://data.europa.eu/esco/skill/f1155d3f-fbca-4298-a31c-f6955653bacf
EPN,Escuela Politécnica Nacional,Ingenieria De La Produccion,25,analizar procesos empresariales,skill/competence,cross-sector,0.8301,http://data.europa.eu/esco/skill/56042303-972b-41be-9310-58467599ff7e
EPN,Escuela Politécnica Nacional,Matematica,1,ejecutar cálculos matemáticos analíticos,skill/competence,cross-sector,0.8578,http://data.europa.eu/esco/skill/31c69100-b612-4a61-8db5-fd314318854c
EPN,Escuela Politécnica Nacional,Matematica,2,realizar trabajos técnicos difíciles,skill/competence,cross-sector,0.8497,http://data.europa.eu/esco/skill/2d780738-9b34-40a3-adbb-590001f6ff86
EPN,Escuela Politécnica Nacional,Matematica,3,realizar cálculos,skill/competence,transversal,0.8481,http://data.europa.eu/esco/skill/19ba11f3-9c99-41fd-a7c9-f77e6a026186
EPN,Escuela Politécnica Nacional,Matematica,4,crear una red profesional con investigadores y científicos,skill/competence,cross-sector,0.8435,http://data.europa.eu/esco/skill/cc61f9e5-d4fc-470e-8606-1ce865ff8386
EPN,Escuela Politécnica Nacional,Matematica,5,enseñar en contextos académicos o profesionales,skill/competence,cross-sector,0.8415,http://data.europa.eu/esco/skill/4cd85845-f31c-4306-994d-e12d45114d83
EPN,Escuela Politécnica Nacional,Matematica,6,gestionar recursos humanos,skill/competence,cross-sector,0.8374,http://data.europa.eu/esco/skill/339ac029-066a-4985-9f9d-b3d7c8fea0bb
EPN,Escuela Politécnica Nacional,Matematica,7,aplicar competencias matemáticas,skill/competence,cross-sector,0.837,http://data.europa.eu/esco/skill/5dd01a1e-7ba0-4b7f-a76c-ed811c12bfde
EPN,Escuela Politécnica Nacional,Matematica,8,interpretar información matemática,skill/competence,transversal,0.8356,http://data.europa.eu/esco/skill/6fc6f757-6baa-49fe-9a82-6ba6a52f2e13
EPN,Escuela Politécnica Nacional,Matematica,9,trabajar con sustancias químicas,skill/competence,cross-sector,0.8354,http://data.europa.eu/esco/skill/929a997b-d56c-4383-b36d-6de9fa0e1721
EPN,Escuela Politécnica Nacional,Matematica,10,evaluar el impacto ambiental de yacimientos y zonas industriales,skill/competence,cross-sector,0.8342,http://data.europa.eu/esco/skill/f12f094b-492f-4e88-b36b-50b8e58b7500
EPN,Escuela Politécnica Nacional,Matematica,11,"aplicar conocimientos científicos, tecnológicos y de ingeniería",skill/competence,transversal,0.8326,http://data.europa.eu/esco/skill/5c3ab99d-a3f1-4620-9602-d12d2151a03d
EPN,Escuela Politécnica Nacional,Matematica,12,comunicarse de forma profesional con colegas en otros campos,skill/competence,cross-sector,0.8323,http://data.europa.eu/esco/skill/574bf430-50a1-4734-9719-a823e7d80b10
EPN,Escuela Politécnica Nacional,Matematica,13,crear soluciones para problemas,skill/competence,cross-sector,0.8317,http://data.europa.eu/esco/skill/03b9b491-fc9b-4868-914a-bf7cd47b5041
EPN,Escuela Politécnica Nacional,Matematica,14,comunicar información matemática,skill/competence,cross-sector,0.8315,http://data.europa.eu/esco/skill/a5826fe3-8df6-4fa8-adad-b7116864588f
EPN,Escuela Politécnica Nacional,Matematica,15,utilizar modelos informáticos especializados para predecir el tiempo,skill/competence,cross-sector,0.8304,http://data.europa.eu/esco/skill/206f5738-e91f-4390-84a2-fcb864bc11b1
EPN,Escuela Politécnica Nacional,Matematica,16,aplicar conocimientos de ciencias sociales y humanidades,skill/competence,transversal,0.8298,http://data.europa.eu/esco/skill/deb3c1bc-d48a-42e6-b0cc-cb238534ec28
EPN,Escuela Politécnica Nacional,Matematica,17,gestionar datos de investigación,skill/competence,cross-sector,0.8293,http://data.europa.eu/esco/skill/08b04e53-ed25-41a2-9f90-0b9cd939ba3d
EPN,Escuela Politécnica Nacional,Matematica,18,resolver problemas,skill/competence,transversal,0.8287,http://data.europa.eu/esco/skill/adc6dc11-3376-467b-96c5-9b0a21edc869
EPN,Escuela Politécnica Nacional,Matematica,19,desarrollar una red profesional,skill/competence,cross-sector,0.8286,http://data.europa.eu/esco/skill/bf5d77ad-e18c-48d8-83f0-bc79c011c74a
EPN,Escuela Politécnica Nacional,Matematica,20,elaborar estrategias para resolver problemas,skill/competence,cross-sector,0.8284,http://data.europa.eu/esco/skill/7a8fb784-67fa-41e9-a75c-6b491d91f800
EPN,Escuela Politécnica Nacional,Matematica,21,colaborar con el personal técnico en producciones artísticas,skill/competence,cross-sector,0.8284,http://data.europa.eu/esco/skill/94d02529-72e1-4180-9d93-4008342ac481
EPN,Escuela Politécnica Nacional,Matematica,22,asesorar sobre planificación tributaria y fiscal,skill/competence,cross-sector,0.8284,http://data.europa.eu/esco/skill/161a6c5a-593a-4977-b7b7-49c6a2a2f2a3
EPN,Escuela Politécnica Nacional,Matematica,23,planificar procesos de fabricación,skill/competence,cross-sector,0.8274,http://data.europa.eu/esco/skill/7d0f33ea-e724-4d77-8b75-ee4fe66bb9ba
EPN,Escuela Politécnica Nacional,Matematica,24,desenvolverse bien en entornos de riesgo,skill/competence,cross-sector,0.8272,http://data.europa.eu/esco/skill/6dce7757-c416-4cec-bd2e-9f2319438c48
EPN,Escuela Politécnica Nacional,Matematica,25,aplicar la gestión de conflictos,skill/competence,cross-sector,0.8271,http://data.europa.eu/esco/skill/0ee94af1-b445-4973-9c3f-459fab250342
EPN,Escuela Politécnica Nacional,Matematica Aplicada,1,aplicar competencias matemáticas,skill/competence,cross-sector,0.8331,http://data.europa.eu/esco/skill/5dd01a1e-7ba0-4b7f-a76c-ed811c12bfde
EPN,Escuela Politécnica Nacional,Matematica Aplicada,2,ejecutar cálculos matemáticos analíticos,skill/competence,cross-sector,0.8319,http://data.europa.eu/esco/skill/31c69100-b612-4a61-8db5-fd314318854c
EPN,Escuela Politécnica Nacional,Matematica Aplicada,3,realizar cálculos,skill/competence,transversal,0.8304,http://data.europa.eu/esco/skill/19ba11f3-9c99-41fd-a7c9-f77e6a026186
EPN,Escuela Politécnica Nacional,Matematica Aplicada,4,"aplicar conocimientos científicos, tecnológicos y de ingeniería",skill/competence,transversal,0.8287,http://data.europa.eu/esco/skill/5c3ab99d-a3f1-4620-9602-d12d2151a03d
EPN,Escuela Politécnica Nacional,Matematica Aplicada,5,examinar principios de ingeniería,skill/competence,cross-sector,0.8265,http://data.europa.eu/esco/skill/8bc1c7da-c832-4896-a441-30d087c46aad
EPN,Escuela Politécnica Nacional,Matematica Aplicada,6,utilizar herramientas y equipos matemáticos,skill/competence,cross-sector,0.8258,http://data.europa.eu/esco/skill/db77825e-0f3e-47d0-abdb-356794484272
EPN,Escuela Politécnica Nacional,Matematica Aplicada,7,practicar la reflexión personal,skill/competence,transversal,0.8253,http://data.europa.eu/esco/skill/409a0245-0e6c-4aac-ba16-0920ecb76a8d
EPN,Escuela Politécnica Nacional,Matematica Aplicada,8,aplicar la gestión de conflictos,skill/competence,cross-sector,0.8253,http://data.europa.eu/esco/skill/0ee94af1-b445-4973-9c3f-459fab250342
EPN,Escuela Politécnica Nacional,Matematica Aplicada,9,interpretar información matemática,skill/competence,transversal,0.8207,http://data.europa.eu/esco/skill/6fc6f757-6baa-49fe-9a82-6ba6a52f2e13
EPN,Escuela Politécnica Nacional,Matematica Aplicada,10,desenvolverse bien en entornos de riesgo,skill/competence,cross-sector,0.8203,http://data.europa.eu/esco/skill/6dce7757-c416-4cec-bd2e-9f2319438c48
EPN,Escuela Politécnica Nacional,Matematica Aplicada,11,demostrar voluntad de aprender,skill/competence,transversal,0.8199,http://data.europa.eu/esco/skill/9bf266a6-188b-4d17-a22f-2f266d76832b
EPN,Escuela Politécnica Nacional,Matematica Aplicada,12,actuar de enlace con los ingenieros,skill/competence,cross-sector,0.8191,http://data.europa.eu/esco/skill/c5c51528-ccfc-4c53-b409-c200aaa44222
EPN,Escuela Politécnica Nacional,Matematica Aplicada,13,ingeniería ambiental,knowledge,cross-sector,0.8181,http://data.europa.eu/esco/skill/b1b118c4-3291-484e-b64d-6d51fd5da8b3
EPN,Escuela Politécnica Nacional,Matematica Aplicada,14,realizar mediciones relacionadas con el trabajo,skill/competence,cross-sector,0.8174,http://data.europa.eu/esco/skill/ab75d510-ac75-482d-b671-bb3bad741f07
EPN,Escuela Politécnica Nacional,Matematica Aplicada,15,gestionar conocimientos para repercutir en las políticas,skill/competence,cross-sector,0.8173,http://data.europa.eu/esco/skill/4d39b27a-b34f-4c89-8d46-df844d42f728
EPN,Escuela Politécnica Nacional,Matematica Aplicada,16,principios de ingeniería,knowledge,cross-sector,0.817,http://data.europa.eu/esco/skill/209a5498-3449-4689-8ed9-bd08cab4fd78
EPN,Escuela Politécnica Nacional,Matematica Aplicada,17,resolver problemas,skill/competence,transversal,0.8169,http://data.europa.eu/esco/skill/adc6dc11-3376-467b-96c5-9b0a21edc869
EPN,Escuela Politécnica Nacional,Matematica Aplicada,18,animar al alumnado a reconocer sus logros,skill/competence,cross-sector,0.8168,http://data.europa.eu/esco/skill/f5dc20ae-8b2f-4c9b-b4fa-e9e8c81dbcf4
EPN,Escuela Politécnica Nacional,Matematica Aplicada,19,crear una red profesional con investigadores y científicos,skill/competence,cross-sector,0.8167,http://data.europa.eu/esco/skill/cc61f9e5-d4fc-470e-8606-1ce865ff8386
EPN,Escuela Politécnica Nacional,Matematica Aplicada,20,crear soluciones para problemas,skill/competence,cross-sector,0.8167,http://data.europa.eu/esco/skill/03b9b491-fc9b-4868-914a-bf7cd47b5041
EPN,Escuela Politécnica Nacional,Matematica Aplicada,21,adaptar la enseñanza a las capacidades del alumnado,skill/competence,cross-sector,0.8163,http://data.europa.eu/esco/skill/573d3f91-c81c-407e-a56d-0f3a63272b43
EPN,Escuela Politécnica Nacional,Matematica Aplicada,22,realizar trabajos técnicos difíciles,skill/competence,cross-sector,0.816,http://data.europa.eu/esco/skill/2d780738-9b34-40a3-adbb-590001f6ff86
EPN,Escuela Politécnica Nacional,Matematica Aplicada,23,interpretar dimensiones y tolerancias geométricas,skill/competence,cross-sector,0.8156,http://data.europa.eu/esco/skill/e3688cae-7a28-4405-88b5-6b87179e0d76
EPN,Escuela Politécnica Nacional,Matematica Aplicada,24,redactar informes de inspección,skill/competence,cross-sector,0.8151,http://data.europa.eu/esco/skill/cdd2b6cc-b4a9-42a0-824b-766f52176fd3
EPN,Escuela Politécnica Nacional,Matematica Aplicada,25,ingeniería de seguridad,knowledge,cross-sector,0.8148,http://data.europa.eu/esco/skill/47d491a9-f7c0-4b13-a10f-983d3aa0113e
EPN,Escuela Politécnica Nacional,Ingenieria En Materiales,1,ejecutar cálculos matemáticos analíticos,skill/competence,cross-sector,0.8657,http://data.europa.eu/esco/skill/31c69100-b612-4a61-8db5-fd314318854c
EPN,Escuela Politécnica Nacional,Ingenieria En Materiales,2,aplicar competencias matemáticas,skill/competence,cross-sector,0.858,http://data.europa.eu/esco/skill/5dd01a1e-7ba0-4b7f-a76c-ed811c12bfde
EPN,Escuela Politécnica Nacional,Ingenieria En Materiales,3,realizar cálculos,skill/competence,transversal,0.853,http://data.europa.eu/esco/skill/19ba11f3-9c99-41fd-a7c9-f77e6a026186
EPN,Escuela Politécnica Nacional,Ingenieria En Materiales,4,aplicar la gestión de conflictos,skill/competence,cross-sector,0.8428,http://data.europa.eu/esco/skill/0ee94af1-b445-4973-9c3f-459fab250342
EPN,Escuela Politécnica Nacional,Ingenieria En Materiales,5,utilizar servicios electrónicos,skill/competence,cross-sector,0.8406,http://data.europa.eu/esco/skill/16a00c69-9c74-4c37-96d7-6301d285e5ce
EPN,Escuela Politécnica Nacional,Ingenieria En Materiales,6,aplicar conocimientos de ciencias sociales y humanidades,skill/competence,transversal,0.8389,http://data.europa.eu/esco/skill/deb3c1bc-d48a-42e6-b0cc-cb238534ec28
EPN,Escuela Politécnica Nacional,Ingenieria En Materiales,7,utilizar herramientas y equipos matemáticos,skill/competence,cross-sector,0.8377,http://data.europa.eu/esco/skill/db77825e-0f3e-47d0-abdb-356794484272
EPN,Escuela Politécnica Nacional,Ingenieria En Materiales,8,"aplicar conocimientos científicos, tecnológicos y de ingeniería",skill/competence,transversal,0.8372,http://data.europa.eu/esco/skill/5c3ab99d-a3f1-4620-9602-d12d2151a03d
EPN,Escuela Politécnica Nacional,Ingenieria En Materiales,9,realizar trabajos técnicos difíciles,skill/competence,cross-sector,0.8368,http://data.europa.eu/esco/skill/2d780738-9b34-40a3-adbb-590001f6ff86
EPN,Escuela Politécnica Nacional,Ingenieria En Materiales,10,resolver problemas,skill/competence,transversal,0.8368,http://data.europa.eu/esco/skill/adc6dc11-3376-467b-96c5-9b0a21edc869
EPN,Escuela Politécnica Nacional,Ingenieria En Materiales,11,interpretar información matemática,skill/competence,transversal,0.8354,http://data.europa.eu/esco/skill/6fc6f757-6baa-49fe-9a82-6ba6a52f2e13
EPN,Escuela Politécnica Nacional,Ingenieria En Materiales,12,crear soluciones para problemas,skill/competence,cross-sector,0.8353,http://data.europa.eu/esco/skill/03b9b491-fc9b-4868-914a-bf7cd47b5041
EPN,Escuela Politécnica Nacional,Ingenieria En Materiales,13,elaborar estrategias para resolver problemas,skill/competence,cross-sector,0.835,http://data.europa.eu/esco/skill/7a8fb784-67fa-41e9-a75c-6b491d91f800
EPN,Escuela Politécnica Nacional,Ingenieria En Materiales,14,planificar,skill/competence,transversal,0.8349,http://data.europa.eu/esco/skill/e49f4158-9d4c-425d-bf32-dfe89b19840a
EPN,Escuela Politécnica Nacional,Ingenieria En Materiales,15,gestionar recursos humanos,skill/competence,cross-sector,0.8344,http://data.europa.eu/esco/skill/339ac029-066a-4985-9f9d-b3d7c8fea0bb
EPN,Escuela Politécnica Nacional,Ingenieria En Materiales,16,gestionar un equipo,skill/competence,cross-sector,0.8343,http://data.europa.eu/esco/skill/cb668e89-6ef5-4ff3-ab4a-506010e7e70b
EPN,Escuela Politécnica Nacional,Ingenieria En Materiales,17,aplicar medidas de protección del medioambiente,skill/competence,cross-sector,0.8333,http://data.europa.eu/esco/skill/f6d7ba88-5234-4994-944d-843ca453c923
EPN,Escuela Politécnica Nacional,Ingenieria En Materiales,18,cumplir los compromisos,skill/competence,transversal,0.8333,http://data.europa.eu/esco/skill/113b4428-0a31-4199-8496-070af7854b91
EPN,Escuela Politécnica Nacional,Ingenieria En Materiales,19,utilizar modelos informáticos especializados para predecir el tiempo,skill/competence,cross-sector,0.8327,http://data.europa.eu/esco/skill/206f5738-e91f-4390-84a2-fcb864bc11b1
EPN,Escuela Politécnica Nacional,Ingenieria En Materiales,20,aplicar conocimientos sobre el comportamiento humano,skill/competence,cross-sector,0.8324,http://data.europa.eu/esco/skill/a0e23745-6ba4-45e2-9510-df6e71ed1230
EPN,Escuela Politécnica Nacional,Ingenieria En Materiales,21,"aplicar conocimientos de filosofía, ética y religión",skill/competence,transversal,0.8322,http://data.europa.eu/esco/skill/0b709c64-a57a-4976-86bd-34d2cf34fa4f
EPN,Escuela Politécnica Nacional,Ingenieria En Materiales,22,tener competencias informáticas,skill/competence,cross-sector,0.8317,http://data.europa.eu/esco/skill/d15ce60f-ddab-41ce-ba56-398451b77b60
EPN,Escuela Politécnica Nacional,Ingenieria En Materiales,23,demostrar conocimientos especializados sobre una disciplina,skill/competence,cross-sector,0.8314,http://data.europa.eu/esco/skill/4134622c-c3fb-4a41-beb6-6d58ba5107db
EPN,Escuela Politécnica Nacional,Ingenieria En Materiales,24,preparar informes sobre asuntos relacionados con el trabajo,skill/competence,cross-sector,0.8313,http://data.europa.eu/esco/skill/918f5211-b99f-4b29-9a34-6e475583ef55
EPN,Escuela Politécnica Nacional,Ingenieria En Materiales,25,demostrar voluntad de aprender,skill/competence,transversal,0.8308,http://data.europa.eu/esco/skill/9bf266a6-188b-4d17-a22f-2f266d76832b
EPN,Escuela Politécnica Nacional,Ingenieria En Mecanica,1,coordinar equipos de ingeniería,skill/competence,cross-sector,0.8562,http://data.europa.eu/esco/skill/7af6e9e8-1e11-4c0b-b7c6-ac96bbbbc674
EPN,Escuela Politécnica Nacional,Ingenieria En Mecanica,2,aplicar medidas de protección del medioambiente,skill/competence,cross-sector,0.8533,http://data.europa.eu/esco/skill/f6d7ba88-5234-4994-944d-843ca453c923
EPN,Escuela Politécnica Nacional,Ingenieria En Mecanica,3,mecánica de los trenes,knowledge,cross-sector,0.8529,http://data.europa.eu/esco/skill/af0bbc31-b54d-4e8d-82b1-2e91a1115523
EPN,Escuela Politécnica Nacional,Ingenieria En Mecanica,4,controlar maquinaria pesada,skill/competence,cross-sector,0.8506,http://data.europa.eu/esco/skill/4853efe8-0cdd-42d1-bc5a-6ba5fa9a8b2c
EPN,Escuela Politécnica Nacional,Ingenieria En Mecanica,5,realizar todas las actividades de ingeniería de procesos,skill/competence,cross-sector,0.8505,http://data.europa.eu/esco/skill/8b9d609a-6d62-4d5c-9133-01d41979cfac
EPN,Escuela Politécnica Nacional,Ingenieria En Mecanica,6,"aplicar conocimientos científicos, tecnológicos y de ingeniería",skill/competence,transversal,0.85,http://data.europa.eu/esco/skill/5c3ab99d-a3f1-4620-9602-d12d2151a03d
EPN,Escuela Politécnica Nacional,Ingenieria En Mecanica,7,proporcionar experiencia técnica,skill/competence,cross-sector,0.85,http://data.europa.eu/esco/skill/c69587b4-05d3-45bb-b79b-9b85e6603fc2
EPN,Escuela Politécnica Nacional,Ingenieria En Mecanica,8,desenvolverse bien en entornos de riesgo,skill/competence,cross-sector,0.8493,http://data.europa.eu/esco/skill/6dce7757-c416-4cec-bd2e-9f2319438c48
EPN,Escuela Politécnica Nacional,Ingenieria En Mecanica,9,diseñar escombreras de minas,skill/competence,cross-sector,0.8491,http://data.europa.eu/esco/skill/cfbe1cdb-1738-45a1-b442-75cbda1fff06
EPN,Escuela Politécnica Nacional,Ingenieria En Mecanica,10,planificar procesos de fabricación,skill/competence,cross-sector,0.8491,http://data.europa.eu/esco/skill/7d0f33ea-e724-4d77-8b75-ee4fe66bb9ba
EPN,Escuela Politécnica Nacional,Ingenieria En Mecanica,11,sensibilizar sobre el medioambiente,skill/competence,cross-sector,0.8486,http://data.europa.eu/esco/skill/8abdc43c-2bfd-417c-97c2-27fcdaf53171
EPN,Escuela Politécnica Nacional,Ingenieria En Mecanica,12,aplicar la gestión de conflictos,skill/competence,cross-sector,0.848,http://data.europa.eu/esco/skill/0ee94af1-b445-4973-9c3f-459fab250342
EPN,Escuela Politécnica Nacional,Ingenieria En Mecanica,13,realizar trabajos técnicos difíciles,skill/competence,cross-sector,0.8472,http://data.europa.eu/esco/skill/2d780738-9b34-40a3-adbb-590001f6ff86
EPN,Escuela Politécnica Nacional,Ingenieria En Mecanica,14,mecatrónica,knowledge,cross-sector,0.8472,http://data.europa.eu/esco/skill/d88cb3f1-8e02-4618-bf32-4b0488066934
EPN,Escuela Politécnica Nacional,Ingenieria En Mecanica,15,gestionar un equipo,skill/competence,cross-sector,0.8469,http://data.europa.eu/esco/skill/cb668e89-6ef5-4ff3-ab4a-506010e7e70b
EPN,Escuela Politécnica Nacional,Ingenieria En Mecanica,16,demostrar conocimientos especializados sobre una disciplina,skill/competence,cross-sector,0.8458,http://data.europa.eu/esco/skill/4134622c-c3fb-4a41-beb6-6d58ba5107db
EPN,Escuela Politécnica Nacional,Ingenieria En Mecanica,17,tener competencias informáticas,skill/competence,cross-sector,0.8455,http://data.europa.eu/esco/skill/d15ce60f-ddab-41ce-ba56-398451b77b60
EPN,Escuela Politécnica Nacional,Ingenieria En Mecanica,18,ingeniería ambiental,knowledge,cross-sector,0.8447,http://data.europa.eu/esco/skill/b1b118c4-3291-484e-b64d-6d51fd5da8b3
EPN,Escuela Politécnica Nacional,Ingenieria En Mecanica,19,crear una red profesional con investigadores y científicos,skill/competence,cross-sector,0.8445,http://data.europa.eu/esco/skill/cc61f9e5-d4fc-470e-8606-1ce865ff8386
EPN,Escuela Politécnica Nacional,Ingenieria En Mecanica,20,colaborar con el personal técnico en producciones artísticas,skill/competence,cross-sector,0.8443,http://data.europa.eu/esco/skill/94d02529-72e1-4180-9d93-4008342ac481
EPN,Escuela Politécnica Nacional,Ingenieria En Mecanica,21,manipular mercancía,skill/competence,cross-sector,0.8436,http://data.europa.eu/esco/skill/bf7e427d-b354-4e11-bd16-4da590d3dcec
EPN,Escuela Politécnica Nacional,Ingenieria En Mecanica,22,gestionar proyectos de ingeniería,skill/competence,cross-sector,0.8434,http://data.europa.eu/esco/skill/6a899482-8bcf-40ca-ae67-579a1cc467ab
EPN,Escuela Politécnica Nacional,Ingenieria En Mecanica,23,redactar informes de inspección,skill/competence,cross-sector,0.843,http://data.europa.eu/esco/skill/cdd2b6cc-b4a9-42a0-824b-766f52176fd3
EPN,Escuela Politécnica Nacional,Ingenieria En Mecanica,24,actuar de enlace con los ingenieros,skill/competence,cross-sector,0.8427,http://data.europa.eu/esco/skill/c5c51528-ccfc-4c53-b409-c200aaa44222
EPN,Escuela Politécnica Nacional,Ingenieria En Mecanica,25,garantizar el cumplimiento de las políticas,skill/competence,cross-sector,0.8418,http://data.europa.eu/esco/skill/bda0d115-f315-453e-99dc-f8b0e5862db3
EPN,Escuela Politécnica Nacional,Ingenieria En Mecatronica,1,mecatrónica,knowledge,cross-sector,0.879,http://data.europa.eu/esco/skill/d88cb3f1-8e02-4618-bf32-4b0488066934
EPN,Escuela Politécnica Nacional,Ingenieria En Mecatronica,2,mecánica de los trenes,knowledge,cross-sector,0.8482,http://data.europa.eu/esco/skill/af0bbc31-b54d-4e8d-82b1-2e91a1115523
EPN,Escuela Politécnica Nacional,Ingenieria En Mecatronica,3,diseñar sistemas microelectromecánicos,skill/competence,cross-sector,0.8473,http://data.europa.eu/esco/skill/c022ff1b-7783-4e64-89ef-0422c81ff51f
EPN,Escuela Politécnica Nacional,Ingenieria En Mecatronica,4,realizar trabajos técnicos difíciles,skill/competence,cross-sector,0.8419,http://data.europa.eu/esco/skill/2d780738-9b34-40a3-adbb-590001f6ff86
EPN,Escuela Politécnica Nacional,Ingenieria En Mecatronica,5,planificar procesos de fabricación,skill/competence,cross-sector,0.8404,http://data.europa.eu/esco/skill/7d0f33ea-e724-4d77-8b75-ee4fe66bb9ba
EPN,Escuela Politécnica Nacional,Ingenieria En Mecatronica,6,diseñar sistemas electromecánicos,skill/competence,cross-sector,0.8401,http://data.europa.eu/esco/skill/c5422318-3218-4ce9-9bdd-f38b93ff63a3
EPN,Escuela Politécnica Nacional,Ingenieria En Mecatronica,7,diseñar sistemas de control,skill/competence,cross-sector,0.8401,http://data.europa.eu/esco/skill/d560df46-dda4-4407-bab2-b87353a96814
EPN,Escuela Politécnica Nacional,Ingenieria En Mecatronica,8,coordinar equipos de ingeniería,skill/competence,cross-sector,0.838,http://data.europa.eu/esco/skill/7af6e9e8-1e11-4c0b-b7c6-ac96bbbbc674
EPN,Escuela Politécnica Nacional,Ingenieria En Mecatronica,9,diseñar sistemas electrónicos,skill/competence,cross-sector,0.8367,http://data.europa.eu/esco/skill/feb717ff-fba6-4a91-aa10-ee11cf2da6b4
EPN,Escuela Politécnica Nacional,Ingenieria En Mecatronica,10,interpretar las interfaces de comunicación gráfica,skill/competence,cross-sector,0.8366,http://data.europa.eu/esco/skill/ea99e1f2-ad03-4bb3-8960-1227fc76bb2a
EPN,Escuela Politécnica Nacional,Ingenieria En Mecatronica,11,controlar maquinaria pesada,skill/competence,cross-sector,0.8363,http://data.europa.eu/esco/skill/4853efe8-0cdd-42d1-bc5a-6ba5fa9a8b2c
EPN,Escuela Politécnica Nacional,Ingenieria En Mecatronica,12,colaborar con el personal técnico en producciones artísticas,skill/competence,cross-sector,0.8362,http://data.europa.eu/esco/skill/94d02529-72e1-4180-9d93-4008342ac481
EPN,Escuela Politécnica Nacional,Ingenieria En Mecatronica,13,"aplicar conocimientos científicos, tecnológicos y de ingeniería",skill/competence,transversal,0.836,http://data.europa.eu/esco/skill/5c3ab99d-a3f1-4620-9602-d12d2151a03d
EPN,Escuela Politécnica Nacional,Ingenieria En Mecatronica,14,mantener motores eléctricos,skill/competence,cross-sector,0.8354,http://data.europa.eu/esco/skill/2876970d-90af-45bd-9cfd-c0af757947ea
EPN,Escuela Politécnica Nacional,Ingenieria En Mecatronica,15,montar máquinas,skill/competence,cross-sector,0.8354,http://data.europa.eu/esco/skill/87a0c0e6-c114-4ea1-b2d0-933bce1f3c5f
EPN,Escuela Politécnica Nacional,Ingenieria En Mecatronica,16,proporcionar experiencia técnica,skill/competence,cross-sector,0.8354,http://data.europa.eu/esco/skill/c69587b4-05d3-45bb-b79b-9b85e6603fc2
EPN,Escuela Politécnica Nacional,Ingenieria En Mecatronica,17,ensamblar el producto final,skill/competence,cross-sector,0.8346,http://data.europa.eu/esco/skill/66f088b3-85d5-458e-8c6a-a7d7b678d16d
EPN,Escuela Politécnica Nacional,Ingenieria En Mecatronica,18,tener competencias informáticas,skill/competence,cross-sector,0.8336,http://data.europa.eu/esco/skill/d15ce60f-ddab-41ce-ba56-398451b77b60
EPN,Escuela Politécnica Nacional,Ingenieria En Mecatronica,19,diseñar escombreras de minas,skill/competence,cross-sector,0.8332,http://data.europa.eu/esco/skill/cfbe1cdb-1738-45a1-b442-75cbda1fff06
EPN,Escuela Politécnica Nacional,Ingenieria En Mecatronica,20,mecanografiar textos a partir de fuentes de audio,skill/competence,cross-sector,0.8331,http://data.europa.eu/esco/skill/260ddfe0-637b-4ce8-8007-9601645e2dc8
EPN,Escuela Politécnica Nacional,Ingenieria En Mecatronica,21,desarrollar procedimientos de prueba electrónica,skill/competence,cross-sector,0.8326,http://data.europa.eu/esco/skill/0de6bca4-f3aa-452a-8e10-d355b2c1bfc4
EPN,Escuela Politécnica Nacional,Ingenieria En Mecatronica,22,aplicar la gestión de conflictos,skill/competence,cross-sector,0.8317,http://data.europa.eu/esco/skill/0ee94af1-b445-4973-9c3f-459fab250342
EPN,Escuela Politécnica Nacional,Ingenieria En Mecatronica,23,actuar de enlace con los ingenieros,skill/competence,cross-sector,0.8305,http://data.europa.eu/esco/skill/c5c51528-ccfc-4c53-b409-c200aaa44222
EPN,Escuela Politécnica Nacional,Ingenieria En Mecatronica,24,realizar pruebas de laboratorio para el calzado y los artículos de piel y cuero,skill/competence,cross-sector,0.8304,http://data.europa.eu/esco/skill/88f0a98e-4b90-479b-9b5a-f5f8cbe0b49e
EPN,Escuela Politécnica Nacional,Ingenieria En Mecatronica,25,mantener equipos electromecánicos,skill/competence,cross-sector,0.8301,http://data.europa.eu/esco/skill/e0ded9a1-372d-46c8-80b5-ad994d606ef2
EPN,Escuela Politécnica Nacional,Ingenieria En Petroleos,1,evaluar el impacto ambiental de yacimientos y zonas industriales,skill/competence,cross-sector,0.8655,http://data.europa.eu/esco/skill/f12f094b-492f-4e88-b36b-50b8e58b7500
EPN,Escuela Politécnica Nacional,Ingenieria En Petroleos,2,manejar equipos de extracción de hidrógeno,skill/competence,cross-sector,0.8438,http://data.europa.eu/esco/skill/d2fd219f-5cb1-4f67-8db5-be6c5fc865c7
EPN,Escuela Politécnica Nacional,Ingenieria En Petroleos,3,manipular combustibles,skill/competence,cross-sector,0.8418,http://data.europa.eu/esco/skill/2035c565-f0df-4efa-99fc-09a42f18c158
EPN,Escuela Politécnica Nacional,Ingenieria En Petroleos,4,trabajar con sustancias químicas,skill/competence,cross-sector,0.841,http://data.europa.eu/esco/skill/929a997b-d56c-4383-b36d-6de9fa0e1721
EPN,Escuela Politécnica Nacional,Ingenieria En Petroleos,5,reaccionar ante emergencias mineras,skill/competence,cross-sector,0.8408,http://data.europa.eu/esco/skill/3938da70-dd7a-4092-b039-10c2218867fd
EPN,Escuela Politécnica Nacional,Ingenieria En Petroleos,6,realizar intervenciones de buceo,skill/competence,cross-sector,0.8405,http://data.europa.eu/esco/skill/89a717d5-b30c-4b15-982b-415e54c54edd
EPN,Escuela Politécnica Nacional,Ingenieria En Petroleos,7,controlar maquinaria pesada,skill/competence,cross-sector,0.8405,http://data.europa.eu/esco/skill/4853efe8-0cdd-42d1-bc5a-6ba5fa9a8b2c
EPN,Escuela Politécnica Nacional,Ingenieria En Petroleos,8,"aplicar conocimientos científicos, tecnológicos y de ingeniería",skill/competence,transversal,0.84,http://data.europa.eu/esco/skill/5c3ab99d-a3f1-4620-9602-d12d2151a03d
EPN,Escuela Politécnica Nacional,Ingenieria En Petroleos,9,diseñar escombreras de minas,skill/competence,cross-sector,0.8389,http://data.europa.eu/esco/skill/cfbe1cdb-1738-45a1-b442-75cbda1fff06
EPN,Escuela Politécnica Nacional,Ingenieria En Petroleos,10,proporcionar experiencia técnica,skill/competence,cross-sector,0.8375,http://data.europa.eu/esco/skill/c69587b4-05d3-45bb-b79b-9b85e6603fc2
EPN,Escuela Politécnica Nacional,Ingenieria En Petroleos,11,recopilar información técnica,skill/competence,cross-sector,0.8375,http://data.europa.eu/esco/skill/0b8da079-f587-403f-a6ad-cd18b8150044
EPN,Escuela Politécnica Nacional,Ingenieria En Petroleos,12,realizar trabajos técnicos difíciles,skill/competence,cross-sector,0.8367,http://data.europa.eu/esco/skill/2d780738-9b34-40a3-adbb-590001f6ff86
EPN,Escuela Politécnica Nacional,Ingenieria En Petroleos,13,bombear productos,skill/competence,cross-sector,0.8367,http://data.europa.eu/esco/skill/b957409c-1eef-43bd-8795-3bc5d1743ea4
EPN,Escuela Politécnica Nacional,Ingenieria En Petroleos,14,mejorar procesos químicos,skill/competence,cross-sector,0.8363,http://data.europa.eu/esco/skill/451c8010-7dbb-4f96-b4d4-0955766d9eff
EPN,Escuela Politécnica Nacional,Ingenieria En Petroleos,15,redactar propuestas de investigación,skill/competence,cross-sector,0.8355,http://data.europa.eu/esco/skill/0ee7b0d6-db98-4785-9948-f2ef415d155a
EPN,Escuela Politécnica Nacional,Ingenieria En Petroleos,16,manipular mercancía,skill/competence,cross-sector,0.8355,http://data.europa.eu/esco/skill/bf7e427d-b354-4e11-bd16-4da590d3dcec
EPN,Escuela Politécnica Nacional,Ingenieria En Petroleos,17,transportar mercancías peligrosas,skill/competence,cross-sector,0.835,http://data.europa.eu/esco/skill/5b0d14b1-0bf6-4f6b-b922-4becc213f0aa
EPN,Escuela Politécnica Nacional,Ingenieria En Petroleos,18,desenvolverse bien en entornos de riesgo,skill/competence,cross-sector,0.8349,http://data.europa.eu/esco/skill/6dce7757-c416-4cec-bd2e-9f2319438c48
EPN,Escuela Politécnica Nacional,Ingenieria En Petroleos,19,coordinar comunicaciones en situaciones de emergencia en operaciones mineras,skill/competence,cross-sector,0.8344,http://data.europa.eu/esco/skill/707ff33d-d130-4e61-8a2a-6e8b023be9fc
EPN,Escuela Politécnica Nacional,Ingenieria En Petroleos,20,gestionar empresas de producción,skill/competence,cross-sector,0.8344,http://data.europa.eu/esco/skill/435d1751-8667-41ec-8b32-865b7cd3c684
EPN,Escuela Politécnica Nacional,Ingenieria En Petroleos,21,preparar informes sobre asuntos relacionados con el trabajo,skill/competence,cross-sector,0.8342,http://data.europa.eu/esco/skill/918f5211-b99f-4b29-9a34-6e475583ef55
EPN,Escuela Politécnica Nacional,Ingenieria En Petroleos,22,redactar informes de inspección,skill/competence,cross-sector,0.8342,http://data.europa.eu/esco/skill/cdd2b6cc-b4a9-42a0-824b-766f52176fd3
EPN,Escuela Politécnica Nacional,Ingenieria En Petroleos,23,actuar de enlace con profesionales del sector,skill/competence,cross-sector,0.8339,http://data.europa.eu/esco/skill/d1317634-ccea-44d0-9cdc-c863f9bf856b
EPN,Escuela Politécnica Nacional,Ingenieria En Petroleos,24,gestionar recursos humanos,skill/competence,cross-sector,0.8339,http://data.europa.eu/esco/skill/339ac029-066a-4985-9f9d-b3d7c8fea0bb
EPN,Escuela Politécnica Nacional,Ingenieria En Petroleos,25,coordinar equipos de ingeniería,skill/competence,cross-sector,0.8333,http://data.europa.eu/esco/skill/7af6e9e8-1e11-4c0b-b7c6-ac96bbbbc674
EPN,Escuela Politécnica Nacional,Ingenieria Quimica,1,"aplicar conocimientos científicos, tecnológicos y de ingeniería",skill/competence,transversal,0.8408,http://data.europa.eu/esco/skill/5c3ab99d-a3f1-4620-9602-d12d2151a03d
EPN,Escuela Politécnica Nacional,Ingenieria Quimica,2,coordinar equipos de ingeniería,skill/competence,cross-sector,0.8404,http://data.europa.eu/esco/skill/7af6e9e8-1e11-4c0b-b7c6-ac96bbbbc674
EPN,Escuela Politécnica Nacional,Ingenieria Quimica,3,tener conciencia de los riesgos sanitarios,skill/competence,transversal,0.8402,http://data.europa.eu/esco/skill/c4180af3-befd-4bd8-9a65-6a496f9d9f15
EPN,Escuela Politécnica Nacional,Ingenieria Quimica,4,trabajar con sustancias químicas,skill/competence,cross-sector,0.8393,http://data.europa.eu/esco/skill/929a997b-d56c-4383-b36d-6de9fa0e1721
EPN,Escuela Politécnica Nacional,Ingenieria Quimica,5,realizar todas las actividades de ingeniería de procesos,skill/competence,cross-sector,0.8377,http://data.europa.eu/esco/skill/8b9d609a-6d62-4d5c-9133-01d41979cfac
EPN,Escuela Politécnica Nacional,Ingenieria Quimica,6,demostrar voluntad de aprender,skill/competence,transversal,0.8369,http://data.europa.eu/esco/skill/9bf266a6-188b-4d17-a22f-2f266d76832b
EPN,Escuela Politécnica Nacional,Ingenieria Quimica,7,examinar principios de ingeniería,skill/competence,cross-sector,0.8364,http://data.europa.eu/esco/skill/8bc1c7da-c832-4896-a441-30d087c46aad
EPN,Escuela Politécnica Nacional,Ingenieria Quimica,8,ingeniería ambiental,knowledge,cross-sector,0.8344,http://data.europa.eu/esco/skill/b1b118c4-3291-484e-b64d-6d51fd5da8b3
EPN,Escuela Politécnica Nacional,Ingenieria Quimica,9,demostrar competencia en las normas de envasado,skill/competence,cross-sector,0.8333,http://data.europa.eu/esco/skill/07197605-141a-4c85-8995-00614de16c87
EPN,Escuela Politécnica Nacional,Ingenieria Quimica,10,elaborar fórmulas de fabricación,skill/competence,cross-sector,0.8331,http://data.europa.eu/esco/skill/b2ad4e50-cb82-4a34-ab3e-5b5f6c4f9b65
EPN,Escuela Politécnica Nacional,Ingenieria Quimica,11,proporcionar experiencia técnica,skill/competence,cross-sector,0.833,http://data.europa.eu/esco/skill/c69587b4-05d3-45bb-b79b-9b85e6603fc2
EPN,Escuela Politécnica Nacional,Ingenieria Quimica,12,diseñar escombreras de minas,skill/competence,cross-sector,0.8328,http://data.europa.eu/esco/skill/cfbe1cdb-1738-45a1-b442-75cbda1fff06
EPN,Escuela Politécnica Nacional,Ingenieria Quimica,13,aprobar un diseño técnico,skill/competence,cross-sector,0.8324,http://data.europa.eu/esco/skill/f54c10e4-630d-4e50-95e9-4e9e268e8f12
EPN,Escuela Politécnica Nacional,Ingenieria Quimica,14,tener espíritu emprendedor,skill/competence,transversal,0.832,http://data.europa.eu/esco/skill/bdcf429c-5ccf-4c3d-bb61-4c987573a35e
EPN,Escuela Politécnica Nacional,Ingenieria Quimica,15,seguir fórmulas de coloración,skill/competence,cross-sector,0.8319,http://data.europa.eu/esco/skill/8779e8a1-45a8-4f51-b42a-2ea07ee4e8cd
EPN,Escuela Politécnica Nacional,Ingenieria Quimica,16,planificar procesos de fabricación,skill/competence,cross-sector,0.8316,http://data.europa.eu/esco/skill/7d0f33ea-e724-4d77-8b75-ee4fe66bb9ba
EPN,Escuela Politécnica Nacional,Ingenieria Quimica,17,mejorar procesos químicos,skill/competence,cross-sector,0.8309,http://data.europa.eu/esco/skill/451c8010-7dbb-4f96-b4d4-0955766d9eff
EPN,Escuela Politécnica Nacional,Ingenieria Quimica,18,tener competencias informáticas,skill/competence,cross-sector,0.8306,http://data.europa.eu/esco/skill/d15ce60f-ddab-41ce-ba56-398451b77b60
EPN,Escuela Politécnica Nacional,Ingenieria Quimica,19,evaluar el impacto ambiental de yacimientos y zonas industriales,skill/competence,cross-sector,0.8298,http://data.europa.eu/esco/skill/f12f094b-492f-4e88-b36b-50b8e58b7500
EPN,Escuela Politécnica Nacional,Ingenieria Quimica,20,demostrar conocimientos especializados sobre una disciplina,skill/competence,cross-sector,0.8298,http://data.europa.eu/esco/skill/4134622c-c3fb-4a41-beb6-6d58ba5107db
EPN,Escuela Politécnica Nacional,Ingenieria Quimica,21,aplicar medidas de protección del medioambiente,skill/competence,cross-sector,0.8296,http://data.europa.eu/esco/skill/f6d7ba88-5234-4994-944d-843ca453c923
EPN,Escuela Politécnica Nacional,Ingenieria Quimica,22,sensibilizar sobre el medioambiente,skill/competence,cross-sector,0.8294,http://data.europa.eu/esco/skill/8abdc43c-2bfd-417c-97c2-27fcdaf53171
EPN,Escuela Politécnica Nacional,Ingenieria Quimica,23,garantizar que el producto final cumpla con las exigencias,skill/competence,cross-sector,0.8294,http://data.europa.eu/esco/skill/68269b0a-35c5-4867-bc17-a0b0230fe60c
EPN,Escuela Politécnica Nacional,Ingenieria Quimica,24,realizar procedimientos de análisis de agua,skill/competence,cross-sector,0.8289,http://data.europa.eu/esco/skill/e80f9e50-71ff-4bb7-8b7d-eb232685d17f
EPN,Escuela Politécnica Nacional,Ingenieria Quimica,25,trabajar de forma organizada,skill/competence,cross-sector,0.8287,http://data.europa.eu/esco/skill/1258cc12-37bb-4a12-b219-9c3d6b294533
EPN,Escuela Politécnica Nacional,Ingenieria En Sistemas De Informacion,1,ingeniería ambiental,knowledge,cross-sector,0.8503,http://data.europa.eu/esco/skill/b1b118c4-3291-484e-b64d-6d51fd5da8b3
EPN,Escuela Politécnica Nacional,Ingenieria En Sistemas De Informacion,2,legislación ambiental en materia de agricultura y silvicultura,knowledge,cross-sector,0.8501,http://data.europa.eu/esco/skill/3419fac9-575d-4492-a018-edff6f4dae26
EPN,Escuela Politécnica Nacional,Ingenieria En Sistemas De Informacion,3,aplicar medidas de protección del medioambiente,skill/competence,cross-sector,0.8483,http://data.europa.eu/esco/skill/f6d7ba88-5234-4994-944d-843ca453c923
EPN,Escuela Politécnica Nacional,Ingenieria En Sistemas De Informacion,4,realizar auditorías ambientales,skill/competence,cross-sector,0.848,http://data.europa.eu/esco/skill/60ab2bf7-c812-4a88-86c0-7c81a9b2f77c
EPN,Escuela Politécnica Nacional,Ingenieria En Sistemas De Informacion,5,aplicar la gestión de conflictos,skill/competence,cross-sector,0.8468,http://data.europa.eu/esco/skill/0ee94af1-b445-4973-9c3f-459fab250342
EPN,Escuela Politécnica Nacional,Ingenieria En Sistemas De Informacion,6,diseñar escombreras de minas,skill/competence,cross-sector,0.8464,http://data.europa.eu/esco/skill/cfbe1cdb-1738-45a1-b442-75cbda1fff06
EPN,Escuela Politécnica Nacional,Ingenieria En Sistemas De Informacion,7,gestionar el impacto medioambiental de las operaciones,skill/competence,cross-sector,0.8464,http://data.europa.eu/esco/skill/d86babea-bf8b-4552-81a8-daf706066ad6
EPN,Escuela Politécnica Nacional,Ingenieria En Sistemas De Informacion,8,asesorar sobre sistemas de gestión de riesgos ambientales,skill/competence,cross-sector,0.8463,http://data.europa.eu/esco/skill/a366bfc5-8d17-4792-a9f0-db0951528dda
EPN,Escuela Politécnica Nacional,Ingenieria En Sistemas De Informacion,9,sensibilizar sobre el medioambiente,skill/competence,cross-sector,0.8456,http://data.europa.eu/esco/skill/8abdc43c-2bfd-417c-97c2-27fcdaf53171
EPN,Escuela Politécnica Nacional,Ingenieria En Sistemas De Informacion,10,"aplicar conocimientos científicos, tecnológicos y de ingeniería",skill/competence,transversal,0.8449,http://data.europa.eu/esco/skill/5c3ab99d-a3f1-4620-9602-d12d2151a03d
EPN,Escuela Politécnica Nacional,Ingenieria En Sistemas De Informacion,11,tener conciencia de los riesgos sanitarios,skill/competence,transversal,0.8423,http://data.europa.eu/esco/skill/c4180af3-befd-4bd8-9a65-6a496f9d9f15
EPN,Escuela Politécnica Nacional,Ingenieria En Sistemas De Informacion,12,pensar de manera holística,skill/competence,transversal,0.8416,http://data.europa.eu/esco/skill/d56e2c2f-3e01-4b76-a7bb-ecb6d430172f
EPN,Escuela Politécnica Nacional,Ingenieria En Sistemas De Informacion,13,evaluar el impacto ambiental de yacimientos y zonas industriales,skill/competence,cross-sector,0.841,http://data.europa.eu/esco/skill/f12f094b-492f-4e88-b36b-50b8e58b7500
EPN,Escuela Politécnica Nacional,Ingenieria En Sistemas De Informacion,14,garantizar el cumplimiento de la legislación ambiental,skill/competence,cross-sector,0.8409,http://data.europa.eu/esco/skill/089ee650-297e-4716-87d1-440743b70a0d
EPN,Escuela Politécnica Nacional,Ingenieria En Sistemas De Informacion,15,tener competencias informáticas,skill/competence,cross-sector,0.8407,http://data.europa.eu/esco/skill/d15ce60f-ddab-41ce-ba56-398451b77b60
EPN,Escuela Politécnica Nacional,Ingenieria En Sistemas De Informacion,16,ejecutar cálculos matemáticos analíticos,skill/competence,cross-sector,0.8401,http://data.europa.eu/esco/skill/31c69100-b612-4a61-8db5-fd314318854c
EPN,Escuela Politécnica Nacional,Ingenieria En Sistemas De Informacion,17,utilizar modelos informáticos especializados para predecir el tiempo,skill/competence,cross-sector,0.8401,http://data.europa.eu/esco/skill/206f5738-e91f-4390-84a2-fcb864bc11b1
EPN,Escuela Politécnica Nacional,Ingenieria En Sistemas De Informacion,18,realizar actividades de limpieza de forma respetuosa con el medioambiente,skill/competence,cross-sector,0.84,http://data.europa.eu/esco/skill/4fb7f781-9362-426a-9eb6-65c360f83e31
EPN,Escuela Politécnica Nacional,Ingenieria En Sistemas De Informacion,19,utilizar materiales inocuos para el medioambiente,skill/competence,cross-sector,0.8399,http://data.europa.eu/esco/skill/9438b0dc-062a-4893-b176-959706e4ae1e
EPN,Escuela Politécnica Nacional,Ingenieria En Sistemas De Informacion,20,desenvolverse bien en entornos de riesgo,skill/competence,cross-sector,0.8399,http://data.europa.eu/esco/skill/6dce7757-c416-4cec-bd2e-9f2319438c48
EPN,Escuela Politécnica Nacional,Ingenieria En Sistemas De Informacion,21,gestionar impacto ambiental,skill/competence,cross-sector,0.8385,http://data.europa.eu/esco/skill/d3a8ef9c-8572-438c-91dc-010537070be3
EPN,Escuela Politécnica Nacional,Ingenieria En Sistemas De Informacion,22,realizar procedimientos de análisis de agua,skill/competence,cross-sector,0.8382,http://data.europa.eu/esco/skill/e80f9e50-71ff-4bb7-8b7d-eb232685d17f
EPN,Escuela Politécnica Nacional,Ingenieria En Sistemas De Informacion,23,supervisar el funcionamiento de los equipos,skill/competence,cross-sector,0.8376,http://data.europa.eu/esco/skill/ca17f0df-59e4-4ed2-9360-fc5325bc7151
EPN,Escuela Politécnica Nacional,Ingenieria En Sistemas De Informacion,24,impartir formación sobre cuestiones ambientales,skill/competence,cross-sector,0.8372,http://data.europa.eu/esco/skill/2cb27e30-2be7-4a09-9502-fdd2102c046b
EPN,Escuela Politécnica Nacional,Ingenieria En Sistemas De Informacion,25,preparar informes sobre asuntos relacionados con el trabajo,skill/competence,cross-sector,0.8369,http://data.europa.eu/esco/skill/918f5211-b99f-4b29-9a34-6e475583ef55
EPN,Escuela Politécnica Nacional,Ingenieria En Software,1,utilizar servicios electrónicos,skill/competence,cross-sector,0.849,http://data.europa.eu/esco/skill/16a00c69-9c74-4c37-96d7-6301d285e5ce
EPN,Escuela Politécnica Nacional,Ingenieria En Software,2,tener competencias informáticas,skill/competence,cross-sector,0.8489,http://data.europa.eu/esco/skill/d15ce60f-ddab-41ce-ba56-398451b77b60
EPN,Escuela Politécnica Nacional,Ingenieria En Software,3,"aplicar conocimientos científicos, tecnológicos y de ingeniería",skill/competence,transversal,0.8476,http://data.europa.eu/esco/skill/5c3ab99d-a3f1-4620-9602-d12d2151a03d
EPN,Escuela Politécnica Nacional,Ingenieria En Software,4,crear soluciones para problemas informativos,skill/competence,cross-sector,0.8452,http://data.europa.eu/esco/skill/4539aeca-b56f-4d03-ba86-8f675a7f2536
EPN,Escuela Politécnica Nacional,Ingenieria En Software,5,coordinar equipos de ingeniería,skill/competence,cross-sector,0.8434,http://data.europa.eu/esco/skill/7af6e9e8-1e11-4c0b-b7c6-ac96bbbbc674
EPN,Escuela Politécnica Nacional,Ingenieria En Software,6,mantenerse al día sobre las innovaciones en el ámbito empresarial,skill/competence,cross-sector,0.842,http://data.europa.eu/esco/skill/7f70572d-f0c1-4039-9954-b57dc69981f6
EPN,Escuela Politécnica Nacional,Ingenieria En Software,7,cumplir los compromisos,skill/competence,transversal,0.8417,http://data.europa.eu/esco/skill/113b4428-0a31-4199-8496-070af7854b91
EPN,Escuela Politécnica Nacional,Ingenieria En Software,8,gestionar recursos humanos,skill/competence,cross-sector,0.8415,http://data.europa.eu/esco/skill/339ac029-066a-4985-9f9d-b3d7c8fea0bb
EPN,Escuela Politécnica Nacional,Ingenieria En Software,9,aplicar medidas de protección del medioambiente,skill/competence,cross-sector,0.8412,http://data.europa.eu/esco/skill/f6d7ba88-5234-4994-944d-843ca453c923
EPN,Escuela Politécnica Nacional,Ingenieria En Software,10,utilizar modelos informáticos especializados para predecir el tiempo,skill/competence,cross-sector,0.8412,http://data.europa.eu/esco/skill/206f5738-e91f-4390-84a2-fcb864bc11b1
EPN,Escuela Politécnica Nacional,Ingenieria En Software,11,aplicar la gestión de conflictos,skill/competence,cross-sector,0.8411,http://data.europa.eu/esco/skill/0ee94af1-b445-4973-9c3f-459fab250342
EPN,Escuela Politécnica Nacional,Ingenieria En Software,12,analizar modelos de negocio,skill/competence,cross-sector,0.841,http://data.europa.eu/esco/skill/3c1cbc5e-2220-4f45-bcc8-3d52c8c9cae0
EPN,Escuela Politécnica Nacional,Ingenieria En Software,13,realizar trabajos técnicos difíciles,skill/competence,cross-sector,0.8409,http://data.europa.eu/esco/skill/2d780738-9b34-40a3-adbb-590001f6ff86
EPN,Escuela Politécnica Nacional,Ingenieria En Software,14,examinar principios de ingeniería,skill/competence,cross-sector,0.8401,http://data.europa.eu/esco/skill/8bc1c7da-c832-4896-a441-30d087c46aad
EPN,Escuela Politécnica Nacional,Ingenieria En Software,15,utilizar las tecnologías digitales con creatividad,skill/competence,cross-sector,0.8398,http://data.europa.eu/esco/skill/1a4cc54f-1e53-442b-a6d2-1682dc8ef8f9
EPN,Escuela Politécnica Nacional,Ingenieria En Software,16,crear una red profesional con investigadores y científicos,skill/competence,cross-sector,0.8398,http://data.europa.eu/esco/skill/cc61f9e5-d4fc-470e-8606-1ce865ff8386
EPN,Escuela Politécnica Nacional,Ingenieria En Software,17,demostrar voluntad de aprender,skill/competence,transversal,0.8396,http://data.europa.eu/esco/skill/9bf266a6-188b-4d17-a22f-2f266d76832b
EPN,Escuela Politécnica Nacional,Ingenieria En Software,18,trabajar de forma organizada,skill/competence,cross-sector,0.8394,http://data.europa.eu/esco/skill/1258cc12-37bb-4a12-b219-9c3d6b294533
EPN,Escuela Politécnica Nacional,Ingenieria En Software,19,trabajar de forma organizada,skill/competence,cross-sector,0.8394,http://data.europa.eu/esco/skill/1258cc12-37bb-4a12-b219-9c3d6b294533
EPN,Escuela Politécnica Nacional,Ingenieria En Software,20,ingeniería ambiental,knowledge,cross-sector,0.8392,http://data.europa.eu/esco/skill/b1b118c4-3291-484e-b64d-6d51fd5da8b3
EPN,Escuela Politécnica Nacional,Ingenieria En Software,21,actuar de enlace con profesionales del sector,skill/competence,cross-sector,0.839,http://data.europa.eu/esco/skill/d1317634-ccea-44d0-9cdc-c863f9bf856b
EPN,Escuela Politécnica Nacional,Ingenieria En Software,22,tener conciencia de los riesgos sanitarios,skill/competence,transversal,0.8389,http://data.europa.eu/esco/skill/c4180af3-befd-4bd8-9a65-6a496f9d9f15
EPN,Escuela Politécnica Nacional,Ingenieria En Software,23,gestionar un equipo,skill/competence,cross-sector,0.8387,http://data.europa.eu/esco/skill/cb668e89-6ef5-4ff3-ab4a-506010e7e70b
EPN,Escuela Politécnica Nacional,Ingenieria En Software,24,ejecutar cálculos matemáticos analíticos,skill/competence,cross-sector,0.8384,http://data.europa.eu/esco/skill/31c69100-b612-4a61-8db5-fd314318854c
EPN,Escuela Politécnica Nacional,Ingenieria En Software,25,elaborar software estadístico,skill/competence,cross-sector,0.8383,http://data.europa.eu/esco/skill/bb165899-d95f-4433-95f2-173fefd716d2
EPN,Escuela Politécnica Nacional,Ingenieria En Telecomunicacion De La Informacion,1,tener competencias informáticas,skill/competence,cross-sector,0.8658,http://data.europa.eu/esco/skill/d15ce60f-ddab-41ce-ba56-398451b77b60
EPN,Escuela Politécnica Nacional,Ingenieria En Telecomunicacion De La Informacion,2,aplicar la gestión de conflictos,skill/competence,cross-sector,0.8606,http://data.europa.eu/esco/skill/0ee94af1-b445-4973-9c3f-459fab250342
EPN,Escuela Politécnica Nacional,Ingenieria En Telecomunicacion De La Informacion,3,demostrar conocimientos especializados sobre una disciplina,skill/competence,cross-sector,0.859,http://data.europa.eu/esco/skill/4134622c-c3fb-4a41-beb6-6d58ba5107db
EPN,Escuela Politécnica Nacional,Ingenieria En Telecomunicacion De La Informacion,4,gestionar un equipo,skill/competence,cross-sector,0.8562,http://data.europa.eu/esco/skill/cb668e89-6ef5-4ff3-ab4a-506010e7e70b
EPN,Escuela Politécnica Nacional,Ingenieria En Telecomunicacion De La Informacion,5,realizar gestión de clientes,skill/competence,cross-sector,0.8542,http://data.europa.eu/esco/skill/91306a20-9b81-4f3d-97eb-f5368b607da7
EPN,Escuela Politécnica Nacional,Ingenieria En Telecomunicacion De La Informacion,6,crear soluciones para problemas informativos,skill/competence,cross-sector,0.8541,http://data.europa.eu/esco/skill/4539aeca-b56f-4d03-ba86-8f675a7f2536
EPN,Escuela Politécnica Nacional,Ingenieria En Telecomunicacion De La Informacion,7,cumplir la normativa legal,skill/competence,cross-sector,0.854,http://data.europa.eu/esco/skill/3d3ee5c3-4286-457f-9f76-1704011f7e11
EPN,Escuela Politécnica Nacional,Ingenieria En Telecomunicacion De La Informacion,8,realizar búsquedas en internet,skill/competence,transversal,0.8539,http://data.europa.eu/esco/skill/ba93b71b-c433-4a01-8246-ed2daa85a9a2
EPN,Escuela Politécnica Nacional,Ingenieria En Telecomunicacion De La Informacion,9,ejecutar cálculos matemáticos analíticos,skill/competence,cross-sector,0.8535,http://data.europa.eu/esco/skill/31c69100-b612-4a61-8db5-fd314318854c
EPN,Escuela Politécnica Nacional,Ingenieria En Telecomunicacion De La Informacion,10,detectar y corregir errores de las tecnologías de la información y de las comunicaciones,skill/competence,cross-sector,0.8531,http://data.europa.eu/esco/skill/744442ac-c157-4350-8be0-ce454df4f5c5
EPN,Escuela Politécnica Nacional,Ingenieria En Telecomunicacion De La Informacion,11,gestionar recursos humanos,skill/competence,cross-sector,0.8529,http://data.europa.eu/esco/skill/339ac029-066a-4985-9f9d-b3d7c8fea0bb
EPN,Escuela Politécnica Nacional,Ingenieria En Telecomunicacion De La Informacion,12,interpretar las interfaces de comunicación gráfica,skill/competence,cross-sector,0.8521,http://data.europa.eu/esco/skill/ea99e1f2-ad03-4bb3-8960-1227fc76bb2a
EPN,Escuela Politécnica Nacional,Ingenieria En Telecomunicacion De La Informacion,13,realizar trabajos técnicos difíciles,skill/competence,cross-sector,0.8514,http://data.europa.eu/esco/skill/2d780738-9b34-40a3-adbb-590001f6ff86
EPN,Escuela Politécnica Nacional,Ingenieria En Telecomunicacion De La Informacion,14,preparar informes sobre asuntos relacionados con el trabajo,skill/competence,cross-sector,0.8513,http://data.europa.eu/esco/skill/918f5211-b99f-4b29-9a34-6e475583ef55
EPN,Escuela Politécnica Nacional,Ingenieria En Telecomunicacion De La Informacion,15,"aplicar conocimientos científicos, tecnológicos y de ingeniería",skill/competence,transversal,0.851,http://data.europa.eu/esco/skill/5c3ab99d-a3f1-4620-9602-d12d2151a03d
EPN,Escuela Politécnica Nacional,Ingenieria En Telecomunicacion De La Informacion,16,utilizar servicios electrónicos,skill/competence,cross-sector,0.851,http://data.europa.eu/esco/skill/16a00c69-9c74-4c37-96d7-6301d285e5ce
EPN,Escuela Politécnica Nacional,Ingenieria En Telecomunicacion De La Informacion,17,respetar las normas internas de una empresa,skill/competence,cross-sector,0.851,http://data.europa.eu/esco/skill/f5f5b244-6cea-4fbc-8a50-8f712791bc09
EPN,Escuela Politécnica Nacional,Ingenieria En Telecomunicacion De La Informacion,18,resolver problemas,skill/competence,transversal,0.8505,http://data.europa.eu/esco/skill/adc6dc11-3376-467b-96c5-9b0a21edc869
EPN,Escuela Politécnica Nacional,Ingenieria En Telecomunicacion De La Informacion,19,respetar los procedimientos operativos estándar,skill/competence,cross-sector,0.8496,http://data.europa.eu/esco/skill/6d7e3b0c-3995-4953-816d-cf3c5e9ffe34
EPN,Escuela Politécnica Nacional,Ingenieria En Telecomunicacion De La Informacion,20,aplicar competencias matemáticas,skill/competence,cross-sector,0.8493,http://data.europa.eu/esco/skill/5dd01a1e-7ba0-4b7f-a76c-ed811c12bfde
EPN,Escuela Politécnica Nacional,Ingenieria En Telecomunicacion De La Informacion,21,aplicar medidas de protección del medioambiente,skill/competence,cross-sector,0.8492,http://data.europa.eu/esco/skill/f6d7ba88-5234-4994-944d-843ca453c923
EPN,Escuela Politécnica Nacional,Ingenieria En Telecomunicacion De La Informacion,22,desenvolverse bien en entornos de riesgo,skill/competence,cross-sector,0.849,http://data.europa.eu/esco/skill/6dce7757-c416-4cec-bd2e-9f2319438c48
EPN,Escuela Politécnica Nacional,Ingenieria En Telecomunicacion De La Informacion,23,dar seguimiento a los pedidos de los clientes,skill/competence,cross-sector,0.849,http://data.europa.eu/esco/skill/ccb0809c-d045-4621-82f7-192b9e89a4f2
EPN,Escuela Politécnica Nacional,Ingenieria En Telecomunicacion De La Informacion,24,colaborar con el personal técnico en producciones artísticas,skill/competence,cross-sector,0.8489,http://data.europa.eu/esco/skill/94d02529-72e1-4180-9d93-4008342ac481
EPN,Escuela Politécnica Nacional,Ingenieria En Telecomunicacion De La Informacion,25,proteger dispositivos de Tic,skill/competence,cross-sector,0.8485,http://data.europa.eu/esco/skill/df329d70-87b0-466b-a214-3431f36e2a5e
EPN,Escuela Politécnica Nacional,Ingenieria En Telecomunicaciones,1,tener competencias informáticas,skill/competence,cross-sector,0.8642,http://data.europa.eu/esco/skill/d15ce60f-ddab-41ce-ba56-398451b77b60
EPN,Escuela Politécnica Nacional,Ingenieria En Telecomunicaciones,2,aplicar la gestión de conflictos,skill/competence,cross-sector,0.8625,http://data.europa.eu/esco/skill/0ee94af1-b445-4973-9c3f-459fab250342
EPN,Escuela Politécnica Nacional,Ingenieria En Telecomunicaciones,3,demostrar conocimientos especializados sobre una disciplina,skill/competence,cross-sector,0.8553,http://data.europa.eu/esco/skill/4134622c-c3fb-4a41-beb6-6d58ba5107db
EPN,Escuela Politécnica Nacional,Ingenieria En Telecomunicaciones,4,cumplir la normativa legal,skill/competence,cross-sector,0.8535,http://data.europa.eu/esco/skill/3d3ee5c3-4286-457f-9f76-1704011f7e11
EPN,Escuela Politécnica Nacional,Ingenieria En Telecomunicaciones,5,gestionar un equipo,skill/competence,cross-sector,0.8534,http://data.europa.eu/esco/skill/cb668e89-6ef5-4ff3-ab4a-506010e7e70b
EPN,Escuela Politécnica Nacional,Ingenieria En Telecomunicaciones,6,aplicar conocimientos sobre el comportamiento humano,skill/competence,cross-sector,0.8526,http://data.europa.eu/esco/skill/a0e23745-6ba4-45e2-9510-df6e71ed1230
EPN,Escuela Politécnica Nacional,Ingenieria En Telecomunicaciones,7,"utilizar tecnologías digitales para compartir datos, información y contenido digitales",skill/competence,cross-sector,0.8523,http://data.europa.eu/esco/skill/40001d93-8937-4859-89d5-2dca53290ff4
EPN,Escuela Politécnica Nacional,Ingenieria En Telecomunicaciones,8,realizar búsquedas en internet,skill/competence,transversal,0.8522,http://data.europa.eu/esco/skill/ba93b71b-c433-4a01-8246-ed2daa85a9a2
EPN,Escuela Politécnica Nacional,Ingenieria En Telecomunicaciones,9,realizar gestión de clientes,skill/competence,cross-sector,0.8515,http://data.europa.eu/esco/skill/91306a20-9b81-4f3d-97eb-f5368b607da7
EPN,Escuela Politécnica Nacional,Ingenieria En Telecomunicaciones,10,utilizar servicios electrónicos,skill/competence,cross-sector,0.8514,http://data.europa.eu/esco/skill/16a00c69-9c74-4c37-96d7-6301d285e5ce
EPN,Escuela Politécnica Nacional,Ingenieria En Telecomunicaciones,11,"aplicar conocimientos científicos, tecnológicos y de ingeniería",skill/competence,transversal,0.851,http://data.europa.eu/esco/skill/5c3ab99d-a3f1-4620-9602-d12d2151a03d
EPN,Escuela Politécnica Nacional,Ingenieria En Telecomunicaciones,12,crear soluciones para problemas informativos,skill/competence,cross-sector,0.8505,http://data.europa.eu/esco/skill/4539aeca-b56f-4d03-ba86-8f675a7f2536
EPN,Escuela Politécnica Nacional,Ingenieria En Telecomunicaciones,13,utilizar las tecnologías digitales con creatividad,skill/competence,cross-sector,0.85,http://data.europa.eu/esco/skill/1a4cc54f-1e53-442b-a6d2-1682dc8ef8f9
EPN,Escuela Politécnica Nacional,Ingenieria En Telecomunicaciones,14,aplicar competencias matemáticas,skill/competence,cross-sector,0.8499,http://data.europa.eu/esco/skill/5dd01a1e-7ba0-4b7f-a76c-ed811c12bfde
EPN,Escuela Politécnica Nacional,Ingenieria En Telecomunicaciones,15,respetar las normas internas de una empresa,skill/competence,cross-sector,0.8499,http://data.europa.eu/esco/skill/f5f5b244-6cea-4fbc-8a50-8f712791bc09
EPN,Escuela Politécnica Nacional,Ingenieria En Telecomunicaciones,16,proteger dispositivos de Tic,skill/competence,cross-sector,0.8496,http://data.europa.eu/esco/skill/df329d70-87b0-466b-a214-3431f36e2a5e
EPN,Escuela Politécnica Nacional,Ingenieria En Telecomunicaciones,17,respetar los procedimientos operativos estándar,skill/competence,cross-sector,0.8495,http://data.europa.eu/esco/skill/6d7e3b0c-3995-4953-816d-cf3c5e9ffe34
EPN,Escuela Politécnica Nacional,Ingenieria En Telecomunicaciones,18,desenvolverse bien en entornos de riesgo,skill/competence,cross-sector,0.849,http://data.europa.eu/esco/skill/6dce7757-c416-4cec-bd2e-9f2319438c48
EPN,Escuela Politécnica Nacional,Ingenieria En Telecomunicaciones,19,detectar y corregir errores de las tecnologías de la información y de las comunicaciones,skill/competence,cross-sector,0.849,http://data.europa.eu/esco/skill/744442ac-c157-4350-8be0-ce454df4f5c5
EPN,Escuela Politécnica Nacional,Ingenieria En Telecomunicaciones,20,interpretar las interfaces de comunicación gráfica,skill/competence,cross-sector,0.8487,http://data.europa.eu/esco/skill/ea99e1f2-ad03-4bb3-8960-1227fc76bb2a
EPN,Escuela Politécnica Nacional,Ingenieria En Telecomunicaciones,21,gestionar recursos humanos,skill/competence,cross-sector,0.8486,http://data.europa.eu/esco/skill/339ac029-066a-4985-9f9d-b3d7c8fea0bb
EPN,Escuela Politécnica Nacional,Ingenieria En Telecomunicaciones,22,ejecutar cálculos matemáticos analíticos,skill/competence,cross-sector,0.8486,http://data.europa.eu/esco/skill/31c69100-b612-4a61-8db5-fd314318854c
EPN,Escuela Politécnica Nacional,Ingenieria En Telecomunicaciones,23,demostrar voluntad de aprender,skill/competence,transversal,0.8484,http://data.europa.eu/esco/skill/9bf266a6-188b-4d17-a22f-2f266d76832b
EPN,Escuela Politécnica Nacional,Ingenieria En Telecomunicaciones,24,mantener los conocimientos profesionales al día,skill/competence,cross-sector,0.8482,http://data.europa.eu/esco/skill/a38e54a1-0922-4e8f-92a6-4f028d7d569f
EPN,Escuela Politécnica Nacional,Ingenieria En Telecomunicaciones,25,preparar informes sobre asuntos relacionados con el trabajo,skill/competence,cross-sector,0.8481,http://data.europa.eu/esco/skill/918f5211-b99f-4b29-9a34-6e475583ef55
EPN,Escuela Politécnica Nacional,Ingenieria Civil,1,ingeniería ambiental,knowledge,cross-sector,0.8563,http://data.europa.eu/esco/skill/b1b118c4-3291-484e-b64d-6d51fd5da8b3
EPN,Escuela Politécnica Nacional,Ingenieria Civil,2,sensibilizar sobre el medioambiente,skill/competence,cross-sector,0.8475,http://data.europa.eu/esco/skill/8abdc43c-2bfd-417c-97c2-27fcdaf53171
EPN,Escuela Politécnica Nacional,Ingenieria Civil,3,coordinar equipos de ingeniería,skill/competence,cross-sector,0.8473,http://data.europa.eu/esco/skill/7af6e9e8-1e11-4c0b-b7c6-ac96bbbbc674
EPN,Escuela Politécnica Nacional,Ingenieria Civil,4,utilizar servicios electrónicos,skill/competence,cross-sector,0.8453,http://data.europa.eu/esco/skill/16a00c69-9c74-4c37-96d7-6301d285e5ce
EPN,Escuela Politécnica Nacional,Ingenieria Civil,5,"aplicar conocimientos científicos, tecnológicos y de ingeniería",skill/competence,transversal,0.8449,http://data.europa.eu/esco/skill/5c3ab99d-a3f1-4620-9602-d12d2151a03d
EPN,Escuela Politécnica Nacional,Ingenieria Civil,6,examinar las infraestructuras civiles,skill/competence,cross-sector,0.8446,http://data.europa.eu/esco/skill/d48b3cfe-80b6-406f-b582-d959b60417f8
EPN,Escuela Politécnica Nacional,Ingenieria Civil,7,legislación ambiental en materia de agricultura y silvicultura,knowledge,cross-sector,0.8442,http://data.europa.eu/esco/skill/3419fac9-575d-4492-a018-edff6f4dae26
EPN,Escuela Politécnica Nacional,Ingenieria Civil,8,examinar principios de ingeniería,skill/competence,cross-sector,0.8431,http://data.europa.eu/esco/skill/8bc1c7da-c832-4896-a441-30d087c46aad
EPN,Escuela Politécnica Nacional,Ingenieria Civil,9,diseñar escombreras de minas,skill/competence,cross-sector,0.8428,http://data.europa.eu/esco/skill/cfbe1cdb-1738-45a1-b442-75cbda1fff06
EPN,Escuela Politécnica Nacional,Ingenieria Civil,10,aplicar medidas de protección del medioambiente,skill/competence,cross-sector,0.8414,http://data.europa.eu/esco/skill/f6d7ba88-5234-4994-944d-843ca453c923
EPN,Escuela Politécnica Nacional,Ingenieria Civil,11,tener conciencia de los riesgos sanitarios,skill/competence,transversal,0.8393,http://data.europa.eu/esco/skill/c4180af3-befd-4bd8-9a65-6a496f9d9f15
EPN,Escuela Politécnica Nacional,Ingenieria Civil,12,mitigar la pérdida de recursos,skill/competence,cross-sector,0.8381,http://data.europa.eu/esco/skill/d2c81ad1-2439-43cf-9c63-204187b8f771
EPN,Escuela Politécnica Nacional,Ingenieria Civil,13,gestionar un equipo,skill/competence,cross-sector,0.8371,http://data.europa.eu/esco/skill/cb668e89-6ef5-4ff3-ab4a-506010e7e70b
EPN,Escuela Politécnica Nacional,Ingenieria Civil,14,asesorar sobre temas de construcción,skill/competence,cross-sector,0.8362,http://data.europa.eu/esco/skill/3b64ab47-a874-403a-b781-7b23c2fc3c6c
EPN,Escuela Politécnica Nacional,Ingenieria Civil,15,proporcionar experiencia técnica,skill/competence,cross-sector,0.8359,http://data.europa.eu/esco/skill/c69587b4-05d3-45bb-b79b-9b85e6603fc2
EPN,Escuela Politécnica Nacional,Ingenieria Civil,16,generar confianza,skill/competence,cross-sector,0.8355,http://data.europa.eu/esco/skill/eade4171-3d57-4fb2-9518-44d5a1da4ff5
EPN,Escuela Politécnica Nacional,Ingenieria Civil,17,cumplir los compromisos,skill/competence,transversal,0.8352,http://data.europa.eu/esco/skill/113b4428-0a31-4199-8496-070af7854b91
EPN,Escuela Politécnica Nacional,Ingenieria Civil,18,gestionar recursos humanos,skill/competence,cross-sector,0.8347,http://data.europa.eu/esco/skill/339ac029-066a-4985-9f9d-b3d7c8fea0bb
EPN,Escuela Politécnica Nacional,Ingenieria Civil,19,aplicar competencias matemáticas,skill/competence,cross-sector,0.8345,http://data.europa.eu/esco/skill/5dd01a1e-7ba0-4b7f-a76c-ed811c12bfde
EPN,Escuela Politécnica Nacional,Ingenieria Civil,20,proponer estrategias de mejora,skill/competence,cross-sector,0.8345,http://data.europa.eu/esco/skill/d4cc5022-7801-4885-bcff-166552788d35
EPN,Escuela Politécnica Nacional,Ingenieria Civil,21,crear una red profesional con investigadores y científicos,skill/competence,cross-sector,0.8343,http://data.europa.eu/esco/skill/cc61f9e5-d4fc-470e-8606-1ce865ff8386
EPN,Escuela Politécnica Nacional,Ingenieria Civil,22,actuar de enlace con profesionales del sector,skill/competence,cross-sector,0.8341,http://data.europa.eu/esco/skill/d1317634-ccea-44d0-9cdc-c863f9bf856b
EPN,Escuela Politécnica Nacional,Ingenieria Civil,23,impartir formación sobre cuestiones ambientales,skill/competence,cross-sector,0.834,http://data.europa.eu/esco/skill/2cb27e30-2be7-4a09-9502-fdd2102c046b
EPN,Escuela Politécnica Nacional,Ingenieria Civil,24,desarrollar estrategias de rehabilitación tras inundaciones,skill/competence,cross-sector,0.8335,http://data.europa.eu/esco/skill/6b5d032a-b85a-44ea-9dad-5201048d2dd2
EPN,Escuela Politécnica Nacional,Ingenieria Civil,25,realizar investigación estratégica,skill/competence,cross-sector,0.8332,http://data.europa.eu/esco/skill/0aa02c52-077d-45f8-8c2d-7132c11ac16e
EPN,Escuela Politécnica Nacional,Seguridad De Redes De Informacion,1,proteger dispositivos de Tic,skill/competence,cross-sector,0.8677,http://data.europa.eu/esco/skill/df329d70-87b0-466b-a214-3431f36e2a5e
EPN,Escuela Politécnica Nacional,Seguridad De Redes De Informacion,2,gestionar un equipo,skill/competence,cross-sector,0.8653,http://data.europa.eu/esco/skill/cb668e89-6ef5-4ff3-ab4a-506010e7e70b
EPN,Escuela Politécnica Nacional,Seguridad De Redes De Informacion,3,detectar y corregir errores de las tecnologías de la información y de las comunicaciones,skill/competence,cross-sector,0.8603,http://data.europa.eu/esco/skill/744442ac-c157-4350-8be0-ce454df4f5c5
EPN,Escuela Politécnica Nacional,Seguridad De Redes De Informacion,4,gestionar recursos humanos,skill/competence,cross-sector,0.8602,http://data.europa.eu/esco/skill/339ac029-066a-4985-9f9d-b3d7c8fea0bb
EPN,Escuela Politécnica Nacional,Seguridad De Redes De Informacion,5,resolver problemas de sistemas TIC,skill/competence,cross-sector,0.8583,http://data.europa.eu/esco/skill/9e06bac6-6b91-48ca-8b7d-c1f48cdecd7c
EPN,Escuela Politécnica Nacional,Seguridad De Redes De Informacion,6,tener competencias informáticas,skill/competence,cross-sector,0.8577,http://data.europa.eu/esco/skill/d15ce60f-ddab-41ce-ba56-398451b77b60
EPN,Escuela Politécnica Nacional,Seguridad De Redes De Informacion,7,tener conciencia de los riesgos sanitarios,skill/competence,transversal,0.8535,http://data.europa.eu/esco/skill/c4180af3-befd-4bd8-9a65-6a496f9d9f15
EPN,Escuela Politécnica Nacional,Seguridad De Redes De Informacion,8,crear soluciones para problemas informativos,skill/competence,cross-sector,0.8527,http://data.europa.eu/esco/skill/4539aeca-b56f-4d03-ba86-8f675a7f2536
EPN,Escuela Politécnica Nacional,Seguridad De Redes De Informacion,9,aplicar la gestión de conflictos,skill/competence,cross-sector,0.8518,http://data.europa.eu/esco/skill/0ee94af1-b445-4973-9c3f-459fab250342
EPN,Escuela Politécnica Nacional,Seguridad De Redes De Informacion,10,respetar las normas internas de una empresa,skill/competence,cross-sector,0.8516,http://data.europa.eu/esco/skill/f5f5b244-6cea-4fbc-8a50-8f712791bc09
EPN,Escuela Politécnica Nacional,Seguridad De Redes De Informacion,11,preparar informes sobre asuntos relacionados con el trabajo,skill/competence,cross-sector,0.8513,http://data.europa.eu/esco/skill/918f5211-b99f-4b29-9a34-6e475583ef55
EPN,Escuela Politécnica Nacional,Seguridad De Redes De Informacion,12,demostrar conocimientos especializados sobre una disciplina,skill/competence,cross-sector,0.8512,http://data.europa.eu/esco/skill/4134622c-c3fb-4a41-beb6-6d58ba5107db
EPN,Escuela Politécnica Nacional,Seguridad De Redes De Informacion,13,crear soluciones para problemas,skill/competence,cross-sector,0.8511,http://data.europa.eu/esco/skill/03b9b491-fc9b-4868-914a-bf7cd47b5041
EPN,Escuela Politécnica Nacional,Seguridad De Redes De Informacion,14,crear una red profesional con investigadores y científicos,skill/competence,cross-sector,0.8494,http://data.europa.eu/esco/skill/cc61f9e5-d4fc-470e-8606-1ce865ff8386
EPN,Escuela Politécnica Nacional,Seguridad De Redes De Informacion,15,desenvolverse bien en entornos de riesgo,skill/competence,cross-sector,0.8479,http://data.europa.eu/esco/skill/6dce7757-c416-4cec-bd2e-9f2319438c48
EPN,Escuela Politécnica Nacional,Seguridad De Redes De Informacion,16,detectar peligros en el lugar de trabajo,skill/competence,cross-sector,0.8475,http://data.europa.eu/esco/skill/5f97fac8-2001-4b81-ae8b-22f9062d921a
EPN,Escuela Politécnica Nacional,Seguridad De Redes De Informacion,17,interpretar las interfaces de comunicación gráfica,skill/competence,cross-sector,0.8473,http://data.europa.eu/esco/skill/ea99e1f2-ad03-4bb3-8960-1227fc76bb2a
EPN,Escuela Politécnica Nacional,Seguridad De Redes De Informacion,18,asesorar sobre mejoras de seguridad,skill/competence,cross-sector,0.8471,http://data.europa.eu/esco/skill/37838e04-ac5f-43a5-82d0-35f42351fd60
EPN,Escuela Politécnica Nacional,Seguridad De Redes De Informacion,19,cumplir la normativa legal,skill/competence,cross-sector,0.8469,http://data.europa.eu/esco/skill/3d3ee5c3-4286-457f-9f76-1704011f7e11
EPN,Escuela Politécnica Nacional,Seguridad De Redes De Informacion,20,redactar informes de inspección,skill/competence,cross-sector,0.8468,http://data.europa.eu/esco/skill/cdd2b6cc-b4a9-42a0-824b-766f52176fd3
EPN,Escuela Politécnica Nacional,Seguridad De Redes De Informacion,21,supervisar el funcionamiento de los equipos,skill/competence,cross-sector,0.846,http://data.europa.eu/esco/skill/ca17f0df-59e4-4ed2-9360-fc5325bc7151
EPN,Escuela Politécnica Nacional,Seguridad De Redes De Informacion,22,divulgar información general sobre una empresa,skill/competence,cross-sector,0.8459,http://data.europa.eu/esco/skill/5436f06d-4cc0-42a6-8e5b-63b842cce03b
EPN,Escuela Politécnica Nacional,Seguridad De Redes De Informacion,23,realizar un análisis de riesgo,skill/competence,cross-sector,0.8454,http://data.europa.eu/esco/skill/1dd23dba-dd00-45ab-abf4-642902538317
EPN,Escuela Politécnica Nacional,Seguridad De Redes De Informacion,24,ejecutar cálculos matemáticos analíticos,skill/competence,cross-sector,0.8452,http://data.europa.eu/esco/skill/31c69100-b612-4a61-8db5-fd314318854c
EPN,Escuela Politécnica Nacional,Seguridad De Redes De Informacion,25,seguir las normas OHSAS 18001,skill/competence,cross-sector,0.8446,http://data.europa.eu/esco/skill/2d9aaad3-a3c8-4c5b-bf67-46984d860873
ESPOL,Escuela Superior Politécnica del Litoral,COMPUTACIÓN,1,ejecutar cálculos matemáticos analíticos,skill/competence,cross-sector,0.8815,http://data.europa.eu/esco/skill/31c69100-b612-4a61-8db5-fd314318854c
ESPOL,Escuela Superior Politécnica del Litoral,COMPUTACIÓN,2,tener competencias informáticas,skill/competence,cross-sector,0.8772,http://data.europa.eu/esco/skill/d15ce60f-ddab-41ce-ba56-398451b77b60
ESPOL,Escuela Superior Politécnica del Litoral,COMPUTACIÓN,3,elaborar estrategias para resolver problemas,skill/competence,cross-sector,0.8717,http://data.europa.eu/esco/skill/7a8fb784-67fa-41e9-a75c-6b491d91f800
ESPOL,Escuela Superior Politécnica del Litoral,COMPUTACIÓN,4,crear soluciones para problemas,skill/competence,cross-sector,0.8708,http://data.europa.eu/esco/skill/03b9b491-fc9b-4868-914a-bf7cd47b5041
ESPOL,Escuela Superior Politécnica del Litoral,COMPUTACIÓN,5,resolver problemas de sistemas TIC,skill/competence,cross-sector,0.8705,http://data.europa.eu/esco/skill/9e06bac6-6b91-48ca-8b7d-c1f48cdecd7c
ESPOL,Escuela Superior Politécnica del Litoral,COMPUTACIÓN,6,resolver problemas técnicos,skill/competence,cross-sector,0.8698,http://data.europa.eu/esco/skill/14832d87-2f2f-4895-b290-e4760ebae42a
ESPOL,Escuela Superior Politécnica del Litoral,COMPUTACIÓN,7,crear soluciones para problemas informativos,skill/competence,cross-sector,0.8692,http://data.europa.eu/esco/skill/4539aeca-b56f-4d03-ba86-8f675a7f2536
ESPOL,Escuela Superior Politécnica del Litoral,COMPUTACIÓN,8,trabajar de forma organizada,skill/competence,cross-sector,0.8689,http://data.europa.eu/esco/skill/1258cc12-37bb-4a12-b219-9c3d6b294533
ESPOL,Escuela Superior Politécnica del Litoral,COMPUTACIÓN,9,trabajar de forma organizada,skill/competence,cross-sector,0.8689,http://data.europa.eu/esco/skill/1258cc12-37bb-4a12-b219-9c3d6b294533
ESPOL,Escuela Superior Politécnica del Litoral,COMPUTACIÓN,10,representar a la empresa,skill/competence,cross-sector,0.8678,http://data.europa.eu/esco/skill/43268a87-8280-4e3f-bf97-97dc973d60ef
ESPOL,Escuela Superior Politécnica del Litoral,COMPUTACIÓN,11,tener espíritu emprendedor,skill/competence,transversal,0.8674,http://data.europa.eu/esco/skill/bdcf429c-5ccf-4c3d-bb61-4c987573a35e
ESPOL,Escuela Superior Politécnica del Litoral,COMPUTACIÓN,12,analizar modelos de negocio,skill/competence,cross-sector,0.8664,http://data.europa.eu/esco/skill/3c1cbc5e-2220-4f45-bcc8-3d52c8c9cae0
ESPOL,Escuela Superior Politécnica del Litoral,COMPUTACIÓN,13,aplicar la gestión de conflictos,skill/competence,cross-sector,0.8657,http://data.europa.eu/esco/skill/0ee94af1-b445-4973-9c3f-459fab250342
ESPOL,Escuela Superior Politécnica del Litoral,COMPUTACIÓN,14,Proponer soluciones tecnológicas a problemas empresariales,skill/competence,cross-sector,0.8655,http://data.europa.eu/esco/skill/07e51c60-763a-4335-b4ec-70a15f66d328
ESPOL,Escuela Superior Politécnica del Litoral,COMPUTACIÓN,15,montar máquinas,skill/competence,cross-sector,0.8654,http://data.europa.eu/esco/skill/87a0c0e6-c114-4ea1-b2d0-933bce1f3c5f
ESPOL,Escuela Superior Politécnica del Litoral,COMPUTACIÓN,16,realizar gestión de clientes,skill/competence,cross-sector,0.8649,http://data.europa.eu/esco/skill/91306a20-9b81-4f3d-97eb-f5368b607da7
ESPOL,Escuela Superior Politécnica del Litoral,COMPUTACIÓN,17,resolver problemas,skill/competence,transversal,0.8647,http://data.europa.eu/esco/skill/adc6dc11-3376-467b-96c5-9b0a21edc869
ESPOL,Escuela Superior Politécnica del Litoral,COMPUTACIÓN,18,detectar y corregir errores de las tecnologías de la información y de las comunicaciones,skill/competence,cross-sector,0.8638,http://data.europa.eu/esco/skill/744442ac-c157-4350-8be0-ce454df4f5c5
ESPOL,Escuela Superior Politécnica del Litoral,COMPUTACIÓN,19,gestionar empresas de producción,skill/competence,cross-sector,0.8633,http://data.europa.eu/esco/skill/435d1751-8667-41ec-8b32-865b7cd3c684
ESPOL,Escuela Superior Politécnica del Litoral,COMPUTACIÓN,20,aplicar competencias matemáticas,skill/competence,cross-sector,0.8625,http://data.europa.eu/esco/skill/5dd01a1e-7ba0-4b7f-a76c-ed811c12bfde
ESPOL,Escuela Superior Politécnica del Litoral,COMPUTACIÓN,21,calcular con exactitud las horas de trabajo,skill/competence,cross-sector,0.8624,http://data.europa.eu/esco/skill/bd556223-d9af-434b-a6bf-e70fa3ed3d12
ESPOL,Escuela Superior Politécnica del Litoral,COMPUTACIÓN,22,utilizar modelos informáticos especializados para predecir el tiempo,skill/competence,cross-sector,0.8618,http://data.europa.eu/esco/skill/206f5738-e91f-4390-84a2-fcb864bc11b1
ESPOL,Escuela Superior Politécnica del Litoral,COMPUTACIÓN,23,utilizar las tecnologías digitales con creatividad,skill/competence,cross-sector,0.8615,http://data.europa.eu/esco/skill/1a4cc54f-1e53-442b-a6d2-1682dc8ef8f9
ESPOL,Escuela Superior Politécnica del Litoral,COMPUTACIÓN,24,verificar unidades electrónicas,skill/competence,cross-sector,0.8607,http://data.europa.eu/esco/skill/baf501a8-f0fe-4ad7-9b69-8e920fa1a87b
ESPOL,Escuela Superior Politécnica del Litoral,COMPUTACIÓN,25,detectar necesidades tecnológicas,skill/competence,cross-sector,0.8607,http://data.europa.eu/esco/skill/42fcf80d-7b45-40f3-bd2f-5411c4c0dfa0
ESPOL,Escuela Superior Politécnica del Litoral,ELECTRICIDAD,1,gestionar empresas de producción,skill/competence,cross-sector,0.8713,http://data.europa.eu/esco/skill/435d1751-8667-41ec-8b32-865b7cd3c684
ESPOL,Escuela Superior Politécnica del Litoral,ELECTRICIDAD,2,mantener motores eléctricos,skill/competence,cross-sector,0.8664,http://data.europa.eu/esco/skill/2876970d-90af-45bd-9cfd-c0af757947ea
ESPOL,Escuela Superior Politécnica del Litoral,ELECTRICIDAD,3,evaluar las necesidades energéticas,skill/competence,cross-sector,0.8647,http://data.europa.eu/esco/skill/36fccad9-1d20-4104-bcc2-a8ea9d1ce5ea
ESPOL,Escuela Superior Politécnica del Litoral,ELECTRICIDAD,4,gestionar equipos pesados,skill/competence,cross-sector,0.8608,http://data.europa.eu/esco/skill/2a314d49-c071-403b-9cc8-75aea53e7859
ESPOL,Escuela Superior Politécnica del Litoral,ELECTRICIDAD,5,operar el equipo de empaquetado,skill/competence,cross-sector,0.8596,http://data.europa.eu/esco/skill/f8cd217b-b870-42aa-9bbe-d36b672cbb65
ESPOL,Escuela Superior Politécnica del Litoral,ELECTRICIDAD,6,montar generadores,skill/competence,cross-sector,0.8589,http://data.europa.eu/esco/skill/942edf03-a450-4261-b65c-9b447fdddc51
ESPOL,Escuela Superior Politécnica del Litoral,ELECTRICIDAD,7,montar máquinas,skill/competence,cross-sector,0.8577,http://data.europa.eu/esco/skill/87a0c0e6-c114-4ea1-b2d0-933bce1f3c5f
ESPOL,Escuela Superior Politécnica del Litoral,ELECTRICIDAD,8,supervisar el funcionamiento de los equipos,skill/competence,cross-sector,0.8574,http://data.europa.eu/esco/skill/ca17f0df-59e4-4ed2-9360-fc5325bc7151
ESPOL,Escuela Superior Politécnica del Litoral,ELECTRICIDAD,9,gestionar sistemas de instrumentación,skill/competence,cross-sector,0.8569,http://data.europa.eu/esco/skill/5d71a91f-cc72-4b66-b6e3-d75ecc05e235
ESPOL,Escuela Superior Politécnica del Litoral,ELECTRICIDAD,10,gestionar los programas públicos,skill/competence,cross-sector,0.8568,http://data.europa.eu/esco/skill/0761f325-13e7-49f4-a41a-ec64ba4e7b9d
ESPOL,Escuela Superior Politécnica del Litoral,ELECTRICIDAD,11,mantener sistemas de energía solar,skill/competence,cross-sector,0.8568,http://data.europa.eu/esco/skill/9cf2856d-0375-4ec3-a51f-7f9c82119859
ESPOL,Escuela Superior Politécnica del Litoral,ELECTRICIDAD,12,gestionar la instalación de estructuras para eventos,skill/competence,cross-sector,0.8561,http://data.europa.eu/esco/skill/0e503b48-5491-4529-879e-b112251f8d50
ESPOL,Escuela Superior Politécnica del Litoral,ELECTRICIDAD,13,diseñar sistemas de control,skill/competence,cross-sector,0.8545,http://data.europa.eu/esco/skill/d560df46-dda4-4407-bab2-b87353a96814
ESPOL,Escuela Superior Politécnica del Litoral,ELECTRICIDAD,14,realizar actividades de gestión energética en instalaciones,skill/competence,cross-sector,0.8538,http://data.europa.eu/esco/skill/885808f7-f42b-406e-95f2-28efcd45ddda
ESPOL,Escuela Superior Politécnica del Litoral,ELECTRICIDAD,15,manejar equipos de extracción de hidrógeno,skill/competence,cross-sector,0.8529,http://data.europa.eu/esco/skill/d2fd219f-5cb1-4f67-8db5-be6c5fc865c7
ESPOL,Escuela Superior Politécnica del Litoral,ELECTRICIDAD,16,realizar todas las actividades de ingeniería de procesos,skill/competence,cross-sector,0.8526,http://data.europa.eu/esco/skill/8b9d609a-6d62-4d5c-9133-01d41979cfac
ESPOL,Escuela Superior Politécnica del Litoral,ELECTRICIDAD,17,realizar diversas tareas organizativas en la empresa,skill/competence,cross-sector,0.8526,http://data.europa.eu/esco/skill/01755f08-4df4-4cf0-8d22-08f94cad68b5
ESPOL,Escuela Superior Politécnica del Litoral,ELECTRICIDAD,18,planificar procesos de fabricación,skill/competence,cross-sector,0.852,http://data.europa.eu/esco/skill/7d0f33ea-e724-4d77-8b75-ee4fe66bb9ba
ESPOL,Escuela Superior Politécnica del Litoral,ELECTRICIDAD,19,gestionar la recepción de suministros eléctricos,skill/competence,cross-sector,0.8518,http://data.europa.eu/esco/skill/c796e1fa-cbbd-4639-b8d9-cbcdc130c7a2
ESPOL,Escuela Superior Politécnica del Litoral,ELECTRICIDAD,20,gestionar varios proyectos,skill/competence,cross-sector,0.8501,http://data.europa.eu/esco/skill/c881ddd2-9c0e-4743-bd24-36be650493dd
ESPOL,Escuela Superior Politécnica del Litoral,ELECTRICIDAD,21,gestionar proyectos de investigación y desarrollo,skill/competence,cross-sector,0.8497,http://data.europa.eu/esco/skill/d5dbc342-8e39-4998-8237-ebbe05a381ce
ESPOL,Escuela Superior Politécnica del Litoral,ELECTRICIDAD,22,evaluar el impacto ambiental de yacimientos y zonas industriales,skill/competence,cross-sector,0.8494,http://data.europa.eu/esco/skill/f12f094b-492f-4e88-b36b-50b8e58b7500
ESPOL,Escuela Superior Politécnica del Litoral,ELECTRICIDAD,23,interpretar esquemas eléctricos,skill/competence,cross-sector,0.8485,http://data.europa.eu/esco/skill/fe96f581-4905-4282-819c-922c68bda989
ESPOL,Escuela Superior Politécnica del Litoral,ELECTRICIDAD,24,controlar maquinaria pesada,skill/competence,cross-sector,0.8483,http://data.europa.eu/esco/skill/4853efe8-0cdd-42d1-bc5a-6ba5fa9a8b2c
ESPOL,Escuela Superior Politécnica del Litoral,ELECTRICIDAD,25,probar equipos eléctricos,skill/competence,cross-sector,0.8479,http://data.europa.eu/esco/skill/3f6dc31c-ceef-4e93-9d8a-b4b862cf9b51
ESPOL,Escuela Superior Politécnica del Litoral,ELECTRÓNICA Y AUTOMATIZACIÓN,1,montar máquinas,skill/competence,cross-sector,0.8734,http://data.europa.eu/esco/skill/87a0c0e6-c114-4ea1-b2d0-933bce1f3c5f
ESPOL,Escuela Superior Politécnica del Litoral,ELECTRÓNICA Y AUTOMATIZACIÓN,2,resolver problemas técnicos,skill/competence,cross-sector,0.8717,http://data.europa.eu/esco/skill/14832d87-2f2f-4895-b290-e4760ebae42a
ESPOL,Escuela Superior Politécnica del Litoral,ELECTRÓNICA Y AUTOMATIZACIÓN,3,supervisar el funcionamiento de los equipos,skill/competence,cross-sector,0.8707,http://data.europa.eu/esco/skill/ca17f0df-59e4-4ed2-9360-fc5325bc7151
ESPOL,Escuela Superior Politécnica del Litoral,ELECTRÓNICA Y AUTOMATIZACIÓN,4,diseñar sistemas de control,skill/competence,cross-sector,0.8684,http://data.europa.eu/esco/skill/d560df46-dda4-4407-bab2-b87353a96814
ESPOL,Escuela Superior Politécnica del Litoral,ELECTRÓNICA Y AUTOMATIZACIÓN,5,mantener motores eléctricos,skill/competence,cross-sector,0.868,http://data.europa.eu/esco/skill/2876970d-90af-45bd-9cfd-c0af757947ea
ESPOL,Escuela Superior Politécnica del Litoral,ELECTRÓNICA Y AUTOMATIZACIÓN,6,verificar unidades electrónicas,skill/competence,cross-sector,0.8675,http://data.europa.eu/esco/skill/baf501a8-f0fe-4ad7-9b69-8e920fa1a87b
ESPOL,Escuela Superior Politécnica del Litoral,ELECTRÓNICA Y AUTOMATIZACIÓN,7,mantener equipos electrónicos,skill/competence,cross-sector,0.8674,http://data.europa.eu/esco/skill/ba45db8f-34e8-4f29-af0b-e6645e1d693f
ESPOL,Escuela Superior Politécnica del Litoral,ELECTRÓNICA Y AUTOMATIZACIÓN,8,asesorar sobre cuestiones relacionadas con problemas de fabricación,skill/competence,cross-sector,0.8669,http://data.europa.eu/esco/skill/6c80c47c-3d08-4356-aa82-46f6ec82c898
ESPOL,Escuela Superior Politécnica del Litoral,ELECTRÓNICA Y AUTOMATIZACIÓN,9,Proponer soluciones tecnológicas a problemas empresariales,skill/competence,cross-sector,0.8638,http://data.europa.eu/esco/skill/07e51c60-763a-4335-b4ec-70a15f66d328
ESPOL,Escuela Superior Politécnica del Litoral,ELECTRÓNICA Y AUTOMATIZACIÓN,10,asesorar sobre averías de máquinas,skill/competence,cross-sector,0.8637,http://data.europa.eu/esco/skill/8c474534-707f-46f3-b356-810bbfe8b693
ESPOL,Escuela Superior Politécnica del Litoral,ELECTRÓNICA Y AUTOMATIZACIÓN,11,resolver problemas operativos,skill/competence,cross-sector,0.8637,http://data.europa.eu/esco/skill/334e3e49-fb02-4051-809a-f06adfdc1c40
ESPOL,Escuela Superior Politécnica del Litoral,ELECTRÓNICA Y AUTOMATIZACIÓN,12,resolver averías de equipos,skill/competence,cross-sector,0.8637,http://data.europa.eu/esco/skill/1de6b87b-2c7d-49aa-bcc0-3b2ef75f064f
ESPOL,Escuela Superior Politécnica del Litoral,ELECTRÓNICA Y AUTOMATIZACIÓN,13,controlar maquinaria pesada,skill/competence,cross-sector,0.8635,http://data.europa.eu/esco/skill/4853efe8-0cdd-42d1-bc5a-6ba5fa9a8b2c
ESPOL,Escuela Superior Politécnica del Litoral,ELECTRÓNICA Y AUTOMATIZACIÓN,14,gestionar empresas de producción,skill/competence,cross-sector,0.8633,http://data.europa.eu/esco/skill/435d1751-8667-41ec-8b32-865b7cd3c684
ESPOL,Escuela Superior Politécnica del Litoral,ELECTRÓNICA Y AUTOMATIZACIÓN,15,planificar procesos de fabricación,skill/competence,cross-sector,0.8621,http://data.europa.eu/esco/skill/7d0f33ea-e724-4d77-8b75-ee4fe66bb9ba
ESPOL,Escuela Superior Politécnica del Litoral,ELECTRÓNICA Y AUTOMATIZACIÓN,16,desarrollar procedimientos de prueba electrónica,skill/competence,cross-sector,0.8613,http://data.europa.eu/esco/skill/0de6bca4-f3aa-452a-8e10-d355b2c1bfc4
ESPOL,Escuela Superior Politécnica del Litoral,ELECTRÓNICA Y AUTOMATIZACIÓN,17,mejorar procesos químicos,skill/competence,cross-sector,0.8612,http://data.europa.eu/esco/skill/451c8010-7dbb-4f96-b4d4-0955766d9eff
ESPOL,Escuela Superior Politécnica del Litoral,ELECTRÓNICA Y AUTOMATIZACIÓN,18,mantener equipos industriales,skill/competence,cross-sector,0.861,http://data.europa.eu/esco/skill/3e4cdaee-740c-4754-9135-466362bbd22e
ESPOL,Escuela Superior Politécnica del Litoral,ELECTRÓNICA Y AUTOMATIZACIÓN,19,mantener el equipo eléctrico,skill/competence,cross-sector,0.861,http://data.europa.eu/esco/skill/386774ac-fe5b-431a-b485-9aec0bf5c09e
ESPOL,Escuela Superior Politécnica del Litoral,ELECTRÓNICA Y AUTOMATIZACIÓN,20,crear soluciones para problemas informativos,skill/competence,cross-sector,0.8607,http://data.europa.eu/esco/skill/4539aeca-b56f-4d03-ba86-8f675a7f2536
ESPOL,Escuela Superior Politécnica del Litoral,ELECTRÓNICA Y AUTOMATIZACIÓN,21,reparar equipos in situ,skill/competence,cross-sector,0.86,http://data.europa.eu/esco/skill/b928ae44-b19f-49c7-a823-b09094de1063
ESPOL,Escuela Superior Politécnica del Litoral,ELECTRÓNICA Y AUTOMATIZACIÓN,22,proponer estrategias de mejora,skill/competence,cross-sector,0.8594,http://data.europa.eu/esco/skill/d4cc5022-7801-4885-bcff-166552788d35
ESPOL,Escuela Superior Politécnica del Litoral,ELECTRÓNICA Y AUTOMATIZACIÓN,23,redactar informes de producción,skill/competence,cross-sector,0.8592,http://data.europa.eu/esco/skill/7f18c3a2-f1ce-4db2-a354-9417691b5a43
ESPOL,Escuela Superior Politécnica del Litoral,ELECTRÓNICA Y AUTOMATIZACIÓN,24,mantener equipos electromecánicos,skill/competence,cross-sector,0.859,http://data.europa.eu/esco/skill/e0ded9a1-372d-46c8-80b5-ad994d606ef2
ESPOL,Escuela Superior Politécnica del Litoral,ELECTRÓNICA Y AUTOMATIZACIÓN,25,inspeccionar maquinaria,skill/competence,cross-sector,0.8589,http://data.europa.eu/esco/skill/d18e37a5-2cdf-4845-bb65-7c8e82e09dc5
ESPOL,Escuela Superior Politécnica del Litoral,TELECOMUNICACIONES,1,montar máquinas,skill/competence,cross-sector,0.8628,http://data.europa.eu/esco/skill/87a0c0e6-c114-4ea1-b2d0-933bce1f3c5f
ESPOL,Escuela Superior Politécnica del Litoral,TELECOMUNICACIONES,2,gestionar la instalación de estructuras para eventos,skill/competence,cross-sector,0.8599,http://data.europa.eu/esco/skill/0e503b48-5491-4529-879e-b112251f8d50
ESPOL,Escuela Superior Politécnica del Litoral,TELECOMUNICACIONES,3,gestionar empresas de producción,skill/competence,cross-sector,0.8576,http://data.europa.eu/esco/skill/435d1751-8667-41ec-8b32-865b7cd3c684
ESPOL,Escuela Superior Politécnica del Litoral,TELECOMUNICACIONES,4,planificar procesos de fabricación,skill/competence,cross-sector,0.8567,http://data.europa.eu/esco/skill/7d0f33ea-e724-4d77-8b75-ee4fe66bb9ba
ESPOL,Escuela Superior Politécnica del Litoral,TELECOMUNICACIONES,5,coordinar comunicaciones remotas,skill/competence,cross-sector,0.8547,http://data.europa.eu/esco/skill/9bafaea2-76cd-4532-ab77-8b3d21fa6235
ESPOL,Escuela Superior Politécnica del Litoral,TELECOMUNICACIONES,6,detectar y corregir errores de las tecnologías de la información y de las comunicaciones,skill/competence,cross-sector,0.8546,http://data.europa.eu/esco/skill/744442ac-c157-4350-8be0-ce454df4f5c5
ESPOL,Escuela Superior Politécnica del Litoral,TELECOMUNICACIONES,7,reparar equipos in situ,skill/competence,cross-sector,0.8544,http://data.europa.eu/esco/skill/b928ae44-b19f-49c7-a823-b09094de1063
ESPOL,Escuela Superior Politécnica del Litoral,TELECOMUNICACIONES,8,diseñar sistemas de control,skill/competence,cross-sector,0.8539,http://data.europa.eu/esco/skill/d560df46-dda4-4407-bab2-b87353a96814
ESPOL,Escuela Superior Politécnica del Litoral,TELECOMUNICACIONES,9,encargar equipos,skill/competence,cross-sector,0.8535,http://data.europa.eu/esco/skill/8d1dc94c-d8e1-4ce6-92d5-a17ec0543dc9
ESPOL,Escuela Superior Politécnica del Litoral,TELECOMUNICACIONES,10,reparar sistemas de fontanería,skill/competence,cross-sector,0.8534,http://data.europa.eu/esco/skill/d809a1d2-b80e-43e4-8984-de7517fb68f1
ESPOL,Escuela Superior Politécnica del Litoral,TELECOMUNICACIONES,11,interpretar las interfaces de comunicación gráfica,skill/competence,cross-sector,0.8533,http://data.europa.eu/esco/skill/ea99e1f2-ad03-4bb3-8960-1227fc76bb2a
ESPOL,Escuela Superior Politécnica del Litoral,TELECOMUNICACIONES,12,coordinar equipos de ingeniería,skill/competence,cross-sector,0.853,http://data.europa.eu/esco/skill/7af6e9e8-1e11-4c0b-b7c6-ac96bbbbc674
ESPOL,Escuela Superior Politécnica del Litoral,TELECOMUNICACIONES,13,realizar diversas tareas organizativas en la empresa,skill/competence,cross-sector,0.8523,http://data.europa.eu/esco/skill/01755f08-4df4-4cf0-8d22-08f94cad68b5
ESPOL,Escuela Superior Politécnica del Litoral,TELECOMUNICACIONES,14,resolver problemas de sistemas TIC,skill/competence,cross-sector,0.8519,http://data.europa.eu/esco/skill/9e06bac6-6b91-48ca-8b7d-c1f48cdecd7c
ESPOL,Escuela Superior Politécnica del Litoral,TELECOMUNICACIONES,15,realizar la gestión de un evento,skill/competence,cross-sector,0.8514,http://data.europa.eu/esco/skill/03a0ab28-ce99-4e14-baf8-a66c55da28f8
ESPOL,Escuela Superior Politécnica del Litoral,TELECOMUNICACIONES,16,configurar textos en formato digital,skill/competence,cross-sector,0.8503,http://data.europa.eu/esco/skill/9b30c8fd-6467-4d16-99e0-32899a9ceec0
ESPOL,Escuela Superior Politécnica del Litoral,TELECOMUNICACIONES,17,Proponer soluciones tecnológicas a problemas empresariales,skill/competence,cross-sector,0.8502,http://data.europa.eu/esco/skill/07e51c60-763a-4335-b4ec-70a15f66d328
ESPOL,Escuela Superior Politécnica del Litoral,TELECOMUNICACIONES,18,montar luces,skill/competence,cross-sector,0.8499,http://data.europa.eu/esco/skill/9cc78400-9ba9-4ffd-9ef5-59e2cd657035
ESPOL,Escuela Superior Politécnica del Litoral,TELECOMUNICACIONES,19,gestionar las comunicaciones visuales,skill/competence,cross-sector,0.8499,http://data.europa.eu/esco/skill/50b96d21-f2eb-4f35-a8d3-77eee15ef51f
ESPOL,Escuela Superior Politécnica del Litoral,TELECOMUNICACIONES,20,operar el equipo de empaquetado,skill/competence,cross-sector,0.8497,http://data.europa.eu/esco/skill/f8cd217b-b870-42aa-9bbe-d36b672cbb65
ESPOL,Escuela Superior Politécnica del Litoral,TELECOMUNICACIONES,21,mantener equipos electrónicos,skill/competence,cross-sector,0.8494,http://data.europa.eu/esco/skill/ba45db8f-34e8-4f29-af0b-e6645e1d693f
ESPOL,Escuela Superior Politécnica del Litoral,TELECOMUNICACIONES,22,comunicar cuestiones técnicas a los clientes,skill/competence,cross-sector,0.8487,http://data.europa.eu/esco/skill/652da95d-b336-497a-bce5-1c29a674eecb
ESPOL,Escuela Superior Politécnica del Litoral,TELECOMUNICACIONES,23,supervisar el funcionamiento de los equipos,skill/competence,cross-sector,0.8485,http://data.europa.eu/esco/skill/ca17f0df-59e4-4ed2-9360-fc5325bc7151
ESPOL,Escuela Superior Politécnica del Litoral,TELECOMUNICACIONES,24,desarrollar procedimientos de prueba electrónica,skill/competence,cross-sector,0.8485,http://data.europa.eu/esco/skill/0de6bca4-f3aa-452a-8e10-d355b2c1bfc4
ESPOL,Escuela Superior Politécnica del Litoral,TELECOMUNICACIONES,25,utilizar modelos informáticos especializados para predecir el tiempo,skill/competence,cross-sector,0.8485,http://data.europa.eu/esco/skill/206f5738-e91f-4390-84a2-fcb864bc11b1
ESPOL,Escuela Superior Politécnica del Litoral,MECATRÓNICA,1,mecatrónica,knowledge,cross-sector,0.8801,http://data.europa.eu/esco/skill/d88cb3f1-8e02-4618-bf32-4b0488066934
ESPOL,Escuela Superior Politécnica del Litoral,MECATRÓNICA,2,montar máquinas,skill/competence,cross-sector,0.8414,http://data.europa.eu/esco/skill/87a0c0e6-c114-4ea1-b2d0-933bce1f3c5f
ESPOL,Escuela Superior Politécnica del Litoral,MECATRÓNICA,3,realizar trabajos técnicos difíciles,skill/competence,cross-sector,0.8403,http://data.europa.eu/esco/skill/2d780738-9b34-40a3-adbb-590001f6ff86
ESPOL,Escuela Superior Politécnica del Litoral,MECATRÓNICA,4,diseñar sistemas microelectromecánicos,skill/competence,cross-sector,0.8396,http://data.europa.eu/esco/skill/c022ff1b-7783-4e64-89ef-0422c81ff51f
ESPOL,Escuela Superior Politécnica del Litoral,MECATRÓNICA,5,diseñar sistemas electromecánicos,skill/competence,cross-sector,0.8392,http://data.europa.eu/esco/skill/c5422318-3218-4ce9-9bdd-f38b93ff63a3
ESPOL,Escuela Superior Politécnica del Litoral,MECATRÓNICA,6,mantener equipos electromecánicos,skill/competence,cross-sector,0.8379,http://data.europa.eu/esco/skill/e0ded9a1-372d-46c8-80b5-ad994d606ef2
ESPOL,Escuela Superior Politécnica del Litoral,MECATRÓNICA,7,planificar procesos de fabricación,skill/competence,cross-sector,0.8372,http://data.europa.eu/esco/skill/7d0f33ea-e724-4d77-8b75-ee4fe66bb9ba
ESPOL,Escuela Superior Politécnica del Litoral,MECATRÓNICA,8,mantener maquinaria de a bordo,skill/competence,cross-sector,0.8363,http://data.europa.eu/esco/skill/26c60178-5d93-4ded-93d7-c58e0ed92388
ESPOL,Escuela Superior Politécnica del Litoral,MECATRÓNICA,9,controlar maquinaria pesada,skill/competence,cross-sector,0.8358,http://data.europa.eu/esco/skill/4853efe8-0cdd-42d1-bc5a-6ba5fa9a8b2c
ESPOL,Escuela Superior Politécnica del Litoral,MECATRÓNICA,10,mecánica de los trenes,knowledge,cross-sector,0.8356,http://data.europa.eu/esco/skill/af0bbc31-b54d-4e8d-82b1-2e91a1115523
ESPOL,Escuela Superior Politécnica del Litoral,MECATRÓNICA,11,mantener motores eléctricos,skill/competence,cross-sector,0.8353,http://data.europa.eu/esco/skill/2876970d-90af-45bd-9cfd-c0af757947ea
ESPOL,Escuela Superior Politécnica del Litoral,MECATRÓNICA,12,diseñar sistemas de control,skill/competence,cross-sector,0.8353,http://data.europa.eu/esco/skill/d560df46-dda4-4407-bab2-b87353a96814
ESPOL,Escuela Superior Politécnica del Litoral,MECATRÓNICA,13,gestionar equipos pesados,skill/competence,cross-sector,0.8345,http://data.europa.eu/esco/skill/2a314d49-c071-403b-9cc8-75aea53e7859
ESPOL,Escuela Superior Politécnica del Litoral,MECATRÓNICA,14,utilizar herramientas eléctricas,skill/competence,cross-sector,0.8328,http://data.europa.eu/esco/skill/5bf7f85a-b080-4b27-8ddc-9f62af4643f5
ESPOL,Escuela Superior Politécnica del Litoral,MECATRÓNICA,15,mantener equipos industriales,skill/competence,cross-sector,0.8324,http://data.europa.eu/esco/skill/3e4cdaee-740c-4754-9135-466362bbd22e
ESPOL,Escuela Superior Politécnica del Litoral,MECATRÓNICA,16,supervisar el funcionamiento de los equipos,skill/competence,cross-sector,0.8313,http://data.europa.eu/esco/skill/ca17f0df-59e4-4ed2-9360-fc5325bc7151
ESPOL,Escuela Superior Politécnica del Litoral,MECATRÓNICA,17,realizar todas las actividades de ingeniería de procesos,skill/competence,cross-sector,0.8305,http://data.europa.eu/esco/skill/8b9d609a-6d62-4d5c-9133-01d41979cfac
ESPOL,Escuela Superior Politécnica del Litoral,MECATRÓNICA,18,ajustar elementos de motores,skill/competence,cross-sector,0.83,http://data.europa.eu/esco/skill/ca64b48c-51ea-4c19-8074-b9cf819cfdd0
ESPOL,Escuela Superior Politécnica del Litoral,MECATRÓNICA,19,mantener maquinaria,skill/competence,cross-sector,0.8297,http://data.europa.eu/esco/skill/61d9ad65-6a78-4c72-9824-aeca20d9a102
ESPOL,Escuela Superior Politécnica del Litoral,MECATRÓNICA,20,inspeccionar maquinaria,skill/competence,cross-sector,0.8293,http://data.europa.eu/esco/skill/d18e37a5-2cdf-4845-bb65-7c8e82e09dc5
ESPOL,Escuela Superior Politécnica del Litoral,MECATRÓNICA,21,diseñar componentes de automatización,skill/competence,cross-sector,0.8293,http://data.europa.eu/esco/skill/f96f5aa5-6ed7-40dc-a431-68b0a09d6d4b
ESPOL,Escuela Superior Politécnica del Litoral,MECATRÓNICA,22,mantener equipos electrónicos,skill/competence,cross-sector,0.8286,http://data.europa.eu/esco/skill/ba45db8f-34e8-4f29-af0b-e6645e1d693f
ESPOL,Escuela Superior Politécnica del Litoral,MECATRÓNICA,23,coordinar equipos de ingeniería,skill/competence,cross-sector,0.8283,http://data.europa.eu/esco/skill/7af6e9e8-1e11-4c0b-b7c6-ac96bbbbc674
ESPOL,Escuela Superior Politécnica del Litoral,MECATRÓNICA,24,diseñar planos técnicos,skill/competence,cross-sector,0.8278,http://data.europa.eu/esco/skill/5c98825f-146d-4d35-97cf-207b2afd9ae2
ESPOL,Escuela Superior Politécnica del Litoral,MECATRÓNICA,25,mantener maquinaria agrícola,skill/competence,cross-sector,0.8266,http://data.europa.eu/esco/skill/2c5fbce2-cd76-4ef9-83c4-3a1b9afad015
ESPOL,Escuela Superior Politécnica del Litoral,INGENIERÍA CIVIL,1,coordinar con expertos ferroviarios,skill/competence,cross-sector,0.8539,http://data.europa.eu/esco/skill/6172948e-5d52-4f94-a617-278a9013a8ae
ESPOL,Escuela Superior Politécnica del Litoral,INGENIERÍA CIVIL,2,examinar las infraestructuras civiles,skill/competence,cross-sector,0.85,http://data.europa.eu/esco/skill/d48b3cfe-80b6-406f-b582-d959b60417f8
ESPOL,Escuela Superior Politécnica del Litoral,INGENIERÍA CIVIL,3,someter a auditorías a los contratistas,skill/competence,cross-sector,0.8451,http://data.europa.eu/esco/skill/0520d8ba-3c24-4f75-a8b0-f883ddeed82d
ESPOL,Escuela Superior Politécnica del Litoral,INGENIERÍA CIVIL,4,utilizar modelos informáticos especializados para predecir el tiempo,skill/competence,cross-sector,0.8443,http://data.europa.eu/esco/skill/206f5738-e91f-4390-84a2-fcb864bc11b1
ESPOL,Escuela Superior Politécnica del Litoral,INGENIERÍA CIVIL,5,ingeniería civil,knowledge,cross-sector,0.8441,http://data.europa.eu/esco/skill/82887396-e5bf-4306-af51-3fe8d82790b2
ESPOL,Escuela Superior Politécnica del Litoral,INGENIERÍA CIVIL,6,asesorar sobre temas de construcción,skill/competence,cross-sector,0.8437,http://data.europa.eu/esco/skill/3b64ab47-a874-403a-b781-7b23c2fc3c6c
ESPOL,Escuela Superior Politécnica del Litoral,INGENIERÍA CIVIL,7,"aplicar conocimientos científicos, tecnológicos y de ingeniería",skill/competence,transversal,0.8426,http://data.europa.eu/esco/skill/5c3ab99d-a3f1-4620-9602-d12d2151a03d
ESPOL,Escuela Superior Politécnica del Litoral,INGENIERÍA CIVIL,8,calcular materiales necesarios para construcción,skill/competence,cross-sector,0.8418,http://data.europa.eu/esco/skill/5d9dd44a-81f8-4710-bd4d-af27ec5c2139
ESPOL,Escuela Superior Politécnica del Litoral,INGENIERÍA CIVIL,9,actuar de enlace con profesionales del sector,skill/competence,cross-sector,0.8416,http://data.europa.eu/esco/skill/d1317634-ccea-44d0-9cdc-c863f9bf856b
ESPOL,Escuela Superior Politécnica del Litoral,INGENIERÍA CIVIL,10,evaluar el impacto ambiental de yacimientos y zonas industriales,skill/competence,cross-sector,0.841,http://data.europa.eu/esco/skill/f12f094b-492f-4e88-b36b-50b8e58b7500
ESPOL,Escuela Superior Politécnica del Litoral,INGENIERÍA CIVIL,11,garantizar el cumplimiento de los plazos de construcción,skill/competence,cross-sector,0.8398,http://data.europa.eu/esco/skill/6181f475-110c-497c-a46d-ed2e14e7bc90
ESPOL,Escuela Superior Politécnica del Litoral,INGENIERÍA CIVIL,12,elaborar planos,skill/competence,cross-sector,0.8376,http://data.europa.eu/esco/skill/bf59255e-782a-4e83-a93c-6055cfdd8e7f
ESPOL,Escuela Superior Politécnica del Litoral,INGENIERÍA CIVIL,13,asesorar sobre temas relacionados con la meteorología,skill/competence,cross-sector,0.8376,http://data.europa.eu/esco/skill/274ad409-c740-4e85-852b-7e3f3168b9ca
ESPOL,Escuela Superior Politécnica del Litoral,INGENIERÍA CIVIL,14,vigilar el cumplimiento de los parámetros de los proyectos de construcción,skill/competence,cross-sector,0.8366,http://data.europa.eu/esco/skill/3dd3dfa7-51c0-40ef-af46-e2df300489f6
ESPOL,Escuela Superior Politécnica del Litoral,INGENIERÍA CIVIL,15,trabajar de forma organizada,skill/competence,cross-sector,0.8361,http://data.europa.eu/esco/skill/1258cc12-37bb-4a12-b219-9c3d6b294533
ESPOL,Escuela Superior Politécnica del Litoral,INGENIERÍA CIVIL,16,trabajar de forma organizada,skill/competence,cross-sector,0.8361,http://data.europa.eu/esco/skill/1258cc12-37bb-4a12-b219-9c3d6b294533
ESPOL,Escuela Superior Politécnica del Litoral,INGENIERÍA CIVIL,17,realizar trabajos técnicos difíciles,skill/competence,cross-sector,0.8359,http://data.europa.eu/esco/skill/2d780738-9b34-40a3-adbb-590001f6ff86
ESPOL,Escuela Superior Politécnica del Litoral,INGENIERÍA CIVIL,18,colaborar con el personal técnico en producciones artísticas,skill/competence,cross-sector,0.8337,http://data.europa.eu/esco/skill/94d02529-72e1-4180-9d93-4008342ac481
ESPOL,Escuela Superior Politécnica del Litoral,INGENIERÍA CIVIL,19,revisar proyectos de construcción,skill/competence,cross-sector,0.8328,http://data.europa.eu/esco/skill/ea9fc9d9-c602-4430-a7fc-edac7429a6a8
ESPOL,Escuela Superior Politécnica del Litoral,INGENIERÍA CIVIL,20,desarrollar procedimientos de ensayo de materiales,skill/competence,cross-sector,0.8328,http://data.europa.eu/esco/skill/658b6ea0-79f5-451d-a037-7593a4416c85
ESPOL,Escuela Superior Politécnica del Litoral,INGENIERÍA CIVIL,21,reparar sistemas de fontanería,skill/competence,cross-sector,0.8322,http://data.europa.eu/esco/skill/d809a1d2-b80e-43e4-8984-de7517fb68f1
ESPOL,Escuela Superior Politécnica del Litoral,INGENIERÍA CIVIL,22,coordinar equipos de ingeniería,skill/competence,cross-sector,0.8319,http://data.europa.eu/esco/skill/7af6e9e8-1e11-4c0b-b7c6-ac96bbbbc674
ESPOL,Escuela Superior Politécnica del Litoral,INGENIERÍA CIVIL,23,diseñar sistemas de control,skill/competence,cross-sector,0.8318,http://data.europa.eu/esco/skill/d560df46-dda4-4407-bab2-b87353a96814
ESPOL,Escuela Superior Politécnica del Litoral,INGENIERÍA CIVIL,24,analizar modelos de negocio,skill/competence,cross-sector,0.8316,http://data.europa.eu/esco/skill/3c1cbc5e-2220-4f45-bcc8-3d52c8c9cae0
ESPOL,Escuela Superior Politécnica del Litoral,INGENIERÍA CIVIL,25,examinar principios de ingeniería,skill/competence,cross-sector,0.8312,http://data.europa.eu/esco/skill/8bc1c7da-c832-4896-a441-30d087c46aad
ESPOL,Escuela Superior Politécnica del Litoral,INGENIERÍA QUÍMICA,1,evaluar el impacto ambiental de yacimientos y zonas industriales,skill/competence,cross-sector,0.8837,http://data.europa.eu/esco/skill/f12f094b-492f-4e88-b36b-50b8e58b7500
ESPOL,Escuela Superior Politécnica del Litoral,INGENIERÍA QUÍMICA,2,mejorar procesos químicos,skill/competence,cross-sector,0.8765,http://data.europa.eu/esco/skill/451c8010-7dbb-4f96-b4d4-0955766d9eff
ESPOL,Escuela Superior Politécnica del Litoral,INGENIERÍA QUÍMICA,3,trabajar con sustancias químicas,skill/competence,cross-sector,0.8691,http://data.europa.eu/esco/skill/929a997b-d56c-4383-b36d-6de9fa0e1721
ESPOL,Escuela Superior Politécnica del Litoral,INGENIERÍA QUÍMICA,4,elaborar fórmulas de fabricación,skill/competence,cross-sector,0.8589,http://data.europa.eu/esco/skill/b2ad4e50-cb82-4a34-ab3e-5b5f6c4f9b65
ESPOL,Escuela Superior Politécnica del Litoral,INGENIERÍA QUÍMICA,5,coordinar equipos de ingeniería,skill/competence,cross-sector,0.855,http://data.europa.eu/esco/skill/7af6e9e8-1e11-4c0b-b7c6-ac96bbbbc674
ESPOL,Escuela Superior Politécnica del Litoral,INGENIERÍA QUÍMICA,6,manejar equipos de extracción de hidrógeno,skill/competence,cross-sector,0.8548,http://data.europa.eu/esco/skill/d2fd219f-5cb1-4f67-8db5-be6c5fc865c7
ESPOL,Escuela Superior Politécnica del Litoral,INGENIERÍA QUÍMICA,7,planificar procesos de fabricación,skill/competence,cross-sector,0.8537,http://data.europa.eu/esco/skill/7d0f33ea-e724-4d77-8b75-ee4fe66bb9ba
ESPOL,Escuela Superior Politécnica del Litoral,INGENIERÍA QUÍMICA,8,gestionar proyectos de investigación y desarrollo,skill/competence,cross-sector,0.8526,http://data.europa.eu/esco/skill/d5dbc342-8e39-4998-8237-ebbe05a381ce
ESPOL,Escuela Superior Politécnica del Litoral,INGENIERÍA QUÍMICA,9,gestionar empresas de producción,skill/competence,cross-sector,0.8524,http://data.europa.eu/esco/skill/435d1751-8667-41ec-8b32-865b7cd3c684
ESPOL,Escuela Superior Politécnica del Litoral,INGENIERÍA QUÍMICA,10,prestar asistencia en investigaciones científicas,skill/competence,cross-sector,0.8521,http://data.europa.eu/esco/skill/d6179c4b-ff5a-4bbb-a3c8-e0acf0de1f56
ESPOL,Escuela Superior Politécnica del Litoral,INGENIERÍA QUÍMICA,11,seguir fórmulas de coloración,skill/competence,cross-sector,0.8517,http://data.europa.eu/esco/skill/8779e8a1-45a8-4f51-b42a-2ea07ee4e8cd
ESPOL,Escuela Superior Politécnica del Litoral,INGENIERÍA QUÍMICA,12,gestionar experimentos a gran escala para la fabricación de alimentos,skill/competence,cross-sector,0.8508,http://data.europa.eu/esco/skill/950c1106-4ea1-4fb7-a115-5dd5adcc1ea4
ESPOL,Escuela Superior Politécnica del Litoral,INGENIERÍA QUÍMICA,13,integrar productos nuevos en la cadena de fabricación,skill/competence,cross-sector,0.8505,http://data.europa.eu/esco/skill/8a753714-9a19-4418-9b37-77e79d72c705
ESPOL,Escuela Superior Politécnica del Litoral,INGENIERÍA QUÍMICA,14,gestionar sistemas de instrumentación,skill/competence,cross-sector,0.8501,http://data.europa.eu/esco/skill/5d71a91f-cc72-4b66-b6e3-d75ecc05e235
ESPOL,Escuela Superior Politécnica del Litoral,INGENIERÍA QUÍMICA,15,supervisar el funcionamiento de los equipos,skill/competence,cross-sector,0.8501,http://data.europa.eu/esco/skill/ca17f0df-59e4-4ed2-9360-fc5325bc7151
ESPOL,Escuela Superior Politécnica del Litoral,INGENIERÍA QUÍMICA,16,realizar trabajos técnicos difíciles,skill/competence,cross-sector,0.85,http://data.europa.eu/esco/skill/2d780738-9b34-40a3-adbb-590001f6ff86
ESPOL,Escuela Superior Politécnica del Litoral,INGENIERÍA QUÍMICA,17,gestionar el impacto medioambiental de las operaciones,skill/competence,cross-sector,0.8498,http://data.europa.eu/esco/skill/d86babea-bf8b-4552-81a8-daf706066ad6
ESPOL,Escuela Superior Politécnica del Litoral,INGENIERÍA QUÍMICA,18,actuar de enlace con profesionales del sector,skill/competence,cross-sector,0.8492,http://data.europa.eu/esco/skill/d1317634-ccea-44d0-9cdc-c863f9bf856b
ESPOL,Escuela Superior Politécnica del Litoral,INGENIERÍA QUÍMICA,19,realizar todas las actividades de ingeniería de procesos,skill/competence,cross-sector,0.8488,http://data.europa.eu/esco/skill/8b9d609a-6d62-4d5c-9133-01d41979cfac
ESPOL,Escuela Superior Politécnica del Litoral,INGENIERÍA QUÍMICA,20,desarrollar medicamentos,skill/competence,cross-sector,0.8486,http://data.europa.eu/esco/skill/d8aa87e2-bbe4-45ac-a1e4-f48b6f63952e
ESPOL,Escuela Superior Politécnica del Litoral,INGENIERÍA QUÍMICA,21,desarrollar procedimientos de ensayo de materiales,skill/competence,cross-sector,0.8479,http://data.europa.eu/esco/skill/658b6ea0-79f5-451d-a037-7593a4416c85
ESPOL,Escuela Superior Politécnica del Litoral,INGENIERÍA QUÍMICA,22,realizar procedimientos de análisis de agua,skill/competence,cross-sector,0.8478,http://data.europa.eu/esco/skill/e80f9e50-71ff-4bb7-8b7d-eb232685d17f
ESPOL,Escuela Superior Politécnica del Litoral,INGENIERÍA QUÍMICA,23,redactar informes de producción,skill/competence,cross-sector,0.8477,http://data.europa.eu/esco/skill/7f18c3a2-f1ce-4db2-a354-9417691b5a43
ESPOL,Escuela Superior Politécnica del Litoral,INGENIERÍA QUÍMICA,24,desarrollar sistemas de instrumentación,skill/competence,cross-sector,0.8463,http://data.europa.eu/esco/skill/d8c19849-f4cf-458d-90cd-abe735a729bf
ESPOL,Escuela Superior Politécnica del Litoral,INGENIERÍA QUÍMICA,25,realizar diversas tareas organizativas en la empresa,skill/competence,cross-sector,0.8457,http://data.europa.eu/esco/skill/01755f08-4df4-4cf0-8d22-08f94cad68b5
ESPOL,Escuela Superior Politécnica del Litoral,INGENIERÍA INDUSTRIAL,1,utilizar métodos de análisis de datos logísticos,skill/competence,cross-sector,0.874,http://data.europa.eu/esco/skill/6f993130-082b-4732-b62f-52cdf2096ad9
ESPOL,Escuela Superior Politécnica del Litoral,INGENIERÍA INDUSTRIAL,2,mejorar procesos químicos,skill/competence,cross-sector,0.8714,http://data.europa.eu/esco/skill/451c8010-7dbb-4f96-b4d4-0955766d9eff
ESPOL,Escuela Superior Politécnica del Litoral,INGENIERÍA INDUSTRIAL,3,gestionar sistemas de instrumentación,skill/competence,cross-sector,0.8701,http://data.europa.eu/esco/skill/5d71a91f-cc72-4b66-b6e3-d75ecc05e235
ESPOL,Escuela Superior Politécnica del Litoral,INGENIERÍA INDUSTRIAL,4,crear soluciones para problemas,skill/competence,cross-sector,0.8688,http://data.europa.eu/esco/skill/03b9b491-fc9b-4868-914a-bf7cd47b5041
ESPOL,Escuela Superior Politécnica del Litoral,INGENIERÍA INDUSTRIAL,5,analizar modelos de negocio,skill/competence,cross-sector,0.8668,http://data.europa.eu/esco/skill/3c1cbc5e-2220-4f45-bcc8-3d52c8c9cae0
ESPOL,Escuela Superior Politécnica del Litoral,INGENIERÍA INDUSTRIAL,6,desarrollar sistemas de instrumentación,skill/competence,cross-sector,0.866,http://data.europa.eu/esco/skill/d8c19849-f4cf-458d-90cd-abe735a729bf
ESPOL,Escuela Superior Politécnica del Litoral,INGENIERÍA INDUSTRIAL,7,analizar estrategias de gestión de la cadena de suministro,skill/competence,cross-sector,0.8651,http://data.europa.eu/esco/skill/96d549bb-3e62-4c45-92a7-f114df089581
ESPOL,Escuela Superior Politécnica del Litoral,INGENIERÍA INDUSTRIAL,8,integrar productos nuevos en la cadena de fabricación,skill/competence,cross-sector,0.8647,http://data.europa.eu/esco/skill/8a753714-9a19-4418-9b37-77e79d72c705
ESPOL,Escuela Superior Politécnica del Litoral,INGENIERÍA INDUSTRIAL,9,planificar procesos de fabricación,skill/competence,cross-sector,0.8637,http://data.europa.eu/esco/skill/7d0f33ea-e724-4d77-8b75-ee4fe66bb9ba
ESPOL,Escuela Superior Politécnica del Litoral,INGENIERÍA INDUSTRIAL,10,utilizar modelos informáticos especializados para predecir el tiempo,skill/competence,cross-sector,0.8628,http://data.europa.eu/esco/skill/206f5738-e91f-4390-84a2-fcb864bc11b1
ESPOL,Escuela Superior Politécnica del Litoral,INGENIERÍA INDUSTRIAL,11,realizar investigación estratégica,skill/competence,cross-sector,0.8628,http://data.europa.eu/esco/skill/0aa02c52-077d-45f8-8c2d-7132c11ac16e
ESPOL,Escuela Superior Politécnica del Litoral,INGENIERÍA INDUSTRIAL,12,analizar procesos de producción para introducir mejoras,skill/competence,cross-sector,0.8619,http://data.europa.eu/esco/skill/f1b5800e-b763-4740-9586-3fef30568e81
ESPOL,Escuela Superior Politécnica del Litoral,INGENIERÍA INDUSTRIAL,13,diseñar sistemas de control,skill/competence,cross-sector,0.8614,http://data.europa.eu/esco/skill/d560df46-dda4-4407-bab2-b87353a96814
ESPOL,Escuela Superior Politécnica del Litoral,INGENIERÍA INDUSTRIAL,14,montar máquinas,skill/competence,cross-sector,0.8612,http://data.europa.eu/esco/skill/87a0c0e6-c114-4ea1-b2d0-933bce1f3c5f
ESPOL,Escuela Superior Politécnica del Litoral,INGENIERÍA INDUSTRIAL,15,crear soluciones para problemas informativos,skill/competence,cross-sector,0.8599,http://data.europa.eu/esco/skill/4539aeca-b56f-4d03-ba86-8f675a7f2536
ESPOL,Escuela Superior Politécnica del Litoral,INGENIERÍA INDUSTRIAL,16,trabajar de forma organizada,skill/competence,cross-sector,0.8594,http://data.europa.eu/esco/skill/1258cc12-37bb-4a12-b219-9c3d6b294533
ESPOL,Escuela Superior Politécnica del Litoral,INGENIERÍA INDUSTRIAL,17,trabajar de forma organizada,skill/competence,cross-sector,0.8594,http://data.europa.eu/esco/skill/1258cc12-37bb-4a12-b219-9c3d6b294533
ESPOL,Escuela Superior Politécnica del Litoral,INGENIERÍA INDUSTRIAL,18,ejecutar cálculos matemáticos analíticos,skill/competence,cross-sector,0.8588,http://data.europa.eu/esco/skill/31c69100-b612-4a61-8db5-fd314318854c
ESPOL,Escuela Superior Politécnica del Litoral,INGENIERÍA INDUSTRIAL,19,coordinar equipos de ingeniería,skill/competence,cross-sector,0.8583,http://data.europa.eu/esco/skill/7af6e9e8-1e11-4c0b-b7c6-ac96bbbbc674
ESPOL,Escuela Superior Politécnica del Litoral,INGENIERÍA INDUSTRIAL,20,realizar trabajos técnicos difíciles,skill/competence,cross-sector,0.8582,http://data.europa.eu/esco/skill/2d780738-9b34-40a3-adbb-590001f6ff86
ESPOL,Escuela Superior Politécnica del Litoral,INGENIERÍA INDUSTRIAL,21,realizar todas las actividades de ingeniería de procesos,skill/competence,cross-sector,0.8581,http://data.europa.eu/esco/skill/8b9d609a-6d62-4d5c-9133-01d41979cfac
ESPOL,Escuela Superior Politécnica del Litoral,INGENIERÍA INDUSTRIAL,22,gestionar equipos pesados,skill/competence,cross-sector,0.8579,http://data.europa.eu/esco/skill/2a314d49-c071-403b-9cc8-75aea53e7859
ESPOL,Escuela Superior Politécnica del Litoral,INGENIERÍA INDUSTRIAL,23,proponer estrategias de mejora,skill/competence,cross-sector,0.8576,http://data.europa.eu/esco/skill/d4cc5022-7801-4885-bcff-166552788d35
ESPOL,Escuela Superior Politécnica del Litoral,INGENIERÍA INDUSTRIAL,24,utilizar sistemas de ingeniería asistida por ordenador,skill/competence,cross-sector,0.8569,http://data.europa.eu/esco/skill/3c6fe585-7d12-4315-b579-e30c042088ce
ESPOL,Escuela Superior Politécnica del Litoral,INGENIERÍA INDUSTRIAL,25,gestionar el impacto medioambiental de las operaciones,skill/competence,cross-sector,0.8568,http://data.europa.eu/esco/skill/d86babea-bf8b-4552-81a8-daf706066ad6
ESPOL,Escuela Superior Politécnica del Litoral,MECÁNICA,1,realizar todas las actividades de ingeniería de procesos,skill/competence,cross-sector,0.8702,http://data.europa.eu/esco/skill/8b9d609a-6d62-4d5c-9133-01d41979cfac
ESPOL,Escuela Superior Politécnica del Litoral,MECÁNICA,2,diseñar sistemas de control,skill/competence,cross-sector,0.8689,http://data.europa.eu/esco/skill/d560df46-dda4-4407-bab2-b87353a96814
ESPOL,Escuela Superior Politécnica del Litoral,MECÁNICA,3,montar máquinas,skill/competence,cross-sector,0.8667,http://data.europa.eu/esco/skill/87a0c0e6-c114-4ea1-b2d0-933bce1f3c5f
ESPOL,Escuela Superior Politécnica del Litoral,MECÁNICA,4,planificar procesos de fabricación,skill/competence,cross-sector,0.863,http://data.europa.eu/esco/skill/7d0f33ea-e724-4d77-8b75-ee4fe66bb9ba
ESPOL,Escuela Superior Politécnica del Litoral,MECÁNICA,5,ensamblar el producto final,skill/competence,cross-sector,0.8616,http://data.europa.eu/esco/skill/66f088b3-85d5-458e-8c6a-a7d7b678d16d
ESPOL,Escuela Superior Politécnica del Litoral,MECÁNICA,6,diseñar componentes de ingeniería,skill/competence,cross-sector,0.8601,http://data.europa.eu/esco/skill/87434439-c07d-48be-af34-b0cdd03121c4
ESPOL,Escuela Superior Politécnica del Litoral,MECÁNICA,7,diseñar componentes de automatización,skill/competence,cross-sector,0.8596,http://data.europa.eu/esco/skill/f96f5aa5-6ed7-40dc-a431-68b0a09d6d4b
ESPOL,Escuela Superior Politécnica del Litoral,MECÁNICA,8,realizar trabajos técnicos difíciles,skill/competence,cross-sector,0.8582,http://data.europa.eu/esco/skill/2d780738-9b34-40a3-adbb-590001f6ff86
ESPOL,Escuela Superior Politécnica del Litoral,MECÁNICA,9,diseñar sistemas electrónicos,skill/competence,cross-sector,0.8569,http://data.europa.eu/esco/skill/feb717ff-fba6-4a91-aa10-ee11cf2da6b4
ESPOL,Escuela Superior Politécnica del Litoral,MECÁNICA,10,"aplicar conocimientos científicos, tecnológicos y de ingeniería",skill/competence,transversal,0.8556,http://data.europa.eu/esco/skill/5c3ab99d-a3f1-4620-9602-d12d2151a03d
ESPOL,Escuela Superior Politécnica del Litoral,MECÁNICA,11,elaborar planos,skill/competence,cross-sector,0.8545,http://data.europa.eu/esco/skill/bf59255e-782a-4e83-a93c-6055cfdd8e7f
ESPOL,Escuela Superior Politécnica del Litoral,MECÁNICA,12,diseñar sistemas electromecánicos,skill/competence,cross-sector,0.8541,http://data.europa.eu/esco/skill/c5422318-3218-4ce9-9bdd-f38b93ff63a3
ESPOL,Escuela Superior Politécnica del Litoral,MECÁNICA,13,gestionar empresas de producción,skill/competence,cross-sector,0.8524,http://data.europa.eu/esco/skill/435d1751-8667-41ec-8b32-865b7cd3c684
ESPOL,Escuela Superior Politécnica del Litoral,MECÁNICA,14,aprobar un diseño técnico,skill/competence,cross-sector,0.8524,http://data.europa.eu/esco/skill/f54c10e4-630d-4e50-95e9-4e9e268e8f12
ESPOL,Escuela Superior Politécnica del Litoral,MECÁNICA,15,actuar de enlace con profesionales del sector,skill/competence,cross-sector,0.8523,http://data.europa.eu/esco/skill/d1317634-ccea-44d0-9cdc-c863f9bf856b
ESPOL,Escuela Superior Politécnica del Litoral,MECÁNICA,16,ingeniería industrial,knowledge,cross-sector,0.8517,http://data.europa.eu/esco/skill/a1816dfd-dbdc-4499-bef3-ff81dd895b33
ESPOL,Escuela Superior Politécnica del Litoral,MECÁNICA,17,diseñar planos técnicos,skill/competence,cross-sector,0.8515,http://data.europa.eu/esco/skill/5c98825f-146d-4d35-97cf-207b2afd9ae2
ESPOL,Escuela Superior Politécnica del Litoral,MECÁNICA,18,examinar principios de ingeniería,skill/competence,cross-sector,0.8511,http://data.europa.eu/esco/skill/8bc1c7da-c832-4896-a441-30d087c46aad
ESPOL,Escuela Superior Politécnica del Litoral,MECÁNICA,19,inspeccionar maquinaria,skill/competence,cross-sector,0.8509,http://data.europa.eu/esco/skill/d18e37a5-2cdf-4845-bb65-7c8e82e09dc5
ESPOL,Escuela Superior Politécnica del Litoral,MECÁNICA,20,evaluar el impacto ambiental de yacimientos y zonas industriales,skill/competence,cross-sector,0.8509,http://data.europa.eu/esco/skill/f12f094b-492f-4e88-b36b-50b8e58b7500
ESPOL,Escuela Superior Politécnica del Litoral,MECÁNICA,21,controlar maquinaria pesada,skill/competence,cross-sector,0.8505,http://data.europa.eu/esco/skill/4853efe8-0cdd-42d1-bc5a-6ba5fa9a8b2c
ESPOL,Escuela Superior Politécnica del Litoral,MECÁNICA,22,supervisar el funcionamiento de los equipos,skill/competence,cross-sector,0.8503,http://data.europa.eu/esco/skill/ca17f0df-59e4-4ed2-9360-fc5325bc7151
ESPOL,Escuela Superior Politécnica del Litoral,MECÁNICA,23,asesorar sobre averías de máquinas,skill/competence,cross-sector,0.8501,http://data.europa.eu/esco/skill/8c474534-707f-46f3-b356-810bbfe8b693
ESPOL,Escuela Superior Politécnica del Litoral,MECÁNICA,24,trabajar con sustancias químicas,skill/competence,cross-sector,0.8498,http://data.europa.eu/esco/skill/929a997b-d56c-4383-b36d-6de9fa0e1721
ESPOL,Escuela Superior Politécnica del Litoral,MECÁNICA,25,actuar de enlace con los ingenieros,skill/competence,cross-sector,0.8491,http://data.europa.eu/esco/skill/c5c51528-ccfc-4c53-b409-c200aaa44222
ESPOL,Escuela Superior Politécnica del Litoral,MATERIALES,1,evaluar el impacto ambiental de yacimientos y zonas industriales,skill/competence,cross-sector,0.8652,http://data.europa.eu/esco/skill/f12f094b-492f-4e88-b36b-50b8e58b7500
ESPOL,Escuela Superior Politécnica del Litoral,MATERIALES,2,desarrollar procedimientos de ensayo de materiales,skill/competence,cross-sector,0.8642,http://data.europa.eu/esco/skill/658b6ea0-79f5-451d-a037-7593a4416c85
ESPOL,Escuela Superior Politécnica del Litoral,MATERIALES,3,identificar nuevas oportunidades de reciclaje,skill/competence,cross-sector,0.8635,http://data.europa.eu/esco/skill/89f5fa96-ae45-4906-902c-d50ca51009c6
ESPOL,Escuela Superior Politécnica del Litoral,MATERIALES,4,mejorar procesos químicos,skill/competence,cross-sector,0.8595,http://data.europa.eu/esco/skill/451c8010-7dbb-4f96-b4d4-0955766d9eff
ESPOL,Escuela Superior Politécnica del Litoral,MATERIALES,5,analizar modelos de negocio,skill/competence,cross-sector,0.8581,http://data.europa.eu/esco/skill/3c1cbc5e-2220-4f45-bcc8-3d52c8c9cae0
ESPOL,Escuela Superior Politécnica del Litoral,MATERIALES,6,elaborar planos,skill/competence,cross-sector,0.8556,http://data.europa.eu/esco/skill/bf59255e-782a-4e83-a93c-6055cfdd8e7f
ESPOL,Escuela Superior Politécnica del Litoral,MATERIALES,7,actuar de enlace con profesionales del sector,skill/competence,cross-sector,0.8555,http://data.europa.eu/esco/skill/d1317634-ccea-44d0-9cdc-c863f9bf856b
ESPOL,Escuela Superior Politécnica del Litoral,MATERIALES,8,planificar procesos de fabricación,skill/competence,cross-sector,0.855,http://data.europa.eu/esco/skill/7d0f33ea-e724-4d77-8b75-ee4fe66bb9ba
ESPOL,Escuela Superior Politécnica del Litoral,MATERIALES,9,manipular madera,skill/competence,cross-sector,0.8537,http://data.europa.eu/esco/skill/c8186be4-15d4-4347-b34a-53bee7015f79
ESPOL,Escuela Superior Politécnica del Litoral,MATERIALES,10,calcular materiales necesarios para construcción,skill/competence,cross-sector,0.8533,http://data.europa.eu/esco/skill/5d9dd44a-81f8-4710-bd4d-af27ec5c2139
ESPOL,Escuela Superior Politécnica del Litoral,MATERIALES,11,trabajar con sustancias químicas,skill/competence,cross-sector,0.8533,http://data.europa.eu/esco/skill/929a997b-d56c-4383-b36d-6de9fa0e1721
ESPOL,Escuela Superior Politécnica del Litoral,MATERIALES,12,coordinar el envío de materiales reciclables,skill/competence,cross-sector,0.8532,http://data.europa.eu/esco/skill/9d04490c-cea5-4765-a15e-99c46b543c1d
ESPOL,Escuela Superior Politécnica del Litoral,MATERIALES,13,someter a auditorías a los contratistas,skill/competence,cross-sector,0.8522,http://data.europa.eu/esco/skill/0520d8ba-3c24-4f75-a8b0-f883ddeed82d
ESPOL,Escuela Superior Politécnica del Litoral,MATERIALES,14,inspeccionar materiales,skill/competence,cross-sector,0.8518,http://data.europa.eu/esco/skill/d67aaf6e-e3fc-4d47-9694-3fba2dc64ef6
ESPOL,Escuela Superior Politécnica del Litoral,MATERIALES,15,realizar trabajos técnicos difíciles,skill/competence,cross-sector,0.8516,http://data.europa.eu/esco/skill/2d780738-9b34-40a3-adbb-590001f6ff86
ESPOL,Escuela Superior Politécnica del Litoral,MATERIALES,16,trabajar de forma organizada,skill/competence,cross-sector,0.8515,http://data.europa.eu/esco/skill/1258cc12-37bb-4a12-b219-9c3d6b294533
ESPOL,Escuela Superior Politécnica del Litoral,MATERIALES,17,trabajar de forma organizada,skill/competence,cross-sector,0.8515,http://data.europa.eu/esco/skill/1258cc12-37bb-4a12-b219-9c3d6b294533
ESPOL,Escuela Superior Politécnica del Litoral,MATERIALES,18,fabricar productos sanitarios,skill/competence,cross-sector,0.851,http://data.europa.eu/esco/skill/499323d7-8f52-4195-9766-f59e61118574
ESPOL,Escuela Superior Politécnica del Litoral,MATERIALES,19,extraer productos de moldes,skill/competence,cross-sector,0.8506,http://data.europa.eu/esco/skill/8794f8b6-8217-4e1e-91c8-ae1345bb4f7e
ESPOL,Escuela Superior Politécnica del Litoral,MATERIALES,20,inspeccionar maquinaria,skill/competence,cross-sector,0.85,http://data.europa.eu/esco/skill/d18e37a5-2cdf-4845-bb65-7c8e82e09dc5
ESPOL,Escuela Superior Politécnica del Litoral,MATERIALES,21,preparar materias primas,skill/competence,cross-sector,0.8496,http://data.europa.eu/esco/skill/34dc9e73-c35e-46a4-a35d-4417b721437c
ESPOL,Escuela Superior Politécnica del Litoral,MATERIALES,22,analizar procesos de producción para introducir mejoras,skill/competence,cross-sector,0.8495,http://data.europa.eu/esco/skill/f1b5800e-b763-4740-9586-3fef30568e81
ESPOL,Escuela Superior Politécnica del Litoral,MATERIALES,23,innovar en el sector del calzado y los artículos de piel y cuero,skill/competence,cross-sector,0.8494,http://data.europa.eu/esco/skill/11a76a95-66c1-43e0-91f0-be1cc5d05964
ESPOL,Escuela Superior Politécnica del Litoral,MATERIALES,24,montar máquinas,skill/competence,cross-sector,0.8491,http://data.europa.eu/esco/skill/87a0c0e6-c114-4ea1-b2d0-933bce1f3c5f
ESPOL,Escuela Superior Politécnica del Litoral,MATERIALES,25,evaluar la adecuación de metales para usos específicos,skill/competence,cross-sector,0.8489,http://data.europa.eu/esco/skill/d1041406-2c24-4177-9b64-406621a8865e
ESPOL,Escuela Superior Politécnica del Litoral,PETRÓLEOS,1,evaluar el impacto ambiental de yacimientos y zonas industriales,skill/competence,cross-sector,0.8654,http://data.europa.eu/esco/skill/f12f094b-492f-4e88-b36b-50b8e58b7500
ESPOL,Escuela Superior Politécnica del Litoral,PETRÓLEOS,2,mejorar procesos químicos,skill/competence,cross-sector,0.843,http://data.europa.eu/esco/skill/451c8010-7dbb-4f96-b4d4-0955766d9eff
ESPOL,Escuela Superior Politécnica del Litoral,PETRÓLEOS,3,actuar de enlace con profesionales del sector,skill/competence,cross-sector,0.8426,http://data.europa.eu/esco/skill/d1317634-ccea-44d0-9cdc-c863f9bf856b
ESPOL,Escuela Superior Politécnica del Litoral,PETRÓLEOS,4,diseñar escombreras de minas,skill/competence,cross-sector,0.8424,http://data.europa.eu/esco/skill/cfbe1cdb-1738-45a1-b442-75cbda1fff06
ESPOL,Escuela Superior Politécnica del Litoral,PETRÓLEOS,5,trabajar con sustancias químicas,skill/competence,cross-sector,0.8422,http://data.europa.eu/esco/skill/929a997b-d56c-4383-b36d-6de9fa0e1721
ESPOL,Escuela Superior Politécnica del Litoral,PETRÓLEOS,6,analizar modelos de negocio,skill/competence,cross-sector,0.8418,http://data.europa.eu/esco/skill/3c1cbc5e-2220-4f45-bcc8-3d52c8c9cae0
ESPOL,Escuela Superior Politécnica del Litoral,PETRÓLEOS,7,realizar trabajos técnicos difíciles,skill/competence,cross-sector,0.8417,http://data.europa.eu/esco/skill/2d780738-9b34-40a3-adbb-590001f6ff86
ESPOL,Escuela Superior Politécnica del Litoral,PETRÓLEOS,8,realizar investigación estratégica,skill/competence,cross-sector,0.8414,http://data.europa.eu/esco/skill/0aa02c52-077d-45f8-8c2d-7132c11ac16e
ESPOL,Escuela Superior Politécnica del Litoral,PETRÓLEOS,9,planificar procesos de fabricación,skill/competence,cross-sector,0.8407,http://data.europa.eu/esco/skill/7d0f33ea-e724-4d77-8b75-ee4fe66bb9ba
ESPOL,Escuela Superior Politécnica del Litoral,PETRÓLEOS,10,desarrollar sistemas de instrumentación,skill/competence,cross-sector,0.8394,http://data.europa.eu/esco/skill/d8c19849-f4cf-458d-90cd-abe735a729bf
ESPOL,Escuela Superior Politécnica del Litoral,PETRÓLEOS,11,realizar procedimientos de análisis de agua,skill/competence,cross-sector,0.8392,http://data.europa.eu/esco/skill/e80f9e50-71ff-4bb7-8b7d-eb232685d17f
ESPOL,Escuela Superior Politécnica del Litoral,PETRÓLEOS,12,montar máquinas,skill/competence,cross-sector,0.8382,http://data.europa.eu/esco/skill/87a0c0e6-c114-4ea1-b2d0-933bce1f3c5f
ESPOL,Escuela Superior Politécnica del Litoral,PETRÓLEOS,13,gestionar sistemas de instrumentación,skill/competence,cross-sector,0.838,http://data.europa.eu/esco/skill/5d71a91f-cc72-4b66-b6e3-d75ecc05e235
ESPOL,Escuela Superior Politécnica del Litoral,PETRÓLEOS,14,gestionar el impacto medioambiental de las operaciones,skill/competence,cross-sector,0.8376,http://data.europa.eu/esco/skill/d86babea-bf8b-4552-81a8-daf706066ad6
ESPOL,Escuela Superior Politécnica del Litoral,PETRÓLEOS,15,desarrollar procedimientos de ensayo de materiales,skill/competence,cross-sector,0.8369,http://data.europa.eu/esco/skill/658b6ea0-79f5-451d-a037-7593a4416c85
ESPOL,Escuela Superior Politécnica del Litoral,PETRÓLEOS,16,desarrollar procedimientos de prueba electrónica,skill/competence,cross-sector,0.8354,http://data.europa.eu/esco/skill/0de6bca4-f3aa-452a-8e10-d355b2c1bfc4
ESPOL,Escuela Superior Politécnica del Litoral,PETRÓLEOS,17,manipular combustibles,skill/competence,cross-sector,0.8352,http://data.europa.eu/esco/skill/2035c565-f0df-4efa-99fc-09a42f18c158
ESPOL,Escuela Superior Politécnica del Litoral,PETRÓLEOS,18,manejar equipos de extracción de hidrógeno,skill/competence,cross-sector,0.8349,http://data.europa.eu/esco/skill/d2fd219f-5cb1-4f67-8db5-be6c5fc865c7
ESPOL,Escuela Superior Politécnica del Litoral,PETRÓLEOS,19,diseñar sistemas de control,skill/competence,cross-sector,0.8348,http://data.europa.eu/esco/skill/d560df46-dda4-4407-bab2-b87353a96814
ESPOL,Escuela Superior Politécnica del Litoral,PETRÓLEOS,20,realizar intervenciones de buceo,skill/competence,cross-sector,0.8343,http://data.europa.eu/esco/skill/89a717d5-b30c-4b15-982b-415e54c54edd
ESPOL,Escuela Superior Politécnica del Litoral,PETRÓLEOS,21,gestionar empresas de producción,skill/competence,cross-sector,0.8338,http://data.europa.eu/esco/skill/435d1751-8667-41ec-8b32-865b7cd3c684
ESPOL,Escuela Superior Politécnica del Litoral,PETRÓLEOS,22,analizar las tendencias del mercado de la energía,skill/competence,cross-sector,0.8338,http://data.europa.eu/esco/skill/28878fd9-9a17-452a-b3b8-5db5c63d7905
ESPOL,Escuela Superior Politécnica del Litoral,PETRÓLEOS,23,medir el desempeño de la empresa en términos de sostenibilidad,skill/competence,cross-sector,0.8338,http://data.europa.eu/esco/skill/d53eab76-e8ff-4e28-af26-7e012951c763
ESPOL,Escuela Superior Politécnica del Litoral,PETRÓLEOS,24,inspeccionar construcciones mar adentro,skill/competence,cross-sector,0.8334,http://data.europa.eu/esco/skill/013a64b9-5e74-4f7f-af5b-9ec76715238b
ESPOL,Escuela Superior Politécnica del Litoral,PETRÓLEOS,25,someter a auditorías a los contratistas,skill/competence,cross-sector,0.8334,http://data.europa.eu/esco/skill/0520d8ba-3c24-4f75-a8b0-f883ddeed82d
ESPOL,Escuela Superior Politécnica del Litoral,GEOLOGÍA,1,evaluar el impacto ambiental de yacimientos y zonas industriales,skill/competence,cross-sector,0.8863,http://data.europa.eu/esco/skill/f12f094b-492f-4e88-b36b-50b8e58b7500
ESPOL,Escuela Superior Politécnica del Litoral,GEOLOGÍA,2,detectar peligros en el lugar de trabajo,skill/competence,cross-sector,0.8586,http://data.europa.eu/esco/skill/5f97fac8-2001-4b81-ae8b-22f9062d921a
ESPOL,Escuela Superior Politécnica del Litoral,GEOLOGÍA,3,reaccionar ante emergencias mineras,skill/competence,cross-sector,0.8564,http://data.europa.eu/esco/skill/3938da70-dd7a-4092-b039-10c2218867fd
ESPOL,Escuela Superior Politécnica del Litoral,GEOLOGÍA,4,supervisar el funcionamiento de los equipos,skill/competence,cross-sector,0.8551,http://data.europa.eu/esco/skill/ca17f0df-59e4-4ed2-9360-fc5325bc7151
ESPOL,Escuela Superior Politécnica del Litoral,GEOLOGÍA,5,gestionar equipos pesados,skill/competence,cross-sector,0.8519,http://data.europa.eu/esco/skill/2a314d49-c071-403b-9cc8-75aea53e7859
ESPOL,Escuela Superior Politécnica del Litoral,GEOLOGÍA,6,transportar mercancías peligrosas,skill/competence,cross-sector,0.851,http://data.europa.eu/esco/skill/5b0d14b1-0bf6-4f6b-b922-4becc213f0aa
ESPOL,Escuela Superior Politécnica del Litoral,GEOLOGÍA,7,actuar de enlace con profesionales del sector,skill/competence,cross-sector,0.8504,http://data.europa.eu/esco/skill/d1317634-ccea-44d0-9cdc-c863f9bf856b
ESPOL,Escuela Superior Politécnica del Litoral,GEOLOGÍA,8,realizar auditorías ambientales,skill/competence,cross-sector,0.8504,http://data.europa.eu/esco/skill/60ab2bf7-c812-4a88-86c0-7c81a9b2f77c
ESPOL,Escuela Superior Politécnica del Litoral,GEOLOGÍA,9,trabajar con sustancias químicas,skill/competence,cross-sector,0.8492,http://data.europa.eu/esco/skill/929a997b-d56c-4383-b36d-6de9fa0e1721
ESPOL,Escuela Superior Politécnica del Litoral,GEOLOGÍA,10,gestionar sistemas de instrumentación,skill/competence,cross-sector,0.8485,http://data.europa.eu/esco/skill/5d71a91f-cc72-4b66-b6e3-d75ecc05e235
ESPOL,Escuela Superior Politécnica del Litoral,GEOLOGÍA,11,procesar datos topográficos recabados,skill/competence,cross-sector,0.8476,http://data.europa.eu/esco/skill/6b30644d-bdc5-4bca-b1af-edbf5c6b15ee
ESPOL,Escuela Superior Politécnica del Litoral,GEOLOGÍA,12,realizar trabajos técnicos difíciles,skill/competence,cross-sector,0.8467,http://data.europa.eu/esco/skill/2d780738-9b34-40a3-adbb-590001f6ff86
ESPOL,Escuela Superior Politécnica del Litoral,GEOLOGÍA,13,coordinar con expertos ferroviarios,skill/competence,cross-sector,0.8464,http://data.europa.eu/esco/skill/6172948e-5d52-4f94-a617-278a9013a8ae
ESPOL,Escuela Superior Politécnica del Litoral,GEOLOGÍA,14,probar sensores,skill/competence,cross-sector,0.8462,http://data.europa.eu/esco/skill/6e34b68e-0d61-49f2-bc4d-571c0326d857
ESPOL,Escuela Superior Politécnica del Litoral,GEOLOGÍA,15,utilizar herramientas eléctricas,skill/competence,cross-sector,0.8461,http://data.europa.eu/esco/skill/5bf7f85a-b080-4b27-8ddc-9f62af4643f5
ESPOL,Escuela Superior Politécnica del Litoral,GEOLOGÍA,16,coordinar el envío de materiales reciclables,skill/competence,cross-sector,0.846,http://data.europa.eu/esco/skill/9d04490c-cea5-4765-a15e-99c46b543c1d
ESPOL,Escuela Superior Politécnica del Litoral,GEOLOGÍA,17,controlar maquinaria pesada,skill/competence,cross-sector,0.8459,http://data.europa.eu/esco/skill/4853efe8-0cdd-42d1-bc5a-6ba5fa9a8b2c
ESPOL,Escuela Superior Politécnica del Litoral,GEOLOGÍA,18,trabajar en yacimientos,skill/competence,cross-sector,0.8459,http://data.europa.eu/esco/skill/d8986e9a-44f2-4988-822e-1be3bd961a8f
ESPOL,Escuela Superior Politécnica del Litoral,GEOLOGÍA,19,examinar las infraestructuras civiles,skill/competence,cross-sector,0.8458,http://data.europa.eu/esco/skill/d48b3cfe-80b6-406f-b582-d959b60417f8
ESPOL,Escuela Superior Politécnica del Litoral,GEOLOGÍA,20,observar nuevas evoluciones en países extranjeros,skill/competence,cross-sector,0.8457,http://data.europa.eu/esco/skill/2f4d68be-6e9f-46fa-9398-0573e900b5e3
ESPOL,Escuela Superior Politécnica del Litoral,GEOLOGÍA,21,realizar investigación estratégica,skill/competence,cross-sector,0.8449,http://data.europa.eu/esco/skill/0aa02c52-077d-45f8-8c2d-7132c11ac16e
ESPOL,Escuela Superior Politécnica del Litoral,GEOLOGÍA,22,realizar pruebas de laboratorio para el calzado y los artículos de piel y cuero,skill/competence,cross-sector,0.8444,http://data.europa.eu/esco/skill/88f0a98e-4b90-479b-9b5a-f5f8cbe0b49e
ESPOL,Escuela Superior Politécnica del Litoral,GEOLOGÍA,23,someter a auditorías a los contratistas,skill/competence,cross-sector,0.8443,http://data.europa.eu/esco/skill/0520d8ba-3c24-4f75-a8b0-f883ddeed82d
ESPOL,Escuela Superior Politécnica del Litoral,GEOLOGÍA,24,manipular madera,skill/competence,cross-sector,0.8442,http://data.europa.eu/esco/skill/c8186be4-15d4-4347-b34a-53bee7015f79
ESPOL,Escuela Superior Politécnica del Litoral,GEOLOGÍA,25,investigar accidentes laborales,skill/competence,cross-sector,0.8441,http://data.europa.eu/esco/skill/2cbb31ac-2403-4c31-90f3-7473623a56fc
ESPOL,Escuela Superior Politécnica del Litoral,MATEMÁTICA,1,ejecutar cálculos matemáticos analíticos,skill/competence,cross-sector,0.8744,http://data.europa.eu/esco/skill/31c69100-b612-4a61-8db5-fd314318854c
ESPOL,Escuela Superior Politécnica del Litoral,MATEMÁTICA,2,resolver problemas,skill/competence,transversal,0.8733,http://data.europa.eu/esco/skill/adc6dc11-3376-467b-96c5-9b0a21edc869
ESPOL,Escuela Superior Politécnica del Litoral,MATEMÁTICA,3,realizar cálculos,skill/competence,transversal,0.8648,http://data.europa.eu/esco/skill/19ba11f3-9c99-41fd-a7c9-f77e6a026186
ESPOL,Escuela Superior Politécnica del Litoral,MATEMÁTICA,4,asesorar al alumnado,skill/competence,cross-sector,0.8608,http://data.europa.eu/esco/skill/f7940b22-764a-43f0-9642-f60f5897109b
ESPOL,Escuela Superior Politécnica del Litoral,MATEMÁTICA,5,aplicar competencias matemáticas,skill/competence,cross-sector,0.8589,http://data.europa.eu/esco/skill/5dd01a1e-7ba0-4b7f-a76c-ed811c12bfde
ESPOL,Escuela Superior Politécnica del Litoral,MATEMÁTICA,6,participar en las operaciones cotidianas de la empresa,skill/competence,cross-sector,0.8573,http://data.europa.eu/esco/skill/ce4cbc3a-bde0-43b4-9526-e643c4fe5b04
ESPOL,Escuela Superior Politécnica del Litoral,MATEMÁTICA,7,crear soluciones para problemas,skill/competence,cross-sector,0.8542,http://data.europa.eu/esco/skill/03b9b491-fc9b-4868-914a-bf7cd47b5041
ESPOL,Escuela Superior Politécnica del Litoral,MATEMÁTICA,8,Proponer soluciones tecnológicas a problemas empresariales,skill/competence,cross-sector,0.8523,http://data.europa.eu/esco/skill/07e51c60-763a-4335-b4ec-70a15f66d328
ESPOL,Escuela Superior Politécnica del Litoral,MATEMÁTICA,9,asesorar sobre planificación tributaria y fiscal,skill/competence,cross-sector,0.8515,http://data.europa.eu/esco/skill/161a6c5a-593a-4977-b7b7-49c6a2a2f2a3
ESPOL,Escuela Superior Politécnica del Litoral,MATEMÁTICA,10,analizar modelos de negocio,skill/competence,cross-sector,0.8502,http://data.europa.eu/esco/skill/3c1cbc5e-2220-4f45-bcc8-3d52c8c9cae0
ESPOL,Escuela Superior Politécnica del Litoral,MATEMÁTICA,11,trabajar con sustancias químicas,skill/competence,cross-sector,0.8486,http://data.europa.eu/esco/skill/929a997b-d56c-4383-b36d-6de9fa0e1721
ESPOL,Escuela Superior Politécnica del Litoral,MATEMÁTICA,12,elaborar estrategias para resolver problemas,skill/competence,cross-sector,0.8484,http://data.europa.eu/esco/skill/7a8fb784-67fa-41e9-a75c-6b491d91f800
ESPOL,Escuela Superior Politécnica del Litoral,MATEMÁTICA,13,utilizar modelos informáticos especializados para predecir el tiempo,skill/competence,cross-sector,0.8477,http://data.europa.eu/esco/skill/206f5738-e91f-4390-84a2-fcb864bc11b1
ESPOL,Escuela Superior Politécnica del Litoral,MATEMÁTICA,14,asesorar sobre la participación en mercados financieros,skill/competence,cross-sector,0.847,http://data.europa.eu/esco/skill/efe9be37-2433-4b58-95f4-283f2c048104
ESPOL,Escuela Superior Politécnica del Litoral,MATEMÁTICA,15,realizar trabajos técnicos difíciles,skill/competence,cross-sector,0.8463,http://data.europa.eu/esco/skill/2d780738-9b34-40a3-adbb-590001f6ff86
ESPOL,Escuela Superior Politécnica del Litoral,MATEMÁTICA,16,asesorar a la clientela acerca de las posibilidades técnicas,skill/competence,cross-sector,0.8461,http://data.europa.eu/esco/skill/7b3abd38-61ae-42a4-88bb-0884784f9ee1
ESPOL,Escuela Superior Politécnica del Litoral,MATEMÁTICA,17,gestionar recursos humanos,skill/competence,cross-sector,0.8457,http://data.europa.eu/esco/skill/339ac029-066a-4985-9f9d-b3d7c8fea0bb
ESPOL,Escuela Superior Politécnica del Litoral,MATEMÁTICA,18,aplicar la gestión de conflictos,skill/competence,cross-sector,0.8453,http://data.europa.eu/esco/skill/0ee94af1-b445-4973-9c3f-459fab250342
ESPOL,Escuela Superior Politécnica del Litoral,MATEMÁTICA,19,asesorar sobre gestión de conflictos,skill/competence,cross-sector,0.8444,http://data.europa.eu/esco/skill/9091c8e5-9357-4c29-bceb-ddb1792c22e8
ESPOL,Escuela Superior Politécnica del Litoral,MATEMÁTICA,20,pronosticar niveles futuros de desarrollo empresarial,skill/competence,cross-sector,0.8444,http://data.europa.eu/esco/skill/ab167ae1-dfd8-4607-8dc4-d6d500622e1d
ESPOL,Escuela Superior Politécnica del Litoral,MATEMÁTICA,21,resolver problemas técnicos,skill/competence,cross-sector,0.8441,http://data.europa.eu/esco/skill/14832d87-2f2f-4895-b290-e4760ebae42a
ESPOL,Escuela Superior Politécnica del Litoral,MATEMÁTICA,22,asesorar sobre asuntos financieros,skill/competence,cross-sector,0.8438,http://data.europa.eu/esco/skill/79c36c91-28a5-44b7-ab9b-7093b2d4b21e
ESPOL,Escuela Superior Politécnica del Litoral,MATEMÁTICA,23,crear soluciones para problemas informativos,skill/competence,cross-sector,0.8437,http://data.europa.eu/esco/skill/4539aeca-b56f-4d03-ba86-8f675a7f2536
ESPOL,Escuela Superior Politécnica del Litoral,MATEMÁTICA,24,utilizar las tecnologías digitales con creatividad,skill/competence,cross-sector,0.843,http://data.europa.eu/esco/skill/1a4cc54f-1e53-442b-a6d2-1682dc8ef8f9
ESPOL,Escuela Superior Politécnica del Litoral,MATEMÁTICA,25,gestionar empresas de producción,skill/competence,cross-sector,0.8427,http://data.europa.eu/esco/skill/435d1751-8667-41ec-8b32-865b7cd3c684
ESPOL,Escuela Superior Politécnica del Litoral,ECONOMÍA,1,analizar las tendencias económicas,skill/competence,cross-sector,0.865,http://data.europa.eu/esco/skill/5f302d63-048e-451c-b150-97c124a5a26b
ESPOL,Escuela Superior Politécnica del Litoral,ECONOMÍA,2,gestionar presupuestos de transportistas potenciales,skill/competence,cross-sector,0.8631,http://data.europa.eu/esco/skill/25d8dedb-a557-441a-8aeb-2d618b79abe9
ESPOL,Escuela Superior Politécnica del Litoral,ECONOMÍA,3,pronosticar niveles futuros de desarrollo empresarial,skill/competence,cross-sector,0.862,http://data.europa.eu/esco/skill/ab167ae1-dfd8-4607-8dc4-d6d500622e1d
ESPOL,Escuela Superior Politécnica del Litoral,ECONOMÍA,4,analizar modelos de negocio,skill/competence,cross-sector,0.8617,http://data.europa.eu/esco/skill/3c1cbc5e-2220-4f45-bcc8-3d52c8c9cae0
ESPOL,Escuela Superior Politécnica del Litoral,ECONOMÍA,5,gestionar los programas públicos,skill/competence,cross-sector,0.8575,http://data.europa.eu/esco/skill/0761f325-13e7-49f4-a41a-ec64ba4e7b9d
ESPOL,Escuela Superior Politécnica del Litoral,ECONOMÍA,6,ejercer el control del gasto,skill/competence,cross-sector,0.8557,http://data.europa.eu/esco/skill/b08ec8ff-1a3e-4cc3-8016-9520b21666a6
ESPOL,Escuela Superior Politécnica del Litoral,ECONOMÍA,7,asesorar sobre el desarrollo económico,skill/competence,cross-sector,0.8552,http://data.europa.eu/esco/skill/384ed14c-bf1f-4a65-aef6-6e711f43c4ce
ESPOL,Escuela Superior Politécnica del Litoral,ECONOMÍA,8,realizar estudios de mercado,skill/competence,cross-sector,0.8552,http://data.europa.eu/esco/skill/fe39d4db-4cb5-4299-bb9f-896c8fd6ab13
ESPOL,Escuela Superior Politécnica del Litoral,ECONOMÍA,9,analizar el riesgo financiero,skill/competence,cross-sector,0.8539,http://data.europa.eu/esco/skill/eb8babfb-ab91-4937-a032-6a79f82e9b7f
ESPOL,Escuela Superior Politécnica del Litoral,ECONOMÍA,10,gestionar el riesgo de las transacciones de comercio internacional,skill/competence,cross-sector,0.8536,http://data.europa.eu/esco/skill/4bdbd6db-7d75-40e7-b40e-5718e2982dfb
ESPOL,Escuela Superior Politécnica del Litoral,ECONOMÍA,11,evaluar el impacto ambiental de yacimientos y zonas industriales,skill/competence,cross-sector,0.8533,http://data.europa.eu/esco/skill/f12f094b-492f-4e88-b36b-50b8e58b7500
ESPOL,Escuela Superior Politécnica del Litoral,ECONOMÍA,12,tener en cuenta los criterios económicos en la toma de decisiones,skill/competence,cross-sector,0.8531,http://data.europa.eu/esco/skill/d41262ae-eca1-4ede-89a8-46d2d99a7a31
ESPOL,Escuela Superior Politécnica del Litoral,ECONOMÍA,13,evaluar los factores de riesgo,skill/competence,cross-sector,0.8523,http://data.europa.eu/esco/skill/d7b66759-c40c-44de-9f31-9418f84e10c5
ESPOL,Escuela Superior Politécnica del Litoral,ECONOMÍA,14,realizar un análisis empresarial,skill/competence,cross-sector,0.8516,http://data.europa.eu/esco/skill/27ed854c-15b8-4ba2-90e9-ae888a219703
ESPOL,Escuela Superior Politécnica del Litoral,ECONOMÍA,15,"llevar a cabo análisis de factores políticos, económicos, sociales, tecnológicos, ambientales y jurídicos",skill/competence,cross-sector,0.8513,http://data.europa.eu/esco/skill/9979e727-3104-42e0-8f41-4af2578111ea
ESPOL,Escuela Superior Politécnica del Litoral,ECONOMÍA,16,realizar gestión de clientes,skill/competence,cross-sector,0.8511,http://data.europa.eu/esco/skill/91306a20-9b81-4f3d-97eb-f5368b607da7
ESPOL,Escuela Superior Politécnica del Litoral,ECONOMÍA,17,realizar planificación de recursos,skill/competence,cross-sector,0.8509,http://data.europa.eu/esco/skill/f5dd06b8-5d17-4932-9d03-957d0c4f5051
ESPOL,Escuela Superior Politécnica del Litoral,ECONOMÍA,18,evaluar los contratos y presentar información al respecto,skill/competence,cross-sector,0.8508,http://data.europa.eu/esco/skill/1368c06f-202d-4776-8153-93aed512cc64
ESPOL,Escuela Superior Politécnica del Litoral,ECONOMÍA,19,supervisar el trabajo de promoción,skill/competence,cross-sector,0.8501,http://data.europa.eu/esco/skill/f0a1db01-ffbd-4366-8120-add9bd134ffd
ESPOL,Escuela Superior Politécnica del Litoral,ECONOMÍA,20,observar nuevas evoluciones en países extranjeros,skill/competence,cross-sector,0.8498,http://data.europa.eu/esco/skill/2f4d68be-6e9f-46fa-9398-0573e900b5e3
ESPOL,Escuela Superior Politécnica del Litoral,ECONOMÍA,21,identificar proveedores,skill/competence,cross-sector,0.8492,http://data.europa.eu/esco/skill/11747665-0e98-4f27-bd0d-536862cd5746
ESPOL,Escuela Superior Politécnica del Litoral,ECONOMÍA,22,gestionar empresas de producción,skill/competence,cross-sector,0.849,http://data.europa.eu/esco/skill/435d1751-8667-41ec-8b32-865b7cd3c684
ESPOL,Escuela Superior Politécnica del Litoral,ECONOMÍA,23,elaborar políticas de economía,skill/competence,cross-sector,0.8488,http://data.europa.eu/esco/skill/8394fefb-f62a-48c0-a156-3117cefdb9b3
ESPOL,Escuela Superior Politécnica del Litoral,ECONOMÍA,24,analizar procesos empresariales,skill/competence,cross-sector,0.8485,http://data.europa.eu/esco/skill/56042303-972b-41be-9310-58467599ff7e
ESPOL,Escuela Superior Politécnica del Litoral,ECONOMÍA,25,responder a solicitudes de presupuesto,skill/competence,cross-sector,0.8483,http://data.europa.eu/esco/skill/2206af0c-3deb-48c5-a544-b9983d347da3
ESPOL,Escuela Superior Politécnica del Litoral,ADMINISTRACIÓN DE EMPRESAS,1,analizar estrategias de gestión de la cadena de suministro,skill/competence,cross-sector,0.8767,http://data.europa.eu/esco/skill/96d549bb-3e62-4c45-92a7-f114df089581
ESPOL,Escuela Superior Politécnica del Litoral,ADMINISTRACIÓN DE EMPRESAS,2,realizar diversas tareas organizativas en la empresa,skill/competence,cross-sector,0.8699,http://data.europa.eu/esco/skill/01755f08-4df4-4cf0-8d22-08f94cad68b5
ESPOL,Escuela Superior Politécnica del Litoral,ADMINISTRACIÓN DE EMPRESAS,3,analizar modelos de negocio,skill/competence,cross-sector,0.869,http://data.europa.eu/esco/skill/3c1cbc5e-2220-4f45-bcc8-3d52c8c9cae0
ESPOL,Escuela Superior Politécnica del Litoral,ADMINISTRACIÓN DE EMPRESAS,4,gestionar empresas de producción,skill/competence,cross-sector,0.8682,http://data.europa.eu/esco/skill/435d1751-8667-41ec-8b32-865b7cd3c684
ESPOL,Escuela Superior Politécnica del Litoral,ADMINISTRACIÓN DE EMPRESAS,5,elaborar estrategias para resolver problemas,skill/competence,cross-sector,0.8672,http://data.europa.eu/esco/skill/7a8fb784-67fa-41e9-a75c-6b491d91f800
ESPOL,Escuela Superior Politécnica del Litoral,ADMINISTRACIÓN DE EMPRESAS,6,formar equipos dentro de la empresa en base a las competencias,skill/competence,cross-sector,0.8655,http://data.europa.eu/esco/skill/f1155d3f-fbca-4298-a31c-f6955653bacf
ESPOL,Escuela Superior Politécnica del Litoral,ADMINISTRACIÓN DE EMPRESAS,7,asesorar sobre estrategias de mercado,skill/competence,cross-sector,0.8643,http://data.europa.eu/esco/skill/34d6ed30-5d35-44b9-9498-fd15badb5f28
ESPOL,Escuela Superior Politécnica del Litoral,ADMINISTRACIÓN DE EMPRESAS,8,mejorar procesos empresariales,skill/competence,cross-sector,0.8639,http://data.europa.eu/esco/skill/75b30aeb-34c0-40f4-b77d-271d75a98b14
ESPOL,Escuela Superior Politécnica del Litoral,ADMINISTRACIÓN DE EMPRESAS,9,realizar investigación estratégica,skill/competence,cross-sector,0.8628,http://data.europa.eu/esco/skill/0aa02c52-077d-45f8-8c2d-7132c11ac16e
ESPOL,Escuela Superior Politécnica del Litoral,ADMINISTRACIÓN DE EMPRESAS,10,gestionar recursos humanos,skill/competence,cross-sector,0.8627,http://data.europa.eu/esco/skill/339ac029-066a-4985-9f9d-b3d7c8fea0bb
ESPOL,Escuela Superior Politécnica del Litoral,ADMINISTRACIÓN DE EMPRESAS,11,gestionar operaciones financieras,skill/competence,cross-sector,0.8626,http://data.europa.eu/esco/skill/f7e7ccb6-fadc-4c35-935d-e1040be40dfe
ESPOL,Escuela Superior Politécnica del Litoral,ADMINISTRACIÓN DE EMPRESAS,12,evaluar presupuestos,skill/competence,cross-sector,0.8625,http://data.europa.eu/esco/skill/6556cbf1-d5c0-4f53-89a9-8707066069a6
ESPOL,Escuela Superior Politécnica del Litoral,ADMINISTRACIÓN DE EMPRESAS,13,crear soluciones para problemas,skill/competence,cross-sector,0.8619,http://data.europa.eu/esco/skill/03b9b491-fc9b-4868-914a-bf7cd47b5041
ESPOL,Escuela Superior Politécnica del Litoral,ADMINISTRACIÓN DE EMPRESAS,14,analizar la capacidad del personal,skill/competence,cross-sector,0.8603,http://data.europa.eu/esco/skill/d58a48d1-5b7f-4028-ae11-b051d13ee1a8
ESPOL,Escuela Superior Politécnica del Litoral,ADMINISTRACIÓN DE EMPRESAS,15,realizar auditorías financieras,skill/competence,cross-sector,0.8595,http://data.europa.eu/esco/skill/89ff28d6-342c-435d-83aa-83e71dbbbc96
ESPOL,Escuela Superior Politécnica del Litoral,ADMINISTRACIÓN DE EMPRESAS,16,trabajar de forma organizada,skill/competence,cross-sector,0.8595,http://data.europa.eu/esco/skill/1258cc12-37bb-4a12-b219-9c3d6b294533
ESPOL,Escuela Superior Politécnica del Litoral,ADMINISTRACIÓN DE EMPRESAS,17,trabajar de forma organizada,skill/competence,cross-sector,0.8595,http://data.europa.eu/esco/skill/1258cc12-37bb-4a12-b219-9c3d6b294533
ESPOL,Escuela Superior Politécnica del Litoral,ADMINISTRACIÓN DE EMPRESAS,18,gestionar los aspectos financieros de una empresa,skill/competence,cross-sector,0.8595,http://data.europa.eu/esco/skill/fa6acfc3-0a4f-4192-b77d-80e94d0faf2a
ESPOL,Escuela Superior Politécnica del Litoral,ADMINISTRACIÓN DE EMPRESAS,19,participar en las operaciones cotidianas de la empresa,skill/competence,cross-sector,0.8593,http://data.europa.eu/esco/skill/ce4cbc3a-bde0-43b4-9526-e643c4fe5b04
ESPOL,Escuela Superior Politécnica del Litoral,ADMINISTRACIÓN DE EMPRESAS,20,llevar a cabo procesos de adquisición,skill/competence,cross-sector,0.8592,http://data.europa.eu/esco/skill/9e9a4209-c7cf-4f6e-973e-dc2ffadccc74
ESPOL,Escuela Superior Politécnica del Litoral,ADMINISTRACIÓN DE EMPRESAS,21,realizar un análisis empresarial,skill/competence,cross-sector,0.8591,http://data.europa.eu/esco/skill/27ed854c-15b8-4ba2-90e9-ae888a219703
ESPOL,Escuela Superior Politécnica del Litoral,ADMINISTRACIÓN DE EMPRESAS,22,planificar procesos de fabricación,skill/competence,cross-sector,0.8585,http://data.europa.eu/esco/skill/7d0f33ea-e724-4d77-8b75-ee4fe66bb9ba
ESPOL,Escuela Superior Politécnica del Litoral,ADMINISTRACIÓN DE EMPRESAS,23,supervisar cuentas financieras,skill/competence,cross-sector,0.8585,http://data.europa.eu/esco/skill/2ada2f9d-77f7-4ba0-9096-89ae285a65c5
ESPOL,Escuela Superior Politécnica del Litoral,ADMINISTRACIÓN DE EMPRESAS,24,realizar gestión de clientes,skill/competence,cross-sector,0.8584,http://data.europa.eu/esco/skill/91306a20-9b81-4f3d-97eb-f5368b607da7
ESPOL,Escuela Superior Politécnica del Litoral,ADMINISTRACIÓN DE EMPRESAS,25,elaborar políticas de economía,skill/competence,cross-sector,0.8582,http://data.europa.eu/esco/skill/8394fefb-f62a-48c0-a156-3117cefdb9b3
UPS,Universidad Politécnica Salesiana,COMPUTACIÓN,1,crear soluciones para problemas,skill/competence,cross-sector,0.8674,http://data.europa.eu/esco/skill/03b9b491-fc9b-4868-914a-bf7cd47b5041
UPS,Universidad Politécnica Salesiana,COMPUTACIÓN,2,elaborar estrategias para resolver problemas,skill/competence,cross-sector,0.8669,http://data.europa.eu/esco/skill/7a8fb784-67fa-41e9-a75c-6b491d91f800
UPS,Universidad Politécnica Salesiana,COMPUTACIÓN,3,aplicar la gestión de conflictos,skill/competence,cross-sector,0.863,http://data.europa.eu/esco/skill/0ee94af1-b445-4973-9c3f-459fab250342
UPS,Universidad Politécnica Salesiana,COMPUTACIÓN,4,crear soluciones para problemas informativos,skill/competence,cross-sector,0.8626,http://data.europa.eu/esco/skill/4539aeca-b56f-4d03-ba86-8f675a7f2536
UPS,Universidad Politécnica Salesiana,COMPUTACIÓN,5,tener competencias informáticas,skill/competence,cross-sector,0.8626,http://data.europa.eu/esco/skill/d15ce60f-ddab-41ce-ba56-398451b77b60
UPS,Universidad Politécnica Salesiana,COMPUTACIÓN,6,utilizar las tecnologías digitales con creatividad,skill/competence,cross-sector,0.8612,http://data.europa.eu/esco/skill/1a4cc54f-1e53-442b-a6d2-1682dc8ef8f9
UPS,Universidad Politécnica Salesiana,COMPUTACIÓN,7,resolver problemas de sistemas TIC,skill/competence,cross-sector,0.8576,http://data.europa.eu/esco/skill/9e06bac6-6b91-48ca-8b7d-c1f48cdecd7c
UPS,Universidad Politécnica Salesiana,COMPUTACIÓN,8,detectar y corregir errores de las tecnologías de la información y de las comunicaciones,skill/competence,cross-sector,0.8566,http://data.europa.eu/esco/skill/744442ac-c157-4350-8be0-ce454df4f5c5
UPS,Universidad Politécnica Salesiana,COMPUTACIÓN,9,utilizar servicios electrónicos,skill/competence,cross-sector,0.8565,http://data.europa.eu/esco/skill/16a00c69-9c74-4c37-96d7-6301d285e5ce
UPS,Universidad Politécnica Salesiana,COMPUTACIÓN,10,resolver problemas,skill/competence,transversal,0.8562,http://data.europa.eu/esco/skill/adc6dc11-3376-467b-96c5-9b0a21edc869
UPS,Universidad Politécnica Salesiana,COMPUTACIÓN,11,ejecutar cálculos matemáticos analíticos,skill/competence,cross-sector,0.8555,http://data.europa.eu/esco/skill/31c69100-b612-4a61-8db5-fd314318854c
UPS,Universidad Politécnica Salesiana,COMPUTACIÓN,12,resolver problemas técnicos,skill/competence,cross-sector,0.8553,http://data.europa.eu/esco/skill/14832d87-2f2f-4895-b290-e4760ebae42a
UPS,Universidad Politécnica Salesiana,COMPUTACIÓN,13,detectar necesidades tecnológicas,skill/competence,cross-sector,0.854,http://data.europa.eu/esco/skill/42fcf80d-7b45-40f3-bd2f-5411c4c0dfa0
UPS,Universidad Politécnica Salesiana,COMPUTACIÓN,14,pensar de manera crítica,skill/competence,transversal,0.853,http://data.europa.eu/esco/skill/7dd94ad3-13d6-43fe-8b94-51fcbf67ced9
UPS,Universidad Politécnica Salesiana,COMPUTACIÓN,15,trabajar de forma organizada,skill/competence,cross-sector,0.8528,http://data.europa.eu/esco/skill/1258cc12-37bb-4a12-b219-9c3d6b294533
UPS,Universidad Politécnica Salesiana,COMPUTACIÓN,16,trabajar de forma organizada,skill/competence,cross-sector,0.8528,http://data.europa.eu/esco/skill/1258cc12-37bb-4a12-b219-9c3d6b294533
UPS,Universidad Politécnica Salesiana,COMPUTACIÓN,17,transmitir instrucciones verbalmente,skill/competence,cross-sector,0.8521,http://data.europa.eu/esco/skill/0f46a403-9606-465f-8247-8ae975ff4f35
UPS,Universidad Politécnica Salesiana,COMPUTACIÓN,18,asesorar a la clientela acerca de las posibilidades técnicas,skill/competence,cross-sector,0.8514,http://data.europa.eu/esco/skill/7b3abd38-61ae-42a4-88bb-0884784f9ee1
UPS,Universidad Politécnica Salesiana,COMPUTACIÓN,19,aplicar principios operativos socialmente justos,skill/competence,cross-sector,0.8513,http://data.europa.eu/esco/skill/bc401d18-9bea-4300-90fd-22bfa286bd77
UPS,Universidad Politécnica Salesiana,COMPUTACIÓN,20,gestionar un equipo,skill/competence,cross-sector,0.8511,http://data.europa.eu/esco/skill/cb668e89-6ef5-4ff3-ab4a-506010e7e70b
UPS,Universidad Politécnica Salesiana,COMPUTACIÓN,21,"aplicar conocimientos científicos, tecnológicos y de ingeniería",skill/competence,transversal,0.8507,http://data.europa.eu/esco/skill/5c3ab99d-a3f1-4620-9602-d12d2151a03d
UPS,Universidad Politécnica Salesiana,COMPUTACIÓN,22,representar a la empresa,skill/competence,cross-sector,0.8506,http://data.europa.eu/esco/skill/43268a87-8280-4e3f-bf97-97dc973d60ef
UPS,Universidad Politécnica Salesiana,COMPUTACIÓN,23,Proponer soluciones tecnológicas a problemas empresariales,skill/competence,cross-sector,0.8505,http://data.europa.eu/esco/skill/07e51c60-763a-4335-b4ec-70a15f66d328
UPS,Universidad Politécnica Salesiana,COMPUTACIÓN,24,identificar carencias en competencias digitales,skill/competence,cross-sector,0.8502,http://data.europa.eu/esco/skill/238343b1-7b51-42b3-a9ed-cf24d3a236e7
UPS,Universidad Politécnica Salesiana,COMPUTACIÓN,25,afrontar problemas éticos en los servicios sociales,skill/competence,cross-sector,0.8501,http://data.europa.eu/esco/skill/a762f4cd-b6bb-419b-834a-71f3ed367e5c
UPS,Universidad Politécnica Salesiana,ELECTRÓNICA Y AUTOMATIZACIÓN,1,planificar procesos de fabricación,skill/competence,cross-sector,0.8688,http://data.europa.eu/esco/skill/7d0f33ea-e724-4d77-8b75-ee4fe66bb9ba
UPS,Universidad Politécnica Salesiana,ELECTRÓNICA Y AUTOMATIZACIÓN,2,establecer normas para plantas de producción,skill/competence,cross-sector,0.8679,http://data.europa.eu/esco/skill/d154e48f-95b4-4ce6-907e-4a44d50129fe
UPS,Universidad Politécnica Salesiana,ELECTRÓNICA Y AUTOMATIZACIÓN,3,diseñar sistemas electrónicos,skill/competence,cross-sector,0.8665,http://data.europa.eu/esco/skill/feb717ff-fba6-4a91-aa10-ee11cf2da6b4
UPS,Universidad Politécnica Salesiana,ELECTRÓNICA Y AUTOMATIZACIÓN,4,desarrollar procedimientos de prueba electrónica,skill/competence,cross-sector,0.8655,http://data.europa.eu/esco/skill/0de6bca4-f3aa-452a-8e10-d355b2c1bfc4
UPS,Universidad Politécnica Salesiana,ELECTRÓNICA Y AUTOMATIZACIÓN,5,operar el equipo de empaquetado,skill/competence,cross-sector,0.8653,http://data.europa.eu/esco/skill/f8cd217b-b870-42aa-9bbe-d36b672cbb65
UPS,Universidad Politécnica Salesiana,ELECTRÓNICA Y AUTOMATIZACIÓN,6,diseñar componentes de automatización,skill/competence,cross-sector,0.8637,http://data.europa.eu/esco/skill/f96f5aa5-6ed7-40dc-a431-68b0a09d6d4b
UPS,Universidad Politécnica Salesiana,ELECTRÓNICA Y AUTOMATIZACIÓN,7,gestionar empresas de producción,skill/competence,cross-sector,0.8624,http://data.europa.eu/esco/skill/435d1751-8667-41ec-8b32-865b7cd3c684
UPS,Universidad Politécnica Salesiana,ELECTRÓNICA Y AUTOMATIZACIÓN,8,gestionar la producción de calzado y de artículos de piel y cuero,skill/competence,cross-sector,0.8617,http://data.europa.eu/esco/skill/7e71fbcf-ebf8-4164-829b-e16b68aa9432
UPS,Universidad Politécnica Salesiana,ELECTRÓNICA Y AUTOMATIZACIÓN,9,montar máquinas,skill/competence,cross-sector,0.8617,http://data.europa.eu/esco/skill/87a0c0e6-c114-4ea1-b2d0-933bce1f3c5f
UPS,Universidad Politécnica Salesiana,ELECTRÓNICA Y AUTOMATIZACIÓN,10,operar sistemas de control informatizados,skill/competence,cross-sector,0.8606,http://data.europa.eu/esco/skill/b916d60e-38e9-4241-914a-4e2144bda711
UPS,Universidad Politécnica Salesiana,ELECTRÓNICA Y AUTOMATIZACIÓN,11,integrar productos nuevos en la cadena de fabricación,skill/competence,cross-sector,0.8601,http://data.europa.eu/esco/skill/8a753714-9a19-4418-9b37-77e79d72c705
UPS,Universidad Politécnica Salesiana,ELECTRÓNICA Y AUTOMATIZACIÓN,12,actuar de enlace con profesionales del sector,skill/competence,cross-sector,0.8598,http://data.europa.eu/esco/skill/d1317634-ccea-44d0-9cdc-c863f9bf856b
UPS,Universidad Politécnica Salesiana,ELECTRÓNICA Y AUTOMATIZACIÓN,13,verificar unidades electrónicas,skill/competence,cross-sector,0.8597,http://data.europa.eu/esco/skill/baf501a8-f0fe-4ad7-9b69-8e920fa1a87b
UPS,Universidad Politécnica Salesiana,ELECTRÓNICA Y AUTOMATIZACIÓN,14,diseñar sistemas de control,skill/competence,cross-sector,0.8597,http://data.europa.eu/esco/skill/d560df46-dda4-4407-bab2-b87353a96814
UPS,Universidad Politécnica Salesiana,ELECTRÓNICA Y AUTOMATIZACIÓN,15,realizar diversas tareas organizativas en la empresa,skill/competence,cross-sector,0.8587,http://data.europa.eu/esco/skill/01755f08-4df4-4cf0-8d22-08f94cad68b5
UPS,Universidad Politécnica Salesiana,ELECTRÓNICA Y AUTOMATIZACIÓN,16,examinar equipos industriales,skill/competence,cross-sector,0.8573,http://data.europa.eu/esco/skill/94747ff4-603d-47d4-9780-bf53be41e190
UPS,Universidad Politécnica Salesiana,ELECTRÓNICA Y AUTOMATIZACIÓN,17,gestionar sistemas de instrumentación,skill/competence,cross-sector,0.8573,http://data.europa.eu/esco/skill/5d71a91f-cc72-4b66-b6e3-d75ecc05e235
UPS,Universidad Politécnica Salesiana,ELECTRÓNICA Y AUTOMATIZACIÓN,18,supervisar el funcionamiento de los equipos,skill/competence,cross-sector,0.857,http://data.europa.eu/esco/skill/ca17f0df-59e4-4ed2-9360-fc5325bc7151
UPS,Universidad Politécnica Salesiana,ELECTRÓNICA Y AUTOMATIZACIÓN,19,mantenerse al día sobre las innovaciones en el ámbito empresarial,skill/competence,cross-sector,0.857,http://data.europa.eu/esco/skill/7f70572d-f0c1-4039-9954-b57dc69981f6
UPS,Universidad Politécnica Salesiana,ELECTRÓNICA Y AUTOMATIZACIÓN,20,montar equipos de instrumentación,skill/competence,cross-sector,0.8564,http://data.europa.eu/esco/skill/af0b1937-7538-434f-871b-7e8f72e04117
UPS,Universidad Politécnica Salesiana,ELECTRÓNICA Y AUTOMATIZACIÓN,21,asesorar sobre medidas para mejorar la eficiencia,skill/competence,cross-sector,0.8561,http://data.europa.eu/esco/skill/8bc75dce-beba-40f9-93fc-66c9708ed74b
UPS,Universidad Politécnica Salesiana,ELECTRÓNICA Y AUTOMATIZACIÓN,22,desarrollar sistemas de instrumentación,skill/competence,cross-sector,0.856,http://data.europa.eu/esco/skill/d8c19849-f4cf-458d-90cd-abe735a729bf
UPS,Universidad Politécnica Salesiana,ELECTRÓNICA Y AUTOMATIZACIÓN,23,asesorar sobre cuestiones relacionadas con problemas de fabricación,skill/competence,cross-sector,0.8556,http://data.europa.eu/esco/skill/6c80c47c-3d08-4356-aa82-46f6ec82c898
UPS,Universidad Politécnica Salesiana,ELECTRÓNICA Y AUTOMATIZACIÓN,24,colaborar con el personal técnico en producciones artísticas,skill/competence,cross-sector,0.8556,http://data.europa.eu/esco/skill/94d02529-72e1-4180-9d93-4008342ac481
UPS,Universidad Politécnica Salesiana,ELECTRÓNICA Y AUTOMATIZACIÓN,25,trabajar con sustancias químicas,skill/competence,cross-sector,0.8545,http://data.europa.eu/esco/skill/929a997b-d56c-4383-b36d-6de9fa0e1721
UPS,Universidad Politécnica Salesiana,ELECTRICIDAD,1,diseñar sistemas de control,skill/competence,cross-sector,0.8634,http://data.europa.eu/esco/skill/d560df46-dda4-4407-bab2-b87353a96814
UPS,Universidad Politécnica Salesiana,ELECTRICIDAD,2,elaborar estrategias para resolver problemas,skill/competence,cross-sector,0.8581,http://data.europa.eu/esco/skill/7a8fb784-67fa-41e9-a75c-6b491d91f800
UPS,Universidad Politécnica Salesiana,ELECTRICIDAD,3,"aplicar conocimientos científicos, tecnológicos y de ingeniería",skill/competence,transversal,0.8579,http://data.europa.eu/esco/skill/5c3ab99d-a3f1-4620-9602-d12d2151a03d
UPS,Universidad Politécnica Salesiana,ELECTRICIDAD,4,supervisar el funcionamiento de los equipos,skill/competence,cross-sector,0.8577,http://data.europa.eu/esco/skill/ca17f0df-59e4-4ed2-9360-fc5325bc7151
UPS,Universidad Politécnica Salesiana,ELECTRICIDAD,5,evaluar las necesidades energéticas,skill/competence,cross-sector,0.8574,http://data.europa.eu/esco/skill/36fccad9-1d20-4104-bcc2-a8ea9d1ce5ea
UPS,Universidad Politécnica Salesiana,ELECTRICIDAD,6,diseñar sistemas electrónicos,skill/competence,cross-sector,0.8565,http://data.europa.eu/esco/skill/feb717ff-fba6-4a91-aa10-ee11cf2da6b4
UPS,Universidad Politécnica Salesiana,ELECTRICIDAD,7,operar el equipo de empaquetado,skill/competence,cross-sector,0.855,http://data.europa.eu/esco/skill/f8cd217b-b870-42aa-9bbe-d36b672cbb65
UPS,Universidad Politécnica Salesiana,ELECTRICIDAD,8,mantener motores eléctricos,skill/competence,cross-sector,0.8544,http://data.europa.eu/esco/skill/2876970d-90af-45bd-9cfd-c0af757947ea
UPS,Universidad Politécnica Salesiana,ELECTRICIDAD,9,realizar actividades de gestión energética en instalaciones,skill/competence,cross-sector,0.8519,http://data.europa.eu/esco/skill/885808f7-f42b-406e-95f2-28efcd45ddda
UPS,Universidad Politécnica Salesiana,ELECTRICIDAD,10,trabajar de forma organizada,skill/competence,cross-sector,0.8512,http://data.europa.eu/esco/skill/1258cc12-37bb-4a12-b219-9c3d6b294533
UPS,Universidad Politécnica Salesiana,ELECTRICIDAD,11,trabajar de forma organizada,skill/competence,cross-sector,0.8512,http://data.europa.eu/esco/skill/1258cc12-37bb-4a12-b219-9c3d6b294533
UPS,Universidad Politécnica Salesiana,ELECTRICIDAD,12,montar máquinas,skill/competence,cross-sector,0.8507,http://data.europa.eu/esco/skill/87a0c0e6-c114-4ea1-b2d0-933bce1f3c5f
UPS,Universidad Politécnica Salesiana,ELECTRICIDAD,13,coordinar equipos de ingeniería,skill/competence,cross-sector,0.8507,http://data.europa.eu/esco/skill/7af6e9e8-1e11-4c0b-b7c6-ac96bbbbc674
UPS,Universidad Politécnica Salesiana,ELECTRICIDAD,14,realizar trabajos técnicos difíciles,skill/competence,cross-sector,0.8497,http://data.europa.eu/esco/skill/2d780738-9b34-40a3-adbb-590001f6ff86
UPS,Universidad Politécnica Salesiana,ELECTRICIDAD,15,aplicar medidas de protección del medioambiente,skill/competence,cross-sector,0.8496,http://data.europa.eu/esco/skill/f6d7ba88-5234-4994-944d-843ca453c923
UPS,Universidad Politécnica Salesiana,ELECTRICIDAD,16,verificar unidades electrónicas,skill/competence,cross-sector,0.8496,http://data.europa.eu/esco/skill/baf501a8-f0fe-4ad7-9b69-8e920fa1a87b
UPS,Universidad Politécnica Salesiana,ELECTRICIDAD,17,diseñar escombreras de minas,skill/competence,cross-sector,0.8494,http://data.europa.eu/esco/skill/cfbe1cdb-1738-45a1-b442-75cbda1fff06
UPS,Universidad Politécnica Salesiana,ELECTRICIDAD,18,gestionar un equipo,skill/competence,cross-sector,0.8484,http://data.europa.eu/esco/skill/cb668e89-6ef5-4ff3-ab4a-506010e7e70b
UPS,Universidad Politécnica Salesiana,ELECTRICIDAD,19,realizar auditorías energéticas de instalaciones,skill/competence,cross-sector,0.8483,http://data.europa.eu/esco/skill/09473fea-69ea-40dc-9ff4-bbaaff10840e
UPS,Universidad Politécnica Salesiana,ELECTRICIDAD,20,diseñar sistemas electromecánicos,skill/competence,cross-sector,0.848,http://data.europa.eu/esco/skill/c5422318-3218-4ce9-9bdd-f38b93ff63a3
UPS,Universidad Politécnica Salesiana,ELECTRICIDAD,21,planificar procesos de fabricación,skill/competence,cross-sector,0.848,http://data.europa.eu/esco/skill/7d0f33ea-e724-4d77-8b75-ee4fe66bb9ba
UPS,Universidad Politécnica Salesiana,ELECTRICIDAD,22,mantener el equipo eléctrico,skill/competence,cross-sector,0.8476,http://data.europa.eu/esco/skill/386774ac-fe5b-431a-b485-9aec0bf5c09e
UPS,Universidad Politécnica Salesiana,ELECTRICIDAD,23,utilizar servicios electrónicos,skill/competence,cross-sector,0.8471,http://data.europa.eu/esco/skill/16a00c69-9c74-4c37-96d7-6301d285e5ce
UPS,Universidad Politécnica Salesiana,ELECTRICIDAD,24,desarrollar procedimientos de prueba electrónica,skill/competence,cross-sector,0.8465,http://data.europa.eu/esco/skill/0de6bca4-f3aa-452a-8e10-d355b2c1bfc4
UPS,Universidad Politécnica Salesiana,ELECTRICIDAD,25,gestionar equipos pesados,skill/competence,cross-sector,0.8461,http://data.europa.eu/esco/skill/2a314d49-c071-403b-9cc8-75aea53e7859
UPS,Universidad Politécnica Salesiana,TELECOMUNICACIONES,1,coordinar comunicaciones remotas,skill/competence,cross-sector,0.8758,http://data.europa.eu/esco/skill/9bafaea2-76cd-4532-ab77-8b3d21fa6235
UPS,Universidad Politécnica Salesiana,TELECOMUNICACIONES,2,desarrollar estrategias de comunicación,skill/competence,cross-sector,0.8671,http://data.europa.eu/esco/skill/3c834f6e-523a-49ee-8ed1-e073e28ae6fe
UPS,Universidad Politécnica Salesiana,TELECOMUNICACIONES,3,coordinar equipos de ingeniería,skill/competence,cross-sector,0.8649,http://data.europa.eu/esco/skill/7af6e9e8-1e11-4c0b-b7c6-ac96bbbbc674
UPS,Universidad Politécnica Salesiana,TELECOMUNICACIONES,4,gestionar proyectos de investigación y desarrollo,skill/competence,cross-sector,0.8647,http://data.europa.eu/esco/skill/d5dbc342-8e39-4998-8237-ebbe05a381ce
UPS,Universidad Politécnica Salesiana,TELECOMUNICACIONES,5,asesorar sobre estrategias de comunicación,skill/competence,cross-sector,0.8645,http://data.europa.eu/esco/skill/69f36674-440a-4fa0-89f9-1b70172ebb9d
UPS,Universidad Politécnica Salesiana,TELECOMUNICACIONES,6,resolver problemas de sistemas TIC,skill/competence,cross-sector,0.8623,http://data.europa.eu/esco/skill/9e06bac6-6b91-48ca-8b7d-c1f48cdecd7c
UPS,Universidad Politécnica Salesiana,TELECOMUNICACIONES,7,construir redes,skill/competence,transversal,0.8615,http://data.europa.eu/esco/skill/bf983f2a-e941-4646-811d-cc81060cb53f
UPS,Universidad Politécnica Salesiana,TELECOMUNICACIONES,8,coordinar comunicaciones en situaciones de emergencia en operaciones mineras,skill/competence,cross-sector,0.8609,http://data.europa.eu/esco/skill/707ff33d-d130-4e61-8a2a-6e8b023be9fc
UPS,Universidad Politécnica Salesiana,TELECOMUNICACIONES,9,realizar gestión de clientes,skill/competence,cross-sector,0.86,http://data.europa.eu/esco/skill/91306a20-9b81-4f3d-97eb-f5368b607da7
UPS,Universidad Politécnica Salesiana,TELECOMUNICACIONES,10,gestionar las comunicaciones visuales,skill/competence,cross-sector,0.86,http://data.europa.eu/esco/skill/50b96d21-f2eb-4f35-a8d3-77eee15ef51f
UPS,Universidad Politécnica Salesiana,TELECOMUNICACIONES,11,operar sistemas de coordinación por radio para taxis,skill/competence,cross-sector,0.8584,http://data.europa.eu/esco/skill/57093d18-25bd-4805-8202-168430c6a967
UPS,Universidad Politécnica Salesiana,TELECOMUNICACIONES,12,interpretar las interfaces de comunicación gráfica,skill/competence,cross-sector,0.8582,http://data.europa.eu/esco/skill/ea99e1f2-ad03-4bb3-8960-1227fc76bb2a
UPS,Universidad Politécnica Salesiana,TELECOMUNICACIONES,13,realizar trabajos técnicos difíciles,skill/competence,cross-sector,0.8565,http://data.europa.eu/esco/skill/2d780738-9b34-40a3-adbb-590001f6ff86
UPS,Universidad Politécnica Salesiana,TELECOMUNICACIONES,14,realizar diversas tareas organizativas en la empresa,skill/competence,cross-sector,0.8565,http://data.europa.eu/esco/skill/01755f08-4df4-4cf0-8d22-08f94cad68b5
UPS,Universidad Politécnica Salesiana,TELECOMUNICACIONES,15,reparar sistemas de fontanería,skill/competence,cross-sector,0.8563,http://data.europa.eu/esco/skill/d809a1d2-b80e-43e4-8984-de7517fb68f1
UPS,Universidad Politécnica Salesiana,TELECOMUNICACIONES,16,ingeniería de telecomunicaciones,knowledge,cross-sector,0.8559,http://data.europa.eu/esco/skill/14764a75-3104-4875-ba1d-57c059b9b013
UPS,Universidad Politécnica Salesiana,TELECOMUNICACIONES,17,"navegar, buscar y filtrar datos, información y contenido digitales",skill/competence,cross-sector,0.8555,http://data.europa.eu/esco/skill/e439742d-558d-4f52-885e-afdc740b48cf
UPS,Universidad Politécnica Salesiana,TELECOMUNICACIONES,18,asesorar sobre gestión de conflictos,skill/competence,cross-sector,0.8553,http://data.europa.eu/esco/skill/9091c8e5-9357-4c29-bceb-ddb1792c22e8
UPS,Universidad Politécnica Salesiana,TELECOMUNICACIONES,19,gestionar los procesos de licitación,skill/competence,cross-sector,0.855,http://data.europa.eu/esco/skill/4b2c4de9-43d7-4905-9d58-bc2e7d84b2e1
UPS,Universidad Politécnica Salesiana,TELECOMUNICACIONES,20,proporcionar experiencia técnica,skill/competence,cross-sector,0.8545,http://data.europa.eu/esco/skill/c69587b4-05d3-45bb-b79b-9b85e6603fc2
UPS,Universidad Politécnica Salesiana,TELECOMUNICACIONES,21,crear soluciones para problemas,skill/competence,cross-sector,0.8545,http://data.europa.eu/esco/skill/03b9b491-fc9b-4868-914a-bf7cd47b5041
UPS,Universidad Politécnica Salesiana,TELECOMUNICACIONES,22,diseñar sistemas de transporte,skill/competence,cross-sector,0.8542,http://data.europa.eu/esco/skill/11f364dd-0814-4398-b00e-10d1be8b27af
UPS,Universidad Politécnica Salesiana,TELECOMUNICACIONES,23,gestionar empresas de producción,skill/competence,cross-sector,0.8538,http://data.europa.eu/esco/skill/435d1751-8667-41ec-8b32-865b7cd3c684
UPS,Universidad Politécnica Salesiana,TELECOMUNICACIONES,24,diseñar sistemas de control,skill/competence,cross-sector,0.8536,http://data.europa.eu/esco/skill/d560df46-dda4-4407-bab2-b87353a96814
UPS,Universidad Politécnica Salesiana,TELECOMUNICACIONES,25,desarrollar una red profesional,skill/competence,cross-sector,0.853,http://data.europa.eu/esco/skill/bf5d77ad-e18c-48d8-83f0-bc79c011c74a
UPS,Universidad Politécnica Salesiana,MECATRÓNICA,1,mecatrónica,knowledge,cross-sector,0.8943,http://data.europa.eu/esco/skill/d88cb3f1-8e02-4618-bf32-4b0488066934
UPS,Universidad Politécnica Salesiana,MECATRÓNICA,2,coordinar equipos de ingeniería,skill/competence,cross-sector,0.8745,http://data.europa.eu/esco/skill/7af6e9e8-1e11-4c0b-b7c6-ac96bbbbc674
UPS,Universidad Politécnica Salesiana,MECATRÓNICA,3,gestionar varios proyectos,skill/competence,cross-sector,0.8677,http://data.europa.eu/esco/skill/c881ddd2-9c0e-4743-bd24-36be650493dd
UPS,Universidad Politécnica Salesiana,MECATRÓNICA,4,diseñar componentes de automatización,skill/competence,cross-sector,0.8659,http://data.europa.eu/esco/skill/f96f5aa5-6ed7-40dc-a431-68b0a09d6d4b
UPS,Universidad Politécnica Salesiana,MECATRÓNICA,5,integrar productos nuevos en la cadena de fabricación,skill/competence,cross-sector,0.8634,http://data.europa.eu/esco/skill/8a753714-9a19-4418-9b37-77e79d72c705
UPS,Universidad Politécnica Salesiana,MECATRÓNICA,6,realizar diversas tareas organizativas en la empresa,skill/competence,cross-sector,0.8616,http://data.europa.eu/esco/skill/01755f08-4df4-4cf0-8d22-08f94cad68b5
UPS,Universidad Politécnica Salesiana,MECATRÓNICA,7,gestionar sistemas de instrumentación,skill/competence,cross-sector,0.861,http://data.europa.eu/esco/skill/5d71a91f-cc72-4b66-b6e3-d75ecc05e235
UPS,Universidad Politécnica Salesiana,MECATRÓNICA,8,diseñar sistemas de control,skill/competence,cross-sector,0.8609,http://data.europa.eu/esco/skill/d560df46-dda4-4407-bab2-b87353a96814
UPS,Universidad Politécnica Salesiana,MECATRÓNICA,9,desarrollar sistemas de instrumentación,skill/competence,cross-sector,0.8605,http://data.europa.eu/esco/skill/d8c19849-f4cf-458d-90cd-abe735a729bf
UPS,Universidad Politécnica Salesiana,MECATRÓNICA,10,planificar procesos de fabricación,skill/competence,cross-sector,0.8599,http://data.europa.eu/esco/skill/7d0f33ea-e724-4d77-8b75-ee4fe66bb9ba
UPS,Universidad Politécnica Salesiana,MECATRÓNICA,11,supervisar operaciones informativas diarias,skill/competence,cross-sector,0.8596,http://data.europa.eu/esco/skill/9013b46e-5a9b-4929-8918-fcadfdfd37ce
UPS,Universidad Politécnica Salesiana,MECATRÓNICA,12,supervisar el funcionamiento de los equipos,skill/competence,cross-sector,0.8583,http://data.europa.eu/esco/skill/ca17f0df-59e4-4ed2-9360-fc5325bc7151
UPS,Universidad Politécnica Salesiana,MECATRÓNICA,13,supervisar operaciones de ensamblado,skill/competence,cross-sector,0.8581,http://data.europa.eu/esco/skill/6b9194f0-f8bb-4b9a-96a5-2203c9c2671b
UPS,Universidad Politécnica Salesiana,MECATRÓNICA,14,gestionar proyectos de investigación y desarrollo,skill/competence,cross-sector,0.8574,http://data.europa.eu/esco/skill/d5dbc342-8e39-4998-8237-ebbe05a381ce
UPS,Universidad Politécnica Salesiana,MECATRÓNICA,15,montar máquinas,skill/competence,cross-sector,0.857,http://data.europa.eu/esco/skill/87a0c0e6-c114-4ea1-b2d0-933bce1f3c5f
UPS,Universidad Politécnica Salesiana,MECATRÓNICA,16,montar equipos de instrumentación,skill/competence,cross-sector,0.8558,http://data.europa.eu/esco/skill/af0b1937-7538-434f-871b-7e8f72e04117
UPS,Universidad Politécnica Salesiana,MECATRÓNICA,17,colaborar con el personal técnico en producciones artísticas,skill/competence,cross-sector,0.8556,http://data.europa.eu/esco/skill/94d02529-72e1-4180-9d93-4008342ac481
UPS,Universidad Politécnica Salesiana,MECATRÓNICA,18,ensamblar el producto final,skill/competence,cross-sector,0.8554,http://data.europa.eu/esco/skill/66f088b3-85d5-458e-8c6a-a7d7b678d16d
UPS,Universidad Politécnica Salesiana,MECATRÓNICA,19,asesorar a la clientela acerca de las posibilidades técnicas,skill/competence,cross-sector,0.8551,http://data.europa.eu/esco/skill/7b3abd38-61ae-42a4-88bb-0884784f9ee1
UPS,Universidad Politécnica Salesiana,MECATRÓNICA,20,gestionar empresas de producción,skill/competence,cross-sector,0.8549,http://data.europa.eu/esco/skill/435d1751-8667-41ec-8b32-865b7cd3c684
UPS,Universidad Politécnica Salesiana,MECATRÓNICA,21,diseñar sistemas electromecánicos,skill/competence,cross-sector,0.8549,http://data.europa.eu/esco/skill/c5422318-3218-4ce9-9bdd-f38b93ff63a3
UPS,Universidad Politécnica Salesiana,MECATRÓNICA,22,actuar de enlace con los ingenieros,skill/competence,cross-sector,0.8544,http://data.europa.eu/esco/skill/c5c51528-ccfc-4c53-b409-c200aaa44222
UPS,Universidad Politécnica Salesiana,MECATRÓNICA,23,diseñar planos técnicos,skill/competence,cross-sector,0.8536,http://data.europa.eu/esco/skill/5c98825f-146d-4d35-97cf-207b2afd9ae2
UPS,Universidad Politécnica Salesiana,MECATRÓNICA,24,controlar maquinaria pesada,skill/competence,cross-sector,0.8533,http://data.europa.eu/esco/skill/4853efe8-0cdd-42d1-bc5a-6ba5fa9a8b2c
UPS,Universidad Politécnica Salesiana,MECATRÓNICA,25,actuar de enlace con profesionales del sector,skill/competence,cross-sector,0.8533,http://data.europa.eu/esco/skill/d1317634-ccea-44d0-9cdc-c863f9bf856b
UPS,Universidad Politécnica Salesiana,MECÁNICA,1,planificar procesos de fabricación,skill/competence,cross-sector,0.8762,http://data.europa.eu/esco/skill/7d0f33ea-e724-4d77-8b75-ee4fe66bb9ba
UPS,Universidad Politécnica Salesiana,MECÁNICA,2,diseñar componentes de automatización,skill/competence,cross-sector,0.8714,http://data.europa.eu/esco/skill/f96f5aa5-6ed7-40dc-a431-68b0a09d6d4b
UPS,Universidad Politécnica Salesiana,MECÁNICA,3,mantener equipos industriales,skill/competence,cross-sector,0.8713,http://data.europa.eu/esco/skill/3e4cdaee-740c-4754-9135-466362bbd22e
UPS,Universidad Politécnica Salesiana,MECÁNICA,4,montar máquinas,skill/competence,cross-sector,0.8709,http://data.europa.eu/esco/skill/87a0c0e6-c114-4ea1-b2d0-933bce1f3c5f
UPS,Universidad Politécnica Salesiana,MECÁNICA,5,trabajar con sustancias químicas,skill/competence,cross-sector,0.8708,http://data.europa.eu/esco/skill/929a997b-d56c-4383-b36d-6de9fa0e1721
UPS,Universidad Politécnica Salesiana,MECÁNICA,6,realizar trabajos técnicos difíciles,skill/competence,cross-sector,0.8702,http://data.europa.eu/esco/skill/2d780738-9b34-40a3-adbb-590001f6ff86
UPS,Universidad Politécnica Salesiana,MECÁNICA,7,realizar todas las actividades de ingeniería de procesos,skill/competence,cross-sector,0.8701,http://data.europa.eu/esco/skill/8b9d609a-6d62-4d5c-9133-01d41979cfac
UPS,Universidad Politécnica Salesiana,MECÁNICA,8,controlar maquinaria pesada,skill/competence,cross-sector,0.8699,http://data.europa.eu/esco/skill/4853efe8-0cdd-42d1-bc5a-6ba5fa9a8b2c
UPS,Universidad Politécnica Salesiana,MECÁNICA,9,diseñar sistemas de control,skill/competence,cross-sector,0.8699,http://data.europa.eu/esco/skill/d560df46-dda4-4407-bab2-b87353a96814
UPS,Universidad Politécnica Salesiana,MECÁNICA,10,mantener sistemas hidráulicos,skill/competence,cross-sector,0.8699,http://data.europa.eu/esco/skill/8eebf05f-4495-4fd5-b1f0-cb85750295be
UPS,Universidad Politécnica Salesiana,MECÁNICA,11,proporcionar experiencia técnica,skill/competence,cross-sector,0.8678,http://data.europa.eu/esco/skill/c69587b4-05d3-45bb-b79b-9b85e6603fc2
UPS,Universidad Politécnica Salesiana,MECÁNICA,12,integrar productos nuevos en la cadena de fabricación,skill/competence,cross-sector,0.8672,http://data.europa.eu/esco/skill/8a753714-9a19-4418-9b37-77e79d72c705
UPS,Universidad Politécnica Salesiana,MECÁNICA,13,diseñar sistemas electromecánicos,skill/competence,cross-sector,0.8653,http://data.europa.eu/esco/skill/c5422318-3218-4ce9-9bdd-f38b93ff63a3
UPS,Universidad Politécnica Salesiana,MECÁNICA,14,mejorar procesos químicos,skill/competence,cross-sector,0.8653,http://data.europa.eu/esco/skill/451c8010-7dbb-4f96-b4d4-0955766d9eff
UPS,Universidad Politécnica Salesiana,MECÁNICA,15,mantener maquinaria de a bordo,skill/competence,cross-sector,0.8652,http://data.europa.eu/esco/skill/26c60178-5d93-4ded-93d7-c58e0ed92388
UPS,Universidad Politécnica Salesiana,MECÁNICA,16,ensamblar el producto final,skill/competence,cross-sector,0.8643,http://data.europa.eu/esco/skill/66f088b3-85d5-458e-8c6a-a7d7b678d16d
UPS,Universidad Politécnica Salesiana,MECÁNICA,17,mantener motores eléctricos,skill/competence,cross-sector,0.8641,http://data.europa.eu/esco/skill/2876970d-90af-45bd-9cfd-c0af757947ea
UPS,Universidad Politécnica Salesiana,MECÁNICA,18,evaluar el impacto ambiental de yacimientos y zonas industriales,skill/competence,cross-sector,0.864,http://data.europa.eu/esco/skill/f12f094b-492f-4e88-b36b-50b8e58b7500
UPS,Universidad Politécnica Salesiana,MECÁNICA,19,gestionar equipos pesados,skill/competence,cross-sector,0.8635,http://data.europa.eu/esco/skill/2a314d49-c071-403b-9cc8-75aea53e7859
UPS,Universidad Politécnica Salesiana,MECÁNICA,20,actuar de enlace con profesionales del sector,skill/competence,cross-sector,0.8633,http://data.europa.eu/esco/skill/d1317634-ccea-44d0-9cdc-c863f9bf856b
UPS,Universidad Politécnica Salesiana,MECÁNICA,21,diseñar componentes de ingeniería,skill/competence,cross-sector,0.863,http://data.europa.eu/esco/skill/87434439-c07d-48be-af34-b0cdd03121c4
UPS,Universidad Politécnica Salesiana,MECÁNICA,22,asesorar a la clientela acerca de las posibilidades técnicas,skill/competence,cross-sector,0.8628,http://data.europa.eu/esco/skill/7b3abd38-61ae-42a4-88bb-0884784f9ee1
UPS,Universidad Politécnica Salesiana,MECÁNICA,23,reparar sistemas de fontanería,skill/competence,cross-sector,0.8626,http://data.europa.eu/esco/skill/d809a1d2-b80e-43e4-8984-de7517fb68f1
UPS,Universidad Politécnica Salesiana,MECÁNICA,24,evaluar las necesidades energéticas,skill/competence,cross-sector,0.8626,http://data.europa.eu/esco/skill/36fccad9-1d20-4104-bcc2-a8ea9d1ce5ea
UPS,Universidad Politécnica Salesiana,MECÁNICA,25,ingeniería industrial,knowledge,cross-sector,0.8625,http://data.europa.eu/esco/skill/a1816dfd-dbdc-4499-bef3-ff81dd895b33
UPS,Universidad Politécnica Salesiana,INGENIERÍA CIVIL,1,gestionar los programas públicos,skill/competence,cross-sector,0.8791,http://data.europa.eu/esco/skill/0761f325-13e7-49f4-a41a-ec64ba4e7b9d
UPS,Universidad Politécnica Salesiana,INGENIERÍA CIVIL,2,garantizar el cumplimiento de los plazos de construcción,skill/competence,cross-sector,0.8788,http://data.europa.eu/esco/skill/6181f475-110c-497c-a46d-ed2e14e7bc90
UPS,Universidad Politécnica Salesiana,INGENIERÍA CIVIL,3,vigilar el cumplimiento de los parámetros de los proyectos de construcción,skill/competence,cross-sector,0.8767,http://data.europa.eu/esco/skill/3dd3dfa7-51c0-40ef-af46-e2df300489f6
UPS,Universidad Politécnica Salesiana,INGENIERÍA CIVIL,4,examinar las infraestructuras civiles,skill/competence,cross-sector,0.8732,http://data.europa.eu/esco/skill/d48b3cfe-80b6-406f-b582-d959b60417f8
UPS,Universidad Politécnica Salesiana,INGENIERÍA CIVIL,5,coordinar equipos de ingeniería,skill/competence,cross-sector,0.8717,http://data.europa.eu/esco/skill/7af6e9e8-1e11-4c0b-b7c6-ac96bbbbc674
UPS,Universidad Politécnica Salesiana,INGENIERÍA CIVIL,6,evaluar el impacto ambiental de yacimientos y zonas industriales,skill/competence,cross-sector,0.8699,http://data.europa.eu/esco/skill/f12f094b-492f-4e88-b36b-50b8e58b7500
UPS,Universidad Politécnica Salesiana,INGENIERÍA CIVIL,7,supervisar obras de construcción,skill/competence,cross-sector,0.8697,http://data.europa.eu/esco/skill/fc1a75bb-70e3-4005-881f-7709bf7b0ed4
UPS,Universidad Politécnica Salesiana,INGENIERÍA CIVIL,8,manejar equipos pesados de construcción sin supervisión,skill/competence,cross-sector,0.8681,http://data.europa.eu/esco/skill/408332c7-1892-420e-b835-357d3a18351a
UPS,Universidad Politécnica Salesiana,INGENIERÍA CIVIL,9,asesorar sobre temas de construcción,skill/competence,cross-sector,0.8677,http://data.europa.eu/esco/skill/3b64ab47-a874-403a-b781-7b23c2fc3c6c
UPS,Universidad Politécnica Salesiana,INGENIERÍA CIVIL,10,supervisar un proyecto de construcción,skill/competence,cross-sector,0.8665,http://data.europa.eu/esco/skill/1de548e0-9535-4d2e-9d20-d4474c1ea813
UPS,Universidad Politécnica Salesiana,INGENIERÍA CIVIL,11,supervisar el trabajo de planificación del diseño,skill/competence,cross-sector,0.8654,http://data.europa.eu/esco/skill/03227978-f839-4cc8-88a6-0a3c44d2c776
UPS,Universidad Politécnica Salesiana,INGENIERÍA CIVIL,12,asesorar sobre el uso de terrenos,skill/competence,cross-sector,0.8647,http://data.europa.eu/esco/skill/8b46636e-e201-4086-a8d5-049b65eaf40e
UPS,Universidad Politécnica Salesiana,INGENIERÍA CIVIL,13,supervisar sistemas de gestión ambiental,skill/competence,cross-sector,0.8646,http://data.europa.eu/esco/skill/b13e0689-636d-42d0-86c3-df9d6f85a882
UPS,Universidad Politécnica Salesiana,INGENIERÍA CIVIL,14,supervisar el funcionamiento de los equipos,skill/competence,cross-sector,0.8631,http://data.europa.eu/esco/skill/ca17f0df-59e4-4ed2-9360-fc5325bc7151
UPS,Universidad Politécnica Salesiana,INGENIERÍA CIVIL,15,supervisar el trabajo de promoción,skill/competence,cross-sector,0.8616,http://data.europa.eu/esco/skill/f0a1db01-ffbd-4366-8120-add9bd134ffd
UPS,Universidad Politécnica Salesiana,INGENIERÍA CIVIL,16,supervisar operaciones informativas diarias,skill/competence,cross-sector,0.8615,http://data.europa.eu/esco/skill/9013b46e-5a9b-4929-8918-fcadfdfd37ce
UPS,Universidad Politécnica Salesiana,INGENIERÍA CIVIL,17,someter a auditorías a los contratistas,skill/competence,cross-sector,0.8615,http://data.europa.eu/esco/skill/0520d8ba-3c24-4f75-a8b0-f883ddeed82d
UPS,Universidad Politécnica Salesiana,INGENIERÍA CIVIL,18,asesorar sobre temas relacionados con la meteorología,skill/competence,cross-sector,0.86,http://data.europa.eu/esco/skill/274ad409-c740-4e85-852b-7e3f3168b9ca
UPS,Universidad Politécnica Salesiana,INGENIERÍA CIVIL,19,gestionar varios proyectos,skill/competence,cross-sector,0.8594,http://data.europa.eu/esco/skill/c881ddd2-9c0e-4743-bd24-36be650493dd
UPS,Universidad Politécnica Salesiana,INGENIERÍA CIVIL,20,realizar revisiones a vehículos,skill/competence,cross-sector,0.8592,http://data.europa.eu/esco/skill/9b57ce6d-97ba-487b-9b66-41cfb15db739
UPS,Universidad Politécnica Salesiana,INGENIERÍA CIVIL,21,elaborar planos,skill/competence,cross-sector,0.8588,http://data.europa.eu/esco/skill/bf59255e-782a-4e83-a93c-6055cfdd8e7f
UPS,Universidad Politécnica Salesiana,INGENIERÍA CIVIL,22,mantener contacto con financieros,skill/competence,cross-sector,0.8583,http://data.europa.eu/esco/skill/401d8d12-b56d-4c71-ac58-f791e8c085b4
UPS,Universidad Politécnica Salesiana,INGENIERÍA CIVIL,23,supervisar vehículos que transportan mercancías peligrosas,skill/competence,cross-sector,0.8582,http://data.europa.eu/esco/skill/61484ab7-e5da-4fc1-82bd-72c3fa6ffab3
UPS,Universidad Politécnica Salesiana,INGENIERÍA CIVIL,24,asegurarse de que los productos cumplen los requisitos legales,skill/competence,cross-sector,0.8582,http://data.europa.eu/esco/skill/f453b1a6-c7db-4d9d-9ba3-47c45159bfe3
UPS,Universidad Politécnica Salesiana,INGENIERÍA CIVIL,25,asesorar sobre recuperación ambiental,skill/competence,cross-sector,0.858,http://data.europa.eu/esco/skill/b422efe7-b151-4120-86ae-db11a48dd0fa
UPS,Universidad Politécnica Salesiana,INGENIERÍA AMBIENTAL,1,realizar auditorías ambientales,skill/competence,cross-sector,0.8958,http://data.europa.eu/esco/skill/60ab2bf7-c812-4a88-86c0-7c81a9b2f77c
UPS,Universidad Politécnica Salesiana,INGENIERÍA AMBIENTAL,2,gestionar el impacto medioambiental de las operaciones,skill/competence,cross-sector,0.8886,http://data.europa.eu/esco/skill/d86babea-bf8b-4552-81a8-daf706066ad6
UPS,Universidad Politécnica Salesiana,INGENIERÍA AMBIENTAL,3,evaluar el impacto ambiental de yacimientos y zonas industriales,skill/competence,cross-sector,0.8818,http://data.europa.eu/esco/skill/f12f094b-492f-4e88-b36b-50b8e58b7500
UPS,Universidad Politécnica Salesiana,INGENIERÍA AMBIENTAL,4,gestionar impacto ambiental,skill/competence,cross-sector,0.8762,http://data.europa.eu/esco/skill/d3a8ef9c-8572-438c-91dc-010537070be3
UPS,Universidad Politécnica Salesiana,INGENIERÍA AMBIENTAL,5,asesorar sobre recuperación ambiental,skill/competence,cross-sector,0.8752,http://data.europa.eu/esco/skill/b422efe7-b151-4120-86ae-db11a48dd0fa
UPS,Universidad Politécnica Salesiana,INGENIERÍA AMBIENTAL,6,supervisar sistemas de gestión ambiental,skill/competence,cross-sector,0.8735,http://data.europa.eu/esco/skill/b13e0689-636d-42d0-86c3-df9d6f85a882
UPS,Universidad Politécnica Salesiana,INGENIERÍA AMBIENTAL,7,asesorar sobre políticas de gestión sostenible,skill/competence,cross-sector,0.8725,http://data.europa.eu/esco/skill/6742977a-aa00-4c8c-9861-898b0373907e
UPS,Universidad Politécnica Salesiana,INGENIERÍA AMBIENTAL,8,garantizar el cumplimiento de la legislación ambiental,skill/competence,cross-sector,0.8725,http://data.europa.eu/esco/skill/089ee650-297e-4716-87d1-440743b70a0d
UPS,Universidad Politécnica Salesiana,INGENIERÍA AMBIENTAL,9,asesorar sobre procedimientos de gestión de residuos,skill/competence,cross-sector,0.8718,http://data.europa.eu/esco/skill/f82b05a7-128b-4a72-a815-044ff6062f62
UPS,Universidad Politécnica Salesiana,INGENIERÍA AMBIENTAL,10,diseñar escombreras de minas,skill/competence,cross-sector,0.8715,http://data.europa.eu/esco/skill/cfbe1cdb-1738-45a1-b442-75cbda1fff06
UPS,Universidad Politécnica Salesiana,INGENIERÍA AMBIENTAL,11,informar sobre cuestiones ambientales,skill/competence,cross-sector,0.8668,http://data.europa.eu/esco/skill/f3cc52e3-a96c-4549-b841-6e41a846fa99
UPS,Universidad Politécnica Salesiana,INGENIERÍA AMBIENTAL,12,asesorar sobre sistemas de gestión de riesgos ambientales,skill/competence,cross-sector,0.8662,http://data.europa.eu/esco/skill/a366bfc5-8d17-4792-a9f0-db0951528dda
UPS,Universidad Politécnica Salesiana,INGENIERÍA AMBIENTAL,13,aplicar medidas de protección del medioambiente,skill/competence,cross-sector,0.8646,http://data.europa.eu/esco/skill/f6d7ba88-5234-4994-944d-843ca453c923
UPS,Universidad Politécnica Salesiana,INGENIERÍA AMBIENTAL,14,controlar el entorno acuático de producción,skill/competence,cross-sector,0.8622,http://data.europa.eu/esco/skill/9a0c96a2-8ffb-4384-b9e8-8928e7f86e23
UPS,Universidad Politécnica Salesiana,INGENIERÍA AMBIENTAL,15,sensibilizar sobre el medioambiente,skill/competence,cross-sector,0.8614,http://data.europa.eu/esco/skill/8abdc43c-2bfd-417c-97c2-27fcdaf53171
UPS,Universidad Politécnica Salesiana,INGENIERÍA AMBIENTAL,16,garantizar el cumplimiento de las regulaciones legislativas sobre residuos,skill/competence,cross-sector,0.8601,http://data.europa.eu/esco/skill/27273605-2400-4392-a6d6-cc8161a2d445
UPS,Universidad Politécnica Salesiana,INGENIERÍA AMBIENTAL,17,investigar quejas sobre gestiones inadecuadas de residuos,skill/competence,cross-sector,0.8587,http://data.europa.eu/esco/skill/8dcdd2f0-1784-488f-9821-82a09c4f2cee
UPS,Universidad Politécnica Salesiana,INGENIERÍA AMBIENTAL,18,gestionar los programas públicos,skill/competence,cross-sector,0.857,http://data.europa.eu/esco/skill/0761f325-13e7-49f4-a41a-ec64ba4e7b9d
UPS,Universidad Politécnica Salesiana,INGENIERÍA AMBIENTAL,19,asesorar sobre soluciones sostenibles,skill/competence,cross-sector,0.8549,http://data.europa.eu/esco/skill/dbef5042-4b99-4e6f-b2ed-1d33b07b3ed6
UPS,Universidad Politécnica Salesiana,INGENIERÍA AMBIENTAL,20,ingeniería ambiental,knowledge,cross-sector,0.8544,http://data.europa.eu/esco/skill/b1b118c4-3291-484e-b64d-6d51fd5da8b3
UPS,Universidad Politécnica Salesiana,INGENIERÍA AMBIENTAL,21,asesorar sobre temas relacionados con la meteorología,skill/competence,cross-sector,0.8542,http://data.europa.eu/esco/skill/274ad409-c740-4e85-852b-7e3f3168b9ca
UPS,Universidad Politécnica Salesiana,INGENIERÍA AMBIENTAL,22,realizar actividades de limpieza de forma respetuosa con el medioambiente,skill/competence,cross-sector,0.854,http://data.europa.eu/esco/skill/4fb7f781-9362-426a-9eb6-65c360f83e31
UPS,Universidad Politécnica Salesiana,INGENIERÍA AMBIENTAL,23,desarrollar estrategias de recuperación ambiental,skill/competence,cross-sector,0.8537,http://data.europa.eu/esco/skill/e4ff825c-7376-4135-93cd-3892fd67b7c1
UPS,Universidad Politécnica Salesiana,INGENIERÍA AMBIENTAL,24,evaluar el impacto ambiental,skill/competence,cross-sector,0.8531,http://data.europa.eu/esco/skill/e541c69c-ea80-4b17-87cb-4001d0b9d303
UPS,Universidad Politécnica Salesiana,INGENIERÍA AMBIENTAL,25,política ambiental,knowledge,cross-sector,0.8529,http://data.europa.eu/esco/skill/081d7679-5070-4777-bece-a28c49f15636
UPS,Universidad Politécnica Salesiana,INGENIERÍA INDUSTRIAL,1,gestionar programas de formación en la empresa,skill/competence,cross-sector,0.8887,http://data.europa.eu/esco/skill/6e66fa0f-4d3b-415e-9693-dc556eb5112a
UPS,Universidad Politécnica Salesiana,INGENIERÍA INDUSTRIAL,2,gestionar al equipo encargado de la seguridad,skill/competence,cross-sector,0.8883,http://data.europa.eu/esco/skill/6cd29d73-e352-40b4-89c5-cdb3faff0a38
UPS,Universidad Politécnica Salesiana,INGENIERÍA INDUSTRIAL,3,supervisar sistemas de gestión ambiental,skill/competence,cross-sector,0.888,http://data.europa.eu/esco/skill/b13e0689-636d-42d0-86c3-df9d6f85a882
UPS,Universidad Politécnica Salesiana,INGENIERÍA INDUSTRIAL,4,gestionar recursos humanos,skill/competence,cross-sector,0.8878,http://data.europa.eu/esco/skill/339ac029-066a-4985-9f9d-b3d7c8fea0bb
UPS,Universidad Politécnica Salesiana,INGENIERÍA INDUSTRIAL,5,gestionar empresas de producción,skill/competence,cross-sector,0.8877,http://data.europa.eu/esco/skill/435d1751-8667-41ec-8b32-865b7cd3c684
UPS,Universidad Politécnica Salesiana,INGENIERÍA INDUSTRIAL,6,realizar diversas tareas organizativas en la empresa,skill/competence,cross-sector,0.8875,http://data.europa.eu/esco/skill/01755f08-4df4-4cf0-8d22-08f94cad68b5
UPS,Universidad Politécnica Salesiana,INGENIERÍA INDUSTRIAL,7,supervisar el funcionamiento de los equipos,skill/competence,cross-sector,0.8866,http://data.europa.eu/esco/skill/ca17f0df-59e4-4ed2-9360-fc5325bc7151
UPS,Universidad Politécnica Salesiana,INGENIERÍA INDUSTRIAL,8,supervisar la producción de la fábrica,skill/competence,cross-sector,0.8866,http://data.europa.eu/esco/skill/c09dce1b-e198-487e-b63f-934e10a4c181
UPS,Universidad Politécnica Salesiana,INGENIERÍA INDUSTRIAL,9,gestionar la producción de calzado y de artículos de piel y cuero,skill/competence,cross-sector,0.8846,http://data.europa.eu/esco/skill/7e71fbcf-ebf8-4164-829b-e16b68aa9432
UPS,Universidad Politécnica Salesiana,INGENIERÍA INDUSTRIAL,10,"garantizar el cumplimiento de las normas de salud, seguridad e higiene",skill/competence,cross-sector,0.8843,http://data.europa.eu/esco/skill/44e2c4c4-9fd2-42d4-a133-d81360ded4bc
UPS,Universidad Politécnica Salesiana,INGENIERÍA INDUSTRIAL,11,verificar las exigencias de fabricación,skill/competence,cross-sector,0.884,http://data.europa.eu/esco/skill/277f489c-7a47-4791-bd87-61ca01737f96
UPS,Universidad Politécnica Salesiana,INGENIERÍA INDUSTRIAL,12,gestionar equipos pesados,skill/competence,cross-sector,0.8834,http://data.europa.eu/esco/skill/2a314d49-c071-403b-9cc8-75aea53e7859
UPS,Universidad Politécnica Salesiana,INGENIERÍA INDUSTRIAL,13,gestionar el impacto medioambiental de las operaciones,skill/competence,cross-sector,0.8831,http://data.europa.eu/esco/skill/d86babea-bf8b-4552-81a8-daf706066ad6
UPS,Universidad Politécnica Salesiana,INGENIERÍA INDUSTRIAL,14,impartir formación sobre cómo supervisar la gestión de la calidad,skill/competence,cross-sector,0.8829,http://data.europa.eu/esco/skill/09e7cd13-ea36-4694-afe5-f34373759392
UPS,Universidad Politécnica Salesiana,INGENIERÍA INDUSTRIAL,15,planificar procesos de fabricación,skill/competence,cross-sector,0.8827,http://data.europa.eu/esco/skill/7d0f33ea-e724-4d77-8b75-ee4fe66bb9ba
UPS,Universidad Politécnica Salesiana,INGENIERÍA INDUSTRIAL,16,supervisar operaciones de ensamblado,skill/competence,cross-sector,0.8826,http://data.europa.eu/esco/skill/6b9194f0-f8bb-4b9a-96a5-2203c9c2671b
UPS,Universidad Politécnica Salesiana,INGENIERÍA INDUSTRIAL,17,gestionar las operaciones de mantenimiento,skill/competence,cross-sector,0.8815,http://data.europa.eu/esco/skill/c5bc42be-4970-4dce-80e2-af78bae42e84
UPS,Universidad Politécnica Salesiana,INGENIERÍA INDUSTRIAL,18,analizar estrategias de gestión de la cadena de suministro,skill/competence,cross-sector,0.8793,http://data.europa.eu/esco/skill/96d549bb-3e62-4c45-92a7-f114df089581
UPS,Universidad Politécnica Salesiana,INGENIERÍA INDUSTRIAL,19,gestionar los ensayos de productos,skill/competence,cross-sector,0.8789,http://data.europa.eu/esco/skill/b7a03115-41c9-4167-a0b6-7e40cf0fd607
UPS,Universidad Politécnica Salesiana,INGENIERÍA INDUSTRIAL,20,gestionar presupuestos,skill/competence,cross-sector,0.8775,http://data.europa.eu/esco/skill/21c5790c-0930-4d74-b3b0-84caf5af12ea
UPS,Universidad Politécnica Salesiana,INGENIERÍA INDUSTRIAL,21,establecer normas para plantas de producción,skill/competence,cross-sector,0.8768,http://data.europa.eu/esco/skill/d154e48f-95b4-4ce6-907e-4a44d50129fe
UPS,Universidad Politécnica Salesiana,INGENIERÍA INDUSTRIAL,22,supervisar operaciones en la industria de la piel y el cuero,skill/competence,cross-sector,0.8754,http://data.europa.eu/esco/skill/98fadee8-84f2-40fc-a199-292c01c9cbb0
UPS,Universidad Politécnica Salesiana,INGENIERÍA INDUSTRIAL,23,asesorar sobre cuestiones relacionadas con problemas de fabricación,skill/competence,cross-sector,0.8751,http://data.europa.eu/esco/skill/6c80c47c-3d08-4356-aa82-46f6ec82c898
UPS,Universidad Politécnica Salesiana,INGENIERÍA INDUSTRIAL,24,manejar el equipo de seguridad,skill/competence,cross-sector,0.8748,http://data.europa.eu/esco/skill/865ccba0-e1a2-402c-9641-d23a4acac6ea
UPS,Universidad Politécnica Salesiana,INGENIERÍA INDUSTRIAL,25,supervisar la planificación de sistemas de seguridad,skill/competence,cross-sector,0.8739,http://data.europa.eu/esco/skill/2abfac2e-ad51-49fd-bbed-34953c95ab20
UPS,Universidad Politécnica Salesiana,INGENIERÍA DE LA PRODUCCIÓN,1,supervisar la producción de la fábrica,skill/competence,cross-sector,0.9059,http://data.europa.eu/esco/skill/c09dce1b-e198-487e-b63f-934e10a4c181
UPS,Universidad Politécnica Salesiana,INGENIERÍA DE LA PRODUCCIÓN,2,mejorar procesos empresariales,skill/competence,cross-sector,0.8954,http://data.europa.eu/esco/skill/75b30aeb-34c0-40f4-b77d-271d75a98b14
UPS,Universidad Politécnica Salesiana,INGENIERÍA DE LA PRODUCCIÓN,3,verificar las exigencias de fabricación,skill/competence,cross-sector,0.895,http://data.europa.eu/esco/skill/277f489c-7a47-4791-bd87-61ca01737f96
UPS,Universidad Politécnica Salesiana,INGENIERÍA DE LA PRODUCCIÓN,4,analizar estrategias de gestión de la cadena de suministro,skill/competence,cross-sector,0.8949,http://data.europa.eu/esco/skill/96d549bb-3e62-4c45-92a7-f114df089581
UPS,Universidad Politécnica Salesiana,INGENIERÍA DE LA PRODUCCIÓN,5,asesorar sobre cuestiones relacionadas con problemas de fabricación,skill/competence,cross-sector,0.8919,http://data.europa.eu/esco/skill/6c80c47c-3d08-4356-aa82-46f6ec82c898
UPS,Universidad Politécnica Salesiana,INGENIERÍA DE LA PRODUCCIÓN,6,establecer normas para plantas de producción,skill/competence,cross-sector,0.8914,http://data.europa.eu/esco/skill/d154e48f-95b4-4ce6-907e-4a44d50129fe
UPS,Universidad Politécnica Salesiana,INGENIERÍA DE LA PRODUCCIÓN,7,integrar productos nuevos en la cadena de fabricación,skill/competence,cross-sector,0.8911,http://data.europa.eu/esco/skill/8a753714-9a19-4418-9b37-77e79d72c705
UPS,Universidad Politécnica Salesiana,INGENIERÍA DE LA PRODUCCIÓN,8,realizar diversas tareas organizativas en la empresa,skill/competence,cross-sector,0.8905,http://data.europa.eu/esco/skill/01755f08-4df4-4cf0-8d22-08f94cad68b5
UPS,Universidad Politécnica Salesiana,INGENIERÍA DE LA PRODUCCIÓN,9,supervisar operaciones de ensamblado,skill/competence,cross-sector,0.8904,http://data.europa.eu/esco/skill/6b9194f0-f8bb-4b9a-96a5-2203c9c2671b
UPS,Universidad Politécnica Salesiana,INGENIERÍA DE LA PRODUCCIÓN,10,impartir formación sobre cómo supervisar la gestión de la calidad,skill/competence,cross-sector,0.89,http://data.europa.eu/esco/skill/09e7cd13-ea36-4694-afe5-f34373759392
UPS,Universidad Politécnica Salesiana,INGENIERÍA DE LA PRODUCCIÓN,11,gestionar presupuestos,skill/competence,cross-sector,0.8898,http://data.europa.eu/esco/skill/21c5790c-0930-4d74-b3b0-84caf5af12ea
UPS,Universidad Politécnica Salesiana,INGENIERÍA DE LA PRODUCCIÓN,12,gestionar empresas de producción,skill/competence,cross-sector,0.8884,http://data.europa.eu/esco/skill/435d1751-8667-41ec-8b32-865b7cd3c684
UPS,Universidad Politécnica Salesiana,INGENIERÍA DE LA PRODUCCIÓN,13,controlar la producción,skill/competence,cross-sector,0.8879,http://data.europa.eu/esco/skill/feceacee-d425-4e73-821a-02dfb85084db
UPS,Universidad Politécnica Salesiana,INGENIERÍA DE LA PRODUCCIÓN,14,garantizar la salud y la seguridad en procesos de producción,skill/competence,cross-sector,0.8876,http://data.europa.eu/esco/skill/60ccdd6a-c100-43cf-9797-543a5c42b922
UPS,Universidad Politécnica Salesiana,INGENIERÍA DE LA PRODUCCIÓN,15,gestionar los suministros,skill/competence,cross-sector,0.8868,http://data.europa.eu/esco/skill/020b3c27-bae1-4b85-9d6f-eccee0f5ed99
UPS,Universidad Politécnica Salesiana,INGENIERÍA DE LA PRODUCCIÓN,16,planificar procesos de fabricación,skill/competence,cross-sector,0.8867,http://data.europa.eu/esco/skill/7d0f33ea-e724-4d77-8b75-ee4fe66bb9ba
UPS,Universidad Politécnica Salesiana,INGENIERÍA DE LA PRODUCCIÓN,17,analizar procesos de producción para introducir mejoras,skill/competence,cross-sector,0.8864,http://data.europa.eu/esco/skill/f1b5800e-b763-4740-9586-3fef30568e81
UPS,Universidad Politécnica Salesiana,INGENIERÍA DE LA PRODUCCIÓN,18,gestionar programas de formación en la empresa,skill/competence,cross-sector,0.8862,http://data.europa.eu/esco/skill/6e66fa0f-4d3b-415e-9693-dc556eb5112a
UPS,Universidad Politécnica Salesiana,INGENIERÍA DE LA PRODUCCIÓN,19,gestionar el impacto medioambiental de las operaciones,skill/competence,cross-sector,0.8857,http://data.europa.eu/esco/skill/d86babea-bf8b-4552-81a8-daf706066ad6
UPS,Universidad Politécnica Salesiana,INGENIERÍA DE LA PRODUCCIÓN,20,gestionar recursos empresariales,skill/competence,cross-sector,0.8851,http://data.europa.eu/esco/skill/911e13ee-1eec-4243-88c8-3c08a3681a19
UPS,Universidad Politécnica Salesiana,INGENIERÍA DE LA PRODUCCIÓN,21,coordinar las actividades de producción,skill/competence,cross-sector,0.8847,http://data.europa.eu/esco/skill/05c00631-b864-4842-b47e-06710c197c7a
UPS,Universidad Politécnica Salesiana,INGENIERÍA DE LA PRODUCCIÓN,22,programar la producción,skill/competence,cross-sector,0.8845,http://data.europa.eu/esco/skill/2a778aeb-f246-4f03-9a96-c60183001037
UPS,Universidad Politécnica Salesiana,INGENIERÍA DE LA PRODUCCIÓN,23,gestionar recursos humanos,skill/competence,cross-sector,0.8838,http://data.europa.eu/esco/skill/339ac029-066a-4985-9f9d-b3d7c8fea0bb
UPS,Universidad Politécnica Salesiana,INGENIERÍA DE LA PRODUCCIÓN,24,realizar análisis de control de calidad,skill/competence,cross-sector,0.8837,http://data.europa.eu/esco/skill/41a3240f-58ba-44e2-a688-edeb21ea5c16
UPS,Universidad Politécnica Salesiana,INGENIERÍA DE LA PRODUCCIÓN,25,llevar a cabo procesos de adquisición,skill/competence,cross-sector,0.8833,http://data.europa.eu/esco/skill/9e9a4209-c7cf-4f6e-973e-dc2ffadccc74
UPS,Universidad Politécnica Salesiana,SOFTWARE,1,montar máquinas,skill/competence,cross-sector,0.8587,http://data.europa.eu/esco/skill/87a0c0e6-c114-4ea1-b2d0-933bce1f3c5f
UPS,Universidad Politécnica Salesiana,SOFTWARE,2,asesorar a la clientela acerca de las posibilidades técnicas,skill/competence,cross-sector,0.8561,http://data.europa.eu/esco/skill/7b3abd38-61ae-42a4-88bb-0884784f9ee1
UPS,Universidad Politécnica Salesiana,SOFTWARE,3,diseñar sistemas de control,skill/competence,cross-sector,0.8534,http://data.europa.eu/esco/skill/d560df46-dda4-4407-bab2-b87353a96814
UPS,Universidad Politécnica Salesiana,SOFTWARE,4,gestionar empresas de producción,skill/competence,cross-sector,0.8523,http://data.europa.eu/esco/skill/435d1751-8667-41ec-8b32-865b7cd3c684
UPS,Universidad Politécnica Salesiana,SOFTWARE,5,mantenerse al día sobre las innovaciones en el ámbito empresarial,skill/competence,cross-sector,0.851,http://data.europa.eu/esco/skill/7f70572d-f0c1-4039-9954-b57dc69981f6
UPS,Universidad Politécnica Salesiana,SOFTWARE,6,asesorar sobre estrategias de mercado,skill/competence,cross-sector,0.8503,http://data.europa.eu/esco/skill/34d6ed30-5d35-44b9-9498-fd15badb5f28
UPS,Universidad Politécnica Salesiana,SOFTWARE,7,crear soluciones para problemas informativos,skill/competence,cross-sector,0.85,http://data.europa.eu/esco/skill/4539aeca-b56f-4d03-ba86-8f675a7f2536
UPS,Universidad Politécnica Salesiana,SOFTWARE,8,trabajar de forma organizada,skill/competence,cross-sector,0.8499,http://data.europa.eu/esco/skill/1258cc12-37bb-4a12-b219-9c3d6b294533
UPS,Universidad Politécnica Salesiana,SOFTWARE,9,trabajar de forma organizada,skill/competence,cross-sector,0.8499,http://data.europa.eu/esco/skill/1258cc12-37bb-4a12-b219-9c3d6b294533
UPS,Universidad Politécnica Salesiana,SOFTWARE,10,elaborar software estadístico,skill/competence,cross-sector,0.8499,http://data.europa.eu/esco/skill/bb165899-d95f-4433-95f2-173fefd716d2
UPS,Universidad Politécnica Salesiana,SOFTWARE,11,elaborar estrategias para resolver problemas,skill/competence,cross-sector,0.849,http://data.europa.eu/esco/skill/7a8fb784-67fa-41e9-a75c-6b491d91f800
UPS,Universidad Politécnica Salesiana,SOFTWARE,12,realizar gestión de clientes,skill/competence,cross-sector,0.849,http://data.europa.eu/esco/skill/91306a20-9b81-4f3d-97eb-f5368b607da7
UPS,Universidad Politécnica Salesiana,SOFTWARE,13,desarrollar arquitecturas innovadoras de cadena de bloques,skill/competence,cross-sector,0.8488,http://data.europa.eu/esco/skill/01d269d9-b058-4d6c-82a0-3779af9a124b
UPS,Universidad Politécnica Salesiana,SOFTWARE,14,resolver problemas de sistemas TIC,skill/competence,cross-sector,0.8487,http://data.europa.eu/esco/skill/9e06bac6-6b91-48ca-8b7d-c1f48cdecd7c
UPS,Universidad Politécnica Salesiana,SOFTWARE,15,ejecutar cálculos matemáticos analíticos,skill/competence,cross-sector,0.8477,http://data.europa.eu/esco/skill/31c69100-b612-4a61-8db5-fd314318854c
UPS,Universidad Politécnica Salesiana,SOFTWARE,16,Proponer soluciones tecnológicas a problemas empresariales,skill/competence,cross-sector,0.8471,http://data.europa.eu/esco/skill/07e51c60-763a-4335-b4ec-70a15f66d328
UPS,Universidad Politécnica Salesiana,SOFTWARE,17,planificar procesos de fabricación,skill/competence,cross-sector,0.8471,http://data.europa.eu/esco/skill/7d0f33ea-e724-4d77-8b75-ee4fe66bb9ba
UPS,Universidad Politécnica Salesiana,SOFTWARE,18,gestionar proyectos de investigación y desarrollo,skill/competence,cross-sector,0.8464,http://data.europa.eu/esco/skill/d5dbc342-8e39-4998-8237-ebbe05a381ce
UPS,Universidad Politécnica Salesiana,SOFTWARE,19,reparar sistemas de fontanería,skill/competence,cross-sector,0.8461,http://data.europa.eu/esco/skill/d809a1d2-b80e-43e4-8984-de7517fb68f1
UPS,Universidad Politécnica Salesiana,SOFTWARE,20,gestionar recursos humanos,skill/competence,cross-sector,0.8451,http://data.europa.eu/esco/skill/339ac029-066a-4985-9f9d-b3d7c8fea0bb
UPS,Universidad Politécnica Salesiana,SOFTWARE,21,utilizar modelos informáticos especializados para predecir el tiempo,skill/competence,cross-sector,0.845,http://data.europa.eu/esco/skill/206f5738-e91f-4390-84a2-fcb864bc11b1
UPS,Universidad Politécnica Salesiana,SOFTWARE,22,realizar diversas tareas organizativas en la empresa,skill/competence,cross-sector,0.8449,http://data.europa.eu/esco/skill/01755f08-4df4-4cf0-8d22-08f94cad68b5
UPS,Universidad Politécnica Salesiana,SOFTWARE,23,resolver problemas,skill/competence,transversal,0.8444,http://data.europa.eu/esco/skill/adc6dc11-3376-467b-96c5-9b0a21edc869
UPS,Universidad Politécnica Salesiana,SOFTWARE,24,realizar un análisis de riesgo,skill/competence,cross-sector,0.8441,http://data.europa.eu/esco/skill/1dd23dba-dd00-45ab-abf4-642902538317
UPS,Universidad Politécnica Salesiana,SOFTWARE,25,supervisar sistemas de gestión ambiental,skill/competence,cross-sector,0.8434,http://data.europa.eu/esco/skill/b13e0689-636d-42d0-86c3-df9d6f85a882
UPS,Universidad Politécnica Salesiana,ADMINISTRACIÓN DE EMPRESAS,1,gestionar recursos humanos,skill/competence,cross-sector,0.9012,http://data.europa.eu/esco/skill/339ac029-066a-4985-9f9d-b3d7c8fea0bb
UPS,Universidad Politécnica Salesiana,ADMINISTRACIÓN DE EMPRESAS,2,gestionar empresas de producción,skill/competence,cross-sector,0.9009,http://data.europa.eu/esco/skill/435d1751-8667-41ec-8b32-865b7cd3c684
UPS,Universidad Politécnica Salesiana,ADMINISTRACIÓN DE EMPRESAS,3,realizar diversas tareas organizativas en la empresa,skill/competence,cross-sector,0.8968,http://data.europa.eu/esco/skill/01755f08-4df4-4cf0-8d22-08f94cad68b5
UPS,Universidad Politécnica Salesiana,ADMINISTRACIÓN DE EMPRESAS,4,tomar decisiones empresariales estratégicas,skill/competence,cross-sector,0.8882,http://data.europa.eu/esco/skill/f60c9e52-95fc-4ca1-a73c-18a491153b63
UPS,Universidad Politécnica Salesiana,ADMINISTRACIÓN DE EMPRESAS,5,participar en las operaciones cotidianas de la empresa,skill/competence,cross-sector,0.8881,http://data.europa.eu/esco/skill/ce4cbc3a-bde0-43b4-9526-e643c4fe5b04
UPS,Universidad Politécnica Salesiana,ADMINISTRACIÓN DE EMPRESAS,6,mejorar procesos empresariales,skill/competence,cross-sector,0.8861,http://data.europa.eu/esco/skill/75b30aeb-34c0-40f4-b77d-271d75a98b14
UPS,Universidad Politécnica Salesiana,ADMINISTRACIÓN DE EMPRESAS,7,gestionar programas de formación en la empresa,skill/competence,cross-sector,0.8852,http://data.europa.eu/esco/skill/6e66fa0f-4d3b-415e-9693-dc556eb5112a
UPS,Universidad Politécnica Salesiana,ADMINISTRACIÓN DE EMPRESAS,8,gestionar los aspectos financieros de una empresa,skill/competence,cross-sector,0.8851,http://data.europa.eu/esco/skill/fa6acfc3-0a4f-4192-b77d-80e94d0faf2a
UPS,Universidad Politécnica Salesiana,ADMINISTRACIÓN DE EMPRESAS,9,asesorar sobre gestión de conflictos,skill/competence,cross-sector,0.8847,http://data.europa.eu/esco/skill/9091c8e5-9357-4c29-bceb-ddb1792c22e8
UPS,Universidad Politécnica Salesiana,ADMINISTRACIÓN DE EMPRESAS,10,formar equipos dentro de la empresa en base a las competencias,skill/competence,cross-sector,0.883,http://data.europa.eu/esco/skill/f1155d3f-fbca-4298-a31c-f6955653bacf
UPS,Universidad Politécnica Salesiana,ADMINISTRACIÓN DE EMPRESAS,11,elaborar las estrategias empresariales,skill/competence,cross-sector,0.8814,http://data.europa.eu/esco/skill/ba2c6181-b036-40b4-8f6d-51499463ccbb
UPS,Universidad Politécnica Salesiana,ADMINISTRACIÓN DE EMPRESAS,12,elaborar estrategias para resolver problemas,skill/competence,cross-sector,0.8806,http://data.europa.eu/esco/skill/7a8fb784-67fa-41e9-a75c-6b491d91f800
UPS,Universidad Politécnica Salesiana,ADMINISTRACIÓN DE EMPRESAS,13,ejercer el control del gasto,skill/competence,cross-sector,0.8801,http://data.europa.eu/esco/skill/b08ec8ff-1a3e-4cc3-8016-9520b21666a6
UPS,Universidad Politécnica Salesiana,ADMINISTRACIÓN DE EMPRESAS,14,asesorar sobre estrategias de comunicación,skill/competence,cross-sector,0.88,http://data.europa.eu/esco/skill/69f36674-440a-4fa0-89f9-1b70172ebb9d
UPS,Universidad Politécnica Salesiana,ADMINISTRACIÓN DE EMPRESAS,15,desarrollar estrategias de comunicación,skill/competence,cross-sector,0.8796,http://data.europa.eu/esco/skill/3c834f6e-523a-49ee-8ed1-e073e28ae6fe
UPS,Universidad Politécnica Salesiana,ADMINISTRACIÓN DE EMPRESAS,16,asesorar sobre la gestión del riesgo,skill/competence,cross-sector,0.8796,http://data.europa.eu/esco/skill/0efbe2dc-2770-47ec-b8f4-d1bdff6ac0a4
UPS,Universidad Politécnica Salesiana,ADMINISTRACIÓN DE EMPRESAS,17,informar sobre la gestión general de una empresa,skill/competence,cross-sector,0.8791,http://data.europa.eu/esco/skill/307ffd2d-8fb3-43ff-8ad8-4052382f8f83
UPS,Universidad Politécnica Salesiana,ADMINISTRACIÓN DE EMPRESAS,18,respetar las normas internas de una empresa,skill/competence,cross-sector,0.8789,http://data.europa.eu/esco/skill/f5f5b244-6cea-4fbc-8a50-8f712791bc09
UPS,Universidad Politécnica Salesiana,ADMINISTRACIÓN DE EMPRESAS,19,gestionar el impacto medioambiental de las operaciones,skill/competence,cross-sector,0.8786,http://data.europa.eu/esco/skill/d86babea-bf8b-4552-81a8-daf706066ad6
UPS,Universidad Politécnica Salesiana,ADMINISTRACIÓN DE EMPRESAS,20,supervisar el trabajo de promoción,skill/competence,cross-sector,0.8784,http://data.europa.eu/esco/skill/f0a1db01-ffbd-4366-8120-add9bd134ffd
UPS,Universidad Politécnica Salesiana,ADMINISTRACIÓN DE EMPRESAS,21,guiar a los gestores de los diferentes departamentos de la empresa,skill/competence,cross-sector,0.878,http://data.europa.eu/esco/skill/3e61ee41-2bd9-466f-b313-00ce04072410
UPS,Universidad Politécnica Salesiana,ADMINISTRACIÓN DE EMPRESAS,22,gestionar los programas públicos,skill/competence,cross-sector,0.8774,http://data.europa.eu/esco/skill/0761f325-13e7-49f4-a41a-ec64ba4e7b9d
UPS,Universidad Politécnica Salesiana,ADMINISTRACIÓN DE EMPRESAS,23,realizar gestión de clientes,skill/competence,cross-sector,0.877,http://data.europa.eu/esco/skill/91306a20-9b81-4f3d-97eb-f5368b607da7
UPS,Universidad Politécnica Salesiana,ADMINISTRACIÓN DE EMPRESAS,24,elaborar políticas de economía,skill/competence,cross-sector,0.8766,http://data.europa.eu/esco/skill/8394fefb-f62a-48c0-a156-3117cefdb9b3
UPS,Universidad Politécnica Salesiana,ADMINISTRACIÓN DE EMPRESAS,25,desarrollar políticas de la organización,skill/competence,cross-sector,0.8766,http://data.europa.eu/esco/skill/3254275d-a1b5-4640-9481-02f38780ac35
UPS,Universidad Politécnica Salesiana,ECONOMÍA,1,analizar las tendencias económicas,skill/competence,cross-sector,0.8839,http://data.europa.eu/esco/skill/5f302d63-048e-451c-b150-97c124a5a26b
UPS,Universidad Politécnica Salesiana,ECONOMÍA,2,asesorar sobre el desarrollo económico,skill/competence,cross-sector,0.8838,http://data.europa.eu/esco/skill/384ed14c-bf1f-4a65-aef6-6e711f43c4ce
UPS,Universidad Politécnica Salesiana,ECONOMÍA,3,preparar archivos estadísticos y financieros,skill/competence,cross-sector,0.8756,http://data.europa.eu/esco/skill/08ee68b2-0a6d-4bdf-a870-a36c0dc8064e
UPS,Universidad Politécnica Salesiana,ECONOMÍA,4,evaluar el impacto ambiental de yacimientos y zonas industriales,skill/competence,cross-sector,0.8754,http://data.europa.eu/esco/skill/f12f094b-492f-4e88-b36b-50b8e58b7500
UPS,Universidad Politécnica Salesiana,ECONOMÍA,5,analizar tendencias en el mercado financiero,skill/competence,cross-sector,0.874,http://data.europa.eu/esco/skill/292549e6-08ec-456c-b008-eba7a0a68428
UPS,Universidad Politécnica Salesiana,ECONOMÍA,6,realizar estudios de mercado,skill/competence,cross-sector,0.8737,http://data.europa.eu/esco/skill/fe39d4db-4cb5-4299-bb9f-896c8fd6ab13
UPS,Universidad Politécnica Salesiana,ECONOMÍA,7,asesorar sobre asuntos financieros,skill/competence,cross-sector,0.8735,http://data.europa.eu/esco/skill/79c36c91-28a5-44b7-ab9b-7093b2d4b21e
UPS,Universidad Politécnica Salesiana,ECONOMÍA,8,analizar el riesgo financiero,skill/competence,cross-sector,0.8733,http://data.europa.eu/esco/skill/eb8babfb-ab91-4937-a032-6a79f82e9b7f
UPS,Universidad Politécnica Salesiana,ECONOMÍA,9,elaborar políticas de economía,skill/competence,cross-sector,0.8732,http://data.europa.eu/esco/skill/8394fefb-f62a-48c0-a156-3117cefdb9b3
UPS,Universidad Politécnica Salesiana,ECONOMÍA,10,analizar modelos de negocio,skill/competence,cross-sector,0.871,http://data.europa.eu/esco/skill/3c1cbc5e-2220-4f45-bcc8-3d52c8c9cae0
UPS,Universidad Politécnica Salesiana,ECONOMÍA,11,"llevar a cabo análisis de factores políticos, económicos, sociales, tecnológicos, ambientales y jurídicos",skill/competence,cross-sector,0.8702,http://data.europa.eu/esco/skill/9979e727-3104-42e0-8f41-4af2578111ea
UPS,Universidad Politécnica Salesiana,ECONOMÍA,12,gestionar los programas públicos,skill/competence,cross-sector,0.8701,http://data.europa.eu/esco/skill/0761f325-13e7-49f4-a41a-ec64ba4e7b9d
UPS,Universidad Politécnica Salesiana,ECONOMÍA,13,evaluar presupuestos,skill/competence,cross-sector,0.87,http://data.europa.eu/esco/skill/6556cbf1-d5c0-4f53-89a9-8707066069a6
UPS,Universidad Politécnica Salesiana,ECONOMÍA,14,evaluar la viabilidad de la implementación de desarrollos,skill/competence,cross-sector,0.8693,http://data.europa.eu/esco/skill/21056f6a-8a85-4eb0-b709-468578b809e0
UPS,Universidad Politécnica Salesiana,ECONOMÍA,15,realizar contabilidad forense,skill/competence,cross-sector,0.8691,http://data.europa.eu/esco/skill/29d80dad-95f7-440c-bda2-22fe93155260
UPS,Universidad Politécnica Salesiana,ECONOMÍA,16,asesorar sobre estrategias de mercado,skill/competence,cross-sector,0.8679,http://data.europa.eu/esco/skill/34d6ed30-5d35-44b9-9498-fd15badb5f28
UPS,Universidad Politécnica Salesiana,ECONOMÍA,17,efectuar el seguimiento de operaciones financieras,skill/competence,cross-sector,0.8668,http://data.europa.eu/esco/skill/0295b2a4-fb86-495f-9547-d479532fc4c2
UPS,Universidad Politécnica Salesiana,ECONOMÍA,18,predecir tendencias económicas,skill/competence,cross-sector,0.8664,http://data.europa.eu/esco/skill/f2a34d6b-131a-4b8f-a110-898b9c91d18f
UPS,Universidad Politécnica Salesiana,ECONOMÍA,19,interpretar estados financieros,skill/competence,cross-sector,0.8663,http://data.europa.eu/esco/skill/5f1d1319-7954-4a9b-90c7-57668e3a0d4b
UPS,Universidad Politécnica Salesiana,ECONOMÍA,20,ejercer el control del gasto,skill/competence,cross-sector,0.8662,http://data.europa.eu/esco/skill/b08ec8ff-1a3e-4cc3-8016-9520b21666a6
UPS,Universidad Politécnica Salesiana,ECONOMÍA,21,asesorar sobre política tributaria,skill/competence,cross-sector,0.8649,http://data.europa.eu/esco/skill/b5feaf25-3975-4e74-85fd-4470e344ba2e
UPS,Universidad Politécnica Salesiana,ECONOMÍA,22,gestionar los aspectos financieros de una empresa,skill/competence,cross-sector,0.8647,http://data.europa.eu/esco/skill/fa6acfc3-0a4f-4192-b77d-80e94d0faf2a
UPS,Universidad Politécnica Salesiana,ECONOMÍA,23,evaluar los factores de riesgo,skill/competence,cross-sector,0.8642,http://data.europa.eu/esco/skill/d7b66759-c40c-44de-9f31-9418f84e10c5
UPS,Universidad Politécnica Salesiana,ECONOMÍA,24,asesorar sobre planificación tributaria y fiscal,skill/competence,cross-sector,0.8641,http://data.europa.eu/esco/skill/161a6c5a-593a-4977-b7b7-49c6a2a2f2a3
UPS,Universidad Politécnica Salesiana,ECONOMÍA,25,evaluar la viabilidad financiera,skill/competence,cross-sector,0.8638,http://data.europa.eu/esco/skill/e95058a6-e139-42e7-a470-72038a606649
UPS,Universidad Politécnica Salesiana,CIENCIA DE DATOS,1,analizar inteligencia de datos,skill/competence,cross-sector,0.8862,http://data.europa.eu/esco/skill/47a49cd6-097d-457a-9f7b-c290c14930d5
UPS,Universidad Politécnica Salesiana,CIENCIA DE DATOS,2,analizar datos,skill/competence,cross-sector,0.8784,http://data.europa.eu/esco/skill/a571ae14-3e16-4fd3-a615-5646e0b0b696
UPS,Universidad Politécnica Salesiana,CIENCIA DE DATOS,3,realizar un análisis de datos,skill/competence,cross-sector,0.8772,http://data.europa.eu/esco/skill/2b92a5b2-6758-4ee3-9fb4-b6387a55cc8f
UPS,Universidad Politécnica Salesiana,CIENCIA DE DATOS,4,ciencia de datos,knowledge,cross-sector,0.8753,http://data.europa.eu/esco/skill/edebd83d-35f6-4ed5-a940-6c203d178c01
UPS,Universidad Politécnica Salesiana,CIENCIA DE DATOS,5,analizar datos científicos,skill/competence,cross-sector,0.8746,http://data.europa.eu/esco/skill/36ff57b0-637d-4a83-a0e8-d14f86f9f078
UPS,Universidad Politécnica Salesiana,CIENCIA DE DATOS,6,gestionar datos cuantitativos,skill/competence,cross-sector,0.8729,http://data.europa.eu/esco/skill/57231a22-4da7-49c8-97b8-75672feadf1e
UPS,Universidad Politécnica Salesiana,CIENCIA DE DATOS,7,gestionar datos de investigación,skill/competence,cross-sector,0.8725,http://data.europa.eu/esco/skill/08b04e53-ed25-41a2-9f90-0b9cd939ba3d
UPS,Universidad Politécnica Salesiana,CIENCIA DE DATOS,8,analizar datos de la clientela,skill/competence,cross-sector,0.8716,http://data.europa.eu/esco/skill/d63f49de-cb72-4ce3-9553-a374a4f32f52
UPS,Universidad Politécnica Salesiana,CIENCIA DE DATOS,9,tomar decisiones basadas en datos,skill/competence,cross-sector,0.8713,http://data.europa.eu/esco/skill/be20d05c-f6b4-4580-9fcf-f00f4baab562
UPS,Universidad Politécnica Salesiana,CIENCIA DE DATOS,10,predecir tendencias económicas,skill/competence,cross-sector,0.8712,http://data.europa.eu/esco/skill/f2a34d6b-131a-4b8f-a110-898b9c91d18f
UPS,Universidad Politécnica Salesiana,CIENCIA DE DATOS,11,interpretar la información comercial,skill/competence,cross-sector,0.8687,http://data.europa.eu/esco/skill/3cb68bb2-66fc-495a-af82-012338a9402b
UPS,Universidad Politécnica Salesiana,CIENCIA DE DATOS,12,ingeniería de datos,knowledge,cross-sector,0.8671,http://data.europa.eu/esco/skill/48db96bf-3314-45c6-bad8-fdb6e20e5639
UPS,Universidad Politécnica Salesiana,CIENCIA DE DATOS,13,interpretar datos actuales,skill/competence,cross-sector,0.867,http://data.europa.eu/esco/skill/1e77e42a-181f-4b48-8e74-201ce50ffc29
UPS,Universidad Politécnica Salesiana,CIENCIA DE DATOS,14,"navegar, buscar y filtrar datos, información y contenido digitales",skill/competence,cross-sector,0.8661,http://data.europa.eu/esco/skill/e439742d-558d-4f52-885e-afdc740b48cf
UPS,Universidad Politécnica Salesiana,CIENCIA DE DATOS,15,ejecutar cálculos matemáticos analíticos,skill/competence,cross-sector,0.864,http://data.europa.eu/esco/skill/31c69100-b612-4a61-8db5-fd314318854c
UPS,Universidad Politécnica Salesiana,CIENCIA DE DATOS,16,procesar datos topográficos recabados,skill/competence,cross-sector,0.8628,http://data.europa.eu/esco/skill/6b30644d-bdc5-4bca-b1af-edbf5c6b15ee
UPS,Universidad Politécnica Salesiana,CIENCIA DE DATOS,17,analizar datos experimentales,skill/competence,cross-sector,0.8625,http://data.europa.eu/esco/skill/81a2db2c-7e55-44d0-9cd9-74c25147d7cd
UPS,Universidad Politécnica Salesiana,CIENCIA DE DATOS,18,analizar estudios sobre transporte,skill/competence,cross-sector,0.8624,http://data.europa.eu/esco/skill/99095ca0-1218-462d-9e95-79e334ba8b63
UPS,Universidad Politécnica Salesiana,CIENCIA DE DATOS,19,realizar estudios de mercado,skill/competence,cross-sector,0.8622,http://data.europa.eu/esco/skill/fe39d4db-4cb5-4299-bb9f-896c8fd6ab13
UPS,Universidad Politécnica Salesiana,CIENCIA DE DATOS,20,preparar archivos estadísticos y financieros,skill/competence,cross-sector,0.8621,http://data.europa.eu/esco/skill/08ee68b2-0a6d-4bdf-a870-a36c0dc8064e
UPS,Universidad Politécnica Salesiana,CIENCIA DE DATOS,21,gestionar sistemas de instrumentación,skill/competence,cross-sector,0.8618,http://data.europa.eu/esco/skill/5d71a91f-cc72-4b66-b6e3-d75ecc05e235
UPS,Universidad Politécnica Salesiana,CIENCIA DE DATOS,22,analizar datos de carácter ecológico,skill/competence,cross-sector,0.8601,http://data.europa.eu/esco/skill/5354a726-ee64-4f34-90f8-8436f9f374b8
UPS,Universidad Politécnica Salesiana,CIENCIA DE DATOS,23,"gestionar datos, información y contenido digitales",skill/competence,cross-sector,0.8596,http://data.europa.eu/esco/skill/4d97e3c3-f335-47cc-a4ee-0d779fd42222
UPS,Universidad Politécnica Salesiana,CIENCIA DE DATOS,24,interpretar datos científicos para determinar la calidad del agua,skill/competence,cross-sector,0.8584,http://data.europa.eu/esco/skill/07ec6866-d283-46a6-991c-e8ce0c6fc159
UPS,Universidad Politécnica Salesiana,CIENCIA DE DATOS,25,análisis de datos,knowledge,cross-sector,0.8575,http://data.europa.eu/esco/skill/97bd1c21-66b2-4b7e-ad0f-e3cda590e378
ESPOCH,Escuela Superior Politécnica de Chimborazo,ADMINISTRACIÓN DE EMPRESAS,1,mejorar procesos empresariales,skill/competence,cross-sector,0.8573,http://data.europa.eu/esco/skill/75b30aeb-34c0-40f4-b77d-271d75a98b14
ESPOCH,Escuela Superior Politécnica de Chimborazo,ADMINISTRACIÓN DE EMPRESAS,2,mantenerse al día sobre las innovaciones en el ámbito empresarial,skill/competence,cross-sector,0.8541,http://data.europa.eu/esco/skill/7f70572d-f0c1-4039-9954-b57dc69981f6
ESPOCH,Escuela Superior Politécnica de Chimborazo,ADMINISTRACIÓN DE EMPRESAS,3,ingeniería industrial,knowledge,cross-sector,0.8536,http://data.europa.eu/esco/skill/a1816dfd-dbdc-4499-bef3-ff81dd895b33
ESPOCH,Escuela Superior Politécnica de Chimborazo,ADMINISTRACIÓN DE EMPRESAS,4,realizar todas las actividades de ingeniería de procesos,skill/competence,cross-sector,0.8511,http://data.europa.eu/esco/skill/8b9d609a-6d62-4d5c-9133-01d41979cfac
ESPOCH,Escuela Superior Politécnica de Chimborazo,ADMINISTRACIÓN DE EMPRESAS,5,coordinar equipos de ingeniería,skill/competence,cross-sector,0.8496,http://data.europa.eu/esco/skill/7af6e9e8-1e11-4c0b-b7c6-ac96bbbbc674
ESPOCH,Escuela Superior Politécnica de Chimborazo,ADMINISTRACIÓN DE EMPRESAS,6,gestionar empresas de producción,skill/competence,cross-sector,0.8495,http://data.europa.eu/esco/skill/435d1751-8667-41ec-8b32-865b7cd3c684
ESPOCH,Escuela Superior Politécnica de Chimborazo,ADMINISTRACIÓN DE EMPRESAS,7,enseñar principios de gestión empresarial,skill/competence,cross-sector,0.8478,http://data.europa.eu/esco/skill/29d3663f-348a-4b67-a8db-b94fd3912385
ESPOCH,Escuela Superior Politécnica de Chimborazo,ADMINISTRACIÓN DE EMPRESAS,8,participar en las operaciones cotidianas de la empresa,skill/competence,cross-sector,0.8464,http://data.europa.eu/esco/skill/ce4cbc3a-bde0-43b4-9526-e643c4fe5b04
ESPOCH,Escuela Superior Politécnica de Chimborazo,ADMINISTRACIÓN DE EMPRESAS,9,Proponer soluciones tecnológicas a problemas empresariales,skill/competence,cross-sector,0.8458,http://data.europa.eu/esco/skill/07e51c60-763a-4335-b4ec-70a15f66d328
ESPOCH,Escuela Superior Politécnica de Chimborazo,ADMINISTRACIÓN DE EMPRESAS,10,gestionar proyectos de ingeniería,skill/competence,cross-sector,0.843,http://data.europa.eu/esco/skill/6a899482-8bcf-40ca-ae67-579a1cc467ab
ESPOCH,Escuela Superior Politécnica de Chimborazo,ADMINISTRACIÓN DE EMPRESAS,11,elaborar las estrategias empresariales,skill/competence,cross-sector,0.8423,http://data.europa.eu/esco/skill/ba2c6181-b036-40b4-8f6d-51499463ccbb
ESPOCH,Escuela Superior Politécnica de Chimborazo,ADMINISTRACIÓN DE EMPRESAS,12,guiar a los gestores de los diferentes departamentos de la empresa,skill/competence,cross-sector,0.8421,http://data.europa.eu/esco/skill/3e61ee41-2bd9-466f-b313-00ce04072410
ESPOCH,Escuela Superior Politécnica de Chimborazo,ADMINISTRACIÓN DE EMPRESAS,13,gestionar recursos empresariales,skill/competence,cross-sector,0.842,http://data.europa.eu/esco/skill/911e13ee-1eec-4243-88c8-3c08a3681a19
ESPOCH,Escuela Superior Politécnica de Chimborazo,ADMINISTRACIÓN DE EMPRESAS,14,diseñar sistemas de control,skill/competence,cross-sector,0.8416,http://data.europa.eu/esco/skill/d560df46-dda4-4407-bab2-b87353a96814
ESPOCH,Escuela Superior Politécnica de Chimborazo,ADMINISTRACIÓN DE EMPRESAS,15,formar equipos dentro de la empresa en base a las competencias,skill/competence,cross-sector,0.8408,http://data.europa.eu/esco/skill/f1155d3f-fbca-4298-a31c-f6955653bacf
ESPOCH,Escuela Superior Politécnica de Chimborazo,ADMINISTRACIÓN DE EMPRESAS,16,respetar las normas internas de una empresa,skill/competence,cross-sector,0.8406,http://data.europa.eu/esco/skill/f5f5b244-6cea-4fbc-8a50-8f712791bc09
ESPOCH,Escuela Superior Politécnica de Chimborazo,ADMINISTRACIÓN DE EMPRESAS,17,planificar actividades de ingeniería,skill/competence,cross-sector,0.8401,http://data.europa.eu/esco/skill/267b9417-9d05-4731-a877-bfb978fb50eb
ESPOCH,Escuela Superior Politécnica de Chimborazo,ADMINISTRACIÓN DE EMPRESAS,18,actuar de enlace con los ingenieros,skill/competence,cross-sector,0.8399,http://data.europa.eu/esco/skill/c5c51528-ccfc-4c53-b409-c200aaa44222
ESPOCH,Escuela Superior Politécnica de Chimborazo,ADMINISTRACIÓN DE EMPRESAS,19,tener espíritu emprendedor,skill/competence,transversal,0.8397,http://data.europa.eu/esco/skill/bdcf429c-5ccf-4c3d-bb61-4c987573a35e
ESPOCH,Escuela Superior Politécnica de Chimborazo,ADMINISTRACIÓN DE EMPRESAS,20,analizar modelos de negocio,skill/competence,cross-sector,0.8396,http://data.europa.eu/esco/skill/3c1cbc5e-2220-4f45-bcc8-3d52c8c9cae0
ESPOCH,Escuela Superior Politécnica de Chimborazo,ADMINISTRACIÓN DE EMPRESAS,21,ingeniería ambiental,knowledge,cross-sector,0.8392,http://data.europa.eu/esco/skill/b1b118c4-3291-484e-b64d-6d51fd5da8b3
ESPOCH,Escuela Superior Politécnica de Chimborazo,ADMINISTRACIÓN DE EMPRESAS,22,apoyar la puesta en marcha de sistemas de gestión de la calidad,skill/competence,cross-sector,0.8388,http://data.europa.eu/esco/skill/ccbd0898-e225-4abc-8992-57a23b0e2eec
ESPOCH,Escuela Superior Politécnica de Chimborazo,ADMINISTRACIÓN DE EMPRESAS,23,comunicar y colaborar con ingenieros sobre diseño de productos y desarrollo de productos nuevos,skill/competence,cross-sector,0.8383,http://data.europa.eu/esco/skill/94b2c46e-6338-4a1d-950a-d44eef018c53
ESPOCH,Escuela Superior Politécnica de Chimborazo,ADMINISTRACIÓN DE EMPRESAS,24,pronosticar niveles futuros de desarrollo empresarial,skill/competence,cross-sector,0.8381,http://data.europa.eu/esco/skill/ab167ae1-dfd8-4607-8dc4-d6d500622e1d
ESPOCH,Escuela Superior Politécnica de Chimborazo,ADMINISTRACIÓN DE EMPRESAS,25,actuar de enlace con profesionales del sector,skill/competence,cross-sector,0.838,http://data.europa.eu/esco/skill/d1317634-ccea-44d0-9cdc-c863f9bf856b
ESPOCH,Escuela Superior Politécnica de Chimborazo,COMPUTACIÓN,1,ejecutar cálculos matemáticos analíticos,skill/competence,cross-sector,0.885,http://data.europa.eu/esco/skill/31c69100-b612-4a61-8db5-fd314318854c
ESPOCH,Escuela Superior Politécnica de Chimborazo,COMPUTACIÓN,2,diseñar sistemas de control,skill/competence,cross-sector,0.8833,http://data.europa.eu/esco/skill/d560df46-dda4-4407-bab2-b87353a96814
ESPOCH,Escuela Superior Politécnica de Chimborazo,COMPUTACIÓN,3,gestionar sistemas de instrumentación,skill/competence,cross-sector,0.8795,http://data.europa.eu/esco/skill/5d71a91f-cc72-4b66-b6e3-d75ecc05e235
ESPOCH,Escuela Superior Politécnica de Chimborazo,COMPUTACIÓN,4,gestionar datos de investigación,skill/competence,cross-sector,0.8783,http://data.europa.eu/esco/skill/08b04e53-ed25-41a2-9f90-0b9cd939ba3d
ESPOCH,Escuela Superior Politécnica de Chimborazo,COMPUTACIÓN,5,gestionar datos cuantitativos,skill/competence,cross-sector,0.8778,http://data.europa.eu/esco/skill/57231a22-4da7-49c8-97b8-75672feadf1e
ESPOCH,Escuela Superior Politécnica de Chimborazo,COMPUTACIÓN,6,"aplicar conocimientos científicos, tecnológicos y de ingeniería",skill/competence,transversal,0.8769,http://data.europa.eu/esco/skill/5c3ab99d-a3f1-4620-9602-d12d2151a03d
ESPOCH,Escuela Superior Politécnica de Chimborazo,COMPUTACIÓN,7,asesorar a la clientela acerca de las posibilidades técnicas,skill/competence,cross-sector,0.8762,http://data.europa.eu/esco/skill/7b3abd38-61ae-42a4-88bb-0884784f9ee1
ESPOCH,Escuela Superior Politécnica de Chimborazo,COMPUTACIÓN,8,montar máquinas,skill/competence,cross-sector,0.875,http://data.europa.eu/esco/skill/87a0c0e6-c114-4ea1-b2d0-933bce1f3c5f
ESPOCH,Escuela Superior Politécnica de Chimborazo,COMPUTACIÓN,9,analizar datos de carácter ecológico,skill/competence,cross-sector,0.8745,http://data.europa.eu/esco/skill/5354a726-ee64-4f34-90f8-8436f9f374b8
ESPOCH,Escuela Superior Politécnica de Chimborazo,COMPUTACIÓN,10,verificar unidades electrónicas,skill/competence,cross-sector,0.8727,http://data.europa.eu/esco/skill/baf501a8-f0fe-4ad7-9b69-8e920fa1a87b
ESPOCH,Escuela Superior Politécnica de Chimborazo,COMPUTACIÓN,11,almacenar datos y sistemas digitales,skill/competence,cross-sector,0.8724,http://data.europa.eu/esco/skill/611ed16b-99bf-4840-9cab-f55d1d286e0a
ESPOCH,Escuela Superior Politécnica de Chimborazo,COMPUTACIÓN,12,elaborar software estadístico,skill/competence,cross-sector,0.8717,http://data.europa.eu/esco/skill/bb165899-d95f-4433-95f2-173fefd716d2
ESPOCH,Escuela Superior Politécnica de Chimborazo,COMPUTACIÓN,13,crear soluciones para problemas informativos,skill/competence,cross-sector,0.8716,http://data.europa.eu/esco/skill/4539aeca-b56f-4d03-ba86-8f675a7f2536
ESPOCH,Escuela Superior Politécnica de Chimborazo,COMPUTACIÓN,14,gestionar proyectos de investigación y desarrollo,skill/competence,cross-sector,0.8715,http://data.europa.eu/esco/skill/d5dbc342-8e39-4998-8237-ebbe05a381ce
ESPOCH,Escuela Superior Politécnica de Chimborazo,COMPUTACIÓN,15,programación informática,knowledge,cross-sector,0.8698,http://data.europa.eu/esco/skill/21d2f96d-35f7-4e3f-9745-c533d2dd6e97
ESPOCH,Escuela Superior Politécnica de Chimborazo,COMPUTACIÓN,16,afrontar problemas éticos en los servicios sociales,skill/competence,cross-sector,0.869,http://data.europa.eu/esco/skill/a762f4cd-b6bb-419b-834a-71f3ed367e5c
ESPOCH,Escuela Superior Politécnica de Chimborazo,COMPUTACIÓN,17,resolver problemas de sistemas TIC,skill/competence,cross-sector,0.869,http://data.europa.eu/esco/skill/9e06bac6-6b91-48ca-8b7d-c1f48cdecd7c
ESPOCH,Escuela Superior Politécnica de Chimborazo,COMPUTACIÓN,18,trabajar de forma organizada,skill/competence,cross-sector,0.8689,http://data.europa.eu/esco/skill/1258cc12-37bb-4a12-b219-9c3d6b294533
ESPOCH,Escuela Superior Politécnica de Chimborazo,COMPUTACIÓN,19,trabajar de forma organizada,skill/competence,cross-sector,0.8689,http://data.europa.eu/esco/skill/1258cc12-37bb-4a12-b219-9c3d6b294533
ESPOCH,Escuela Superior Politécnica de Chimborazo,COMPUTACIÓN,20,electrónica,knowledge,cross-sector,0.8686,http://data.europa.eu/esco/skill/95c35c3a-035f-47c2-90cf-7e934d20fc08
ESPOCH,Escuela Superior Politécnica de Chimborazo,COMPUTACIÓN,21,utilizar herramientas informáticas,skill/competence,cross-sector,0.8683,http://data.europa.eu/esco/skill/f632251a-4078-4546-b19f-7ef528d08325
ESPOCH,Escuela Superior Politécnica de Chimborazo,COMPUTACIÓN,22,"gestionar datos, información y contenido digitales",skill/competence,cross-sector,0.8678,http://data.europa.eu/esco/skill/4d97e3c3-f335-47cc-a4ee-0d779fd42222
ESPOCH,Escuela Superior Politécnica de Chimborazo,COMPUTACIÓN,23,probar sensores,skill/competence,cross-sector,0.8676,http://data.europa.eu/esco/skill/6e34b68e-0d61-49f2-bc4d-571c0326d857
ESPOCH,Escuela Superior Politécnica de Chimborazo,COMPUTACIÓN,24,resolver problemas,skill/competence,transversal,0.8674,http://data.europa.eu/esco/skill/adc6dc11-3376-467b-96c5-9b0a21edc869
ESPOCH,Escuela Superior Politécnica de Chimborazo,COMPUTACIÓN,25,elaborar estrategias para resolver problemas,skill/competence,cross-sector,0.867,http://data.europa.eu/esco/skill/7a8fb784-67fa-41e9-a75c-6b491d91f800
ESPOCH,Escuela Superior Politécnica de Chimborazo,ECONOMÍA,1,asesorar sobre el desarrollo económico,skill/competence,cross-sector,0.8903,http://data.europa.eu/esco/skill/384ed14c-bf1f-4a65-aef6-6e711f43c4ce
ESPOCH,Escuela Superior Politécnica de Chimborazo,ECONOMÍA,2,analizar modelos de negocio,skill/competence,cross-sector,0.8846,http://data.europa.eu/esco/skill/3c1cbc5e-2220-4f45-bcc8-3d52c8c9cae0
ESPOCH,Escuela Superior Politécnica de Chimborazo,ECONOMÍA,3,analizar las tendencias económicas,skill/competence,cross-sector,0.8843,http://data.europa.eu/esco/skill/5f302d63-048e-451c-b150-97c124a5a26b
ESPOCH,Escuela Superior Politécnica de Chimborazo,ECONOMÍA,4,elaborar políticas de economía,skill/competence,cross-sector,0.8822,http://data.europa.eu/esco/skill/8394fefb-f62a-48c0-a156-3117cefdb9b3
ESPOCH,Escuela Superior Politécnica de Chimborazo,ECONOMÍA,5,elaborar software estadístico,skill/competence,cross-sector,0.8801,http://data.europa.eu/esco/skill/bb165899-d95f-4433-95f2-173fefd716d2
ESPOCH,Escuela Superior Politécnica de Chimborazo,ECONOMÍA,6,realizar estudios de mercado,skill/competence,cross-sector,0.8795,http://data.europa.eu/esco/skill/fe39d4db-4cb5-4299-bb9f-896c8fd6ab13
ESPOCH,Escuela Superior Politécnica de Chimborazo,ECONOMÍA,7,observar nuevas evoluciones en países extranjeros,skill/competence,cross-sector,0.879,http://data.europa.eu/esco/skill/2f4d68be-6e9f-46fa-9398-0573e900b5e3
ESPOCH,Escuela Superior Politécnica de Chimborazo,ECONOMÍA,8,asesorar sobre política tributaria,skill/competence,cross-sector,0.8781,http://data.europa.eu/esco/skill/b5feaf25-3975-4e74-85fd-4470e344ba2e
ESPOCH,Escuela Superior Politécnica de Chimborazo,ECONOMÍA,9,gestionar los programas públicos,skill/competence,cross-sector,0.8769,http://data.europa.eu/esco/skill/0761f325-13e7-49f4-a41a-ec64ba4e7b9d
ESPOCH,Escuela Superior Politécnica de Chimborazo,ECONOMÍA,10,evaluar presupuestos,skill/competence,cross-sector,0.8762,http://data.europa.eu/esco/skill/6556cbf1-d5c0-4f53-89a9-8707066069a6
ESPOCH,Escuela Superior Politécnica de Chimborazo,ECONOMÍA,11,efectuar el seguimiento de operaciones financieras,skill/competence,cross-sector,0.8761,http://data.europa.eu/esco/skill/0295b2a4-fb86-495f-9547-d479532fc4c2
ESPOCH,Escuela Superior Politécnica de Chimborazo,ECONOMÍA,12,evaluar el impacto ambiental de yacimientos y zonas industriales,skill/competence,cross-sector,0.8736,http://data.europa.eu/esco/skill/f12f094b-492f-4e88-b36b-50b8e58b7500
ESPOCH,Escuela Superior Politécnica de Chimborazo,ECONOMÍA,13,predecir tendencias económicas,skill/competence,cross-sector,0.8734,http://data.europa.eu/esco/skill/f2a34d6b-131a-4b8f-a110-898b9c91d18f
ESPOCH,Escuela Superior Politécnica de Chimborazo,ECONOMÍA,14,asesorar sobre la participación en mercados financieros,skill/competence,cross-sector,0.8729,http://data.europa.eu/esco/skill/efe9be37-2433-4b58-95f4-283f2c048104
ESPOCH,Escuela Superior Politécnica de Chimborazo,ECONOMÍA,15,"llevar a cabo análisis de factores políticos, económicos, sociales, tecnológicos, ambientales y jurídicos",skill/competence,cross-sector,0.8724,http://data.europa.eu/esco/skill/9979e727-3104-42e0-8f41-4af2578111ea
ESPOCH,Escuela Superior Politécnica de Chimborazo,ECONOMÍA,16,asesorar sobre planificación tributaria y fiscal,skill/competence,cross-sector,0.8699,http://data.europa.eu/esco/skill/161a6c5a-593a-4977-b7b7-49c6a2a2f2a3
ESPOCH,Escuela Superior Politécnica de Chimborazo,ECONOMÍA,17,pronosticar niveles futuros de desarrollo empresarial,skill/competence,cross-sector,0.8681,http://data.europa.eu/esco/skill/ab167ae1-dfd8-4607-8dc4-d6d500622e1d
ESPOCH,Escuela Superior Politécnica de Chimborazo,ECONOMÍA,18,realizar gestión de clientes,skill/competence,cross-sector,0.8681,http://data.europa.eu/esco/skill/91306a20-9b81-4f3d-97eb-f5368b607da7
ESPOCH,Escuela Superior Politécnica de Chimborazo,ECONOMÍA,19,asesorar sobre políticas de gestión sostenible,skill/competence,cross-sector,0.8677,http://data.europa.eu/esco/skill/6742977a-aa00-4c8c-9861-898b0373907e
ESPOCH,Escuela Superior Politécnica de Chimborazo,ECONOMÍA,20,ejercer el control del gasto,skill/competence,cross-sector,0.8676,http://data.europa.eu/esco/skill/b08ec8ff-1a3e-4cc3-8016-9520b21666a6
ESPOCH,Escuela Superior Politécnica de Chimborazo,ECONOMÍA,21,evaluar los programas de estudio,skill/competence,cross-sector,0.8674,http://data.europa.eu/esco/skill/3b660a83-91c3-4c9d-8f82-2d306777a42f
ESPOCH,Escuela Superior Politécnica de Chimborazo,ECONOMÍA,22,supervisar el trabajo de promoción,skill/competence,cross-sector,0.8673,http://data.europa.eu/esco/skill/f0a1db01-ffbd-4366-8120-add9bd134ffd
ESPOCH,Escuela Superior Politécnica de Chimborazo,ECONOMÍA,23,preparar archivos estadísticos y financieros,skill/competence,cross-sector,0.8668,http://data.europa.eu/esco/skill/08ee68b2-0a6d-4bdf-a870-a36c0dc8064e
ESPOCH,Escuela Superior Politécnica de Chimborazo,ECONOMÍA,24,analizar las tendencias del mercado de la energía,skill/competence,cross-sector,0.8664,http://data.europa.eu/esco/skill/28878fd9-9a17-452a-b3b8-5db5c63d7905
ESPOCH,Escuela Superior Politécnica de Chimborazo,ECONOMÍA,25,analizar tendencias en el mercado financiero,skill/competence,cross-sector,0.8659,http://data.europa.eu/esco/skill/292549e6-08ec-456c-b008-eba7a0a68428
ESPOCH,Escuela Superior Politécnica de Chimborazo,ELECTRÓNICA Y AUTOMATIZACIÓN,1,supervisar el funcionamiento de los equipos,skill/competence,cross-sector,0.8717,http://data.europa.eu/esco/skill/ca17f0df-59e4-4ed2-9360-fc5325bc7151
ESPOCH,Escuela Superior Politécnica de Chimborazo,ELECTRÓNICA Y AUTOMATIZACIÓN,2,planificar procesos de fabricación,skill/competence,cross-sector,0.8691,http://data.europa.eu/esco/skill/7d0f33ea-e724-4d77-8b75-ee4fe66bb9ba
ESPOCH,Escuela Superior Politécnica de Chimborazo,ELECTRÓNICA Y AUTOMATIZACIÓN,3,desarrollar procedimientos de prueba electrónica,skill/competence,cross-sector,0.8683,http://data.europa.eu/esco/skill/0de6bca4-f3aa-452a-8e10-d355b2c1bfc4
ESPOCH,Escuela Superior Politécnica de Chimborazo,ELECTRÓNICA Y AUTOMATIZACIÓN,4,diseñar sistemas de control,skill/competence,cross-sector,0.8676,http://data.europa.eu/esco/skill/d560df46-dda4-4407-bab2-b87353a96814
ESPOCH,Escuela Superior Politécnica de Chimborazo,ELECTRÓNICA Y AUTOMATIZACIÓN,5,actuar de enlace con profesionales del sector,skill/competence,cross-sector,0.8676,http://data.europa.eu/esco/skill/d1317634-ccea-44d0-9cdc-c863f9bf856b
ESPOCH,Escuela Superior Politécnica de Chimborazo,ELECTRÓNICA Y AUTOMATIZACIÓN,6,verificar unidades electrónicas,skill/competence,cross-sector,0.8674,http://data.europa.eu/esco/skill/baf501a8-f0fe-4ad7-9b69-8e920fa1a87b
ESPOCH,Escuela Superior Politécnica de Chimborazo,ELECTRÓNICA Y AUTOMATIZACIÓN,7,operar el equipo de empaquetado,skill/competence,cross-sector,0.8671,http://data.europa.eu/esco/skill/f8cd217b-b870-42aa-9bbe-d36b672cbb65
ESPOCH,Escuela Superior Politécnica de Chimborazo,ELECTRÓNICA Y AUTOMATIZACIÓN,8,montar máquinas,skill/competence,cross-sector,0.8662,http://data.europa.eu/esco/skill/87a0c0e6-c114-4ea1-b2d0-933bce1f3c5f
ESPOCH,Escuela Superior Politécnica de Chimborazo,ELECTRÓNICA Y AUTOMATIZACIÓN,9,desarrollar sistemas de instrumentación,skill/competence,cross-sector,0.8643,http://data.europa.eu/esco/skill/d8c19849-f4cf-458d-90cd-abe735a729bf
ESPOCH,Escuela Superior Politécnica de Chimborazo,ELECTRÓNICA Y AUTOMATIZACIÓN,10,evaluar el impacto ambiental de yacimientos y zonas industriales,skill/competence,cross-sector,0.864,http://data.europa.eu/esco/skill/f12f094b-492f-4e88-b36b-50b8e58b7500
ESPOCH,Escuela Superior Politécnica de Chimborazo,ELECTRÓNICA Y AUTOMATIZACIÓN,11,coordinar equipos de ingeniería,skill/competence,cross-sector,0.8611,http://data.europa.eu/esco/skill/7af6e9e8-1e11-4c0b-b7c6-ac96bbbbc674
ESPOCH,Escuela Superior Politécnica de Chimborazo,ELECTRÓNICA Y AUTOMATIZACIÓN,12,resolver problemas técnicos,skill/competence,cross-sector,0.8603,http://data.europa.eu/esco/skill/14832d87-2f2f-4895-b290-e4760ebae42a
ESPOCH,Escuela Superior Politécnica de Chimborazo,ELECTRÓNICA Y AUTOMATIZACIÓN,13,mejorar procesos químicos,skill/competence,cross-sector,0.86,http://data.europa.eu/esco/skill/451c8010-7dbb-4f96-b4d4-0955766d9eff
ESPOCH,Escuela Superior Politécnica de Chimborazo,ELECTRÓNICA Y AUTOMATIZACIÓN,14,controlar maquinaria pesada,skill/competence,cross-sector,0.8595,http://data.europa.eu/esco/skill/4853efe8-0cdd-42d1-bc5a-6ba5fa9a8b2c
ESPOCH,Escuela Superior Politécnica de Chimborazo,ELECTRÓNICA Y AUTOMATIZACIÓN,15,garantizar el cumplimiento de la legislación en materia de seguridad,skill/competence,cross-sector,0.8584,http://data.europa.eu/esco/skill/233be639-bdb5-4099-ab40-96d537d6c1f3
ESPOCH,Escuela Superior Politécnica de Chimborazo,ELECTRÓNICA Y AUTOMATIZACIÓN,16,someter a auditorías a los contratistas,skill/competence,cross-sector,0.8578,http://data.europa.eu/esco/skill/0520d8ba-3c24-4f75-a8b0-f883ddeed82d
ESPOCH,Escuela Superior Politécnica de Chimborazo,ELECTRÓNICA Y AUTOMATIZACIÓN,17,gestionar empresas de producción,skill/competence,cross-sector,0.8573,http://data.europa.eu/esco/skill/435d1751-8667-41ec-8b32-865b7cd3c684
ESPOCH,Escuela Superior Politécnica de Chimborazo,ELECTRÓNICA Y AUTOMATIZACIÓN,18,realizar trabajos técnicos difíciles,skill/competence,cross-sector,0.8566,http://data.europa.eu/esco/skill/2d780738-9b34-40a3-adbb-590001f6ff86
ESPOCH,Escuela Superior Politécnica de Chimborazo,ELECTRÓNICA Y AUTOMATIZACIÓN,19,resolver problemas de sistemas TIC,skill/competence,cross-sector,0.8556,http://data.europa.eu/esco/skill/9e06bac6-6b91-48ca-8b7d-c1f48cdecd7c
ESPOCH,Escuela Superior Politécnica de Chimborazo,ELECTRÓNICA Y AUTOMATIZACIÓN,20,gestionar la instalación de estructuras para eventos,skill/competence,cross-sector,0.8555,http://data.europa.eu/esco/skill/0e503b48-5491-4529-879e-b112251f8d50
ESPOCH,Escuela Superior Politécnica de Chimborazo,ELECTRÓNICA Y AUTOMATIZACIÓN,21,asesorar a la clientela acerca de las posibilidades técnicas,skill/competence,cross-sector,0.8552,http://data.europa.eu/esco/skill/7b3abd38-61ae-42a4-88bb-0884784f9ee1
ESPOCH,Escuela Superior Politécnica de Chimborazo,ELECTRÓNICA Y AUTOMATIZACIÓN,22,detectar peligros en el lugar de trabajo,skill/competence,cross-sector,0.8548,http://data.europa.eu/esco/skill/5f97fac8-2001-4b81-ae8b-22f9062d921a
ESPOCH,Escuela Superior Politécnica de Chimborazo,ELECTRÓNICA Y AUTOMATIZACIÓN,23,trabajar con máquinas de forma segura,skill/competence,cross-sector,0.8547,http://data.europa.eu/esco/skill/4c831013-9027-4ec6-83de-c5c19e68d083
ESPOCH,Escuela Superior Politécnica de Chimborazo,ELECTRÓNICA Y AUTOMATIZACIÓN,24,realizar diversas tareas organizativas en la empresa,skill/competence,cross-sector,0.8541,http://data.europa.eu/esco/skill/01755f08-4df4-4cf0-8d22-08f94cad68b5
ESPOCH,Escuela Superior Politécnica de Chimborazo,ELECTRÓNICA Y AUTOMATIZACIÓN,25,controlar máquinas automáticas,skill/competence,cross-sector,0.854,http://data.europa.eu/esco/skill/7aa52bdc-9c56-4341-be65-e8e30f64403f
ESPOCH,Escuela Superior Politécnica de Chimborazo,TELECOMUNICACIONES,1,coordinar comunicaciones remotas,skill/competence,cross-sector,0.863,http://data.europa.eu/esco/skill/9bafaea2-76cd-4532-ab77-8b3d21fa6235
ESPOCH,Escuela Superior Politécnica de Chimborazo,TELECOMUNICACIONES,2,gestionar las comunicaciones visuales,skill/competence,cross-sector,0.8619,http://data.europa.eu/esco/skill/50b96d21-f2eb-4f35-a8d3-77eee15ef51f
ESPOCH,Escuela Superior Politécnica de Chimborazo,TELECOMUNICACIONES,3,gestionar los programas públicos,skill/competence,cross-sector,0.8614,http://data.europa.eu/esco/skill/0761f325-13e7-49f4-a41a-ec64ba4e7b9d
ESPOCH,Escuela Superior Politécnica de Chimborazo,TELECOMUNICACIONES,4,gestionar presupuestos de transportistas potenciales,skill/competence,cross-sector,0.8608,http://data.europa.eu/esco/skill/25d8dedb-a557-441a-8aeb-2d618b79abe9
ESPOCH,Escuela Superior Politécnica de Chimborazo,TELECOMUNICACIONES,5,coordinar equipos de ingeniería,skill/competence,cross-sector,0.8589,http://data.europa.eu/esco/skill/7af6e9e8-1e11-4c0b-b7c6-ac96bbbbc674
ESPOCH,Escuela Superior Politécnica de Chimborazo,TELECOMUNICACIONES,6,coordinar comunicaciones en situaciones de emergencia en operaciones mineras,skill/competence,cross-sector,0.8588,http://data.europa.eu/esco/skill/707ff33d-d130-4e61-8a2a-6e8b023be9fc
ESPOCH,Escuela Superior Politécnica de Chimborazo,TELECOMUNICACIONES,7,gestionar la instalación de estructuras para eventos,skill/competence,cross-sector,0.8577,http://data.europa.eu/esco/skill/0e503b48-5491-4529-879e-b112251f8d50
ESPOCH,Escuela Superior Politécnica de Chimborazo,TELECOMUNICACIONES,8,evaluar el impacto ambiental de yacimientos y zonas industriales,skill/competence,cross-sector,0.8575,http://data.europa.eu/esco/skill/f12f094b-492f-4e88-b36b-50b8e58b7500
ESPOCH,Escuela Superior Politécnica de Chimborazo,TELECOMUNICACIONES,9,coordinar el envío de materiales reciclables,skill/competence,cross-sector,0.8568,http://data.europa.eu/esco/skill/9d04490c-cea5-4765-a15e-99c46b543c1d
ESPOCH,Escuela Superior Politécnica de Chimborazo,TELECOMUNICACIONES,10,asesorar sobre estrategias de comunicación,skill/competence,cross-sector,0.8553,http://data.europa.eu/esco/skill/69f36674-440a-4fa0-89f9-1b70172ebb9d
ESPOCH,Escuela Superior Politécnica de Chimborazo,TELECOMUNICACIONES,11,actuar de enlace con profesionales del sector,skill/competence,cross-sector,0.8552,http://data.europa.eu/esco/skill/d1317634-ccea-44d0-9cdc-c863f9bf856b
ESPOCH,Escuela Superior Politécnica de Chimborazo,TELECOMUNICACIONES,12,gestionar equipos pesados,skill/competence,cross-sector,0.8545,http://data.europa.eu/esco/skill/2a314d49-c071-403b-9cc8-75aea53e7859
ESPOCH,Escuela Superior Politécnica de Chimborazo,TELECOMUNICACIONES,13,evaluar las necesidades energéticas,skill/competence,cross-sector,0.8537,http://data.europa.eu/esco/skill/36fccad9-1d20-4104-bcc2-a8ea9d1ce5ea
ESPOCH,Escuela Superior Politécnica de Chimborazo,TELECOMUNICACIONES,14,supervisar operaciones informativas diarias,skill/competence,cross-sector,0.8536,http://data.europa.eu/esco/skill/9013b46e-5a9b-4929-8918-fcadfdfd37ce
ESPOCH,Escuela Superior Politécnica de Chimborazo,TELECOMUNICACIONES,15,analizar las redes de las empresas de transporte,skill/competence,cross-sector,0.8533,http://data.europa.eu/esco/skill/b8316819-feca-403d-902f-a86562fd91e9
ESPOCH,Escuela Superior Politécnica de Chimborazo,TELECOMUNICACIONES,16,controlar las tendencias en tecnología,skill/competence,cross-sector,0.8528,http://data.europa.eu/esco/skill/7a17d7ce-01a2-4746-bbcc-22ffe22fa16e
ESPOCH,Escuela Superior Politécnica de Chimborazo,TELECOMUNICACIONES,17,detectar y corregir errores de las tecnologías de la información y de las comunicaciones,skill/competence,cross-sector,0.8527,http://data.europa.eu/esco/skill/744442ac-c157-4350-8be0-ce454df4f5c5
ESPOCH,Escuela Superior Politécnica de Chimborazo,TELECOMUNICACIONES,18,montar máquinas,skill/competence,cross-sector,0.8526,http://data.europa.eu/esco/skill/87a0c0e6-c114-4ea1-b2d0-933bce1f3c5f
ESPOCH,Escuela Superior Politécnica de Chimborazo,TELECOMUNICACIONES,19,gestionar el departamento de servicios de medios,skill/competence,cross-sector,0.8521,http://data.europa.eu/esco/skill/8de195a5-ffd6-4d99-aee8-9ec4a24dbafa
ESPOCH,Escuela Superior Politécnica de Chimborazo,TELECOMUNICACIONES,20,planificar procesos de fabricación,skill/competence,cross-sector,0.8521,http://data.europa.eu/esco/skill/7d0f33ea-e724-4d77-8b75-ee4fe66bb9ba
ESPOCH,Escuela Superior Politécnica de Chimborazo,TELECOMUNICACIONES,21,resolver problemas de sistemas TIC,skill/competence,cross-sector,0.8519,http://data.europa.eu/esco/skill/9e06bac6-6b91-48ca-8b7d-c1f48cdecd7c
ESPOCH,Escuela Superior Politécnica de Chimborazo,TELECOMUNICACIONES,22,supervisar el funcionamiento de los equipos,skill/competence,cross-sector,0.8516,http://data.europa.eu/esco/skill/ca17f0df-59e4-4ed2-9360-fc5325bc7151
ESPOCH,Escuela Superior Politécnica de Chimborazo,TELECOMUNICACIONES,23,gestionar empresas de producción,skill/competence,cross-sector,0.8513,http://data.europa.eu/esco/skill/435d1751-8667-41ec-8b32-865b7cd3c684
ESPOCH,Escuela Superior Politécnica de Chimborazo,TELECOMUNICACIONES,24,mantener contacto con financieros,skill/competence,cross-sector,0.851,http://data.europa.eu/esco/skill/401d8d12-b56d-4c71-ac58-f791e8c085b4
ESPOCH,Escuela Superior Politécnica de Chimborazo,TELECOMUNICACIONES,25,gestionar el impacto medioambiental de las operaciones,skill/competence,cross-sector,0.851,http://data.europa.eu/esco/skill/d86babea-bf8b-4552-81a8-daf706066ad6
ESPOCH,Escuela Superior Politécnica de Chimborazo,INGENIERÍA CIVIL,1,garantizar el cumplimiento de los plazos de construcción,skill/competence,cross-sector,0.8926,http://data.europa.eu/esco/skill/6181f475-110c-497c-a46d-ed2e14e7bc90
ESPOCH,Escuela Superior Politécnica de Chimborazo,INGENIERÍA CIVIL,2,vigilar el cumplimiento de los parámetros de los proyectos de construcción,skill/competence,cross-sector,0.8875,http://data.europa.eu/esco/skill/3dd3dfa7-51c0-40ef-af46-e2df300489f6
ESPOCH,Escuela Superior Politécnica de Chimborazo,INGENIERÍA CIVIL,3,evaluar el impacto ambiental de yacimientos y zonas industriales,skill/competence,cross-sector,0.8854,http://data.europa.eu/esco/skill/f12f094b-492f-4e88-b36b-50b8e58b7500
ESPOCH,Escuela Superior Politécnica de Chimborazo,INGENIERÍA CIVIL,4,gestionar los programas públicos,skill/competence,cross-sector,0.8843,http://data.europa.eu/esco/skill/0761f325-13e7-49f4-a41a-ec64ba4e7b9d
ESPOCH,Escuela Superior Politécnica de Chimborazo,INGENIERÍA CIVIL,5,examinar las infraestructuras civiles,skill/competence,cross-sector,0.8799,http://data.europa.eu/esco/skill/d48b3cfe-80b6-406f-b582-d959b60417f8
ESPOCH,Escuela Superior Politécnica de Chimborazo,INGENIERÍA CIVIL,6,coordinar equipos de ingeniería,skill/competence,cross-sector,0.8799,http://data.europa.eu/esco/skill/7af6e9e8-1e11-4c0b-b7c6-ac96bbbbc674
ESPOCH,Escuela Superior Politécnica de Chimborazo,INGENIERÍA CIVIL,7,supervisar un proyecto de construcción,skill/competence,cross-sector,0.8782,http://data.europa.eu/esco/skill/1de548e0-9535-4d2e-9d20-d4474c1ea813
ESPOCH,Escuela Superior Politécnica de Chimborazo,INGENIERÍA CIVIL,8,asesorar sobre temas de construcción,skill/competence,cross-sector,0.8775,http://data.europa.eu/esco/skill/3b64ab47-a874-403a-b781-7b23c2fc3c6c
ESPOCH,Escuela Superior Politécnica de Chimborazo,INGENIERÍA CIVIL,9,supervisar obras de construcción,skill/competence,cross-sector,0.8761,http://data.europa.eu/esco/skill/fc1a75bb-70e3-4005-881f-7709bf7b0ed4
ESPOCH,Escuela Superior Politécnica de Chimborazo,INGENIERÍA CIVIL,10,supervisar el trabajo de planificación del diseño,skill/competence,cross-sector,0.8724,http://data.europa.eu/esco/skill/03227978-f839-4cc8-88a6-0a3c44d2c776
ESPOCH,Escuela Superior Politécnica de Chimborazo,INGENIERÍA CIVIL,11,someter a auditorías a los contratistas,skill/competence,cross-sector,0.8715,http://data.europa.eu/esco/skill/0520d8ba-3c24-4f75-a8b0-f883ddeed82d
ESPOCH,Escuela Superior Politécnica de Chimborazo,INGENIERÍA CIVIL,12,supervisar sistemas de gestión ambiental,skill/competence,cross-sector,0.8715,http://data.europa.eu/esco/skill/b13e0689-636d-42d0-86c3-df9d6f85a882
ESPOCH,Escuela Superior Politécnica de Chimborazo,INGENIERÍA CIVIL,13,coordinar con expertos ferroviarios,skill/competence,cross-sector,0.8705,http://data.europa.eu/esco/skill/6172948e-5d52-4f94-a617-278a9013a8ae
ESPOCH,Escuela Superior Politécnica de Chimborazo,INGENIERÍA CIVIL,14,supervisar operaciones informativas diarias,skill/competence,cross-sector,0.8701,http://data.europa.eu/esco/skill/9013b46e-5a9b-4929-8918-fcadfdfd37ce
ESPOCH,Escuela Superior Politécnica de Chimborazo,INGENIERÍA CIVIL,15,proteger humedales en el desarrollo de proyectos,skill/competence,cross-sector,0.8697,http://data.europa.eu/esco/skill/e2028206-3060-4e81-8350-77baefabefde
ESPOCH,Escuela Superior Politécnica de Chimborazo,INGENIERÍA CIVIL,16,revisar proyectos de construcción,skill/competence,cross-sector,0.8695,http://data.europa.eu/esco/skill/ea9fc9d9-c602-4430-a7fc-edac7429a6a8
ESPOCH,Escuela Superior Politécnica de Chimborazo,INGENIERÍA CIVIL,17,supervisar el funcionamiento de los equipos,skill/competence,cross-sector,0.8693,http://data.europa.eu/esco/skill/ca17f0df-59e4-4ed2-9360-fc5325bc7151
ESPOCH,Escuela Superior Politécnica de Chimborazo,INGENIERÍA CIVIL,18,gestionar la instalación de estructuras para eventos,skill/competence,cross-sector,0.8685,http://data.europa.eu/esco/skill/0e503b48-5491-4529-879e-b112251f8d50
ESPOCH,Escuela Superior Politécnica de Chimborazo,INGENIERÍA CIVIL,19,gestionar proyectos de ingeniería,skill/competence,cross-sector,0.8675,http://data.europa.eu/esco/skill/6a899482-8bcf-40ca-ae67-579a1cc467ab
ESPOCH,Escuela Superior Politécnica de Chimborazo,INGENIERÍA CIVIL,20,asesorar sobre el uso de terrenos,skill/competence,cross-sector,0.867,http://data.europa.eu/esco/skill/8b46636e-e201-4086-a8d5-049b65eaf40e
ESPOCH,Escuela Superior Politécnica de Chimborazo,INGENIERÍA CIVIL,21,coordinar asociaciones público-privadas de turismo,skill/competence,cross-sector,0.8669,http://data.europa.eu/esco/skill/73b87890-d2ec-4842-b824-b4851ff12051
ESPOCH,Escuela Superior Politécnica de Chimborazo,INGENIERÍA CIVIL,22,ingeniería civil,knowledge,cross-sector,0.8658,http://data.europa.eu/esco/skill/82887396-e5bf-4306-af51-3fe8d82790b2
ESPOCH,Escuela Superior Politécnica de Chimborazo,INGENIERÍA CIVIL,23,asesorar sobre temas relacionados con la meteorología,skill/competence,cross-sector,0.8654,http://data.europa.eu/esco/skill/274ad409-c740-4e85-852b-7e3f3168b9ca
ESPOCH,Escuela Superior Politécnica de Chimborazo,INGENIERÍA CIVIL,24,reparar sistemas de fontanería,skill/competence,cross-sector,0.8627,http://data.europa.eu/esco/skill/d809a1d2-b80e-43e4-8984-de7517fb68f1
ESPOCH,Escuela Superior Politécnica de Chimborazo,INGENIERÍA CIVIL,25,inspeccionar los pozos de agua,skill/competence,cross-sector,0.8625,http://data.europa.eu/esco/skill/3a560dc4-ee2e-4437-b94f-c076a2b5f25e
ESPOCH,Escuela Superior Politécnica de Chimborazo,INGENIERÍA INDUSTRIAL,1,supervisar la producción de la fábrica,skill/competence,cross-sector,0.8728,http://data.europa.eu/esco/skill/c09dce1b-e198-487e-b63f-934e10a4c181
ESPOCH,Escuela Superior Politécnica de Chimborazo,INGENIERÍA INDUSTRIAL,2,supervisar operaciones de ensamblado,skill/competence,cross-sector,0.8683,http://data.europa.eu/esco/skill/6b9194f0-f8bb-4b9a-96a5-2203c9c2671b
ESPOCH,Escuela Superior Politécnica de Chimborazo,INGENIERÍA INDUSTRIAL,3,asesorar sobre cuestiones relacionadas con problemas de fabricación,skill/competence,cross-sector,0.868,http://data.europa.eu/esco/skill/6c80c47c-3d08-4356-aa82-46f6ec82c898
ESPOCH,Escuela Superior Politécnica de Chimborazo,INGENIERÍA INDUSTRIAL,4,integrar productos nuevos en la cadena de fabricación,skill/competence,cross-sector,0.8637,http://data.europa.eu/esco/skill/8a753714-9a19-4418-9b37-77e79d72c705
ESPOCH,Escuela Superior Politécnica de Chimborazo,INGENIERÍA INDUSTRIAL,5,gestionar el impacto medioambiental de las operaciones,skill/competence,cross-sector,0.8629,http://data.europa.eu/esco/skill/d86babea-bf8b-4552-81a8-daf706066ad6
ESPOCH,Escuela Superior Politécnica de Chimborazo,INGENIERÍA INDUSTRIAL,6,coordinar equipos de ingeniería,skill/competence,cross-sector,0.8629,http://data.europa.eu/esco/skill/7af6e9e8-1e11-4c0b-b7c6-ac96bbbbc674
ESPOCH,Escuela Superior Politécnica de Chimborazo,INGENIERÍA INDUSTRIAL,7,verificar las exigencias de fabricación,skill/competence,cross-sector,0.8627,http://data.europa.eu/esco/skill/277f489c-7a47-4791-bd87-61ca01737f96
ESPOCH,Escuela Superior Politécnica de Chimborazo,INGENIERÍA INDUSTRIAL,8,gestionar los ensayos de productos,skill/competence,cross-sector,0.8606,http://data.europa.eu/esco/skill/b7a03115-41c9-4167-a0b6-7e40cf0fd607
ESPOCH,Escuela Superior Politécnica de Chimborazo,INGENIERÍA INDUSTRIAL,9,realizar diversas tareas organizativas en la empresa,skill/competence,cross-sector,0.8595,http://data.europa.eu/esco/skill/01755f08-4df4-4cf0-8d22-08f94cad68b5
ESPOCH,Escuela Superior Politécnica de Chimborazo,INGENIERÍA INDUSTRIAL,10,supervisar el funcionamiento de los equipos,skill/competence,cross-sector,0.8592,http://data.europa.eu/esco/skill/ca17f0df-59e4-4ed2-9360-fc5325bc7151
ESPOCH,Escuela Superior Politécnica de Chimborazo,INGENIERÍA INDUSTRIAL,11,mejorar procesos químicos,skill/competence,cross-sector,0.8588,http://data.europa.eu/esco/skill/451c8010-7dbb-4f96-b4d4-0955766d9eff
ESPOCH,Escuela Superior Politécnica de Chimborazo,INGENIERÍA INDUSTRIAL,12,impartir formación sobre cómo supervisar la gestión de la calidad,skill/competence,cross-sector,0.8587,http://data.europa.eu/esco/skill/09e7cd13-ea36-4694-afe5-f34373759392
ESPOCH,Escuela Superior Politécnica de Chimborazo,INGENIERÍA INDUSTRIAL,13,gestionar programas de formación en la empresa,skill/competence,cross-sector,0.8585,http://data.europa.eu/esco/skill/6e66fa0f-4d3b-415e-9693-dc556eb5112a
ESPOCH,Escuela Superior Politécnica de Chimborazo,INGENIERÍA INDUSTRIAL,14,gestionar varios proyectos,skill/competence,cross-sector,0.8585,http://data.europa.eu/esco/skill/c881ddd2-9c0e-4743-bd24-36be650493dd
ESPOCH,Escuela Superior Politécnica de Chimborazo,INGENIERÍA INDUSTRIAL,15,coordinar el proceso de suministro de información sobre la sostenibilidad,skill/competence,cross-sector,0.858,http://data.europa.eu/esco/skill/bbcc7e1b-3d4d-4422-9fac-efd636eb9de4
ESPOCH,Escuela Superior Politécnica de Chimborazo,INGENIERÍA INDUSTRIAL,16,gestionar empresas de producción,skill/competence,cross-sector,0.8575,http://data.europa.eu/esco/skill/435d1751-8667-41ec-8b32-865b7cd3c684
ESPOCH,Escuela Superior Politécnica de Chimborazo,INGENIERÍA INDUSTRIAL,17,supervisar operaciones informativas diarias,skill/competence,cross-sector,0.8575,http://data.europa.eu/esco/skill/9013b46e-5a9b-4929-8918-fcadfdfd37ce
ESPOCH,Escuela Superior Politécnica de Chimborazo,INGENIERÍA INDUSTRIAL,18,participar en las operaciones cotidianas de la empresa,skill/competence,cross-sector,0.8571,http://data.europa.eu/esco/skill/ce4cbc3a-bde0-43b4-9526-e643c4fe5b04
ESPOCH,Escuela Superior Politécnica de Chimborazo,INGENIERÍA INDUSTRIAL,19,apoyar la puesta en marcha de sistemas de gestión de la calidad,skill/competence,cross-sector,0.8569,http://data.europa.eu/esco/skill/ccbd0898-e225-4abc-8992-57a23b0e2eec
ESPOCH,Escuela Superior Politécnica de Chimborazo,INGENIERÍA INDUSTRIAL,20,mejorar procesos empresariales,skill/competence,cross-sector,0.8567,http://data.europa.eu/esco/skill/75b30aeb-34c0-40f4-b77d-271d75a98b14
ESPOCH,Escuela Superior Politécnica de Chimborazo,INGENIERÍA INDUSTRIAL,21,gestionar presupuestos,skill/competence,cross-sector,0.8564,http://data.europa.eu/esco/skill/21c5790c-0930-4d74-b3b0-84caf5af12ea
ESPOCH,Escuela Superior Politécnica de Chimborazo,INGENIERÍA INDUSTRIAL,22,sensibilizar sobre el medioambiente,skill/competence,cross-sector,0.8563,http://data.europa.eu/esco/skill/8abdc43c-2bfd-417c-97c2-27fcdaf53171
ESPOCH,Escuela Superior Politécnica de Chimborazo,INGENIERÍA INDUSTRIAL,23,planificar procesos de fabricación,skill/competence,cross-sector,0.856,http://data.europa.eu/esco/skill/7d0f33ea-e724-4d77-8b75-ee4fe66bb9ba
ESPOCH,Escuela Superior Politécnica de Chimborazo,INGENIERÍA INDUSTRIAL,24,asesorar sobre soluciones sostenibles,skill/competence,cross-sector,0.8558,http://data.europa.eu/esco/skill/dbef5042-4b99-4e6f-b2ed-1d33b07b3ed6
ESPOCH,Escuela Superior Politécnica de Chimborazo,INGENIERÍA INDUSTRIAL,25,realizar todas las actividades de ingeniería de procesos,skill/competence,cross-sector,0.8547,http://data.europa.eu/esco/skill/8b9d609a-6d62-4d5c-9133-01d41979cfac
ESPOCH,Escuela Superior Politécnica de Chimborazo,MECÁNICA,1,planificar procesos de fabricación,skill/competence,cross-sector,0.8924,http://data.europa.eu/esco/skill/7d0f33ea-e724-4d77-8b75-ee4fe66bb9ba
ESPOCH,Escuela Superior Politécnica de Chimborazo,MECÁNICA,2,evaluar el impacto ambiental de yacimientos y zonas industriales,skill/competence,cross-sector,0.8817,http://data.europa.eu/esco/skill/f12f094b-492f-4e88-b36b-50b8e58b7500
ESPOCH,Escuela Superior Politécnica de Chimborazo,MECÁNICA,3,montar máquinas,skill/competence,cross-sector,0.8806,http://data.europa.eu/esco/skill/87a0c0e6-c114-4ea1-b2d0-933bce1f3c5f
ESPOCH,Escuela Superior Politécnica de Chimborazo,MECÁNICA,4,gestionar empresas de producción,skill/competence,cross-sector,0.8798,http://data.europa.eu/esco/skill/435d1751-8667-41ec-8b32-865b7cd3c684
ESPOCH,Escuela Superior Politécnica de Chimborazo,MECÁNICA,5,diseñar sistemas de control,skill/competence,cross-sector,0.8789,http://data.europa.eu/esco/skill/d560df46-dda4-4407-bab2-b87353a96814
ESPOCH,Escuela Superior Politécnica de Chimborazo,MECÁNICA,6,gestionar equipos pesados,skill/competence,cross-sector,0.8785,http://data.europa.eu/esco/skill/2a314d49-c071-403b-9cc8-75aea53e7859
ESPOCH,Escuela Superior Politécnica de Chimborazo,MECÁNICA,7,controlar maquinaria pesada,skill/competence,cross-sector,0.8763,http://data.europa.eu/esco/skill/4853efe8-0cdd-42d1-bc5a-6ba5fa9a8b2c
ESPOCH,Escuela Superior Politécnica de Chimborazo,MECÁNICA,8,actuar de enlace con profesionales del sector,skill/competence,cross-sector,0.8743,http://data.europa.eu/esco/skill/d1317634-ccea-44d0-9cdc-c863f9bf856b
ESPOCH,Escuela Superior Politécnica de Chimborazo,MECÁNICA,9,mejorar procesos químicos,skill/competence,cross-sector,0.8735,http://data.europa.eu/esco/skill/451c8010-7dbb-4f96-b4d4-0955766d9eff
ESPOCH,Escuela Superior Politécnica de Chimborazo,MECÁNICA,10,realizar todas las actividades de ingeniería de procesos,skill/competence,cross-sector,0.8728,http://data.europa.eu/esco/skill/8b9d609a-6d62-4d5c-9133-01d41979cfac
ESPOCH,Escuela Superior Politécnica de Chimborazo,MECÁNICA,11,asesorar sobre averías de máquinas,skill/competence,cross-sector,0.8728,http://data.europa.eu/esco/skill/8c474534-707f-46f3-b356-810bbfe8b693
ESPOCH,Escuela Superior Politécnica de Chimborazo,MECÁNICA,12,supervisar el funcionamiento de los equipos,skill/competence,cross-sector,0.8721,http://data.europa.eu/esco/skill/ca17f0df-59e4-4ed2-9360-fc5325bc7151
ESPOCH,Escuela Superior Politécnica de Chimborazo,MECÁNICA,13,trabajar con sustancias químicas,skill/competence,cross-sector,0.8717,http://data.europa.eu/esco/skill/929a997b-d56c-4383-b36d-6de9fa0e1721
ESPOCH,Escuela Superior Politécnica de Chimborazo,MECÁNICA,14,mantener maquinaria de a bordo,skill/competence,cross-sector,0.8708,http://data.europa.eu/esco/skill/26c60178-5d93-4ded-93d7-c58e0ed92388
ESPOCH,Escuela Superior Politécnica de Chimborazo,MECÁNICA,15,analizar modelos de negocio,skill/competence,cross-sector,0.8704,http://data.europa.eu/esco/skill/3c1cbc5e-2220-4f45-bcc8-3d52c8c9cae0
ESPOCH,Escuela Superior Politécnica de Chimborazo,MECÁNICA,16,ingeniería ambiental,knowledge,cross-sector,0.8699,http://data.europa.eu/esco/skill/b1b118c4-3291-484e-b64d-6d51fd5da8b3
ESPOCH,Escuela Superior Politécnica de Chimborazo,MECÁNICA,17,inspeccionar maquinaria,skill/competence,cross-sector,0.8695,http://data.europa.eu/esco/skill/d18e37a5-2cdf-4845-bb65-7c8e82e09dc5
ESPOCH,Escuela Superior Politécnica de Chimborazo,MECÁNICA,18,diseñar escombreras de minas,skill/competence,cross-sector,0.8687,http://data.europa.eu/esco/skill/cfbe1cdb-1738-45a1-b442-75cbda1fff06
ESPOCH,Escuela Superior Politécnica de Chimborazo,MECÁNICA,19,escribir manuales,skill/competence,cross-sector,0.8687,http://data.europa.eu/esco/skill/cbd9cd0f-6c22-4bbc-8af2-dc9c7f5efcb5
ESPOCH,Escuela Superior Politécnica de Chimborazo,MECÁNICA,20,organizar el mantenimiento de la aeronave,skill/competence,cross-sector,0.8685,http://data.europa.eu/esco/skill/829e07c7-d7d8-4cdf-8c67-3953e7490e42
ESPOCH,Escuela Superior Politécnica de Chimborazo,MECÁNICA,21,mantener equipos industriales,skill/competence,cross-sector,0.8684,http://data.europa.eu/esco/skill/3e4cdaee-740c-4754-9135-466362bbd22e
ESPOCH,Escuela Superior Politécnica de Chimborazo,MECÁNICA,22,realizar diseños técnicos de artículos de moda,skill/competence,cross-sector,0.8682,http://data.europa.eu/esco/skill/881cd4ec-5b52-46c6-abc4-60551d58b355
ESPOCH,Escuela Superior Politécnica de Chimborazo,MECÁNICA,23,realizar diversas tareas organizativas en la empresa,skill/competence,cross-sector,0.868,http://data.europa.eu/esco/skill/01755f08-4df4-4cf0-8d22-08f94cad68b5
ESPOCH,Escuela Superior Politécnica de Chimborazo,MECÁNICA,24,integrar productos nuevos en la cadena de fabricación,skill/competence,cross-sector,0.868,http://data.europa.eu/esco/skill/8a753714-9a19-4418-9b37-77e79d72c705
ESPOCH,Escuela Superior Politécnica de Chimborazo,MECÁNICA,25,coordinar equipos de ingeniería,skill/competence,cross-sector,0.8678,http://data.europa.eu/esco/skill/7af6e9e8-1e11-4c0b-b7c6-ac96bbbbc674
ESPOCH,Escuela Superior Politécnica de Chimborazo,INGENIERÍA QUÍMICA,1,mejorar procesos químicos,skill/competence,cross-sector,0.895,http://data.europa.eu/esco/skill/451c8010-7dbb-4f96-b4d4-0955766d9eff
ESPOCH,Escuela Superior Politécnica de Chimborazo,INGENIERÍA QUÍMICA,2,evaluar el impacto ambiental de yacimientos y zonas industriales,skill/competence,cross-sector,0.89,http://data.europa.eu/esco/skill/f12f094b-492f-4e88-b36b-50b8e58b7500
ESPOCH,Escuela Superior Politécnica de Chimborazo,INGENIERÍA QUÍMICA,3,trabajar con sustancias químicas,skill/competence,cross-sector,0.8835,http://data.europa.eu/esco/skill/929a997b-d56c-4383-b36d-6de9fa0e1721
ESPOCH,Escuela Superior Politécnica de Chimborazo,INGENIERÍA QUÍMICA,4,gestionar empresas de producción,skill/competence,cross-sector,0.8788,http://data.europa.eu/esco/skill/435d1751-8667-41ec-8b32-865b7cd3c684
ESPOCH,Escuela Superior Politécnica de Chimborazo,INGENIERÍA QUÍMICA,5,gestionar el impacto medioambiental de las operaciones,skill/competence,cross-sector,0.8741,http://data.europa.eu/esco/skill/d86babea-bf8b-4552-81a8-daf706066ad6
ESPOCH,Escuela Superior Politécnica de Chimborazo,INGENIERÍA QUÍMICA,6,elaborar fórmulas de fabricación,skill/competence,cross-sector,0.8734,http://data.europa.eu/esco/skill/b2ad4e50-cb82-4a34-ab3e-5b5f6c4f9b65
ESPOCH,Escuela Superior Politécnica de Chimborazo,INGENIERÍA QUÍMICA,7,planificar procesos de fabricación,skill/competence,cross-sector,0.8728,http://data.europa.eu/esco/skill/7d0f33ea-e724-4d77-8b75-ee4fe66bb9ba
ESPOCH,Escuela Superior Politécnica de Chimborazo,INGENIERÍA QUÍMICA,8,gestionar experimentos a gran escala para la fabricación de alimentos,skill/competence,cross-sector,0.8718,http://data.europa.eu/esco/skill/950c1106-4ea1-4fb7-a115-5dd5adcc1ea4
ESPOCH,Escuela Superior Politécnica de Chimborazo,INGENIERÍA QUÍMICA,9,desarrollar medicamentos,skill/competence,cross-sector,0.871,http://data.europa.eu/esco/skill/d8aa87e2-bbe4-45ac-a1e4-f48b6f63952e
ESPOCH,Escuela Superior Politécnica de Chimborazo,INGENIERÍA QUÍMICA,10,seguir fórmulas de coloración,skill/competence,cross-sector,0.8705,http://data.europa.eu/esco/skill/8779e8a1-45a8-4f51-b42a-2ea07ee4e8cd
ESPOCH,Escuela Superior Politécnica de Chimborazo,INGENIERÍA QUÍMICA,11,gestionar proyectos de investigación y desarrollo,skill/competence,cross-sector,0.8702,http://data.europa.eu/esco/skill/d5dbc342-8e39-4998-8237-ebbe05a381ce
ESPOCH,Escuela Superior Politécnica de Chimborazo,INGENIERÍA QUÍMICA,12,seguir procedimientos higiénicos en el tratamiento de alimentos,skill/competence,cross-sector,0.8678,http://data.europa.eu/esco/skill/a34f4fd4-1aff-4941-82d5-542ac94f81c3
ESPOCH,Escuela Superior Politécnica de Chimborazo,INGENIERÍA QUÍMICA,13,manipular productos químicos,skill/competence,cross-sector,0.8677,http://data.europa.eu/esco/skill/2416dc09-6384-409e-8b1d-80bb7a2e7369
ESPOCH,Escuela Superior Politécnica de Chimborazo,INGENIERÍA QUÍMICA,14,realizar diversas tareas organizativas en la empresa,skill/competence,cross-sector,0.8664,http://data.europa.eu/esco/skill/01755f08-4df4-4cf0-8d22-08f94cad68b5
ESPOCH,Escuela Superior Politécnica de Chimborazo,INGENIERÍA QUÍMICA,15,gestionar los ensayos de productos,skill/competence,cross-sector,0.8651,http://data.europa.eu/esco/skill/b7a03115-41c9-4167-a0b6-7e40cf0fd607
ESPOCH,Escuela Superior Politécnica de Chimborazo,INGENIERÍA QUÍMICA,16,controlar el entorno acuático de producción,skill/competence,cross-sector,0.8639,http://data.europa.eu/esco/skill/9a0c96a2-8ffb-4384-b9e8-8928e7f86e23
ESPOCH,Escuela Superior Politécnica de Chimborazo,INGENIERÍA QUÍMICA,17,realizar todas las actividades de ingeniería de procesos,skill/competence,cross-sector,0.8635,http://data.europa.eu/esco/skill/8b9d609a-6d62-4d5c-9133-01d41979cfac
ESPOCH,Escuela Superior Politécnica de Chimborazo,INGENIERÍA QUÍMICA,18,gestionar la inspección de procesos químicos,skill/competence,cross-sector,0.8632,http://data.europa.eu/esco/skill/624b124f-6d1d-4d50-b775-f7c81c4f0cb5
ESPOCH,Escuela Superior Politécnica de Chimborazo,INGENIERÍA QUÍMICA,19,gestionar la producción de calzado y de artículos de piel y cuero,skill/competence,cross-sector,0.8632,http://data.europa.eu/esco/skill/7e71fbcf-ebf8-4164-829b-e16b68aa9432
ESPOCH,Escuela Superior Politécnica de Chimborazo,INGENIERÍA QUÍMICA,20,integrar productos nuevos en la cadena de fabricación,skill/competence,cross-sector,0.8628,http://data.europa.eu/esco/skill/8a753714-9a19-4418-9b37-77e79d72c705
ESPOCH,Escuela Superior Politécnica de Chimborazo,INGENIERÍA QUÍMICA,21,manipular madera,skill/competence,cross-sector,0.8624,http://data.europa.eu/esco/skill/c8186be4-15d4-4347-b34a-53bee7015f79
ESPOCH,Escuela Superior Politécnica de Chimborazo,INGENIERÍA QUÍMICA,22,manejar equipos de extracción de hidrógeno,skill/competence,cross-sector,0.8618,http://data.europa.eu/esco/skill/d2fd219f-5cb1-4f67-8db5-be6c5fc865c7
ESPOCH,Escuela Superior Politécnica de Chimborazo,INGENIERÍA QUÍMICA,23,gestionar la cadena de suministros sanitarios,skill/competence,cross-sector,0.8613,http://data.europa.eu/esco/skill/71d441c3-163a-41b6-b713-074d69362c27
ESPOCH,Escuela Superior Politécnica de Chimborazo,INGENIERÍA QUÍMICA,24,verificar las exigencias de fabricación,skill/competence,cross-sector,0.8612,http://data.europa.eu/esco/skill/277f489c-7a47-4791-bd87-61ca01737f96
ESPOCH,Escuela Superior Politécnica de Chimborazo,INGENIERÍA QUÍMICA,25,evaluar las necesidades energéticas,skill/competence,cross-sector,0.8612,http://data.europa.eu/esco/skill/36fccad9-1d20-4104-bcc2-a8ea9d1ce5ea
ESPOCH,Escuela Superior Politécnica de Chimborazo,SOFTWARE,1,crear soluciones para problemas informativos,skill/competence,cross-sector,0.87,http://data.europa.eu/esco/skill/4539aeca-b56f-4d03-ba86-8f675a7f2536
ESPOCH,Escuela Superior Politécnica de Chimborazo,SOFTWARE,2,Proponer soluciones tecnológicas a problemas empresariales,skill/competence,cross-sector,0.8655,http://data.europa.eu/esco/skill/07e51c60-763a-4335-b4ec-70a15f66d328
ESPOCH,Escuela Superior Politécnica de Chimborazo,SOFTWARE,3,detectar necesidades tecnológicas,skill/competence,cross-sector,0.8623,http://data.europa.eu/esco/skill/42fcf80d-7b45-40f3-bd2f-5411c4c0dfa0
ESPOCH,Escuela Superior Politécnica de Chimborazo,SOFTWARE,4,mejorar procesos empresariales,skill/competence,cross-sector,0.8588,http://data.europa.eu/esco/skill/75b30aeb-34c0-40f4-b77d-271d75a98b14
ESPOCH,Escuela Superior Politécnica de Chimborazo,SOFTWARE,5,elaborar software estadístico,skill/competence,cross-sector,0.8587,http://data.europa.eu/esco/skill/bb165899-d95f-4433-95f2-173fefd716d2
ESPOCH,Escuela Superior Politécnica de Chimborazo,SOFTWARE,6,resolver problemas operativos,skill/competence,cross-sector,0.8582,http://data.europa.eu/esco/skill/334e3e49-fb02-4051-809a-f06adfdc1c40
ESPOCH,Escuela Superior Politécnica de Chimborazo,SOFTWARE,7,mantenerse al día sobre las innovaciones en el ámbito empresarial,skill/competence,cross-sector,0.8564,http://data.europa.eu/esco/skill/7f70572d-f0c1-4039-9954-b57dc69981f6
ESPOCH,Escuela Superior Politécnica de Chimborazo,SOFTWARE,8,medir el desempeño de la empresa en términos de sostenibilidad,skill/competence,cross-sector,0.8553,http://data.europa.eu/esco/skill/d53eab76-e8ff-4e28-af26-7e012951c763
ESPOCH,Escuela Superior Politécnica de Chimborazo,SOFTWARE,9,resolver problemas,skill/competence,transversal,0.8548,http://data.europa.eu/esco/skill/adc6dc11-3376-467b-96c5-9b0a21edc869
ESPOCH,Escuela Superior Politécnica de Chimborazo,SOFTWARE,10,crear soluciones para problemas,skill/competence,cross-sector,0.8541,http://data.europa.eu/esco/skill/03b9b491-fc9b-4868-914a-bf7cd47b5041
ESPOCH,Escuela Superior Politécnica de Chimborazo,SOFTWARE,11,afrontar problemas éticos en los servicios sociales,skill/competence,cross-sector,0.8537,http://data.europa.eu/esco/skill/a762f4cd-b6bb-419b-834a-71f3ed367e5c
ESPOCH,Escuela Superior Politécnica de Chimborazo,SOFTWARE,12,utilizar las tecnologías digitales con creatividad,skill/competence,cross-sector,0.8526,http://data.europa.eu/esco/skill/1a4cc54f-1e53-442b-a6d2-1682dc8ef8f9
ESPOCH,Escuela Superior Politécnica de Chimborazo,SOFTWARE,13,apoyar la puesta en marcha de sistemas de gestión de la calidad,skill/competence,cross-sector,0.8518,http://data.europa.eu/esco/skill/ccbd0898-e225-4abc-8992-57a23b0e2eec
ESPOCH,Escuela Superior Politécnica de Chimborazo,SOFTWARE,14,resolver problemas técnicos,skill/competence,cross-sector,0.8517,http://data.europa.eu/esco/skill/14832d87-2f2f-4895-b290-e4760ebae42a
ESPOCH,Escuela Superior Politécnica de Chimborazo,SOFTWARE,15,resolver problemas de sistemas TIC,skill/competence,cross-sector,0.8516,http://data.europa.eu/esco/skill/9e06bac6-6b91-48ca-8b7d-c1f48cdecd7c
ESPOCH,Escuela Superior Politécnica de Chimborazo,SOFTWARE,16,controlar las tendencias en tecnología,skill/competence,cross-sector,0.851,http://data.europa.eu/esco/skill/7a17d7ce-01a2-4746-bbcc-22ffe22fa16e
ESPOCH,Escuela Superior Politécnica de Chimborazo,SOFTWARE,17,trabajar de forma organizada,skill/competence,cross-sector,0.8505,http://data.europa.eu/esco/skill/1258cc12-37bb-4a12-b219-9c3d6b294533
ESPOCH,Escuela Superior Politécnica de Chimborazo,SOFTWARE,18,trabajar de forma organizada,skill/competence,cross-sector,0.8505,http://data.europa.eu/esco/skill/1258cc12-37bb-4a12-b219-9c3d6b294533
ESPOCH,Escuela Superior Politécnica de Chimborazo,SOFTWARE,19,analizar modelos de negocio,skill/competence,cross-sector,0.8498,http://data.europa.eu/esco/skill/3c1cbc5e-2220-4f45-bcc8-3d52c8c9cae0
ESPOCH,Escuela Superior Politécnica de Chimborazo,SOFTWARE,20,sensibilizar sobre el medioambiente,skill/competence,cross-sector,0.8496,http://data.europa.eu/esco/skill/8abdc43c-2bfd-417c-97c2-27fcdaf53171
ESPOCH,Escuela Superior Politécnica de Chimborazo,SOFTWARE,21,diseñar sistemas de control,skill/competence,cross-sector,0.8491,http://data.europa.eu/esco/skill/d560df46-dda4-4407-bab2-b87353a96814
ESPOCH,Escuela Superior Politécnica de Chimborazo,SOFTWARE,22,identificar problemas con sistemas de información geográfica,skill/competence,cross-sector,0.8486,http://data.europa.eu/esco/skill/d52426a8-e84f-4652-a655-7a6195381fcd
ESPOCH,Escuela Superior Politécnica de Chimborazo,SOFTWARE,23,detectar problemas,skill/competence,transversal,0.8485,http://data.europa.eu/esco/skill/a628d2d1-f40a-4c37-a357-2801726f2996
ESPOCH,Escuela Superior Politécnica de Chimborazo,SOFTWARE,24,aplicar medidas de protección del medioambiente,skill/competence,cross-sector,0.8482,http://data.europa.eu/esco/skill/f6d7ba88-5234-4994-944d-843ca453c923
ESPOCH,Escuela Superior Politécnica de Chimborazo,SOFTWARE,25,adoptar decisiones críticas de forma oportuna,skill/competence,cross-sector,0.8481,http://data.europa.eu/esco/skill/875217fb-fe22-4c2c-adf4-b57f2052626a
ESPOCH,Escuela Superior Politécnica de Chimborazo,SISTEMAS DE INFORMACIÓN,1,verificar unidades electrónicas,skill/competence,cross-sector,0.8629,http://data.europa.eu/esco/skill/baf501a8-f0fe-4ad7-9b69-8e920fa1a87b
ESPOCH,Escuela Superior Politécnica de Chimborazo,SISTEMAS DE INFORMACIÓN,2,gestionar sistemas de instrumentación,skill/competence,cross-sector,0.8617,http://data.europa.eu/esco/skill/5d71a91f-cc72-4b66-b6e3-d75ecc05e235
ESPOCH,Escuela Superior Politécnica de Chimborazo,SISTEMAS DE INFORMACIÓN,3,"gestionar datos, información y contenido digitales",skill/competence,cross-sector,0.8611,http://data.europa.eu/esco/skill/4d97e3c3-f335-47cc-a4ee-0d779fd42222
ESPOCH,Escuela Superior Politécnica de Chimborazo,SISTEMAS DE INFORMACIÓN,4,resolver problemas de sistemas TIC,skill/competence,cross-sector,0.8571,http://data.europa.eu/esco/skill/9e06bac6-6b91-48ca-8b7d-c1f48cdecd7c
ESPOCH,Escuela Superior Politécnica de Chimborazo,SISTEMAS DE INFORMACIÓN,5,mantener equipos electrónicos,skill/competence,cross-sector,0.8522,http://data.europa.eu/esco/skill/ba45db8f-34e8-4f29-af0b-e6645e1d693f
ESPOCH,Escuela Superior Politécnica de Chimborazo,SISTEMAS DE INFORMACIÓN,6,electrónica,knowledge,cross-sector,0.8514,http://data.europa.eu/esco/skill/95c35c3a-035f-47c2-90cf-7e934d20fc08
ESPOCH,Escuela Superior Politécnica de Chimborazo,SISTEMAS DE INFORMACIÓN,7,supervisar el funcionamiento de los equipos,skill/competence,cross-sector,0.8512,http://data.europa.eu/esco/skill/ca17f0df-59e4-4ed2-9360-fc5325bc7151
ESPOCH,Escuela Superior Politécnica de Chimborazo,SISTEMAS DE INFORMACIÓN,8,tecnología informática,knowledge,cross-sector,0.8507,http://data.europa.eu/esco/skill/ddc3119d-1d6e-4324-9125-a3380d299ac5
ESPOCH,Escuela Superior Politécnica de Chimborazo,SISTEMAS DE INFORMACIÓN,9,gestionar sistemas administrativos,skill/competence,cross-sector,0.8499,http://data.europa.eu/esco/skill/6ae8306a-4f9d-4410-ac82-6406f3cbd16a
ESPOCH,Escuela Superior Politécnica de Chimborazo,SISTEMAS DE INFORMACIÓN,10,analizar estudios sobre transporte,skill/competence,cross-sector,0.8497,http://data.europa.eu/esco/skill/99095ca0-1218-462d-9e95-79e334ba8b63
ESPOCH,Escuela Superior Politécnica de Chimborazo,SISTEMAS DE INFORMACIÓN,11,diseñar sistemas de control,skill/competence,cross-sector,0.8497,http://data.europa.eu/esco/skill/d560df46-dda4-4407-bab2-b87353a96814
ESPOCH,Escuela Superior Politécnica de Chimborazo,SISTEMAS DE INFORMACIÓN,12,gestionar equipos pesados,skill/competence,cross-sector,0.8496,http://data.europa.eu/esco/skill/2a314d49-c071-403b-9cc8-75aea53e7859
ESPOCH,Escuela Superior Politécnica de Chimborazo,SISTEMAS DE INFORMACIÓN,13,supervisar la planificación de sistemas de seguridad,skill/competence,cross-sector,0.8493,http://data.europa.eu/esco/skill/2abfac2e-ad51-49fd-bbed-34953c95ab20
ESPOCH,Escuela Superior Politécnica de Chimborazo,SISTEMAS DE INFORMACIÓN,14,gestionar al equipo encargado de la seguridad,skill/competence,cross-sector,0.8493,http://data.europa.eu/esco/skill/6cd29d73-e352-40b4-89c5-cdb3faff0a38
ESPOCH,Escuela Superior Politécnica de Chimborazo,SISTEMAS DE INFORMACIÓN,15,detectar necesidades tecnológicas,skill/competence,cross-sector,0.8492,http://data.europa.eu/esco/skill/42fcf80d-7b45-40f3-bd2f-5411c4c0dfa0
ESPOCH,Escuela Superior Politécnica de Chimborazo,SISTEMAS DE INFORMACIÓN,16,realizar un análisis de los datos de seguridad,skill/competence,cross-sector,0.8487,http://data.europa.eu/esco/skill/c2ce7fe9-203b-492a-961e-9698dce7de19
ESPOCH,Escuela Superior Politécnica de Chimborazo,SISTEMAS DE INFORMACIÓN,17,supervisar la gestión de archivos,skill/competence,cross-sector,0.8484,http://data.europa.eu/esco/skill/d4f9906e-3b22-4c27-9b32-1c1f457ced44
ESPOCH,Escuela Superior Politécnica de Chimborazo,SISTEMAS DE INFORMACIÓN,18,analizar aplicaciones descentralizadas,skill/competence,cross-sector,0.848,http://data.europa.eu/esco/skill/0e5affa0-705e-4b19-94e8-19e902e0287d
ESPOCH,Escuela Superior Politécnica de Chimborazo,SISTEMAS DE INFORMACIÓN,19,gestionar sistemas de televisión en circuitos cerrados,skill/competence,cross-sector,0.8477,http://data.europa.eu/esco/skill/b0288eea-74b3-460a-8ac5-edc4ba70b75c
ESPOCH,Escuela Superior Politécnica de Chimborazo,SISTEMAS DE INFORMACIÓN,20,montar máquinas,skill/competence,cross-sector,0.8475,http://data.europa.eu/esco/skill/87a0c0e6-c114-4ea1-b2d0-933bce1f3c5f
ESPOCH,Escuela Superior Politécnica de Chimborazo,SISTEMAS DE INFORMACIÓN,21,supervisar sistemas de gestión ambiental,skill/competence,cross-sector,0.8473,http://data.europa.eu/esco/skill/b13e0689-636d-42d0-86c3-df9d6f85a882
ESPOCH,Escuela Superior Politécnica de Chimborazo,SISTEMAS DE INFORMACIÓN,22,detectar y corregir errores de las tecnologías de la información y de las comunicaciones,skill/competence,cross-sector,0.8471,http://data.europa.eu/esco/skill/744442ac-c157-4350-8be0-ce454df4f5c5
ESPOCH,Escuela Superior Politécnica de Chimborazo,SISTEMAS DE INFORMACIÓN,23,gestionar los programas públicos,skill/competence,cross-sector,0.8471,http://data.europa.eu/esco/skill/0761f325-13e7-49f4-a41a-ec64ba4e7b9d
ESPOCH,Escuela Superior Politécnica de Chimborazo,SISTEMAS DE INFORMACIÓN,24,gestionar datos cuantitativos,skill/competence,cross-sector,0.8467,http://data.europa.eu/esco/skill/57231a22-4da7-49c8-97b8-75672feadf1e
ESPOCH,Escuela Superior Politécnica de Chimborazo,SISTEMAS DE INFORMACIÓN,25,gestionar las comunicaciones visuales,skill/competence,cross-sector,0.8465,http://data.europa.eu/esco/skill/50b96d21-f2eb-4f35-a8d3-77eee15ef51f
ESPOCH,Escuela Superior Politécnica de Chimborazo,GEOLOGÍA,1,evaluar el impacto ambiental de yacimientos y zonas industriales,skill/competence,cross-sector,0.9345,http://data.europa.eu/esco/skill/f12f094b-492f-4e88-b36b-50b8e58b7500
ESPOCH,Escuela Superior Politécnica de Chimborazo,GEOLOGÍA,2,reaccionar ante emergencias mineras,skill/competence,cross-sector,0.8848,http://data.europa.eu/esco/skill/3938da70-dd7a-4092-b039-10c2218867fd
ESPOCH,Escuela Superior Politécnica de Chimborazo,GEOLOGÍA,3,gestionar el impacto medioambiental de las operaciones,skill/competence,cross-sector,0.8808,http://data.europa.eu/esco/skill/d86babea-bf8b-4552-81a8-daf706066ad6
ESPOCH,Escuela Superior Politécnica de Chimborazo,GEOLOGÍA,4,gestionar impacto ambiental,skill/competence,cross-sector,0.8801,http://data.europa.eu/esco/skill/d3a8ef9c-8572-438c-91dc-010537070be3
ESPOCH,Escuela Superior Politécnica de Chimborazo,GEOLOGÍA,5,diseñar escombreras de minas,skill/competence,cross-sector,0.8781,http://data.europa.eu/esco/skill/cfbe1cdb-1738-45a1-b442-75cbda1fff06
ESPOCH,Escuela Superior Politécnica de Chimborazo,GEOLOGÍA,6,detectar peligros en el lugar de trabajo,skill/competence,cross-sector,0.8756,http://data.europa.eu/esco/skill/5f97fac8-2001-4b81-ae8b-22f9062d921a
ESPOCH,Escuela Superior Politécnica de Chimborazo,GEOLOGÍA,7,analizar modelos de negocio,skill/competence,cross-sector,0.8752,http://data.europa.eu/esco/skill/3c1cbc5e-2220-4f45-bcc8-3d52c8c9cae0
ESPOCH,Escuela Superior Politécnica de Chimborazo,GEOLOGÍA,8,realizar estudios de mercado,skill/competence,cross-sector,0.8735,http://data.europa.eu/esco/skill/fe39d4db-4cb5-4299-bb9f-896c8fd6ab13
ESPOCH,Escuela Superior Politécnica de Chimborazo,GEOLOGÍA,9,evaluar las necesidades energéticas,skill/competence,cross-sector,0.8732,http://data.europa.eu/esco/skill/36fccad9-1d20-4104-bcc2-a8ea9d1ce5ea
ESPOCH,Escuela Superior Politécnica de Chimborazo,GEOLOGÍA,10,realizar procedimientos de análisis de agua,skill/competence,cross-sector,0.8725,http://data.europa.eu/esco/skill/e80f9e50-71ff-4bb7-8b7d-eb232685d17f
ESPOCH,Escuela Superior Politécnica de Chimborazo,GEOLOGÍA,11,"realizar evaluaciones de salud, seguridad y medioambiente",skill/competence,cross-sector,0.8715,http://data.europa.eu/esco/skill/101d63ee-bb22-4a7c-9e0a-c2716063696a
ESPOCH,Escuela Superior Politécnica de Chimborazo,GEOLOGÍA,12,manipular combustibles,skill/competence,cross-sector,0.8706,http://data.europa.eu/esco/skill/2035c565-f0df-4efa-99fc-09a42f18c158
ESPOCH,Escuela Superior Politécnica de Chimborazo,GEOLOGÍA,13,coordinar comunicaciones en situaciones de emergencia en operaciones mineras,skill/competence,cross-sector,0.87,http://data.europa.eu/esco/skill/707ff33d-d130-4e61-8a2a-6e8b023be9fc
ESPOCH,Escuela Superior Politécnica de Chimborazo,GEOLOGÍA,14,gestionar equipos pesados,skill/competence,cross-sector,0.87,http://data.europa.eu/esco/skill/2a314d49-c071-403b-9cc8-75aea53e7859
ESPOCH,Escuela Superior Politécnica de Chimborazo,GEOLOGÍA,15,trabajar con sustancias químicas,skill/competence,cross-sector,0.8696,http://data.europa.eu/esco/skill/929a997b-d56c-4383-b36d-6de9fa0e1721
ESPOCH,Escuela Superior Politécnica de Chimborazo,GEOLOGÍA,16,realizar auditorías ambientales,skill/competence,cross-sector,0.8696,http://data.europa.eu/esco/skill/60ab2bf7-c812-4a88-86c0-7c81a9b2f77c
ESPOCH,Escuela Superior Politécnica de Chimborazo,GEOLOGÍA,17,analizar las tendencias del mercado de la energía,skill/competence,cross-sector,0.8662,http://data.europa.eu/esco/skill/28878fd9-9a17-452a-b3b8-5db5c63d7905
ESPOCH,Escuela Superior Politécnica de Chimborazo,GEOLOGÍA,18,evaluar el impacto de las actividades industriales,skill/competence,cross-sector,0.8661,http://data.europa.eu/esco/skill/1c9bb265-6ff7-428e-9a72-9c8df75178b8
ESPOCH,Escuela Superior Politécnica de Chimborazo,GEOLOGÍA,19,gestionar empresas de producción,skill/competence,cross-sector,0.8659,http://data.europa.eu/esco/skill/435d1751-8667-41ec-8b32-865b7cd3c684
ESPOCH,Escuela Superior Politécnica de Chimborazo,GEOLOGÍA,20,realizar actividades de gestión energética en instalaciones,skill/competence,cross-sector,0.8658,http://data.europa.eu/esco/skill/885808f7-f42b-406e-95f2-28efcd45ddda
ESPOCH,Escuela Superior Politécnica de Chimborazo,GEOLOGÍA,21,gestionar presupuestos de transportistas potenciales,skill/competence,cross-sector,0.8654,http://data.europa.eu/esco/skill/25d8dedb-a557-441a-8aeb-2d618b79abe9
ESPOCH,Escuela Superior Politécnica de Chimborazo,GEOLOGÍA,22,planificar procesos de fabricación,skill/competence,cross-sector,0.8651,http://data.europa.eu/esco/skill/7d0f33ea-e724-4d77-8b75-ee4fe66bb9ba
ESPOCH,Escuela Superior Politécnica de Chimborazo,GEOLOGÍA,23,manipular madera,skill/competence,cross-sector,0.8648,http://data.europa.eu/esco/skill/c8186be4-15d4-4347-b34a-53bee7015f79
ESPOCH,Escuela Superior Politécnica de Chimborazo,GEOLOGÍA,24,realizar mediciones relacionadas con el trabajo,skill/competence,cross-sector,0.8647,http://data.europa.eu/esco/skill/ab75d510-ac75-482d-b671-bb3bad741f07
ESPOCH,Escuela Superior Politécnica de Chimborazo,GEOLOGÍA,25,utilizar métodos de análisis de datos logísticos,skill/competence,cross-sector,0.8644,http://data.europa.eu/esco/skill/6f993130-082b-4732-b62f-52cdf2096ad9
ESPOCH,Escuela Superior Politécnica de Chimborazo,MATEMÁTICA,1,ejecutar cálculos matemáticos analíticos,skill/competence,cross-sector,0.9068,http://data.europa.eu/esco/skill/31c69100-b612-4a61-8db5-fd314318854c
ESPOCH,Escuela Superior Politécnica de Chimborazo,MATEMÁTICA,2,presentar informes,skill/competence,cross-sector,0.8866,http://data.europa.eu/esco/skill/d0f2f8a7-d935-4a6d-8e54-dcc3e5e2cbeb
ESPOCH,Escuela Superior Politécnica de Chimborazo,MATEMÁTICA,3,comunicar información matemática,skill/competence,cross-sector,0.8846,http://data.europa.eu/esco/skill/a5826fe3-8df6-4fa8-adad-b7116864588f
ESPOCH,Escuela Superior Politécnica de Chimborazo,MATEMÁTICA,4,aplicar competencias matemáticas,skill/competence,cross-sector,0.8812,http://data.europa.eu/esco/skill/5dd01a1e-7ba0-4b7f-a76c-ed811c12bfde
ESPOCH,Escuela Superior Politécnica de Chimborazo,MATEMÁTICA,5,gestionar datos cuantitativos,skill/competence,cross-sector,0.8789,http://data.europa.eu/esco/skill/57231a22-4da7-49c8-97b8-75672feadf1e
ESPOCH,Escuela Superior Politécnica de Chimborazo,MATEMÁTICA,6,realizar cálculos,skill/competence,transversal,0.8785,http://data.europa.eu/esco/skill/19ba11f3-9c99-41fd-a7c9-f77e6a026186
ESPOCH,Escuela Superior Politécnica de Chimborazo,MATEMÁTICA,7,elaborar estrategias para resolver problemas,skill/competence,cross-sector,0.8734,http://data.europa.eu/esco/skill/7a8fb784-67fa-41e9-a75c-6b491d91f800
ESPOCH,Escuela Superior Politécnica de Chimborazo,MATEMÁTICA,8,utilizar modelos informáticos especializados para predecir el tiempo,skill/competence,cross-sector,0.8731,http://data.europa.eu/esco/skill/206f5738-e91f-4390-84a2-fcb864bc11b1
ESPOCH,Escuela Superior Politécnica de Chimborazo,MATEMÁTICA,9,resolver problemas,skill/competence,transversal,0.8728,http://data.europa.eu/esco/skill/adc6dc11-3376-467b-96c5-9b0a21edc869
ESPOCH,Escuela Superior Politécnica de Chimborazo,MATEMÁTICA,10,crear soluciones para problemas,skill/competence,cross-sector,0.8728,http://data.europa.eu/esco/skill/03b9b491-fc9b-4868-914a-bf7cd47b5041
ESPOCH,Escuela Superior Politécnica de Chimborazo,MATEMÁTICA,11,crear soluciones para problemas informativos,skill/competence,cross-sector,0.8724,http://data.europa.eu/esco/skill/4539aeca-b56f-4d03-ba86-8f675a7f2536
ESPOCH,Escuela Superior Politécnica de Chimborazo,MATEMÁTICA,12,interpretar información matemática,skill/competence,transversal,0.8713,http://data.europa.eu/esco/skill/6fc6f757-6baa-49fe-9a82-6ba6a52f2e13
ESPOCH,Escuela Superior Politécnica de Chimborazo,MATEMÁTICA,13,diseñar infografías,skill/competence,cross-sector,0.8711,http://data.europa.eu/esco/skill/f058bf62-70d1-4f5e-be2a-8b26fac24a96
ESPOCH,Escuela Superior Politécnica de Chimborazo,MATEMÁTICA,14,gestionar datos de investigación,skill/competence,cross-sector,0.8703,http://data.europa.eu/esco/skill/08b04e53-ed25-41a2-9f90-0b9cd939ba3d
ESPOCH,Escuela Superior Politécnica de Chimborazo,MATEMÁTICA,15,gestionar sistemas de instrumentación,skill/competence,cross-sector,0.8701,http://data.europa.eu/esco/skill/5d71a91f-cc72-4b66-b6e3-d75ecc05e235
ESPOCH,Escuela Superior Politécnica de Chimborazo,MATEMÁTICA,16,realizar contabilidad forense,skill/competence,cross-sector,0.8697,http://data.europa.eu/esco/skill/29d80dad-95f7-440c-bda2-22fe93155260
ESPOCH,Escuela Superior Politécnica de Chimborazo,MATEMÁTICA,17,trabajar con sustancias químicas,skill/competence,cross-sector,0.8696,http://data.europa.eu/esco/skill/929a997b-d56c-4383-b36d-6de9fa0e1721
ESPOCH,Escuela Superior Politécnica de Chimborazo,MATEMÁTICA,18,aplicar métodos de análisis estadísticos,skill/competence,cross-sector,0.8678,http://data.europa.eu/esco/skill/382c11ed-20d5-4ae7-b60e-15fec527fa6c
ESPOCH,Escuela Superior Politécnica de Chimborazo,MATEMÁTICA,19,desarrollar modelos para la predicción meteorológica,skill/competence,cross-sector,0.8675,http://data.europa.eu/esco/skill/669edd06-1de6-4d01-8029-3e64a3754001
ESPOCH,Escuela Superior Politécnica de Chimborazo,MATEMÁTICA,20,realizar búsquedas en internet,skill/competence,transversal,0.8663,http://data.europa.eu/esco/skill/ba93b71b-c433-4a01-8246-ed2daa85a9a2
ESPOCH,Escuela Superior Politécnica de Chimborazo,MATEMÁTICA,21,comunicar cuestiones técnicas a los clientes,skill/competence,cross-sector,0.8657,http://data.europa.eu/esco/skill/652da95d-b336-497a-bce5-1c29a674eecb
ESPOCH,Escuela Superior Politécnica de Chimborazo,MATEMÁTICA,22,informar sobre resultados de tratamientos,skill/competence,cross-sector,0.8649,http://data.europa.eu/esco/skill/d05d0dc5-95f6-4287-8884-f54fcfea5178
ESPOCH,Escuela Superior Politécnica de Chimborazo,MATEMÁTICA,23,redactar informes de producción,skill/competence,cross-sector,0.8649,http://data.europa.eu/esco/skill/7f18c3a2-f1ce-4db2-a354-9417691b5a43
ESPOCH,Escuela Superior Politécnica de Chimborazo,MATEMÁTICA,24,asesorar sobre programas de estudio,skill/competence,cross-sector,0.8645,http://data.europa.eu/esco/skill/bd420d08-880b-43bc-a808-d46ad3115168
ESPOCH,Escuela Superior Politécnica de Chimborazo,MATEMÁTICA,25,analizar datos,skill/competence,cross-sector,0.8639,http://data.europa.eu/esco/skill/a571ae14-3e16-4fd3-a615-5646e0b0b696
UCE,Universidad Central del Ecuador,ADMINISTRACIÓN DE EMPRESAS,1,gestionar empresas de producción,skill/competence,cross-sector,0.8871,http://data.europa.eu/esco/skill/435d1751-8667-41ec-8b32-865b7cd3c684
UCE,Universidad Central del Ecuador,ADMINISTRACIÓN DE EMPRESAS,2,gestionar recursos humanos,skill/competence,cross-sector,0.882,http://data.europa.eu/esco/skill/339ac029-066a-4985-9f9d-b3d7c8fea0bb
UCE,Universidad Central del Ecuador,ADMINISTRACIÓN DE EMPRESAS,3,realizar diversas tareas organizativas en la empresa,skill/competence,cross-sector,0.8706,http://data.europa.eu/esco/skill/01755f08-4df4-4cf0-8d22-08f94cad68b5
UCE,Universidad Central del Ecuador,ADMINISTRACIÓN DE EMPRESAS,4,participar en las operaciones cotidianas de la empresa,skill/competence,cross-sector,0.8699,http://data.europa.eu/esco/skill/ce4cbc3a-bde0-43b4-9526-e643c4fe5b04
UCE,Universidad Central del Ecuador,ADMINISTRACIÓN DE EMPRESAS,5,tomar decisiones empresariales estratégicas,skill/competence,cross-sector,0.8681,http://data.europa.eu/esco/skill/f60c9e52-95fc-4ca1-a73c-18a491153b63
UCE,Universidad Central del Ecuador,ADMINISTRACIÓN DE EMPRESAS,6,analizar procesos empresariales,skill/competence,cross-sector,0.8676,http://data.europa.eu/esco/skill/56042303-972b-41be-9310-58467599ff7e
UCE,Universidad Central del Ecuador,ADMINISTRACIÓN DE EMPRESAS,7,comunicarse con los jefes y directivos,skill/competence,cross-sector,0.8674,http://data.europa.eu/esco/skill/f14ff4b7-be1e-4b55-b39b-520005f8a97e
UCE,Universidad Central del Ecuador,ADMINISTRACIÓN DE EMPRESAS,8,ejercer el control del gasto,skill/competence,cross-sector,0.8671,http://data.europa.eu/esco/skill/b08ec8ff-1a3e-4cc3-8016-9520b21666a6
UCE,Universidad Central del Ecuador,ADMINISTRACIÓN DE EMPRESAS,9,gestionar los programas públicos,skill/competence,cross-sector,0.8671,http://data.europa.eu/esco/skill/0761f325-13e7-49f4-a41a-ec64ba4e7b9d
UCE,Universidad Central del Ecuador,ADMINISTRACIÓN DE EMPRESAS,10,gestionar aspectos administrativos de eventos,skill/competence,cross-sector,0.867,http://data.europa.eu/esco/skill/707e9935-d3e3-4d5a-b07d-60916081de15
UCE,Universidad Central del Ecuador,ADMINISTRACIÓN DE EMPRESAS,11,interactuar con el consejo de administración,skill/competence,cross-sector,0.8667,http://data.europa.eu/esco/skill/28f637e1-15fc-462d-ba10-5908fd438a0e
UCE,Universidad Central del Ecuador,ADMINISTRACIÓN DE EMPRESAS,12,gestionar proyectos de investigación y desarrollo,skill/competence,cross-sector,0.8662,http://data.europa.eu/esco/skill/d5dbc342-8e39-4998-8237-ebbe05a381ce
UCE,Universidad Central del Ecuador,ADMINISTRACIÓN DE EMPRESAS,13,gestionar varios proyectos,skill/competence,cross-sector,0.8661,http://data.europa.eu/esco/skill/c881ddd2-9c0e-4743-bd24-36be650493dd
UCE,Universidad Central del Ecuador,ADMINISTRACIÓN DE EMPRESAS,14,gestionar programas de formación en la empresa,skill/competence,cross-sector,0.8655,http://data.europa.eu/esco/skill/6e66fa0f-4d3b-415e-9693-dc556eb5112a
UCE,Universidad Central del Ecuador,ADMINISTRACIÓN DE EMPRESAS,15,asesorar sobre asuntos financieros,skill/competence,cross-sector,0.8652,http://data.europa.eu/esco/skill/79c36c91-28a5-44b7-ab9b-7093b2d4b21e
UCE,Universidad Central del Ecuador,ADMINISTRACIÓN DE EMPRESAS,16,asesorar sobre políticas de gestión sostenible,skill/competence,cross-sector,0.8652,http://data.europa.eu/esco/skill/6742977a-aa00-4c8c-9861-898b0373907e
UCE,Universidad Central del Ecuador,ADMINISTRACIÓN DE EMPRESAS,17,mejorar procesos empresariales,skill/competence,cross-sector,0.8651,http://data.europa.eu/esco/skill/75b30aeb-34c0-40f4-b77d-271d75a98b14
UCE,Universidad Central del Ecuador,ADMINISTRACIÓN DE EMPRESAS,18,gestionar los aspectos financieros de una empresa,skill/competence,cross-sector,0.8639,http://data.europa.eu/esco/skill/fa6acfc3-0a4f-4192-b77d-80e94d0faf2a
UCE,Universidad Central del Ecuador,ADMINISTRACIÓN DE EMPRESAS,19,asesorar sobre gestión de conflictos,skill/competence,cross-sector,0.8634,http://data.europa.eu/esco/skill/9091c8e5-9357-4c29-bceb-ddb1792c22e8
UCE,Universidad Central del Ecuador,ADMINISTRACIÓN DE EMPRESAS,20,gestionar operaciones financieras,skill/competence,cross-sector,0.8633,http://data.europa.eu/esco/skill/f7e7ccb6-fadc-4c35-935d-e1040be40dfe
UCE,Universidad Central del Ecuador,ADMINISTRACIÓN DE EMPRESAS,21,realizar tareas administrativas,skill/competence,cross-sector,0.8629,http://data.europa.eu/esco/skill/ab986bc4-df92-4351-9ac1-aa75af943cf7
UCE,Universidad Central del Ecuador,ADMINISTRACIÓN DE EMPRESAS,22,asesorar sobre la gestión del personal,skill/competence,cross-sector,0.8627,http://data.europa.eu/esco/skill/1212ac42-2564-4fce-80e1-6ce4ea4d9bf5
UCE,Universidad Central del Ecuador,ADMINISTRACIÓN DE EMPRESAS,23,formar equipos dentro de la empresa en base a las competencias,skill/competence,cross-sector,0.8625,http://data.europa.eu/esco/skill/f1155d3f-fbca-4298-a31c-f6955653bacf
UCE,Universidad Central del Ecuador,ADMINISTRACIÓN DE EMPRESAS,24,realizar una planificación estratégica,skill/competence,cross-sector,0.8621,http://data.europa.eu/esco/skill/f7b5d916-52f0-4865-b6a6-e1a3b711cb5e
UCE,Universidad Central del Ecuador,ADMINISTRACIÓN DE EMPRESAS,25,informar sobre la gestión general de una empresa,skill/competence,cross-sector,0.8619,http://data.europa.eu/esco/skill/307ffd2d-8fb3-43ff-8ad8-4052382f8f83
UCE,Universidad Central del Ecuador,COMPUTACIÓN,1,diseñar sistemas de control,skill/competence,cross-sector,0.8899,http://data.europa.eu/esco/skill/d560df46-dda4-4407-bab2-b87353a96814
UCE,Universidad Central del Ecuador,COMPUTACIÓN,2,ejecutar cálculos matemáticos analíticos,skill/competence,cross-sector,0.8845,http://data.europa.eu/esco/skill/31c69100-b612-4a61-8db5-fd314318854c
UCE,Universidad Central del Ecuador,COMPUTACIÓN,3,montar máquinas,skill/competence,cross-sector,0.8819,http://data.europa.eu/esco/skill/87a0c0e6-c114-4ea1-b2d0-933bce1f3c5f
UCE,Universidad Central del Ecuador,COMPUTACIÓN,4,crear soluciones para problemas informativos,skill/competence,cross-sector,0.8778,http://data.europa.eu/esco/skill/4539aeca-b56f-4d03-ba86-8f675a7f2536
UCE,Universidad Central del Ecuador,COMPUTACIÓN,5,resolver problemas de sistemas TIC,skill/competence,cross-sector,0.8763,http://data.europa.eu/esco/skill/9e06bac6-6b91-48ca-8b7d-c1f48cdecd7c
UCE,Universidad Central del Ecuador,COMPUTACIÓN,6,diseñar sistemas electromecánicos,skill/competence,cross-sector,0.8761,http://data.europa.eu/esco/skill/c5422318-3218-4ce9-9bdd-f38b93ff63a3
UCE,Universidad Central del Ecuador,COMPUTACIÓN,7,gestionar sistemas de instrumentación,skill/competence,cross-sector,0.8749,http://data.europa.eu/esco/skill/5d71a91f-cc72-4b66-b6e3-d75ecc05e235
UCE,Universidad Central del Ecuador,COMPUTACIÓN,8,gestionar datos cuantitativos,skill/competence,cross-sector,0.8744,http://data.europa.eu/esco/skill/57231a22-4da7-49c8-97b8-75672feadf1e
UCE,Universidad Central del Ecuador,COMPUTACIÓN,9,detectar y corregir errores de las tecnologías de la información y de las comunicaciones,skill/competence,cross-sector,0.8729,http://data.europa.eu/esco/skill/744442ac-c157-4350-8be0-ce454df4f5c5
UCE,Universidad Central del Ecuador,COMPUTACIÓN,10,resolver problemas técnicos,skill/competence,cross-sector,0.8729,http://data.europa.eu/esco/skill/14832d87-2f2f-4895-b290-e4760ebae42a
UCE,Universidad Central del Ecuador,COMPUTACIÓN,11,resolver problemas,skill/competence,transversal,0.8721,http://data.europa.eu/esco/skill/adc6dc11-3376-467b-96c5-9b0a21edc869
UCE,Universidad Central del Ecuador,COMPUTACIÓN,12,gestionar datos de investigación,skill/competence,cross-sector,0.872,http://data.europa.eu/esco/skill/08b04e53-ed25-41a2-9f90-0b9cd939ba3d
UCE,Universidad Central del Ecuador,COMPUTACIÓN,13,asesorar a la clientela acerca de las posibilidades técnicas,skill/competence,cross-sector,0.8708,http://data.europa.eu/esco/skill/7b3abd38-61ae-42a4-88bb-0884784f9ee1
UCE,Universidad Central del Ecuador,COMPUTACIÓN,14,analizar datos de carácter ecológico,skill/competence,cross-sector,0.8707,http://data.europa.eu/esco/skill/5354a726-ee64-4f34-90f8-8436f9f374b8
UCE,Universidad Central del Ecuador,COMPUTACIÓN,15,Proponer soluciones tecnológicas a problemas empresariales,skill/competence,cross-sector,0.8705,http://data.europa.eu/esco/skill/07e51c60-763a-4335-b4ec-70a15f66d328
UCE,Universidad Central del Ecuador,COMPUTACIÓN,16,utilizar herramientas informáticas,skill/competence,cross-sector,0.8699,http://data.europa.eu/esco/skill/f632251a-4078-4546-b19f-7ef528d08325
UCE,Universidad Central del Ecuador,COMPUTACIÓN,17,elaborar estrategias para resolver problemas,skill/competence,cross-sector,0.8697,http://data.europa.eu/esco/skill/7a8fb784-67fa-41e9-a75c-6b491d91f800
UCE,Universidad Central del Ecuador,COMPUTACIÓN,18,gestionar empresas de producción,skill/competence,cross-sector,0.8686,http://data.europa.eu/esco/skill/435d1751-8667-41ec-8b32-865b7cd3c684
UCE,Universidad Central del Ecuador,COMPUTACIÓN,19,"aplicar conocimientos científicos, tecnológicos y de ingeniería",skill/competence,transversal,0.8685,http://data.europa.eu/esco/skill/5c3ab99d-a3f1-4620-9602-d12d2151a03d
UCE,Universidad Central del Ecuador,COMPUTACIÓN,20,crear soluciones para problemas,skill/competence,cross-sector,0.8684,http://data.europa.eu/esco/skill/03b9b491-fc9b-4868-914a-bf7cd47b5041
UCE,Universidad Central del Ecuador,COMPUTACIÓN,21,gestionar bases de datos,skill/competence,cross-sector,0.8678,http://data.europa.eu/esco/skill/29fb0fb5-dfc4-4098-ac9b-3a712000f48f
UCE,Universidad Central del Ecuador,COMPUTACIÓN,22,gestionar equipos pesados,skill/competence,cross-sector,0.8675,http://data.europa.eu/esco/skill/2a314d49-c071-403b-9cc8-75aea53e7859
UCE,Universidad Central del Ecuador,COMPUTACIÓN,23,gestionar proyectos de investigación y desarrollo,skill/competence,cross-sector,0.8675,http://data.europa.eu/esco/skill/d5dbc342-8e39-4998-8237-ebbe05a381ce
UCE,Universidad Central del Ecuador,COMPUTACIÓN,24,controlar maquinaria pesada,skill/competence,cross-sector,0.8667,http://data.europa.eu/esco/skill/4853efe8-0cdd-42d1-bc5a-6ba5fa9a8b2c
UCE,Universidad Central del Ecuador,COMPUTACIÓN,25,utilizar modelos informáticos especializados para predecir el tiempo,skill/competence,cross-sector,0.8665,http://data.europa.eu/esco/skill/206f5738-e91f-4390-84a2-fcb864bc11b1
UCE,Universidad Central del Ecuador,ECONOMÍA,1,asesorar sobre el desarrollo económico,skill/competence,cross-sector,0.8915,http://data.europa.eu/esco/skill/384ed14c-bf1f-4a65-aef6-6e711f43c4ce
UCE,Universidad Central del Ecuador,ECONOMÍA,2,analizar las tendencias económicas,skill/competence,cross-sector,0.8905,http://data.europa.eu/esco/skill/5f302d63-048e-451c-b150-97c124a5a26b
UCE,Universidad Central del Ecuador,ECONOMÍA,3,elaborar software estadístico,skill/competence,cross-sector,0.8885,http://data.europa.eu/esco/skill/bb165899-d95f-4433-95f2-173fefd716d2
UCE,Universidad Central del Ecuador,ECONOMÍA,4,asesorar sobre políticas de gestión sostenible,skill/competence,cross-sector,0.8856,http://data.europa.eu/esco/skill/6742977a-aa00-4c8c-9861-898b0373907e
UCE,Universidad Central del Ecuador,ECONOMÍA,5,elaborar políticas de economía,skill/competence,cross-sector,0.8839,http://data.europa.eu/esco/skill/8394fefb-f62a-48c0-a156-3117cefdb9b3
UCE,Universidad Central del Ecuador,ECONOMÍA,6,observar nuevas evoluciones en países extranjeros,skill/competence,cross-sector,0.8836,http://data.europa.eu/esco/skill/2f4d68be-6e9f-46fa-9398-0573e900b5e3
UCE,Universidad Central del Ecuador,ECONOMÍA,7,evaluar el impacto ambiental de yacimientos y zonas industriales,skill/competence,cross-sector,0.8813,http://data.europa.eu/esco/skill/f12f094b-492f-4e88-b36b-50b8e58b7500
UCE,Universidad Central del Ecuador,ECONOMÍA,8,realizar estudios de mercado,skill/competence,cross-sector,0.8808,http://data.europa.eu/esco/skill/fe39d4db-4cb5-4299-bb9f-896c8fd6ab13
UCE,Universidad Central del Ecuador,ECONOMÍA,9,analizar modelos de negocio,skill/competence,cross-sector,0.8802,http://data.europa.eu/esco/skill/3c1cbc5e-2220-4f45-bcc8-3d52c8c9cae0
UCE,Universidad Central del Ecuador,ECONOMÍA,10,asesorar sobre política tributaria,skill/competence,cross-sector,0.8801,http://data.europa.eu/esco/skill/b5feaf25-3975-4e74-85fd-4470e344ba2e
UCE,Universidad Central del Ecuador,ECONOMÍA,11,evaluar presupuestos,skill/competence,cross-sector,0.8784,http://data.europa.eu/esco/skill/6556cbf1-d5c0-4f53-89a9-8707066069a6
UCE,Universidad Central del Ecuador,ECONOMÍA,12,"llevar a cabo análisis de factores políticos, económicos, sociales, tecnológicos, ambientales y jurídicos",skill/competence,cross-sector,0.8779,http://data.europa.eu/esco/skill/9979e727-3104-42e0-8f41-4af2578111ea
UCE,Universidad Central del Ecuador,ECONOMÍA,13,gestionar los programas públicos,skill/competence,cross-sector,0.8773,http://data.europa.eu/esco/skill/0761f325-13e7-49f4-a41a-ec64ba4e7b9d
UCE,Universidad Central del Ecuador,ECONOMÍA,14,predecir tendencias económicas,skill/competence,cross-sector,0.8756,http://data.europa.eu/esco/skill/f2a34d6b-131a-4b8f-a110-898b9c91d18f
UCE,Universidad Central del Ecuador,ECONOMÍA,15,evaluar los programas de estudio,skill/competence,cross-sector,0.8754,http://data.europa.eu/esco/skill/3b660a83-91c3-4c9d-8f82-2d306777a42f
UCE,Universidad Central del Ecuador,ECONOMÍA,16,analizar datos de carácter ecológico,skill/competence,cross-sector,0.8731,http://data.europa.eu/esco/skill/5354a726-ee64-4f34-90f8-8436f9f374b8
UCE,Universidad Central del Ecuador,ECONOMÍA,17,pronosticar niveles futuros de desarrollo empresarial,skill/competence,cross-sector,0.872,http://data.europa.eu/esco/skill/ab167ae1-dfd8-4607-8dc4-d6d500622e1d
UCE,Universidad Central del Ecuador,ECONOMÍA,18,realizar un análisis empresarial,skill/competence,cross-sector,0.872,http://data.europa.eu/esco/skill/27ed854c-15b8-4ba2-90e9-ae888a219703
UCE,Universidad Central del Ecuador,ECONOMÍA,19,evaluar la viabilidad de la implementación de desarrollos,skill/competence,cross-sector,0.8715,http://data.europa.eu/esco/skill/21056f6a-8a85-4eb0-b709-468578b809e0
UCE,Universidad Central del Ecuador,ECONOMÍA,20,evaluar los factores de riesgo,skill/competence,cross-sector,0.8711,http://data.europa.eu/esco/skill/d7b66759-c40c-44de-9f31-9418f84e10c5
UCE,Universidad Central del Ecuador,ECONOMÍA,21,asesorar sobre estrategias de mercado,skill/competence,cross-sector,0.8708,http://data.europa.eu/esco/skill/34d6ed30-5d35-44b9-9498-fd15badb5f28
UCE,Universidad Central del Ecuador,ECONOMÍA,22,asesorar sobre recuperación ambiental,skill/competence,cross-sector,0.8698,http://data.europa.eu/esco/skill/b422efe7-b151-4120-86ae-db11a48dd0fa
UCE,Universidad Central del Ecuador,ECONOMÍA,23,analizar las tendencias del mercado de la energía,skill/competence,cross-sector,0.8694,http://data.europa.eu/esco/skill/28878fd9-9a17-452a-b3b8-5db5c63d7905
UCE,Universidad Central del Ecuador,ECONOMÍA,24,asesorar sobre temas relacionados con la meteorología,skill/competence,cross-sector,0.8685,http://data.europa.eu/esco/skill/274ad409-c740-4e85-852b-7e3f3168b9ca
UCE,Universidad Central del Ecuador,ECONOMÍA,25,asesorar a los legisladores,skill/competence,cross-sector,0.8681,http://data.europa.eu/esco/skill/27a87847-f6cc-4e49-af0b-3d17da351af6
UCE,Universidad Central del Ecuador,INGENIERÍA AMBIENTAL,1,evaluar el impacto ambiental de yacimientos y zonas industriales,skill/competence,cross-sector,0.8963,http://data.europa.eu/esco/skill/f12f094b-492f-4e88-b36b-50b8e58b7500
UCE,Universidad Central del Ecuador,INGENIERÍA AMBIENTAL,2,gestionar el impacto medioambiental de las operaciones,skill/competence,cross-sector,0.892,http://data.europa.eu/esco/skill/d86babea-bf8b-4552-81a8-daf706066ad6
UCE,Universidad Central del Ecuador,INGENIERÍA AMBIENTAL,3,diseñar escombreras de minas,skill/competence,cross-sector,0.8849,http://data.europa.eu/esco/skill/cfbe1cdb-1738-45a1-b442-75cbda1fff06
UCE,Universidad Central del Ecuador,INGENIERÍA AMBIENTAL,4,realizar auditorías ambientales,skill/competence,cross-sector,0.8844,http://data.europa.eu/esco/skill/60ab2bf7-c812-4a88-86c0-7c81a9b2f77c
UCE,Universidad Central del Ecuador,INGENIERÍA AMBIENTAL,5,gestionar impacto ambiental,skill/competence,cross-sector,0.8834,http://data.europa.eu/esco/skill/d3a8ef9c-8572-438c-91dc-010537070be3
UCE,Universidad Central del Ecuador,INGENIERÍA AMBIENTAL,6,supervisar sistemas de gestión ambiental,skill/competence,cross-sector,0.8797,http://data.europa.eu/esco/skill/b13e0689-636d-42d0-86c3-df9d6f85a882
UCE,Universidad Central del Ecuador,INGENIERÍA AMBIENTAL,7,asesorar sobre políticas de gestión sostenible,skill/competence,cross-sector,0.8767,http://data.europa.eu/esco/skill/6742977a-aa00-4c8c-9861-898b0373907e
UCE,Universidad Central del Ecuador,INGENIERÍA AMBIENTAL,8,asesorar sobre sistemas de gestión de riesgos ambientales,skill/competence,cross-sector,0.875,http://data.europa.eu/esco/skill/a366bfc5-8d17-4792-a9f0-db0951528dda
UCE,Universidad Central del Ecuador,INGENIERÍA AMBIENTAL,9,asesorar sobre recuperación ambiental,skill/competence,cross-sector,0.8734,http://data.europa.eu/esco/skill/b422efe7-b151-4120-86ae-db11a48dd0fa
UCE,Universidad Central del Ecuador,INGENIERÍA AMBIENTAL,10,asesorar sobre procedimientos de gestión de residuos,skill/competence,cross-sector,0.8711,http://data.europa.eu/esco/skill/f82b05a7-128b-4a72-a815-044ff6062f62
UCE,Universidad Central del Ecuador,INGENIERÍA AMBIENTAL,11,controlar el entorno acuático de producción,skill/competence,cross-sector,0.8697,http://data.europa.eu/esco/skill/9a0c96a2-8ffb-4384-b9e8-8928e7f86e23
UCE,Universidad Central del Ecuador,INGENIERÍA AMBIENTAL,12,aplicar medidas de protección del medioambiente,skill/competence,cross-sector,0.8673,http://data.europa.eu/esco/skill/f6d7ba88-5234-4994-944d-843ca453c923
UCE,Universidad Central del Ecuador,INGENIERÍA AMBIENTAL,13,asesorar sobre temas relacionados con la meteorología,skill/competence,cross-sector,0.8658,http://data.europa.eu/esco/skill/274ad409-c740-4e85-852b-7e3f3168b9ca
UCE,Universidad Central del Ecuador,INGENIERÍA AMBIENTAL,14,garantizar el cumplimiento de la legislación ambiental,skill/competence,cross-sector,0.8652,http://data.europa.eu/esco/skill/089ee650-297e-4716-87d1-440743b70a0d
UCE,Universidad Central del Ecuador,INGENIERÍA AMBIENTAL,15,evaluar el impacto ambiental,skill/competence,cross-sector,0.8627,http://data.europa.eu/esco/skill/e541c69c-ea80-4b17-87cb-4001d0b9d303
UCE,Universidad Central del Ecuador,INGENIERÍA AMBIENTAL,16,ingeniería ambiental,knowledge,cross-sector,0.8614,http://data.europa.eu/esco/skill/b1b118c4-3291-484e-b64d-6d51fd5da8b3
UCE,Universidad Central del Ecuador,INGENIERÍA AMBIENTAL,17,gestionar los programas públicos,skill/competence,cross-sector,0.8612,http://data.europa.eu/esco/skill/0761f325-13e7-49f4-a41a-ec64ba4e7b9d
UCE,Universidad Central del Ecuador,INGENIERÍA AMBIENTAL,18,sensibilizar sobre el medioambiente,skill/competence,cross-sector,0.8611,http://data.europa.eu/esco/skill/8abdc43c-2bfd-417c-97c2-27fcdaf53171
UCE,Universidad Central del Ecuador,INGENIERÍA AMBIENTAL,19,garantizar el cumplimiento de las regulaciones legislativas sobre residuos,skill/competence,cross-sector,0.8597,http://data.europa.eu/esco/skill/27273605-2400-4392-a6d6-cc8161a2d445
UCE,Universidad Central del Ecuador,INGENIERÍA AMBIENTAL,20,someter a auditorías a los contratistas,skill/competence,cross-sector,0.8593,http://data.europa.eu/esco/skill/0520d8ba-3c24-4f75-a8b0-f883ddeed82d
UCE,Universidad Central del Ecuador,INGENIERÍA AMBIENTAL,21,evaluar el impacto de las actividades industriales,skill/competence,cross-sector,0.857,http://data.europa.eu/esco/skill/1c9bb265-6ff7-428e-9a72-9c8df75178b8
UCE,Universidad Central del Ecuador,INGENIERÍA AMBIENTAL,22,investigar quejas sobre gestiones inadecuadas de residuos,skill/competence,cross-sector,0.8562,http://data.europa.eu/esco/skill/8dcdd2f0-1784-488f-9821-82a09c4f2cee
UCE,Universidad Central del Ecuador,INGENIERÍA AMBIENTAL,23,identificar nuevas oportunidades de reciclaje,skill/competence,cross-sector,0.856,http://data.europa.eu/esco/skill/89f5fa96-ae45-4906-902c-d50ca51009c6
UCE,Universidad Central del Ecuador,INGENIERÍA AMBIENTAL,24,asesorar sobre cuestiones relativas a la energía renovable marina,skill/competence,cross-sector,0.856,http://data.europa.eu/esco/skill/610ccf09-e9f2-4268-bb93-442dde5bf26e
UCE,Universidad Central del Ecuador,INGENIERÍA AMBIENTAL,25,informar sobre cuestiones ambientales,skill/competence,cross-sector,0.856,http://data.europa.eu/esco/skill/f3cc52e3-a96c-4549-b841-6e41a846fa99
UCE,Universidad Central del Ecuador,INGENIERÍA CIVIL,1,vigilar el cumplimiento de los parámetros de los proyectos de construcción,skill/competence,cross-sector,0.8992,http://data.europa.eu/esco/skill/3dd3dfa7-51c0-40ef-af46-e2df300489f6
UCE,Universidad Central del Ecuador,INGENIERÍA CIVIL,2,garantizar el cumplimiento de los plazos de construcción,skill/competence,cross-sector,0.895,http://data.europa.eu/esco/skill/6181f475-110c-497c-a46d-ed2e14e7bc90
UCE,Universidad Central del Ecuador,INGENIERÍA CIVIL,3,gestionar los programas públicos,skill/competence,cross-sector,0.8931,http://data.europa.eu/esco/skill/0761f325-13e7-49f4-a41a-ec64ba4e7b9d
UCE,Universidad Central del Ecuador,INGENIERÍA CIVIL,4,supervisar un proyecto de construcción,skill/competence,cross-sector,0.8866,http://data.europa.eu/esco/skill/1de548e0-9535-4d2e-9d20-d4474c1ea813
UCE,Universidad Central del Ecuador,INGENIERÍA CIVIL,5,supervisar obras de construcción,skill/competence,cross-sector,0.8857,http://data.europa.eu/esco/skill/fc1a75bb-70e3-4005-881f-7709bf7b0ed4
UCE,Universidad Central del Ecuador,INGENIERÍA CIVIL,6,asesorar sobre temas de construcción,skill/competence,cross-sector,0.8848,http://data.europa.eu/esco/skill/3b64ab47-a874-403a-b781-7b23c2fc3c6c
UCE,Universidad Central del Ecuador,INGENIERÍA CIVIL,7,someter a auditorías a los contratistas,skill/competence,cross-sector,0.8842,http://data.europa.eu/esco/skill/0520d8ba-3c24-4f75-a8b0-f883ddeed82d
UCE,Universidad Central del Ecuador,INGENIERÍA CIVIL,8,examinar las infraestructuras civiles,skill/competence,cross-sector,0.8826,http://data.europa.eu/esco/skill/d48b3cfe-80b6-406f-b582-d959b60417f8
UCE,Universidad Central del Ecuador,INGENIERÍA CIVIL,9,supervisar el trabajo de planificación del diseño,skill/competence,cross-sector,0.8816,http://data.europa.eu/esco/skill/03227978-f839-4cc8-88a6-0a3c44d2c776
UCE,Universidad Central del Ecuador,INGENIERÍA CIVIL,10,revisar proyectos de construcción,skill/competence,cross-sector,0.8813,http://data.europa.eu/esco/skill/ea9fc9d9-c602-4430-a7fc-edac7429a6a8
UCE,Universidad Central del Ecuador,INGENIERÍA CIVIL,11,evaluar el impacto ambiental de yacimientos y zonas industriales,skill/competence,cross-sector,0.8799,http://data.europa.eu/esco/skill/f12f094b-492f-4e88-b36b-50b8e58b7500
UCE,Universidad Central del Ecuador,INGENIERÍA CIVIL,12,coordinar equipos de ingeniería,skill/competence,cross-sector,0.8787,http://data.europa.eu/esco/skill/7af6e9e8-1e11-4c0b-b7c6-ac96bbbbc674
UCE,Universidad Central del Ecuador,INGENIERÍA CIVIL,13,supervisar operaciones informativas diarias,skill/competence,cross-sector,0.8755,http://data.europa.eu/esco/skill/9013b46e-5a9b-4929-8918-fcadfdfd37ce
UCE,Universidad Central del Ecuador,INGENIERÍA CIVIL,14,supervisar sistemas de gestión ambiental,skill/competence,cross-sector,0.8754,http://data.europa.eu/esco/skill/b13e0689-636d-42d0-86c3-df9d6f85a882
UCE,Universidad Central del Ecuador,INGENIERÍA CIVIL,15,coordinar asociaciones público-privadas de turismo,skill/competence,cross-sector,0.8742,http://data.europa.eu/esco/skill/73b87890-d2ec-4842-b824-b4851ff12051
UCE,Universidad Central del Ecuador,INGENIERÍA CIVIL,16,supervisar el funcionamiento de los equipos,skill/competence,cross-sector,0.8736,http://data.europa.eu/esco/skill/ca17f0df-59e4-4ed2-9360-fc5325bc7151
UCE,Universidad Central del Ecuador,INGENIERÍA CIVIL,17,supervisar el trabajo de promoción,skill/competence,cross-sector,0.8731,http://data.europa.eu/esco/skill/f0a1db01-ffbd-4366-8120-add9bd134ffd
UCE,Universidad Central del Ecuador,INGENIERÍA CIVIL,18,gestionar la instalación de estructuras para eventos,skill/competence,cross-sector,0.8714,http://data.europa.eu/esco/skill/0e503b48-5491-4529-879e-b112251f8d50
UCE,Universidad Central del Ecuador,INGENIERÍA CIVIL,19,comprobar la conformidad de la construcción respecto de la normativa vigente,skill/competence,cross-sector,0.871,http://data.europa.eu/esco/skill/1b71f0d0-8e57-44dc-aaa0-3ee6fbb59991
UCE,Universidad Central del Ecuador,INGENIERÍA CIVIL,20,asegurarse de que los productos cumplen los requisitos legales,skill/competence,cross-sector,0.869,http://data.europa.eu/esco/skill/f453b1a6-c7db-4d9d-9ba3-47c45159bfe3
UCE,Universidad Central del Ecuador,INGENIERÍA CIVIL,21,elaborar planos,skill/competence,cross-sector,0.8685,http://data.europa.eu/esco/skill/bf59255e-782a-4e83-a93c-6055cfdd8e7f
UCE,Universidad Central del Ecuador,INGENIERÍA CIVIL,22,gestionar varios proyectos,skill/competence,cross-sector,0.8677,http://data.europa.eu/esco/skill/c881ddd2-9c0e-4743-bd24-36be650493dd
UCE,Universidad Central del Ecuador,INGENIERÍA CIVIL,23,supervisar vehículos que transportan mercancías peligrosas,skill/competence,cross-sector,0.8667,http://data.europa.eu/esco/skill/61484ab7-e5da-4fc1-82bd-72c3fa6ffab3
UCE,Universidad Central del Ecuador,INGENIERÍA CIVIL,24,asesorar sobre materiales de construcción,skill/competence,cross-sector,0.8661,http://data.europa.eu/esco/skill/01c03003-516d-43c6-8477-45c472413521
UCE,Universidad Central del Ecuador,INGENIERÍA CIVIL,25,gestionar el departamento creativo,skill/competence,cross-sector,0.8658,http://data.europa.eu/esco/skill/80458486-d231-48c8-b4ae-665c454772a5
UCE,Universidad Central del Ecuador,QUÍMICA,1,trabajar con sustancias químicas,skill/competence,cross-sector,0.8862,http://data.europa.eu/esco/skill/929a997b-d56c-4383-b36d-6de9fa0e1721
UCE,Universidad Central del Ecuador,QUÍMICA,2,evaluar el impacto ambiental de yacimientos y zonas industriales,skill/competence,cross-sector,0.8859,http://data.europa.eu/esco/skill/f12f094b-492f-4e88-b36b-50b8e58b7500
UCE,Universidad Central del Ecuador,QUÍMICA,3,mejorar procesos químicos,skill/competence,cross-sector,0.8858,http://data.europa.eu/esco/skill/451c8010-7dbb-4f96-b4d4-0955766d9eff
UCE,Universidad Central del Ecuador,QUÍMICA,4,realizar análisis fisicoquímicos en materiales alimentarios,skill/competence,cross-sector,0.8785,http://data.europa.eu/esco/skill/8ff67760-40b6-43fe-a6c5-6f1949fd0f0a
UCE,Universidad Central del Ecuador,QUÍMICA,5,interpretar datos científicos para determinar la calidad del agua,skill/competence,cross-sector,0.8779,http://data.europa.eu/esco/skill/07ec6866-d283-46a6-991c-e8ce0c6fc159
UCE,Universidad Central del Ecuador,QUÍMICA,6,desarrollar medicamentos,skill/competence,cross-sector,0.8756,http://data.europa.eu/esco/skill/d8aa87e2-bbe4-45ac-a1e4-f48b6f63952e
UCE,Universidad Central del Ecuador,QUÍMICA,7,realizar pruebas de laboratorio para el calzado y los artículos de piel y cuero,skill/competence,cross-sector,0.8718,http://data.europa.eu/esco/skill/88f0a98e-4b90-479b-9b5a-f5f8cbe0b49e
UCE,Universidad Central del Ecuador,QUÍMICA,8,conservar muestras,skill/competence,cross-sector,0.8687,http://data.europa.eu/esco/skill/ff9ed77c-f19c-41d8-8b11-a382c6819e8d
UCE,Universidad Central del Ecuador,QUÍMICA,9,asegurarse de que los productos cumplen los requisitos legales,skill/competence,cross-sector,0.8684,http://data.europa.eu/esco/skill/f453b1a6-c7db-4d9d-9ba3-47c45159bfe3
UCE,Universidad Central del Ecuador,QUÍMICA,10,prestar asistencia en investigaciones científicas,skill/competence,cross-sector,0.8682,http://data.europa.eu/esco/skill/d6179c4b-ff5a-4bbb-a3c8-e0acf0de1f56
UCE,Universidad Central del Ecuador,QUÍMICA,11,seguir fórmulas de coloración,skill/competence,cross-sector,0.8679,http://data.europa.eu/esco/skill/8779e8a1-45a8-4f51-b42a-2ea07ee4e8cd
UCE,Universidad Central del Ecuador,QUÍMICA,12,realizar análisis de control de calidad,skill/competence,cross-sector,0.8679,http://data.europa.eu/esco/skill/41a3240f-58ba-44e2-a688-edeb21ea5c16
UCE,Universidad Central del Ecuador,QUÍMICA,13,manipular productos químicos,skill/competence,cross-sector,0.8674,http://data.europa.eu/esco/skill/2416dc09-6384-409e-8b1d-80bb7a2e7369
UCE,Universidad Central del Ecuador,QUÍMICA,14,inspeccionar la calidad de los productos,skill/competence,cross-sector,0.8664,http://data.europa.eu/esco/skill/1a3660c2-011c-4e96-9b1d-529afc305428
UCE,Universidad Central del Ecuador,QUÍMICA,15,realizar procedimientos de análisis de agua,skill/competence,cross-sector,0.8662,http://data.europa.eu/esco/skill/e80f9e50-71ff-4bb7-8b7d-eb232685d17f
UCE,Universidad Central del Ecuador,QUÍMICA,16,realizar la evaluación sensorial de productos alimenticios,skill/competence,cross-sector,0.8649,http://data.europa.eu/esco/skill/2f4e1ff6-1191-4fd8-b1bf-043af19cec65
UCE,Universidad Central del Ecuador,QUÍMICA,17,elaborar fórmulas de fabricación,skill/competence,cross-sector,0.8644,http://data.europa.eu/esco/skill/b2ad4e50-cb82-4a34-ab3e-5b5f6c4f9b65
UCE,Universidad Central del Ecuador,QUÍMICA,18,gestionar experimentos a gran escala para la fabricación de alimentos,skill/competence,cross-sector,0.8632,http://data.europa.eu/esco/skill/950c1106-4ea1-4fb7-a115-5dd5adcc1ea4
UCE,Universidad Central del Ecuador,QUÍMICA,19,garantizar el suministro adecuado de productos farmacéuticos,skill/competence,cross-sector,0.8628,http://data.europa.eu/esco/skill/509fedda-d520-46b5-a801-b3d36221a645
UCE,Universidad Central del Ecuador,QUÍMICA,20,asesorar sobre características de productos sanitarios,skill/competence,cross-sector,0.8625,http://data.europa.eu/esco/skill/9072e955-3c24-408e-a069-15f3fb012e72
UCE,Universidad Central del Ecuador,QUÍMICA,21,realizar simulaciones en laboratorio,skill/competence,cross-sector,0.8623,http://data.europa.eu/esco/skill/6f41081b-39ee-4a42-a8d4-a1cee7a39873
UCE,Universidad Central del Ecuador,QUÍMICA,22,tener los medicamentos almacenados correctamente,skill/competence,cross-sector,0.8622,http://data.europa.eu/esco/skill/540a1886-ab91-4324-9f63-568533fad853
UCE,Universidad Central del Ecuador,QUÍMICA,23,supervisar sistemas de gestión ambiental,skill/competence,cross-sector,0.8619,http://data.europa.eu/esco/skill/b13e0689-636d-42d0-86c3-df9d6f85a882
UCE,Universidad Central del Ecuador,QUÍMICA,24,ejecutar cálculos matemáticos analíticos,skill/competence,cross-sector,0.8617,http://data.europa.eu/esco/skill/31c69100-b612-4a61-8db5-fd314318854c
UCE,Universidad Central del Ecuador,QUÍMICA,25,realizar contabilidad forense,skill/competence,cross-sector,0.8611,http://data.europa.eu/esco/skill/29d80dad-95f7-440c-bda2-22fe93155260
UCE,Universidad Central del Ecuador,INGENIERÍA QUÍMICA,1,mejorar procesos químicos,skill/competence,cross-sector,0.8996,http://data.europa.eu/esco/skill/451c8010-7dbb-4f96-b4d4-0955766d9eff
UCE,Universidad Central del Ecuador,INGENIERÍA QUÍMICA,2,evaluar el impacto ambiental de yacimientos y zonas industriales,skill/competence,cross-sector,0.89,http://data.europa.eu/esco/skill/f12f094b-492f-4e88-b36b-50b8e58b7500
UCE,Universidad Central del Ecuador,INGENIERÍA QUÍMICA,3,trabajar con sustancias químicas,skill/competence,cross-sector,0.8866,http://data.europa.eu/esco/skill/929a997b-d56c-4383-b36d-6de9fa0e1721
UCE,Universidad Central del Ecuador,INGENIERÍA QUÍMICA,4,planificar procesos de fabricación,skill/competence,cross-sector,0.8789,http://data.europa.eu/esco/skill/7d0f33ea-e724-4d77-8b75-ee4fe66bb9ba
UCE,Universidad Central del Ecuador,INGENIERÍA QUÍMICA,5,realizar todas las actividades de ingeniería de procesos,skill/competence,cross-sector,0.8775,http://data.europa.eu/esco/skill/8b9d609a-6d62-4d5c-9133-01d41979cfac
UCE,Universidad Central del Ecuador,INGENIERÍA QUÍMICA,6,manipular productos químicos,skill/competence,cross-sector,0.877,http://data.europa.eu/esco/skill/2416dc09-6384-409e-8b1d-80bb7a2e7369
UCE,Universidad Central del Ecuador,INGENIERÍA QUÍMICA,7,elaborar fórmulas de fabricación,skill/competence,cross-sector,0.8764,http://data.europa.eu/esco/skill/b2ad4e50-cb82-4a34-ab3e-5b5f6c4f9b65
UCE,Universidad Central del Ecuador,INGENIERÍA QUÍMICA,8,gestionar empresas de producción,skill/competence,cross-sector,0.8744,http://data.europa.eu/esco/skill/435d1751-8667-41ec-8b32-865b7cd3c684
UCE,Universidad Central del Ecuador,INGENIERÍA QUÍMICA,9,integrar productos nuevos en la cadena de fabricación,skill/competence,cross-sector,0.8735,http://data.europa.eu/esco/skill/8a753714-9a19-4418-9b37-77e79d72c705
UCE,Universidad Central del Ecuador,INGENIERÍA QUÍMICA,10,seguir fórmulas de coloración,skill/competence,cross-sector,0.8733,http://data.europa.eu/esco/skill/8779e8a1-45a8-4f51-b42a-2ea07ee4e8cd
UCE,Universidad Central del Ecuador,INGENIERÍA QUÍMICA,11,desarrollar medicamentos,skill/competence,cross-sector,0.872,http://data.europa.eu/esco/skill/d8aa87e2-bbe4-45ac-a1e4-f48b6f63952e
UCE,Universidad Central del Ecuador,INGENIERÍA QUÍMICA,12,gestionar los ensayos de productos,skill/competence,cross-sector,0.8698,http://data.europa.eu/esco/skill/b7a03115-41c9-4167-a0b6-7e40cf0fd607
UCE,Universidad Central del Ecuador,INGENIERÍA QUÍMICA,13,gestionar el impacto medioambiental de las operaciones,skill/competence,cross-sector,0.8695,http://data.europa.eu/esco/skill/d86babea-bf8b-4552-81a8-daf706066ad6
UCE,Universidad Central del Ecuador,INGENIERÍA QUÍMICA,14,coordinar equipos de ingeniería,skill/competence,cross-sector,0.8695,http://data.europa.eu/esco/skill/7af6e9e8-1e11-4c0b-b7c6-ac96bbbbc674
UCE,Universidad Central del Ecuador,INGENIERÍA QUÍMICA,15,gestionar la cadena de suministros sanitarios,skill/competence,cross-sector,0.8693,http://data.europa.eu/esco/skill/71d441c3-163a-41b6-b713-074d69362c27
UCE,Universidad Central del Ecuador,INGENIERÍA QUÍMICA,16,gestionar proyectos de investigación y desarrollo,skill/competence,cross-sector,0.8682,http://data.europa.eu/esco/skill/d5dbc342-8e39-4998-8237-ebbe05a381ce
UCE,Universidad Central del Ecuador,INGENIERÍA QUÍMICA,17,supervisar la producción de la fábrica,skill/competence,cross-sector,0.8678,http://data.europa.eu/esco/skill/c09dce1b-e198-487e-b63f-934e10a4c181
UCE,Universidad Central del Ecuador,INGENIERÍA QUÍMICA,18,inspeccionar la calidad de los productos,skill/competence,cross-sector,0.8677,http://data.europa.eu/esco/skill/1a3660c2-011c-4e96-9b1d-529afc305428
UCE,Universidad Central del Ecuador,INGENIERÍA QUÍMICA,19,gestionar experimentos a gran escala para la fabricación de alimentos,skill/competence,cross-sector,0.8669,http://data.europa.eu/esco/skill/950c1106-4ea1-4fb7-a115-5dd5adcc1ea4
UCE,Universidad Central del Ecuador,INGENIERÍA QUÍMICA,20,verificar las exigencias de fabricación,skill/competence,cross-sector,0.8668,http://data.europa.eu/esco/skill/277f489c-7a47-4791-bd87-61ca01737f96
UCE,Universidad Central del Ecuador,INGENIERÍA QUÍMICA,21,prestar asistencia en investigaciones científicas,skill/competence,cross-sector,0.8664,http://data.europa.eu/esco/skill/d6179c4b-ff5a-4bbb-a3c8-e0acf0de1f56
UCE,Universidad Central del Ecuador,INGENIERÍA QUÍMICA,22,garantizar el suministro adecuado de productos farmacéuticos,skill/competence,cross-sector,0.8656,http://data.europa.eu/esco/skill/509fedda-d520-46b5-a801-b3d36221a645
UCE,Universidad Central del Ecuador,INGENIERÍA QUÍMICA,23,cuidar la presentación de los alimentos,skill/competence,cross-sector,0.8654,http://data.europa.eu/esco/skill/0eece926-f1a3-4b65-9b99-a35e4c0eb835
UCE,Universidad Central del Ecuador,INGENIERÍA QUÍMICA,24,manipular madera,skill/competence,cross-sector,0.8643,http://data.europa.eu/esco/skill/c8186be4-15d4-4347-b34a-53bee7015f79
UCE,Universidad Central del Ecuador,INGENIERÍA QUÍMICA,25,gestionar la producción de calzado y de artículos de piel y cuero,skill/competence,cross-sector,0.8642,http://data.europa.eu/esco/skill/7e71fbcf-ebf8-4164-829b-e16b68aa9432
UCE,Universidad Central del Ecuador,GEOLOGÍA,1,evaluar el impacto ambiental de yacimientos y zonas industriales,skill/competence,cross-sector,0.9199,http://data.europa.eu/esco/skill/f12f094b-492f-4e88-b36b-50b8e58b7500
UCE,Universidad Central del Ecuador,GEOLOGÍA,2,detectar peligros en el lugar de trabajo,skill/competence,cross-sector,0.87,http://data.europa.eu/esco/skill/5f97fac8-2001-4b81-ae8b-22f9062d921a
UCE,Universidad Central del Ecuador,GEOLOGÍA,3,reaccionar ante emergencias mineras,skill/competence,cross-sector,0.8675,http://data.europa.eu/esco/skill/3938da70-dd7a-4092-b039-10c2218867fd
UCE,Universidad Central del Ecuador,GEOLOGÍA,4,elaborar informes de SIG,skill/competence,cross-sector,0.8668,http://data.europa.eu/esco/skill/bad66a63-4e3f-41f9-9e5d-a4d5f12f8d36
UCE,Universidad Central del Ecuador,GEOLOGÍA,5,gestionar impacto ambiental,skill/competence,cross-sector,0.8659,http://data.europa.eu/esco/skill/d3a8ef9c-8572-438c-91dc-010537070be3
UCE,Universidad Central del Ecuador,GEOLOGÍA,6,diseñar escombreras de minas,skill/competence,cross-sector,0.8649,http://data.europa.eu/esco/skill/cfbe1cdb-1738-45a1-b442-75cbda1fff06
UCE,Universidad Central del Ecuador,GEOLOGÍA,7,procesar datos topográficos recabados,skill/competence,cross-sector,0.863,http://data.europa.eu/esco/skill/6b30644d-bdc5-4bca-b1af-edbf5c6b15ee
UCE,Universidad Central del Ecuador,GEOLOGÍA,8,realizar un análisis de riesgo,skill/competence,cross-sector,0.8627,http://data.europa.eu/esco/skill/1dd23dba-dd00-45ab-abf4-642902538317
UCE,Universidad Central del Ecuador,GEOLOGÍA,9,calcular materiales necesarios para construcción,skill/competence,cross-sector,0.8625,http://data.europa.eu/esco/skill/5d9dd44a-81f8-4710-bd4d-af27ec5c2139
UCE,Universidad Central del Ecuador,GEOLOGÍA,10,determinar riesgos de incendios,skill/competence,cross-sector,0.8622,http://data.europa.eu/esco/skill/2e04c512-6867-49c5-ad58-0797b8fbddf2
UCE,Universidad Central del Ecuador,GEOLOGÍA,11,analizar modelos de negocio,skill/competence,cross-sector,0.8621,http://data.europa.eu/esco/skill/3c1cbc5e-2220-4f45-bcc8-3d52c8c9cae0
UCE,Universidad Central del Ecuador,GEOLOGÍA,12,evaluar el impacto de las actividades industriales,skill/competence,cross-sector,0.8616,http://data.europa.eu/esco/skill/1c9bb265-6ff7-428e-9a72-9c8df75178b8
UCE,Universidad Central del Ecuador,GEOLOGÍA,13,transportar mercancías peligrosas,skill/competence,cross-sector,0.8611,http://data.europa.eu/esco/skill/5b0d14b1-0bf6-4f6b-b922-4becc213f0aa
UCE,Universidad Central del Ecuador,GEOLOGÍA,14,gestionar presupuestos de transportistas potenciales,skill/competence,cross-sector,0.8604,http://data.europa.eu/esco/skill/25d8dedb-a557-441a-8aeb-2d618b79abe9
UCE,Universidad Central del Ecuador,GEOLOGÍA,15,inspeccionar los pozos de agua,skill/competence,cross-sector,0.8599,http://data.europa.eu/esco/skill/3a560dc4-ee2e-4437-b94f-c076a2b5f25e
UCE,Universidad Central del Ecuador,GEOLOGÍA,16,preparar informes de riesgo,skill/competence,cross-sector,0.8594,http://data.europa.eu/esco/skill/bd832a82-b079-4001-80d1-f59efed33688
UCE,Universidad Central del Ecuador,GEOLOGÍA,17,realizar estudios de mercado,skill/competence,cross-sector,0.8593,http://data.europa.eu/esco/skill/fe39d4db-4cb5-4299-bb9f-896c8fd6ab13
UCE,Universidad Central del Ecuador,GEOLOGÍA,18,realizar mediciones relacionadas con el trabajo,skill/competence,cross-sector,0.8592,http://data.europa.eu/esco/skill/ab75d510-ac75-482d-b671-bb3bad741f07
UCE,Universidad Central del Ecuador,GEOLOGÍA,19,someter a auditorías a los contratistas,skill/competence,cross-sector,0.8591,http://data.europa.eu/esco/skill/0520d8ba-3c24-4f75-a8b0-f883ddeed82d
UCE,Universidad Central del Ecuador,GEOLOGÍA,20,realizar actividades de gestión energética en instalaciones,skill/competence,cross-sector,0.8587,http://data.europa.eu/esco/skill/885808f7-f42b-406e-95f2-28efcd45ddda
UCE,Universidad Central del Ecuador,GEOLOGÍA,21,"realizar evaluaciones de salud, seguridad y medioambiente",skill/competence,cross-sector,0.8584,http://data.europa.eu/esco/skill/101d63ee-bb22-4a7c-9e0a-c2716063696a
UCE,Universidad Central del Ecuador,GEOLOGÍA,22,manipular combustibles,skill/competence,cross-sector,0.8577,http://data.europa.eu/esco/skill/2035c565-f0df-4efa-99fc-09a42f18c158
UCE,Universidad Central del Ecuador,GEOLOGÍA,23,coordinar con expertos ferroviarios,skill/competence,cross-sector,0.8567,http://data.europa.eu/esco/skill/6172948e-5d52-4f94-a617-278a9013a8ae
UCE,Universidad Central del Ecuador,GEOLOGÍA,24,realizar auditorías ambientales,skill/competence,cross-sector,0.8561,http://data.europa.eu/esco/skill/60ab2bf7-c812-4a88-86c0-7c81a9b2f77c
UCE,Universidad Central del Ecuador,GEOLOGÍA,25,redactar propuestas de investigación,skill/competence,cross-sector,0.8561,http://data.europa.eu/esco/skill/0ee7b0d6-db98-4785-9948-f2ef415d155a
UCE,Universidad Central del Ecuador,MECÁNICA,1,planificar procesos de fabricación,skill/competence,cross-sector,0.8828,http://data.europa.eu/esco/skill/7d0f33ea-e724-4d77-8b75-ee4fe66bb9ba
UCE,Universidad Central del Ecuador,MECÁNICA,2,diseñar sistemas de control,skill/competence,cross-sector,0.8808,http://data.europa.eu/esco/skill/d560df46-dda4-4407-bab2-b87353a96814
UCE,Universidad Central del Ecuador,MECÁNICA,3,evaluar el impacto ambiental de yacimientos y zonas industriales,skill/competence,cross-sector,0.8736,http://data.europa.eu/esco/skill/f12f094b-492f-4e88-b36b-50b8e58b7500
UCE,Universidad Central del Ecuador,MECÁNICA,4,montar máquinas,skill/competence,cross-sector,0.8733,http://data.europa.eu/esco/skill/87a0c0e6-c114-4ea1-b2d0-933bce1f3c5f
UCE,Universidad Central del Ecuador,MECÁNICA,5,reparar sistemas de fontanería,skill/competence,cross-sector,0.8731,http://data.europa.eu/esco/skill/d809a1d2-b80e-43e4-8984-de7517fb68f1
UCE,Universidad Central del Ecuador,MECÁNICA,6,actuar de enlace con profesionales del sector,skill/competence,cross-sector,0.8712,http://data.europa.eu/esco/skill/d1317634-ccea-44d0-9cdc-c863f9bf856b
UCE,Universidad Central del Ecuador,MECÁNICA,7,gestionar empresas de producción,skill/competence,cross-sector,0.871,http://data.europa.eu/esco/skill/435d1751-8667-41ec-8b32-865b7cd3c684
UCE,Universidad Central del Ecuador,MECÁNICA,8,ingeniería ambiental,knowledge,cross-sector,0.8705,http://data.europa.eu/esco/skill/b1b118c4-3291-484e-b64d-6d51fd5da8b3
UCE,Universidad Central del Ecuador,MECÁNICA,9,mejorar procesos químicos,skill/competence,cross-sector,0.8696,http://data.europa.eu/esco/skill/451c8010-7dbb-4f96-b4d4-0955766d9eff
UCE,Universidad Central del Ecuador,MECÁNICA,10,coordinar equipos de ingeniería,skill/competence,cross-sector,0.8688,http://data.europa.eu/esco/skill/7af6e9e8-1e11-4c0b-b7c6-ac96bbbbc674
UCE,Universidad Central del Ecuador,MECÁNICA,11,gestionar equipos pesados,skill/competence,cross-sector,0.8685,http://data.europa.eu/esco/skill/2a314d49-c071-403b-9cc8-75aea53e7859
UCE,Universidad Central del Ecuador,MECÁNICA,12,controlar maquinaria pesada,skill/competence,cross-sector,0.8684,http://data.europa.eu/esco/skill/4853efe8-0cdd-42d1-bc5a-6ba5fa9a8b2c
UCE,Universidad Central del Ecuador,MECÁNICA,13,realizar todas las actividades de ingeniería de procesos,skill/competence,cross-sector,0.8679,http://data.europa.eu/esco/skill/8b9d609a-6d62-4d5c-9133-01d41979cfac
UCE,Universidad Central del Ecuador,MECÁNICA,14,trabajar con sustancias químicas,skill/competence,cross-sector,0.8673,http://data.europa.eu/esco/skill/929a997b-d56c-4383-b36d-6de9fa0e1721
UCE,Universidad Central del Ecuador,MECÁNICA,15,realizar diseños técnicos de artículos de moda,skill/competence,cross-sector,0.866,http://data.europa.eu/esco/skill/881cd4ec-5b52-46c6-abc4-60551d58b355
UCE,Universidad Central del Ecuador,MECÁNICA,16,asesorar a la clientela acerca de las posibilidades técnicas,skill/competence,cross-sector,0.8656,http://data.europa.eu/esco/skill/7b3abd38-61ae-42a4-88bb-0884784f9ee1
UCE,Universidad Central del Ecuador,MECÁNICA,17,gestionar sistemas de instrumentación,skill/competence,cross-sector,0.8652,http://data.europa.eu/esco/skill/5d71a91f-cc72-4b66-b6e3-d75ecc05e235
UCE,Universidad Central del Ecuador,MECÁNICA,18,proporcionar experiencia técnica,skill/competence,cross-sector,0.8651,http://data.europa.eu/esco/skill/c69587b4-05d3-45bb-b79b-9b85e6603fc2
UCE,Universidad Central del Ecuador,MECÁNICA,19,prestar asistencia en investigaciones científicas,skill/competence,cross-sector,0.8649,http://data.europa.eu/esco/skill/d6179c4b-ff5a-4bbb-a3c8-e0acf0de1f56
UCE,Universidad Central del Ecuador,MECÁNICA,20,integrar productos nuevos en la cadena de fabricación,skill/competence,cross-sector,0.8648,http://data.europa.eu/esco/skill/8a753714-9a19-4418-9b37-77e79d72c705
UCE,Universidad Central del Ecuador,MECÁNICA,21,diseñar escombreras de minas,skill/competence,cross-sector,0.8646,http://data.europa.eu/esco/skill/cfbe1cdb-1738-45a1-b442-75cbda1fff06
UCE,Universidad Central del Ecuador,MECÁNICA,22,supervisar el funcionamiento de los equipos,skill/competence,cross-sector,0.8644,http://data.europa.eu/esco/skill/ca17f0df-59e4-4ed2-9360-fc5325bc7151
UCE,Universidad Central del Ecuador,MECÁNICA,23,actuar de enlace con los ingenieros,skill/competence,cross-sector,0.8643,http://data.europa.eu/esco/skill/c5c51528-ccfc-4c53-b409-c200aaa44222
UCE,Universidad Central del Ecuador,MECÁNICA,24,realizar trabajos técnicos difíciles,skill/competence,cross-sector,0.8638,http://data.europa.eu/esco/skill/2d780738-9b34-40a3-adbb-590001f6ff86
UCE,Universidad Central del Ecuador,MECÁNICA,25,comunicar cuestiones técnicas a los clientes,skill/competence,cross-sector,0.8638,http://data.europa.eu/esco/skill/652da95d-b336-497a-bce5-1c29a674eecb
UCE,Universidad Central del Ecuador,PETRÓLEOS,1,evaluar el impacto ambiental de yacimientos y zonas industriales,skill/competence,cross-sector,0.9087,http://data.europa.eu/esco/skill/f12f094b-492f-4e88-b36b-50b8e58b7500
UCE,Universidad Central del Ecuador,PETRÓLEOS,2,gestionar el impacto medioambiental de las operaciones,skill/competence,cross-sector,0.8851,http://data.europa.eu/esco/skill/d86babea-bf8b-4552-81a8-daf706066ad6
UCE,Universidad Central del Ecuador,PETRÓLEOS,3,manipular combustibles,skill/competence,cross-sector,0.8764,http://data.europa.eu/esco/skill/2035c565-f0df-4efa-99fc-09a42f18c158
UCE,Universidad Central del Ecuador,PETRÓLEOS,4,manejar equipos de extracción de hidrógeno,skill/competence,cross-sector,0.8745,http://data.europa.eu/esco/skill/d2fd219f-5cb1-4f67-8db5-be6c5fc865c7
UCE,Universidad Central del Ecuador,PETRÓLEOS,5,evaluar las necesidades energéticas,skill/competence,cross-sector,0.8716,http://data.europa.eu/esco/skill/36fccad9-1d20-4104-bcc2-a8ea9d1ce5ea
UCE,Universidad Central del Ecuador,PETRÓLEOS,6,asesorar sobre recuperación ambiental,skill/competence,cross-sector,0.871,http://data.europa.eu/esco/skill/b422efe7-b151-4120-86ae-db11a48dd0fa
UCE,Universidad Central del Ecuador,PETRÓLEOS,7,diseñar escombreras de minas,skill/competence,cross-sector,0.8692,http://data.europa.eu/esco/skill/cfbe1cdb-1738-45a1-b442-75cbda1fff06
UCE,Universidad Central del Ecuador,PETRÓLEOS,8,reaccionar ante emergencias mineras,skill/competence,cross-sector,0.8674,http://data.europa.eu/esco/skill/3938da70-dd7a-4092-b039-10c2218867fd
UCE,Universidad Central del Ecuador,PETRÓLEOS,9,trabajar con sustancias químicas,skill/competence,cross-sector,0.8651,http://data.europa.eu/esco/skill/929a997b-d56c-4383-b36d-6de9fa0e1721
UCE,Universidad Central del Ecuador,PETRÓLEOS,10,gestionar los programas públicos,skill/competence,cross-sector,0.8644,http://data.europa.eu/esco/skill/0761f325-13e7-49f4-a41a-ec64ba4e7b9d
UCE,Universidad Central del Ecuador,PETRÓLEOS,11,gestionar presupuestos de transportistas potenciales,skill/competence,cross-sector,0.8644,http://data.europa.eu/esco/skill/25d8dedb-a557-441a-8aeb-2d618b79abe9
UCE,Universidad Central del Ecuador,PETRÓLEOS,12,analizar las tendencias del mercado de la energía,skill/competence,cross-sector,0.864,http://data.europa.eu/esco/skill/28878fd9-9a17-452a-b3b8-5db5c63d7905
UCE,Universidad Central del Ecuador,PETRÓLEOS,13,gestionar empresas de producción,skill/competence,cross-sector,0.8637,http://data.europa.eu/esco/skill/435d1751-8667-41ec-8b32-865b7cd3c684
UCE,Universidad Central del Ecuador,PETRÓLEOS,14,gestionar proyectos de investigación y desarrollo,skill/competence,cross-sector,0.8635,http://data.europa.eu/esco/skill/d5dbc342-8e39-4998-8237-ebbe05a381ce
UCE,Universidad Central del Ecuador,PETRÓLEOS,15,controlar el entorno acuático de producción,skill/competence,cross-sector,0.8635,http://data.europa.eu/esco/skill/9a0c96a2-8ffb-4384-b9e8-8928e7f86e23
UCE,Universidad Central del Ecuador,PETRÓLEOS,16,mejorar procesos químicos,skill/competence,cross-sector,0.8634,http://data.europa.eu/esco/skill/451c8010-7dbb-4f96-b4d4-0955766d9eff
UCE,Universidad Central del Ecuador,PETRÓLEOS,17,gestionar sistemas de instrumentación,skill/competence,cross-sector,0.8627,http://data.europa.eu/esco/skill/5d71a91f-cc72-4b66-b6e3-d75ecc05e235
UCE,Universidad Central del Ecuador,PETRÓLEOS,18,planificar procesos de fabricación,skill/competence,cross-sector,0.862,http://data.europa.eu/esco/skill/7d0f33ea-e724-4d77-8b75-ee4fe66bb9ba
UCE,Universidad Central del Ecuador,PETRÓLEOS,19,coordinar comunicaciones en situaciones de emergencia en operaciones mineras,skill/competence,cross-sector,0.8619,http://data.europa.eu/esco/skill/707ff33d-d130-4e61-8a2a-6e8b023be9fc
UCE,Universidad Central del Ecuador,PETRÓLEOS,20,gestionar impacto ambiental,skill/competence,cross-sector,0.861,http://data.europa.eu/esco/skill/d3a8ef9c-8572-438c-91dc-010537070be3
UCE,Universidad Central del Ecuador,PETRÓLEOS,21,manipular madera,skill/competence,cross-sector,0.8605,http://data.europa.eu/esco/skill/c8186be4-15d4-4347-b34a-53bee7015f79
UCE,Universidad Central del Ecuador,PETRÓLEOS,22,realizar investigación estratégica,skill/competence,cross-sector,0.8584,http://data.europa.eu/esco/skill/0aa02c52-077d-45f8-8c2d-7132c11ac16e
UCE,Universidad Central del Ecuador,PETRÓLEOS,23,planificar actividades de producción artística,skill/competence,cross-sector,0.858,http://data.europa.eu/esco/skill/1fb4bebb-8487-4715-bf9a-0a5e4afe68a4
UCE,Universidad Central del Ecuador,PETRÓLEOS,24,coordinar el envío de materiales reciclables,skill/competence,cross-sector,0.8578,http://data.europa.eu/esco/skill/9d04490c-cea5-4765-a15e-99c46b543c1d
UCE,Universidad Central del Ecuador,PETRÓLEOS,25,realizar procedimientos de análisis de agua,skill/competence,cross-sector,0.8577,http://data.europa.eu/esco/skill/e80f9e50-71ff-4bb7-8b7d-eb232685d17f
UCE,Universidad Central del Ecuador,SISTEMAS DE INFORMACIÓN,1,"gestionar datos, información y contenido digitales",skill/competence,cross-sector,0.8864,http://data.europa.eu/esco/skill/4d97e3c3-f335-47cc-a4ee-0d779fd42222
UCE,Universidad Central del Ecuador,SISTEMAS DE INFORMACIÓN,2,gestionar sistemas de instrumentación,skill/competence,cross-sector,0.8853,http://data.europa.eu/esco/skill/5d71a91f-cc72-4b66-b6e3-d75ecc05e235
UCE,Universidad Central del Ecuador,SISTEMAS DE INFORMACIÓN,3,crear soluciones para problemas informativos,skill/competence,cross-sector,0.8836,http://data.europa.eu/esco/skill/4539aeca-b56f-4d03-ba86-8f675a7f2536
UCE,Universidad Central del Ecuador,SISTEMAS DE INFORMACIÓN,4,configurar textos en formato digital,skill/competence,cross-sector,0.8779,http://data.europa.eu/esco/skill/9b30c8fd-6467-4d16-99e0-32899a9ceec0
UCE,Universidad Central del Ecuador,SISTEMAS DE INFORMACIÓN,5,montar máquinas,skill/competence,cross-sector,0.8768,http://data.europa.eu/esco/skill/87a0c0e6-c114-4ea1-b2d0-933bce1f3c5f
UCE,Universidad Central del Ecuador,SISTEMAS DE INFORMACIÓN,6,resolver problemas de sistemas TIC,skill/competence,cross-sector,0.8749,http://data.europa.eu/esco/skill/9e06bac6-6b91-48ca-8b7d-c1f48cdecd7c
UCE,Universidad Central del Ecuador,SISTEMAS DE INFORMACIÓN,7,asesorar sobre estrategias de mercado,skill/competence,cross-sector,0.8724,http://data.europa.eu/esco/skill/34d6ed30-5d35-44b9-9498-fd15badb5f28
UCE,Universidad Central del Ecuador,SISTEMAS DE INFORMACIÓN,8,detectar necesidades tecnológicas,skill/competence,cross-sector,0.8723,http://data.europa.eu/esco/skill/42fcf80d-7b45-40f3-bd2f-5411c4c0dfa0
UCE,Universidad Central del Ecuador,SISTEMAS DE INFORMACIÓN,9,"navegar, buscar y filtrar datos, información y contenido digitales",skill/competence,cross-sector,0.8721,http://data.europa.eu/esco/skill/e439742d-558d-4f52-885e-afdc740b48cf
UCE,Universidad Central del Ecuador,SISTEMAS DE INFORMACIÓN,10,diseñar sistemas electromecánicos,skill/competence,cross-sector,0.8709,http://data.europa.eu/esco/skill/c5422318-3218-4ce9-9bdd-f38b93ff63a3
UCE,Universidad Central del Ecuador,SISTEMAS DE INFORMACIÓN,11,asesorar a la clientela acerca de las posibilidades técnicas,skill/competence,cross-sector,0.8709,http://data.europa.eu/esco/skill/7b3abd38-61ae-42a4-88bb-0884784f9ee1
UCE,Universidad Central del Ecuador,SISTEMAS DE INFORMACIÓN,12,analizar datos de carácter ecológico,skill/competence,cross-sector,0.8703,http://data.europa.eu/esco/skill/5354a726-ee64-4f34-90f8-8436f9f374b8
UCE,Universidad Central del Ecuador,SISTEMAS DE INFORMACIÓN,13,realizar búsquedas en internet,skill/competence,transversal,0.8702,http://data.europa.eu/esco/skill/ba93b71b-c433-4a01-8246-ed2daa85a9a2
UCE,Universidad Central del Ecuador,SISTEMAS DE INFORMACIÓN,14,realizar gestión de clientes,skill/competence,cross-sector,0.87,http://data.europa.eu/esco/skill/91306a20-9b81-4f3d-97eb-f5368b607da7
UCE,Universidad Central del Ecuador,SISTEMAS DE INFORMACIÓN,15,detectar y corregir errores de las tecnologías de la información y de las comunicaciones,skill/competence,cross-sector,0.87,http://data.europa.eu/esco/skill/744442ac-c157-4350-8be0-ce454df4f5c5
UCE,Universidad Central del Ecuador,SISTEMAS DE INFORMACIÓN,16,crear soluciones para problemas,skill/competence,cross-sector,0.8698,http://data.europa.eu/esco/skill/03b9b491-fc9b-4868-914a-bf7cd47b5041
UCE,Universidad Central del Ecuador,SISTEMAS DE INFORMACIÓN,17,almacenar datos y sistemas digitales,skill/competence,cross-sector,0.8689,http://data.europa.eu/esco/skill/611ed16b-99bf-4840-9cab-f55d1d286e0a
UCE,Universidad Central del Ecuador,SISTEMAS DE INFORMACIÓN,18,gestionar datos de investigación,skill/competence,cross-sector,0.8678,http://data.europa.eu/esco/skill/08b04e53-ed25-41a2-9f90-0b9cd939ba3d
UCE,Universidad Central del Ecuador,SISTEMAS DE INFORMACIÓN,19,elaborar estrategias para resolver problemas,skill/competence,cross-sector,0.8676,http://data.europa.eu/esco/skill/7a8fb784-67fa-41e9-a75c-6b491d91f800
UCE,Universidad Central del Ecuador,SISTEMAS DE INFORMACIÓN,20,gestionar proyectos de investigación y desarrollo,skill/competence,cross-sector,0.8674,http://data.europa.eu/esco/skill/d5dbc342-8e39-4998-8237-ebbe05a381ce
UCE,Universidad Central del Ecuador,SISTEMAS DE INFORMACIÓN,21,diseñar sistemas de transporte,skill/competence,cross-sector,0.8668,http://data.europa.eu/esco/skill/11f364dd-0814-4398-b00e-10d1be8b27af
UCE,Universidad Central del Ecuador,SISTEMAS DE INFORMACIÓN,22,resolver problemas técnicos,skill/competence,cross-sector,0.8668,http://data.europa.eu/esco/skill/14832d87-2f2f-4895-b290-e4760ebae42a
UCE,Universidad Central del Ecuador,SISTEMAS DE INFORMACIÓN,23,diseñar sistemas de control,skill/competence,cross-sector,0.8667,http://data.europa.eu/esco/skill/d560df46-dda4-4407-bab2-b87353a96814
UCE,Universidad Central del Ecuador,SISTEMAS DE INFORMACIÓN,24,ejecutar cálculos matemáticos analíticos,skill/competence,cross-sector,0.8666,http://data.europa.eu/esco/skill/31c69100-b612-4a61-8db5-fd314318854c
UCE,Universidad Central del Ecuador,SISTEMAS DE INFORMACIÓN,25,gestionar bases de datos,skill/competence,cross-sector,0.8662,http://data.europa.eu/esco/skill/29fb0fb5-dfc4-4098-ac9b-3a712000f48f
UCE,Universidad Central del Ecuador,MATEMÁTICA,1,ejecutar cálculos matemáticos analíticos,skill/competence,cross-sector,0.9116,http://data.europa.eu/esco/skill/31c69100-b612-4a61-8db5-fd314318854c
UCE,Universidad Central del Ecuador,MATEMÁTICA,2,aplicar competencias matemáticas,skill/competence,cross-sector,0.8856,http://data.europa.eu/esco/skill/5dd01a1e-7ba0-4b7f-a76c-ed811c12bfde
UCE,Universidad Central del Ecuador,MATEMÁTICA,3,utilizar modelos informáticos especializados para predecir el tiempo,skill/competence,cross-sector,0.8843,http://data.europa.eu/esco/skill/206f5738-e91f-4390-84a2-fcb864bc11b1
UCE,Universidad Central del Ecuador,MATEMÁTICA,4,"aplicar conocimientos científicos, tecnológicos y de ingeniería",skill/competence,transversal,0.8789,http://data.europa.eu/esco/skill/5c3ab99d-a3f1-4620-9602-d12d2151a03d
UCE,Universidad Central del Ecuador,MATEMÁTICA,5,interpretar información matemática,skill/competence,transversal,0.8789,http://data.europa.eu/esco/skill/6fc6f757-6baa-49fe-9a82-6ba6a52f2e13
UCE,Universidad Central del Ecuador,MATEMÁTICA,6,aplicar métodos de análisis estadísticos,skill/competence,cross-sector,0.8745,http://data.europa.eu/esco/skill/382c11ed-20d5-4ae7-b60e-15fec527fa6c
UCE,Universidad Central del Ecuador,MATEMÁTICA,7,simular problemas de transporte,skill/competence,cross-sector,0.8735,http://data.europa.eu/esco/skill/82394321-7f35-4a29-b2fa-4a58f66258f5
UCE,Universidad Central del Ecuador,MATEMÁTICA,8,comunicar información matemática,skill/competence,cross-sector,0.8734,http://data.europa.eu/esco/skill/a5826fe3-8df6-4fa8-adad-b7116864588f
UCE,Universidad Central del Ecuador,MATEMÁTICA,9,realizar cálculos,skill/competence,transversal,0.8722,http://data.europa.eu/esco/skill/19ba11f3-9c99-41fd-a7c9-f77e6a026186
UCE,Universidad Central del Ecuador,MATEMÁTICA,10,desarrollar modelos para la predicción meteorológica,skill/competence,cross-sector,0.8697,http://data.europa.eu/esco/skill/669edd06-1de6-4d01-8029-3e64a3754001
UCE,Universidad Central del Ecuador,MATEMÁTICA,11,prestar asistencia en investigaciones científicas,skill/competence,cross-sector,0.8689,http://data.europa.eu/esco/skill/d6179c4b-ff5a-4bbb-a3c8-e0acf0de1f56
UCE,Universidad Central del Ecuador,MATEMÁTICA,12,resolver problemas,skill/competence,transversal,0.8675,http://data.europa.eu/esco/skill/adc6dc11-3376-467b-96c5-9b0a21edc869
UCE,Universidad Central del Ecuador,MATEMÁTICA,13,realizar investigaciones cuantitativas,skill/competence,cross-sector,0.8663,http://data.europa.eu/esco/skill/8316979b-df5a-4dc7-98ef-61ec6a10df84
UCE,Universidad Central del Ecuador,MATEMÁTICA,14,aplicar métodos científicos,skill/competence,cross-sector,0.8663,http://data.europa.eu/esco/skill/7a34b3d9-bd3b-4f4e-a0f6-f97439901cb7
UCE,Universidad Central del Ecuador,MATEMÁTICA,15,crear soluciones para problemas,skill/competence,cross-sector,0.8647,http://data.europa.eu/esco/skill/03b9b491-fc9b-4868-914a-bf7cd47b5041
UCE,Universidad Central del Ecuador,MATEMÁTICA,16,utilizar herramientas y equipos matemáticos,skill/competence,cross-sector,0.8638,http://data.europa.eu/esco/skill/db77825e-0f3e-47d0-abdb-356794484272
UCE,Universidad Central del Ecuador,MATEMÁTICA,17,resolver problemas técnicos,skill/competence,cross-sector,0.8632,http://data.europa.eu/esco/skill/14832d87-2f2f-4895-b290-e4760ebae42a
UCE,Universidad Central del Ecuador,MATEMÁTICA,18,analizar datos de carácter ecológico,skill/competence,cross-sector,0.8631,http://data.europa.eu/esco/skill/5354a726-ee64-4f34-90f8-8436f9f374b8
UCE,Universidad Central del Ecuador,MATEMÁTICA,19,realizar un análisis de datos,skill/competence,cross-sector,0.8628,http://data.europa.eu/esco/skill/2b92a5b2-6758-4ee3-9fb4-b6387a55cc8f
UCE,Universidad Central del Ecuador,MATEMÁTICA,20,crear soluciones para problemas informativos,skill/competence,cross-sector,0.8625,http://data.europa.eu/esco/skill/4539aeca-b56f-4d03-ba86-8f675a7f2536
UCE,Universidad Central del Ecuador,MATEMÁTICA,21,analizar datos,skill/competence,cross-sector,0.8625,http://data.europa.eu/esco/skill/a571ae14-3e16-4fd3-a615-5646e0b0b696
UCE,Universidad Central del Ecuador,MATEMÁTICA,22,trabajar con sustancias químicas,skill/competence,cross-sector,0.8622,http://data.europa.eu/esco/skill/929a997b-d56c-4383-b36d-6de9fa0e1721
UCE,Universidad Central del Ecuador,MATEMÁTICA,23,asesorar sobre programas de estudio,skill/competence,cross-sector,0.8612,http://data.europa.eu/esco/skill/bd420d08-880b-43bc-a808-d46ad3115168
UCE,Universidad Central del Ecuador,MATEMÁTICA,24,gestionar datos de investigación,skill/competence,cross-sector,0.861,http://data.europa.eu/esco/skill/08b04e53-ed25-41a2-9f90-0b9cd939ba3d
UCE,Universidad Central del Ecuador,MATEMÁTICA,25,asesorar sobre averías de máquinas,skill/competence,cross-sector,0.861,http://data.europa.eu/esco/skill/8c474534-707f-46f3-b356-810bbfe8b693
UG,Universidad de Guayaquil,ADMINISTRACIÓN DE EMPRESAS,1,gestionar empresas de producción,skill/competence,cross-sector,0.9022,http://data.europa.eu/esco/skill/435d1751-8667-41ec-8b32-865b7cd3c684
UG,Universidad de Guayaquil,ADMINISTRACIÓN DE EMPRESAS,2,realizar diversas tareas organizativas en la empresa,skill/competence,cross-sector,0.896,http://data.europa.eu/esco/skill/01755f08-4df4-4cf0-8d22-08f94cad68b5
UG,Universidad de Guayaquil,ADMINISTRACIÓN DE EMPRESAS,3,gestionar recursos humanos,skill/competence,cross-sector,0.8932,http://data.europa.eu/esco/skill/339ac029-066a-4985-9f9d-b3d7c8fea0bb
UG,Universidad de Guayaquil,ADMINISTRACIÓN DE EMPRESAS,4,ejercer el control del gasto,skill/competence,cross-sector,0.886,http://data.europa.eu/esco/skill/b08ec8ff-1a3e-4cc3-8016-9520b21666a6
UG,Universidad de Guayaquil,ADMINISTRACIÓN DE EMPRESAS,5,mejorar procesos empresariales,skill/competence,cross-sector,0.8852,http://data.europa.eu/esco/skill/75b30aeb-34c0-40f4-b77d-271d75a98b14
UG,Universidad de Guayaquil,ADMINISTRACIÓN DE EMPRESAS,6,elaborar estrategias para resolver problemas,skill/competence,cross-sector,0.8844,http://data.europa.eu/esco/skill/7a8fb784-67fa-41e9-a75c-6b491d91f800
UG,Universidad de Guayaquil,ADMINISTRACIÓN DE EMPRESAS,7,gestionar programas de formación en la empresa,skill/competence,cross-sector,0.8837,http://data.europa.eu/esco/skill/6e66fa0f-4d3b-415e-9693-dc556eb5112a
UG,Universidad de Guayaquil,ADMINISTRACIÓN DE EMPRESAS,8,gestionar los aspectos financieros de una empresa,skill/competence,cross-sector,0.8825,http://data.europa.eu/esco/skill/fa6acfc3-0a4f-4192-b77d-80e94d0faf2a
UG,Universidad de Guayaquil,ADMINISTRACIÓN DE EMPRESAS,9,formar equipos dentro de la empresa en base a las competencias,skill/competence,cross-sector,0.8818,http://data.europa.eu/esco/skill/f1155d3f-fbca-4298-a31c-f6955653bacf
UG,Universidad de Guayaquil,ADMINISTRACIÓN DE EMPRESAS,10,participar en las operaciones cotidianas de la empresa,skill/competence,cross-sector,0.8805,http://data.europa.eu/esco/skill/ce4cbc3a-bde0-43b4-9526-e643c4fe5b04
UG,Universidad de Guayaquil,ADMINISTRACIÓN DE EMPRESAS,11,tomar decisiones empresariales estratégicas,skill/competence,cross-sector,0.8803,http://data.europa.eu/esco/skill/f60c9e52-95fc-4ca1-a73c-18a491153b63
UG,Universidad de Guayaquil,ADMINISTRACIÓN DE EMPRESAS,12,asesorar sobre el desarrollo económico,skill/competence,cross-sector,0.8795,http://data.europa.eu/esco/skill/384ed14c-bf1f-4a65-aef6-6e711f43c4ce
UG,Universidad de Guayaquil,ADMINISTRACIÓN DE EMPRESAS,13,gestionar los programas públicos,skill/competence,cross-sector,0.878,http://data.europa.eu/esco/skill/0761f325-13e7-49f4-a41a-ec64ba4e7b9d
UG,Universidad de Guayaquil,ADMINISTRACIÓN DE EMPRESAS,14,gestionar proyectos de investigación y desarrollo,skill/competence,cross-sector,0.8774,http://data.europa.eu/esco/skill/d5dbc342-8e39-4998-8237-ebbe05a381ce
UG,Universidad de Guayaquil,ADMINISTRACIÓN DE EMPRESAS,15,gestionar operaciones financieras,skill/competence,cross-sector,0.8771,http://data.europa.eu/esco/skill/f7e7ccb6-fadc-4c35-935d-e1040be40dfe
UG,Universidad de Guayaquil,ADMINISTRACIÓN DE EMPRESAS,16,asesorar sobre gestión de conflictos,skill/competence,cross-sector,0.877,http://data.europa.eu/esco/skill/9091c8e5-9357-4c29-bceb-ddb1792c22e8
UG,Universidad de Guayaquil,ADMINISTRACIÓN DE EMPRESAS,17,realizar estudios de mercado,skill/competence,cross-sector,0.876,http://data.europa.eu/esco/skill/fe39d4db-4cb5-4299-bb9f-896c8fd6ab13
UG,Universidad de Guayaquil,ADMINISTRACIÓN DE EMPRESAS,18,asesorar sobre estrategias de mercado,skill/competence,cross-sector,0.8757,http://data.europa.eu/esco/skill/34d6ed30-5d35-44b9-9498-fd15badb5f28
UG,Universidad de Guayaquil,ADMINISTRACIÓN DE EMPRESAS,19,guiar a los gestores de los diferentes departamentos de la empresa,skill/competence,cross-sector,0.8755,http://data.europa.eu/esco/skill/3e61ee41-2bd9-466f-b313-00ce04072410
UG,Universidad de Guayaquil,ADMINISTRACIÓN DE EMPRESAS,20,analizar procesos empresariales,skill/competence,cross-sector,0.8753,http://data.europa.eu/esco/skill/56042303-972b-41be-9310-58467599ff7e
UG,Universidad de Guayaquil,ADMINISTRACIÓN DE EMPRESAS,21,pronosticar niveles futuros de desarrollo empresarial,skill/competence,cross-sector,0.875,http://data.europa.eu/esco/skill/ab167ae1-dfd8-4607-8dc4-d6d500622e1d
UG,Universidad de Guayaquil,ADMINISTRACIÓN DE EMPRESAS,22,realizar un análisis empresarial,skill/competence,cross-sector,0.8744,http://data.europa.eu/esco/skill/27ed854c-15b8-4ba2-90e9-ae888a219703
UG,Universidad de Guayaquil,ADMINISTRACIÓN DE EMPRESAS,23,elaborar las estrategias empresariales,skill/competence,cross-sector,0.874,http://data.europa.eu/esco/skill/ba2c6181-b036-40b4-8f6d-51499463ccbb
UG,Universidad de Guayaquil,ADMINISTRACIÓN DE EMPRESAS,24,asesorar sobre asuntos financieros,skill/competence,cross-sector,0.8734,http://data.europa.eu/esco/skill/79c36c91-28a5-44b7-ab9b-7093b2d4b21e
UG,Universidad de Guayaquil,ADMINISTRACIÓN DE EMPRESAS,25,elaborar políticas de economía,skill/competence,cross-sector,0.8723,http://data.europa.eu/esco/skill/8394fefb-f62a-48c0-a156-3117cefdb9b3
UG,Universidad de Guayaquil,CIENCIA DE DATOS E INTELIGENCIA ARTIFICIAL,1,ciencia de datos,knowledge,cross-sector,0.8795,http://data.europa.eu/esco/skill/edebd83d-35f6-4ed5-a940-6c203d178c01
UG,Universidad de Guayaquil,CIENCIA DE DATOS E INTELIGENCIA ARTIFICIAL,2,analizar inteligencia de datos,skill/competence,cross-sector,0.8761,http://data.europa.eu/esco/skill/47a49cd6-097d-457a-9f7b-c290c14930d5
UG,Universidad de Guayaquil,CIENCIA DE DATOS E INTELIGENCIA ARTIFICIAL,3,analizar datos,skill/competence,cross-sector,0.8761,http://data.europa.eu/esco/skill/a571ae14-3e16-4fd3-a615-5646e0b0b696
UG,Universidad de Guayaquil,CIENCIA DE DATOS E INTELIGENCIA ARTIFICIAL,4,predecir tendencias económicas,skill/competence,cross-sector,0.8743,http://data.europa.eu/esco/skill/f2a34d6b-131a-4b8f-a110-898b9c91d18f
UG,Universidad de Guayaquil,CIENCIA DE DATOS E INTELIGENCIA ARTIFICIAL,5,interpretar datos actuales,skill/competence,cross-sector,0.8743,http://data.europa.eu/esco/skill/1e77e42a-181f-4b48-8e74-201ce50ffc29
UG,Universidad de Guayaquil,CIENCIA DE DATOS E INTELIGENCIA ARTIFICIAL,6,realizar estudios de mercado,skill/competence,cross-sector,0.8733,http://data.europa.eu/esco/skill/fe39d4db-4cb5-4299-bb9f-896c8fd6ab13
UG,Universidad de Guayaquil,CIENCIA DE DATOS E INTELIGENCIA ARTIFICIAL,7,gestionar datos cuantitativos,skill/competence,cross-sector,0.871,http://data.europa.eu/esco/skill/57231a22-4da7-49c8-97b8-75672feadf1e
UG,Universidad de Guayaquil,CIENCIA DE DATOS E INTELIGENCIA ARTIFICIAL,8,realizar un análisis de datos,skill/competence,cross-sector,0.8708,http://data.europa.eu/esco/skill/2b92a5b2-6758-4ee3-9fb4-b6387a55cc8f
UG,Universidad de Guayaquil,CIENCIA DE DATOS E INTELIGENCIA ARTIFICIAL,9,interpretar la información comercial,skill/competence,cross-sector,0.8703,http://data.europa.eu/esco/skill/3cb68bb2-66fc-495a-af82-012338a9402b
UG,Universidad de Guayaquil,CIENCIA DE DATOS E INTELIGENCIA ARTIFICIAL,10,"navegar, buscar y filtrar datos, información y contenido digitales",skill/competence,cross-sector,0.8698,http://data.europa.eu/esco/skill/e439742d-558d-4f52-885e-afdc740b48cf
UG,Universidad de Guayaquil,CIENCIA DE DATOS E INTELIGENCIA ARTIFICIAL,11,gestionar datos de investigación,skill/competence,cross-sector,0.869,http://data.europa.eu/esco/skill/08b04e53-ed25-41a2-9f90-0b9cd939ba3d
UG,Universidad de Guayaquil,CIENCIA DE DATOS E INTELIGENCIA ARTIFICIAL,12,analizar tendencias en el mercado financiero,skill/competence,cross-sector,0.8686,http://data.europa.eu/esco/skill/292549e6-08ec-456c-b008-eba7a0a68428
UG,Universidad de Guayaquil,CIENCIA DE DATOS E INTELIGENCIA ARTIFICIAL,13,tomar decisiones basadas en datos,skill/competence,cross-sector,0.8686,http://data.europa.eu/esco/skill/be20d05c-f6b4-4580-9fcf-f00f4baab562
UG,Universidad de Guayaquil,CIENCIA DE DATOS E INTELIGENCIA ARTIFICIAL,14,analizar las tendencias del mercado de la energía,skill/competence,cross-sector,0.8679,http://data.europa.eu/esco/skill/28878fd9-9a17-452a-b3b8-5db5c63d7905
UG,Universidad de Guayaquil,CIENCIA DE DATOS E INTELIGENCIA ARTIFICIAL,15,analizar datos de carácter ecológico,skill/competence,cross-sector,0.8674,http://data.europa.eu/esco/skill/5354a726-ee64-4f34-90f8-8436f9f374b8
UG,Universidad de Guayaquil,CIENCIA DE DATOS E INTELIGENCIA ARTIFICIAL,16,analizar datos de la clientela,skill/competence,cross-sector,0.8674,http://data.europa.eu/esco/skill/d63f49de-cb72-4ce3-9553-a374a4f32f52
UG,Universidad de Guayaquil,CIENCIA DE DATOS E INTELIGENCIA ARTIFICIAL,17,gestionar sistemas de instrumentación,skill/competence,cross-sector,0.8672,http://data.europa.eu/esco/skill/5d71a91f-cc72-4b66-b6e3-d75ecc05e235
UG,Universidad de Guayaquil,CIENCIA DE DATOS E INTELIGENCIA ARTIFICIAL,18,preparar archivos estadísticos y financieros,skill/competence,cross-sector,0.8667,http://data.europa.eu/esco/skill/08ee68b2-0a6d-4bdf-a870-a36c0dc8064e
UG,Universidad de Guayaquil,CIENCIA DE DATOS E INTELIGENCIA ARTIFICIAL,19,interpretar resultados de pruebas médicas,skill/competence,cross-sector,0.8667,http://data.europa.eu/esco/skill/d59d023b-8f28-4e67-9a41-aa36320e6c69
UG,Universidad de Guayaquil,CIENCIA DE DATOS E INTELIGENCIA ARTIFICIAL,20,analizar modelos de negocio,skill/competence,cross-sector,0.8667,http://data.europa.eu/esco/skill/3c1cbc5e-2220-4f45-bcc8-3d52c8c9cae0
UG,Universidad de Guayaquil,CIENCIA DE DATOS E INTELIGENCIA ARTIFICIAL,21,ejecutar cálculos matemáticos analíticos,skill/competence,cross-sector,0.8663,http://data.europa.eu/esco/skill/31c69100-b612-4a61-8db5-fd314318854c
UG,Universidad de Guayaquil,CIENCIA DE DATOS E INTELIGENCIA ARTIFICIAL,22,analizar datos científicos,skill/competence,cross-sector,0.8662,http://data.europa.eu/esco/skill/36ff57b0-637d-4a83-a0e8-d14f86f9f078
UG,Universidad de Guayaquil,CIENCIA DE DATOS E INTELIGENCIA ARTIFICIAL,23,asesorar sobre estrategias de mercado,skill/competence,cross-sector,0.866,http://data.europa.eu/esco/skill/34d6ed30-5d35-44b9-9498-fd15badb5f28
UG,Universidad de Guayaquil,CIENCIA DE DATOS E INTELIGENCIA ARTIFICIAL,24,realizar gestión de clientes,skill/competence,cross-sector,0.8659,http://data.europa.eu/esco/skill/91306a20-9b81-4f3d-97eb-f5368b607da7
UG,Universidad de Guayaquil,CIENCIA DE DATOS E INTELIGENCIA ARTIFICIAL,25,analizar estudios sobre transporte,skill/competence,cross-sector,0.8654,http://data.europa.eu/esco/skill/99095ca0-1218-462d-9e95-79e334ba8b63
UG,Universidad de Guayaquil,COMPUTACIÓN,1,diseñar sistemas de control,skill/competence,cross-sector,0.8841,http://data.europa.eu/esco/skill/d560df46-dda4-4407-bab2-b87353a96814
UG,Universidad de Guayaquil,COMPUTACIÓN,2,gestionar proyectos de investigación y desarrollo,skill/competence,cross-sector,0.8787,http://data.europa.eu/esco/skill/d5dbc342-8e39-4998-8237-ebbe05a381ce
UG,Universidad de Guayaquil,COMPUTACIÓN,3,crear soluciones para problemas informativos,skill/competence,cross-sector,0.8783,http://data.europa.eu/esco/skill/4539aeca-b56f-4d03-ba86-8f675a7f2536
UG,Universidad de Guayaquil,COMPUTACIÓN,4,montar máquinas,skill/competence,cross-sector,0.876,http://data.europa.eu/esco/skill/87a0c0e6-c114-4ea1-b2d0-933bce1f3c5f
UG,Universidad de Guayaquil,COMPUTACIÓN,5,diseñar sistemas electromecánicos,skill/competence,cross-sector,0.8732,http://data.europa.eu/esco/skill/c5422318-3218-4ce9-9bdd-f38b93ff63a3
UG,Universidad de Guayaquil,COMPUTACIÓN,6,gestionar sistemas de instrumentación,skill/competence,cross-sector,0.8729,http://data.europa.eu/esco/skill/5d71a91f-cc72-4b66-b6e3-d75ecc05e235
UG,Universidad de Guayaquil,COMPUTACIÓN,7,gestionar datos de investigación,skill/competence,cross-sector,0.8729,http://data.europa.eu/esco/skill/08b04e53-ed25-41a2-9f90-0b9cd939ba3d
UG,Universidad de Guayaquil,COMPUTACIÓN,8,resolver problemas de sistemas TIC,skill/competence,cross-sector,0.8722,http://data.europa.eu/esco/skill/9e06bac6-6b91-48ca-8b7d-c1f48cdecd7c
UG,Universidad de Guayaquil,COMPUTACIÓN,9,ejecutar cálculos matemáticos analíticos,skill/competence,cross-sector,0.8722,http://data.europa.eu/esco/skill/31c69100-b612-4a61-8db5-fd314318854c
UG,Universidad de Guayaquil,COMPUTACIÓN,10,detectar y corregir errores de las tecnologías de la información y de las comunicaciones,skill/competence,cross-sector,0.8715,http://data.europa.eu/esco/skill/744442ac-c157-4350-8be0-ce454df4f5c5
UG,Universidad de Guayaquil,COMPUTACIÓN,11,tecnología informática,knowledge,cross-sector,0.8696,http://data.europa.eu/esco/skill/ddc3119d-1d6e-4324-9125-a3380d299ac5
UG,Universidad de Guayaquil,COMPUTACIÓN,12,almacenar datos y sistemas digitales,skill/competence,cross-sector,0.8689,http://data.europa.eu/esco/skill/611ed16b-99bf-4840-9cab-f55d1d286e0a
UG,Universidad de Guayaquil,COMPUTACIÓN,13,gestionar empresas de producción,skill/competence,cross-sector,0.8686,http://data.europa.eu/esco/skill/435d1751-8667-41ec-8b32-865b7cd3c684
UG,Universidad de Guayaquil,COMPUTACIÓN,14,asesorar a la clientela acerca de las posibilidades técnicas,skill/competence,cross-sector,0.8684,http://data.europa.eu/esco/skill/7b3abd38-61ae-42a4-88bb-0884784f9ee1
UG,Universidad de Guayaquil,COMPUTACIÓN,15,"gestionar datos, información y contenido digitales",skill/competence,cross-sector,0.8682,http://data.europa.eu/esco/skill/4d97e3c3-f335-47cc-a4ee-0d779fd42222
UG,Universidad de Guayaquil,COMPUTACIÓN,16,Proponer soluciones tecnológicas a problemas empresariales,skill/competence,cross-sector,0.8677,http://data.europa.eu/esco/skill/07e51c60-763a-4335-b4ec-70a15f66d328
UG,Universidad de Guayaquil,COMPUTACIÓN,17,gestionar datos cuantitativos,skill/competence,cross-sector,0.8674,http://data.europa.eu/esco/skill/57231a22-4da7-49c8-97b8-75672feadf1e
UG,Universidad de Guayaquil,COMPUTACIÓN,18,configurar textos en formato digital,skill/competence,cross-sector,0.8661,http://data.europa.eu/esco/skill/9b30c8fd-6467-4d16-99e0-32899a9ceec0
UG,Universidad de Guayaquil,COMPUTACIÓN,19,gestionar una base de datos meteorológica,skill/competence,cross-sector,0.8652,http://data.europa.eu/esco/skill/694f1a0a-b6bd-453f-af6d-a833503da307
UG,Universidad de Guayaquil,COMPUTACIÓN,20,desarrollar la tecnología de cadena de bloques,skill/competence,cross-sector,0.8652,http://data.europa.eu/esco/skill/93b22bbf-ece1-4e2d-8d47-0c9392c5a4fd
UG,Universidad de Guayaquil,COMPUTACIÓN,21,elaborar software estadístico,skill/competence,cross-sector,0.8647,http://data.europa.eu/esco/skill/bb165899-d95f-4433-95f2-173fefd716d2
UG,Universidad de Guayaquil,COMPUTACIÓN,22,utilizar herramientas informáticas,skill/competence,cross-sector,0.8647,http://data.europa.eu/esco/skill/f632251a-4078-4546-b19f-7ef528d08325
UG,Universidad de Guayaquil,COMPUTACIÓN,23,verificar unidades electrónicas,skill/competence,cross-sector,0.8646,http://data.europa.eu/esco/skill/baf501a8-f0fe-4ad7-9b69-8e920fa1a87b
UG,Universidad de Guayaquil,COMPUTACIÓN,24,elaborar estrategias para resolver problemas,skill/competence,cross-sector,0.8645,http://data.europa.eu/esco/skill/7a8fb784-67fa-41e9-a75c-6b491d91f800
UG,Universidad de Guayaquil,COMPUTACIÓN,25,gestionar bases de datos,skill/competence,cross-sector,0.8638,http://data.europa.eu/esco/skill/29fb0fb5-dfc4-4098-ac9b-3a712000f48f
UG,Universidad de Guayaquil,ECONOMÍA,1,analizar las tendencias económicas,skill/competence,cross-sector,0.8959,http://data.europa.eu/esco/skill/5f302d63-048e-451c-b150-97c124a5a26b
UG,Universidad de Guayaquil,ECONOMÍA,2,elaborar software estadístico,skill/competence,cross-sector,0.8921,http://data.europa.eu/esco/skill/bb165899-d95f-4433-95f2-173fefd716d2
UG,Universidad de Guayaquil,ECONOMÍA,3,asesorar sobre el desarrollo económico,skill/competence,cross-sector,0.8913,http://data.europa.eu/esco/skill/384ed14c-bf1f-4a65-aef6-6e711f43c4ce
UG,Universidad de Guayaquil,ECONOMÍA,4,elaborar políticas de economía,skill/competence,cross-sector,0.891,http://data.europa.eu/esco/skill/8394fefb-f62a-48c0-a156-3117cefdb9b3
UG,Universidad de Guayaquil,ECONOMÍA,5,analizar modelos de negocio,skill/competence,cross-sector,0.8887,http://data.europa.eu/esco/skill/3c1cbc5e-2220-4f45-bcc8-3d52c8c9cae0
UG,Universidad de Guayaquil,ECONOMÍA,6,evaluar presupuestos,skill/competence,cross-sector,0.8874,http://data.europa.eu/esco/skill/6556cbf1-d5c0-4f53-89a9-8707066069a6
UG,Universidad de Guayaquil,ECONOMÍA,7,realizar un análisis empresarial,skill/competence,cross-sector,0.8861,http://data.europa.eu/esco/skill/27ed854c-15b8-4ba2-90e9-ae888a219703
UG,Universidad de Guayaquil,ECONOMÍA,8,realizar estudios de mercado,skill/competence,cross-sector,0.8859,http://data.europa.eu/esco/skill/fe39d4db-4cb5-4299-bb9f-896c8fd6ab13
UG,Universidad de Guayaquil,ECONOMÍA,9,"llevar a cabo análisis de factores políticos, económicos, sociales, tecnológicos, ambientales y jurídicos",skill/competence,cross-sector,0.8847,http://data.europa.eu/esco/skill/9979e727-3104-42e0-8f41-4af2578111ea
UG,Universidad de Guayaquil,ECONOMÍA,10,asesorar sobre estrategias de mercado,skill/competence,cross-sector,0.8843,http://data.europa.eu/esco/skill/34d6ed30-5d35-44b9-9498-fd15badb5f28
UG,Universidad de Guayaquil,ECONOMÍA,11,predecir tendencias económicas,skill/competence,cross-sector,0.8822,http://data.europa.eu/esco/skill/f2a34d6b-131a-4b8f-a110-898b9c91d18f
UG,Universidad de Guayaquil,ECONOMÍA,12,evaluar el impacto ambiental de yacimientos y zonas industriales,skill/competence,cross-sector,0.881,http://data.europa.eu/esco/skill/f12f094b-492f-4e88-b36b-50b8e58b7500
UG,Universidad de Guayaquil,ECONOMÍA,13,evaluar los factores de riesgo,skill/competence,cross-sector,0.881,http://data.europa.eu/esco/skill/d7b66759-c40c-44de-9f31-9418f84e10c5
UG,Universidad de Guayaquil,ECONOMÍA,14,asesorar sobre política tributaria,skill/competence,cross-sector,0.8806,http://data.europa.eu/esco/skill/b5feaf25-3975-4e74-85fd-4470e344ba2e
UG,Universidad de Guayaquil,ECONOMÍA,15,analizar los factores externos a una empresa,skill/competence,cross-sector,0.8802,http://data.europa.eu/esco/skill/ce5b1446-b5e3-4f05-a5ac-83f2ee142a44
UG,Universidad de Guayaquil,ECONOMÍA,16,observar nuevas evoluciones en países extranjeros,skill/competence,cross-sector,0.8796,http://data.europa.eu/esco/skill/2f4d68be-6e9f-46fa-9398-0573e900b5e3
UG,Universidad de Guayaquil,ECONOMÍA,17,analizar las tendencias del mercado de la energía,skill/competence,cross-sector,0.8794,http://data.europa.eu/esco/skill/28878fd9-9a17-452a-b3b8-5db5c63d7905
UG,Universidad de Guayaquil,ECONOMÍA,18,analizar tendencias en el mercado financiero,skill/competence,cross-sector,0.8794,http://data.europa.eu/esco/skill/292549e6-08ec-456c-b008-eba7a0a68428
UG,Universidad de Guayaquil,ECONOMÍA,19,asesorar sobre políticas de gestión sostenible,skill/competence,cross-sector,0.8775,http://data.europa.eu/esco/skill/6742977a-aa00-4c8c-9861-898b0373907e
UG,Universidad de Guayaquil,ECONOMÍA,20,analizar datos de carácter ecológico,skill/competence,cross-sector,0.8763,http://data.europa.eu/esco/skill/5354a726-ee64-4f34-90f8-8436f9f374b8
UG,Universidad de Guayaquil,ECONOMÍA,21,preparar archivos estadísticos y financieros,skill/competence,cross-sector,0.8756,http://data.europa.eu/esco/skill/08ee68b2-0a6d-4bdf-a870-a36c0dc8064e
UG,Universidad de Guayaquil,ECONOMÍA,22,gestionar presupuestos de transportistas potenciales,skill/competence,cross-sector,0.8755,http://data.europa.eu/esco/skill/25d8dedb-a557-441a-8aeb-2d618b79abe9
UG,Universidad de Guayaquil,ECONOMÍA,23,tener en cuenta los criterios económicos en la toma de decisiones,skill/competence,cross-sector,0.8753,http://data.europa.eu/esco/skill/d41262ae-eca1-4ede-89a8-46d2d99a7a31
UG,Universidad de Guayaquil,ECONOMÍA,24,pronosticar niveles futuros de desarrollo empresarial,skill/competence,cross-sector,0.8751,http://data.europa.eu/esco/skill/ab167ae1-dfd8-4607-8dc4-d6d500622e1d
UG,Universidad de Guayaquil,ECONOMÍA,25,analizar procesos empresariales,skill/competence,cross-sector,0.8751,http://data.europa.eu/esco/skill/56042303-972b-41be-9310-58467599ff7e
UG,Universidad de Guayaquil,INGENIERÍA CIVIL,1,vigilar el cumplimiento de los parámetros de los proyectos de construcción,skill/competence,cross-sector,0.89,http://data.europa.eu/esco/skill/3dd3dfa7-51c0-40ef-af46-e2df300489f6
UG,Universidad de Guayaquil,INGENIERÍA CIVIL,2,garantizar el cumplimiento de los plazos de construcción,skill/competence,cross-sector,0.8894,http://data.europa.eu/esco/skill/6181f475-110c-497c-a46d-ed2e14e7bc90
UG,Universidad de Guayaquil,INGENIERÍA CIVIL,3,supervisar un proyecto de construcción,skill/competence,cross-sector,0.8828,http://data.europa.eu/esco/skill/1de548e0-9535-4d2e-9d20-d4474c1ea813
UG,Universidad de Guayaquil,INGENIERÍA CIVIL,4,supervisar obras de construcción,skill/competence,cross-sector,0.8798,http://data.europa.eu/esco/skill/fc1a75bb-70e3-4005-881f-7709bf7b0ed4
UG,Universidad de Guayaquil,INGENIERÍA CIVIL,5,supervisar el trabajo de planificación del diseño,skill/competence,cross-sector,0.8792,http://data.europa.eu/esco/skill/03227978-f839-4cc8-88a6-0a3c44d2c776
UG,Universidad de Guayaquil,INGENIERÍA CIVIL,6,examinar las infraestructuras civiles,skill/competence,cross-sector,0.8766,http://data.europa.eu/esco/skill/d48b3cfe-80b6-406f-b582-d959b60417f8
UG,Universidad de Guayaquil,INGENIERÍA CIVIL,7,coordinar equipos de ingeniería,skill/competence,cross-sector,0.8757,http://data.europa.eu/esco/skill/7af6e9e8-1e11-4c0b-b7c6-ac96bbbbc674
UG,Universidad de Guayaquil,INGENIERÍA CIVIL,8,asesorar sobre temas de construcción,skill/competence,cross-sector,0.8756,http://data.europa.eu/esco/skill/3b64ab47-a874-403a-b781-7b23c2fc3c6c
UG,Universidad de Guayaquil,INGENIERÍA CIVIL,9,gestionar los programas públicos,skill/competence,cross-sector,0.8754,http://data.europa.eu/esco/skill/0761f325-13e7-49f4-a41a-ec64ba4e7b9d
UG,Universidad de Guayaquil,INGENIERÍA CIVIL,10,revisar proyectos de construcción,skill/competence,cross-sector,0.8753,http://data.europa.eu/esco/skill/ea9fc9d9-c602-4430-a7fc-edac7429a6a8
UG,Universidad de Guayaquil,INGENIERÍA CIVIL,11,someter a auditorías a los contratistas,skill/competence,cross-sector,0.873,http://data.europa.eu/esco/skill/0520d8ba-3c24-4f75-a8b0-f883ddeed82d
UG,Universidad de Guayaquil,INGENIERÍA CIVIL,12,supervisar sistemas de gestión ambiental,skill/competence,cross-sector,0.8711,http://data.europa.eu/esco/skill/b13e0689-636d-42d0-86c3-df9d6f85a882
UG,Universidad de Guayaquil,INGENIERÍA CIVIL,13,evaluar el impacto ambiental de yacimientos y zonas industriales,skill/competence,cross-sector,0.8709,http://data.europa.eu/esco/skill/f12f094b-492f-4e88-b36b-50b8e58b7500
UG,Universidad de Guayaquil,INGENIERÍA CIVIL,14,gestionar la instalación de estructuras para eventos,skill/competence,cross-sector,0.8672,http://data.europa.eu/esco/skill/0e503b48-5491-4529-879e-b112251f8d50
UG,Universidad de Guayaquil,INGENIERÍA CIVIL,15,supervisar operaciones informativas diarias,skill/competence,cross-sector,0.8654,http://data.europa.eu/esco/skill/9013b46e-5a9b-4929-8918-fcadfdfd37ce
UG,Universidad de Guayaquil,INGENIERÍA CIVIL,16,coordinar el envío de materiales reciclables,skill/competence,cross-sector,0.8646,http://data.europa.eu/esco/skill/9d04490c-cea5-4765-a15e-99c46b543c1d
UG,Universidad de Guayaquil,INGENIERÍA CIVIL,17,elaborar planos,skill/competence,cross-sector,0.8644,http://data.europa.eu/esco/skill/bf59255e-782a-4e83-a93c-6055cfdd8e7f
UG,Universidad de Guayaquil,INGENIERÍA CIVIL,18,coordinar asociaciones público-privadas de turismo,skill/competence,cross-sector,0.8633,http://data.europa.eu/esco/skill/73b87890-d2ec-4842-b824-b4851ff12051
UG,Universidad de Guayaquil,INGENIERÍA CIVIL,19,cumplir la normativa de construcción,skill/competence,cross-sector,0.8618,http://data.europa.eu/esco/skill/4ccf7d02-764c-4129-a1df-fa1dd2e12647
UG,Universidad de Guayaquil,INGENIERÍA CIVIL,20,proteger humedales en el desarrollo de proyectos,skill/competence,cross-sector,0.861,http://data.europa.eu/esco/skill/e2028206-3060-4e81-8350-77baefabefde
UG,Universidad de Guayaquil,INGENIERÍA CIVIL,21,gestionar presupuestos,skill/competence,cross-sector,0.861,http://data.europa.eu/esco/skill/21c5790c-0930-4d74-b3b0-84caf5af12ea
UG,Universidad de Guayaquil,INGENIERÍA CIVIL,22,asesorar sobre el uso de terrenos,skill/competence,cross-sector,0.8606,http://data.europa.eu/esco/skill/8b46636e-e201-4086-a8d5-049b65eaf40e
UG,Universidad de Guayaquil,INGENIERÍA CIVIL,23,inspeccionar los pozos de agua,skill/competence,cross-sector,0.8597,http://data.europa.eu/esco/skill/3a560dc4-ee2e-4437-b94f-c076a2b5f25e
UG,Universidad de Guayaquil,INGENIERÍA CIVIL,24,comprobar la conformidad de la construcción respecto de la normativa vigente,skill/competence,cross-sector,0.8595,http://data.europa.eu/esco/skill/1b71f0d0-8e57-44dc-aaa0-3ee6fbb59991
UG,Universidad de Guayaquil,INGENIERÍA CIVIL,25,revisar autorizaciones de planos de construcción,skill/competence,cross-sector,0.8594,http://data.europa.eu/esco/skill/ebbf3488-7d1e-4603-b7d4-938d23bc1af1
UG,Universidad de Guayaquil,INGENIERÍA QUÍMICA,1,mejorar procesos químicos,skill/competence,cross-sector,0.9001,http://data.europa.eu/esco/skill/451c8010-7dbb-4f96-b4d4-0955766d9eff
UG,Universidad de Guayaquil,INGENIERÍA QUÍMICA,2,evaluar el impacto ambiental de yacimientos y zonas industriales,skill/competence,cross-sector,0.8879,http://data.europa.eu/esco/skill/f12f094b-492f-4e88-b36b-50b8e58b7500
UG,Universidad de Guayaquil,INGENIERÍA QUÍMICA,3,trabajar con sustancias químicas,skill/competence,cross-sector,0.8847,http://data.europa.eu/esco/skill/929a997b-d56c-4383-b36d-6de9fa0e1721
UG,Universidad de Guayaquil,INGENIERÍA QUÍMICA,4,manipular productos químicos,skill/competence,cross-sector,0.8773,http://data.europa.eu/esco/skill/2416dc09-6384-409e-8b1d-80bb7a2e7369
UG,Universidad de Guayaquil,INGENIERÍA QUÍMICA,5,realizar todas las actividades de ingeniería de procesos,skill/competence,cross-sector,0.8772,http://data.europa.eu/esco/skill/8b9d609a-6d62-4d5c-9133-01d41979cfac
UG,Universidad de Guayaquil,INGENIERÍA QUÍMICA,6,elaborar fórmulas de fabricación,skill/competence,cross-sector,0.8769,http://data.europa.eu/esco/skill/b2ad4e50-cb82-4a34-ab3e-5b5f6c4f9b65
UG,Universidad de Guayaquil,INGENIERÍA QUÍMICA,7,seguir fórmulas de coloración,skill/competence,cross-sector,0.8757,http://data.europa.eu/esco/skill/8779e8a1-45a8-4f51-b42a-2ea07ee4e8cd
UG,Universidad de Guayaquil,INGENIERÍA QUÍMICA,8,gestionar el impacto medioambiental de las operaciones,skill/competence,cross-sector,0.873,http://data.europa.eu/esco/skill/d86babea-bf8b-4552-81a8-daf706066ad6
UG,Universidad de Guayaquil,INGENIERÍA QUÍMICA,9,planificar procesos de fabricación,skill/competence,cross-sector,0.8719,http://data.europa.eu/esco/skill/7d0f33ea-e724-4d77-8b75-ee4fe66bb9ba
UG,Universidad de Guayaquil,INGENIERÍA QUÍMICA,10,gestionar empresas de producción,skill/competence,cross-sector,0.8714,http://data.europa.eu/esco/skill/435d1751-8667-41ec-8b32-865b7cd3c684
UG,Universidad de Guayaquil,INGENIERÍA QUÍMICA,11,integrar productos nuevos en la cadena de fabricación,skill/competence,cross-sector,0.8682,http://data.europa.eu/esco/skill/8a753714-9a19-4418-9b37-77e79d72c705
UG,Universidad de Guayaquil,INGENIERÍA QUÍMICA,12,gestionar los ensayos de productos,skill/competence,cross-sector,0.8678,http://data.europa.eu/esco/skill/b7a03115-41c9-4167-a0b6-7e40cf0fd607
UG,Universidad de Guayaquil,INGENIERÍA QUÍMICA,13,gestionar experimentos a gran escala para la fabricación de alimentos,skill/competence,cross-sector,0.8676,http://data.europa.eu/esco/skill/950c1106-4ea1-4fb7-a115-5dd5adcc1ea4
UG,Universidad de Guayaquil,INGENIERÍA QUÍMICA,14,cuidar la presentación de los alimentos,skill/competence,cross-sector,0.8664,http://data.europa.eu/esco/skill/0eece926-f1a3-4b65-9b99-a35e4c0eb835
UG,Universidad de Guayaquil,INGENIERÍA QUÍMICA,15,inspeccionar la calidad de los productos,skill/competence,cross-sector,0.8658,http://data.europa.eu/esco/skill/1a3660c2-011c-4e96-9b1d-529afc305428
UG,Universidad de Guayaquil,INGENIERÍA QUÍMICA,16,coordinar equipos de ingeniería,skill/competence,cross-sector,0.8658,http://data.europa.eu/esco/skill/7af6e9e8-1e11-4c0b-b7c6-ac96bbbbc674
UG,Universidad de Guayaquil,INGENIERÍA QUÍMICA,17,supervisar la producción de la fábrica,skill/competence,cross-sector,0.8654,http://data.europa.eu/esco/skill/c09dce1b-e198-487e-b63f-934e10a4c181
UG,Universidad de Guayaquil,INGENIERÍA QUÍMICA,18,prestar asistencia en investigaciones científicas,skill/competence,cross-sector,0.8653,http://data.europa.eu/esco/skill/d6179c4b-ff5a-4bbb-a3c8-e0acf0de1f56
UG,Universidad de Guayaquil,INGENIERÍA QUÍMICA,19,fabricar productos químicos,skill/competence,cross-sector,0.8646,http://data.europa.eu/esco/skill/4309a39d-af97-4e56-8d0e-5351b7b8dd01
UG,Universidad de Guayaquil,INGENIERÍA QUÍMICA,20,desarrollar medicamentos,skill/competence,cross-sector,0.8644,http://data.europa.eu/esco/skill/d8aa87e2-bbe4-45ac-a1e4-f48b6f63952e
UG,Universidad de Guayaquil,INGENIERÍA QUÍMICA,21,verificar las exigencias de fabricación,skill/competence,cross-sector,0.8635,http://data.europa.eu/esco/skill/277f489c-7a47-4791-bd87-61ca01737f96
UG,Universidad de Guayaquil,INGENIERÍA QUÍMICA,22,gestionar la producción de calzado y de artículos de piel y cuero,skill/competence,cross-sector,0.8629,http://data.europa.eu/esco/skill/7e71fbcf-ebf8-4164-829b-e16b68aa9432
UG,Universidad de Guayaquil,INGENIERÍA QUÍMICA,23,analizar procesos de producción para introducir mejoras,skill/competence,cross-sector,0.8626,http://data.europa.eu/esco/skill/f1b5800e-b763-4740-9586-3fef30568e81
UG,Universidad de Guayaquil,INGENIERÍA QUÍMICA,24,impartir formación sobre cómo supervisar la gestión de la calidad,skill/competence,cross-sector,0.8626,http://data.europa.eu/esco/skill/09e7cd13-ea36-4694-afe5-f34373759392
UG,Universidad de Guayaquil,INGENIERÍA QUÍMICA,25,manipular madera,skill/competence,cross-sector,0.8622,http://data.europa.eu/esco/skill/c8186be4-15d4-4347-b34a-53bee7015f79
UG,Universidad de Guayaquil,INGENIERÍA INDUSTRIAL,1,analizar estrategias de gestión de la cadena de suministro,skill/competence,cross-sector,0.9074,http://data.europa.eu/esco/skill/96d549bb-3e62-4c45-92a7-f114df089581
UG,Universidad de Guayaquil,INGENIERÍA INDUSTRIAL,2,integrar productos nuevos en la cadena de fabricación,skill/competence,cross-sector,0.9001,http://data.europa.eu/esco/skill/8a753714-9a19-4418-9b37-77e79d72c705
UG,Universidad de Guayaquil,INGENIERÍA INDUSTRIAL,3,gestionar empresas de producción,skill/competence,cross-sector,0.8973,http://data.europa.eu/esco/skill/435d1751-8667-41ec-8b32-865b7cd3c684
UG,Universidad de Guayaquil,INGENIERÍA INDUSTRIAL,4,planificar procesos de fabricación,skill/competence,cross-sector,0.892,http://data.europa.eu/esco/skill/7d0f33ea-e724-4d77-8b75-ee4fe66bb9ba
UG,Universidad de Guayaquil,INGENIERÍA INDUSTRIAL,5,gestionar sistemas de instrumentación,skill/competence,cross-sector,0.8917,http://data.europa.eu/esco/skill/5d71a91f-cc72-4b66-b6e3-d75ecc05e235
UG,Universidad de Guayaquil,INGENIERÍA INDUSTRIAL,6,gestionar proyectos de investigación y desarrollo,skill/competence,cross-sector,0.8916,http://data.europa.eu/esco/skill/d5dbc342-8e39-4998-8237-ebbe05a381ce
UG,Universidad de Guayaquil,INGENIERÍA INDUSTRIAL,7,analizar procesos de producción para introducir mejoras,skill/competence,cross-sector,0.8906,http://data.europa.eu/esco/skill/f1b5800e-b763-4740-9586-3fef30568e81
UG,Universidad de Guayaquil,INGENIERÍA INDUSTRIAL,8,gestionar los suministros,skill/competence,cross-sector,0.8902,http://data.europa.eu/esco/skill/020b3c27-bae1-4b85-9d6f-eccee0f5ed99
UG,Universidad de Guayaquil,INGENIERÍA INDUSTRIAL,9,realizar diversas tareas organizativas en la empresa,skill/competence,cross-sector,0.8884,http://data.europa.eu/esco/skill/01755f08-4df4-4cf0-8d22-08f94cad68b5
UG,Universidad de Guayaquil,INGENIERÍA INDUSTRIAL,10,gestionar la cadena de suministros sanitarios,skill/competence,cross-sector,0.8865,http://data.europa.eu/esco/skill/71d441c3-163a-41b6-b713-074d69362c27
UG,Universidad de Guayaquil,INGENIERÍA INDUSTRIAL,11,mejorar procesos químicos,skill/competence,cross-sector,0.885,http://data.europa.eu/esco/skill/451c8010-7dbb-4f96-b4d4-0955766d9eff
UG,Universidad de Guayaquil,INGENIERÍA INDUSTRIAL,12,coordinar las actividades de producción,skill/competence,cross-sector,0.885,http://data.europa.eu/esco/skill/05c00631-b864-4842-b47e-06710c197c7a
UG,Universidad de Guayaquil,INGENIERÍA INDUSTRIAL,13,diseñar sistemas de control,skill/competence,cross-sector,0.8846,http://data.europa.eu/esco/skill/d560df46-dda4-4407-bab2-b87353a96814
UG,Universidad de Guayaquil,INGENIERÍA INDUSTRIAL,14,redactar informes de producción,skill/competence,cross-sector,0.8844,http://data.europa.eu/esco/skill/7f18c3a2-f1ce-4db2-a354-9417691b5a43
UG,Universidad de Guayaquil,INGENIERÍA INDUSTRIAL,15,desarrollar normas y procedimientos de fabricación,skill/competence,cross-sector,0.8837,http://data.europa.eu/esco/skill/764db027-9063-4468-acb3-c73ecfc76f35
UG,Universidad de Guayaquil,INGENIERÍA INDUSTRIAL,16,montar máquinas,skill/competence,cross-sector,0.8834,http://data.europa.eu/esco/skill/87a0c0e6-c114-4ea1-b2d0-933bce1f3c5f
UG,Universidad de Guayaquil,INGENIERÍA INDUSTRIAL,17,apoyar la puesta en marcha de sistemas de gestión de la calidad,skill/competence,cross-sector,0.8829,http://data.europa.eu/esco/skill/ccbd0898-e225-4abc-8992-57a23b0e2eec
UG,Universidad de Guayaquil,INGENIERÍA INDUSTRIAL,18,supervisar sistemas de gestión ambiental,skill/competence,cross-sector,0.8814,http://data.europa.eu/esco/skill/b13e0689-636d-42d0-86c3-df9d6f85a882
UG,Universidad de Guayaquil,INGENIERÍA INDUSTRIAL,19,supervisar la producción de la fábrica,skill/competence,cross-sector,0.8811,http://data.europa.eu/esco/skill/c09dce1b-e198-487e-b63f-934e10a4c181
UG,Universidad de Guayaquil,INGENIERÍA INDUSTRIAL,20,gestionar las operaciones del almacén,skill/competence,cross-sector,0.8809,http://data.europa.eu/esco/skill/fa7be6bf-f906-4b8e-857d-48a9a7da901c
UG,Universidad de Guayaquil,INGENIERÍA INDUSTRIAL,21,realizar gestión de clientes,skill/competence,cross-sector,0.8809,http://data.europa.eu/esco/skill/91306a20-9b81-4f3d-97eb-f5368b607da7
UG,Universidad de Guayaquil,INGENIERÍA INDUSTRIAL,22,controlar la producción,skill/competence,cross-sector,0.8808,http://data.europa.eu/esco/skill/feceacee-d425-4e73-821a-02dfb85084db
UG,Universidad de Guayaquil,INGENIERÍA INDUSTRIAL,23,gestionar presupuestos,skill/competence,cross-sector,0.8803,http://data.europa.eu/esco/skill/21c5790c-0930-4d74-b3b0-84caf5af12ea
UG,Universidad de Guayaquil,INGENIERÍA INDUSTRIAL,24,establecer normas para plantas de producción,skill/competence,cross-sector,0.8802,http://data.europa.eu/esco/skill/d154e48f-95b4-4ce6-907e-4a44d50129fe
UG,Universidad de Guayaquil,INGENIERÍA INDUSTRIAL,25,gestionar la producción de calzado y de artículos de piel y cuero,skill/competence,cross-sector,0.88,http://data.europa.eu/esco/skill/7e71fbcf-ebf8-4164-829b-e16b68aa9432
UG,Universidad de Guayaquil,MECÁNICA,1,diseñar sistemas de control,skill/competence,cross-sector,0.881,http://data.europa.eu/esco/skill/d560df46-dda4-4407-bab2-b87353a96814
UG,Universidad de Guayaquil,MECÁNICA,2,evaluar el impacto ambiental de yacimientos y zonas industriales,skill/competence,cross-sector,0.8789,http://data.europa.eu/esco/skill/f12f094b-492f-4e88-b36b-50b8e58b7500
UG,Universidad de Guayaquil,MECÁNICA,3,planificar procesos de fabricación,skill/competence,cross-sector,0.8759,http://data.europa.eu/esco/skill/7d0f33ea-e724-4d77-8b75-ee4fe66bb9ba
UG,Universidad de Guayaquil,MECÁNICA,4,ingeniería ambiental,knowledge,cross-sector,0.8734,http://data.europa.eu/esco/skill/b1b118c4-3291-484e-b64d-6d51fd5da8b3
UG,Universidad de Guayaquil,MECÁNICA,5,montar máquinas,skill/competence,cross-sector,0.8724,http://data.europa.eu/esco/skill/87a0c0e6-c114-4ea1-b2d0-933bce1f3c5f
UG,Universidad de Guayaquil,MECÁNICA,6,actuar de enlace con profesionales del sector,skill/competence,cross-sector,0.8724,http://data.europa.eu/esco/skill/d1317634-ccea-44d0-9cdc-c863f9bf856b
UG,Universidad de Guayaquil,MECÁNICA,7,sensibilizar sobre el medioambiente,skill/competence,cross-sector,0.8704,http://data.europa.eu/esco/skill/8abdc43c-2bfd-417c-97c2-27fcdaf53171
UG,Universidad de Guayaquil,MECÁNICA,8,mejorar procesos químicos,skill/competence,cross-sector,0.87,http://data.europa.eu/esco/skill/451c8010-7dbb-4f96-b4d4-0955766d9eff
UG,Universidad de Guayaquil,MECÁNICA,9,gestionar empresas de producción,skill/competence,cross-sector,0.8689,http://data.europa.eu/esco/skill/435d1751-8667-41ec-8b32-865b7cd3c684
UG,Universidad de Guayaquil,MECÁNICA,10,gestionar equipos pesados,skill/competence,cross-sector,0.8684,http://data.europa.eu/esco/skill/2a314d49-c071-403b-9cc8-75aea53e7859
UG,Universidad de Guayaquil,MECÁNICA,11,mantener maquinaria de a bordo,skill/competence,cross-sector,0.8679,http://data.europa.eu/esco/skill/26c60178-5d93-4ded-93d7-c58e0ed92388
UG,Universidad de Guayaquil,MECÁNICA,12,realizar todas las actividades de ingeniería de procesos,skill/competence,cross-sector,0.8671,http://data.europa.eu/esco/skill/8b9d609a-6d62-4d5c-9133-01d41979cfac
UG,Universidad de Guayaquil,MECÁNICA,13,mantener sistemas hidráulicos,skill/competence,cross-sector,0.8671,http://data.europa.eu/esco/skill/8eebf05f-4495-4fd5-b1f0-cb85750295be
UG,Universidad de Guayaquil,MECÁNICA,14,diseñar escombreras de minas,skill/competence,cross-sector,0.8671,http://data.europa.eu/esco/skill/cfbe1cdb-1738-45a1-b442-75cbda1fff06
UG,Universidad de Guayaquil,MECÁNICA,15,gestionar el impacto medioambiental de las operaciones,skill/competence,cross-sector,0.8669,http://data.europa.eu/esco/skill/d86babea-bf8b-4552-81a8-daf706066ad6
UG,Universidad de Guayaquil,MECÁNICA,16,diseñar componentes de automatización,skill/competence,cross-sector,0.8668,http://data.europa.eu/esco/skill/f96f5aa5-6ed7-40dc-a431-68b0a09d6d4b
UG,Universidad de Guayaquil,MECÁNICA,17,diseñar sistemas electromecánicos,skill/competence,cross-sector,0.8667,http://data.europa.eu/esco/skill/c5422318-3218-4ce9-9bdd-f38b93ff63a3
UG,Universidad de Guayaquil,MECÁNICA,18,controlar maquinaria pesada,skill/competence,cross-sector,0.8666,http://data.europa.eu/esco/skill/4853efe8-0cdd-42d1-bc5a-6ba5fa9a8b2c
UG,Universidad de Guayaquil,MECÁNICA,19,mantenerse al día sobre las innovaciones en el ámbito empresarial,skill/competence,cross-sector,0.8656,http://data.europa.eu/esco/skill/7f70572d-f0c1-4039-9954-b57dc69981f6
UG,Universidad de Guayaquil,MECÁNICA,20,supervisar el funcionamiento de los equipos,skill/competence,cross-sector,0.8655,http://data.europa.eu/esco/skill/ca17f0df-59e4-4ed2-9360-fc5325bc7151
UG,Universidad de Guayaquil,MECÁNICA,21,realizar diseños técnicos de artículos de moda,skill/competence,cross-sector,0.865,http://data.europa.eu/esco/skill/881cd4ec-5b52-46c6-abc4-60551d58b355
UG,Universidad de Guayaquil,MECÁNICA,22,proporcionar experiencia técnica,skill/competence,cross-sector,0.8646,http://data.europa.eu/esco/skill/c69587b4-05d3-45bb-b79b-9b85e6603fc2
UG,Universidad de Guayaquil,MECÁNICA,23,reparar sistemas de fontanería,skill/competence,cross-sector,0.8644,http://data.europa.eu/esco/skill/d809a1d2-b80e-43e4-8984-de7517fb68f1
UG,Universidad de Guayaquil,MECÁNICA,24,manejar equipos de extracción de hidrógeno,skill/competence,cross-sector,0.8643,http://data.europa.eu/esco/skill/d2fd219f-5cb1-4f67-8db5-be6c5fc865c7
UG,Universidad de Guayaquil,MECÁNICA,25,gestionar sistemas de instrumentación,skill/competence,cross-sector,0.8642,http://data.europa.eu/esco/skill/5d71a91f-cc72-4b66-b6e3-d75ecc05e235
UG,Universidad de Guayaquil,SISTEMAS DE INFORMACIÓN,1,"gestionar datos, información y contenido digitales",skill/competence,cross-sector,0.8915,http://data.europa.eu/esco/skill/4d97e3c3-f335-47cc-a4ee-0d779fd42222
UG,Universidad de Guayaquil,SISTEMAS DE INFORMACIÓN,2,crear soluciones para problemas informativos,skill/competence,cross-sector,0.8859,http://data.europa.eu/esco/skill/4539aeca-b56f-4d03-ba86-8f675a7f2536
UG,Universidad de Guayaquil,SISTEMAS DE INFORMACIÓN,3,gestionar sistemas de instrumentación,skill/competence,cross-sector,0.8851,http://data.europa.eu/esco/skill/5d71a91f-cc72-4b66-b6e3-d75ecc05e235
UG,Universidad de Guayaquil,SISTEMAS DE INFORMACIÓN,4,configurar textos en formato digital,skill/competence,cross-sector,0.8783,http://data.europa.eu/esco/skill/9b30c8fd-6467-4d16-99e0-32899a9ceec0
UG,Universidad de Guayaquil,SISTEMAS DE INFORMACIÓN,5,gestionar proyectos de investigación y desarrollo,skill/competence,cross-sector,0.875,http://data.europa.eu/esco/skill/d5dbc342-8e39-4998-8237-ebbe05a381ce
UG,Universidad de Guayaquil,SISTEMAS DE INFORMACIÓN,6,resolver problemas de sistemas TIC,skill/competence,cross-sector,0.8747,http://data.europa.eu/esco/skill/9e06bac6-6b91-48ca-8b7d-c1f48cdecd7c
UG,Universidad de Guayaquil,SISTEMAS DE INFORMACIÓN,7,detectar necesidades tecnológicas,skill/competence,cross-sector,0.8734,http://data.europa.eu/esco/skill/42fcf80d-7b45-40f3-bd2f-5411c4c0dfa0
UG,Universidad de Guayaquil,SISTEMAS DE INFORMACIÓN,8,asesorar sobre estrategias de mercado,skill/competence,cross-sector,0.8734,http://data.europa.eu/esco/skill/34d6ed30-5d35-44b9-9498-fd15badb5f28
UG,Universidad de Guayaquil,SISTEMAS DE INFORMACIÓN,9,montar máquinas,skill/competence,cross-sector,0.8733,http://data.europa.eu/esco/skill/87a0c0e6-c114-4ea1-b2d0-933bce1f3c5f
UG,Universidad de Guayaquil,SISTEMAS DE INFORMACIÓN,10,gestionar datos de investigación,skill/competence,cross-sector,0.8733,http://data.europa.eu/esco/skill/08b04e53-ed25-41a2-9f90-0b9cd939ba3d
UG,Universidad de Guayaquil,SISTEMAS DE INFORMACIÓN,11,"navegar, buscar y filtrar datos, información y contenido digitales",skill/competence,cross-sector,0.872,http://data.europa.eu/esco/skill/e439742d-558d-4f52-885e-afdc740b48cf
UG,Universidad de Guayaquil,SISTEMAS DE INFORMACIÓN,12,diseñar sistemas electromecánicos,skill/competence,cross-sector,0.8718,http://data.europa.eu/esco/skill/c5422318-3218-4ce9-9bdd-f38b93ff63a3
UG,Universidad de Guayaquil,SISTEMAS DE INFORMACIÓN,13,realizar gestión de clientes,skill/competence,cross-sector,0.8715,http://data.europa.eu/esco/skill/91306a20-9b81-4f3d-97eb-f5368b607da7
UG,Universidad de Guayaquil,SISTEMAS DE INFORMACIÓN,14,almacenar datos y sistemas digitales,skill/competence,cross-sector,0.8715,http://data.europa.eu/esco/skill/611ed16b-99bf-4840-9cab-f55d1d286e0a
UG,Universidad de Guayaquil,SISTEMAS DE INFORMACIÓN,15,detectar y corregir errores de las tecnologías de la información y de las comunicaciones,skill/competence,cross-sector,0.8713,http://data.europa.eu/esco/skill/744442ac-c157-4350-8be0-ce454df4f5c5
UG,Universidad de Guayaquil,SISTEMAS DE INFORMACIÓN,16,gestionar bases de datos,skill/competence,cross-sector,0.8712,http://data.europa.eu/esco/skill/29fb0fb5-dfc4-4098-ac9b-3a712000f48f
UG,Universidad de Guayaquil,SISTEMAS DE INFORMACIÓN,17,asesorar a la clientela acerca de las posibilidades técnicas,skill/competence,cross-sector,0.8711,http://data.europa.eu/esco/skill/7b3abd38-61ae-42a4-88bb-0884784f9ee1
UG,Universidad de Guayaquil,SISTEMAS DE INFORMACIÓN,18,resolver problemas técnicos,skill/competence,cross-sector,0.869,http://data.europa.eu/esco/skill/14832d87-2f2f-4895-b290-e4760ebae42a
UG,Universidad de Guayaquil,SISTEMAS DE INFORMACIÓN,19,gestionar una base de datos meteorológica,skill/competence,cross-sector,0.8689,http://data.europa.eu/esco/skill/694f1a0a-b6bd-453f-af6d-a833503da307
UG,Universidad de Guayaquil,SISTEMAS DE INFORMACIÓN,20,realizar búsquedas en internet,skill/competence,transversal,0.8684,http://data.europa.eu/esco/skill/ba93b71b-c433-4a01-8246-ed2daa85a9a2
UG,Universidad de Guayaquil,SISTEMAS DE INFORMACIÓN,21,diseñar sistemas de control,skill/competence,cross-sector,0.868,http://data.europa.eu/esco/skill/d560df46-dda4-4407-bab2-b87353a96814
UG,Universidad de Guayaquil,SISTEMAS DE INFORMACIÓN,22,gestionar datos cuantitativos,skill/competence,cross-sector,0.8679,http://data.europa.eu/esco/skill/57231a22-4da7-49c8-97b8-75672feadf1e
UG,Universidad de Guayaquil,SISTEMAS DE INFORMACIÓN,23,ejecutar cálculos matemáticos analíticos,skill/competence,cross-sector,0.8673,http://data.europa.eu/esco/skill/31c69100-b612-4a61-8db5-fd314318854c
UG,Universidad de Guayaquil,SISTEMAS DE INFORMACIÓN,24,crear soluciones para problemas,skill/competence,cross-sector,0.867,http://data.europa.eu/esco/skill/03b9b491-fc9b-4868-914a-bf7cd47b5041
UG,Universidad de Guayaquil,SISTEMAS DE INFORMACIÓN,25,gestionar fuentes de información,skill/competence,cross-sector,0.867,http://data.europa.eu/esco/skill/faf208ae-d4a4-43b4-bb82-846b7348b740
UG,Universidad de Guayaquil,SOFTWARE,1,supervisar sistemas de gestión ambiental,skill/competence,cross-sector,0.8729,http://data.europa.eu/esco/skill/b13e0689-636d-42d0-86c3-df9d6f85a882
UG,Universidad de Guayaquil,SOFTWARE,2,realizar un análisis de riesgo,skill/competence,cross-sector,0.8706,http://data.europa.eu/esco/skill/1dd23dba-dd00-45ab-abf4-642902538317
UG,Universidad de Guayaquil,SOFTWARE,3,elaborar software estadístico,skill/competence,cross-sector,0.8701,http://data.europa.eu/esco/skill/bb165899-d95f-4433-95f2-173fefd716d2
UG,Universidad de Guayaquil,SOFTWARE,4,diseñar sistemas de control,skill/competence,cross-sector,0.87,http://data.europa.eu/esco/skill/d560df46-dda4-4407-bab2-b87353a96814
UG,Universidad de Guayaquil,SOFTWARE,5,montar máquinas,skill/competence,cross-sector,0.8683,http://data.europa.eu/esco/skill/87a0c0e6-c114-4ea1-b2d0-933bce1f3c5f
UG,Universidad de Guayaquil,SOFTWARE,6,asesorar a la clientela acerca de las posibilidades técnicas,skill/competence,cross-sector,0.8672,http://data.europa.eu/esco/skill/7b3abd38-61ae-42a4-88bb-0884784f9ee1
UG,Universidad de Guayaquil,SOFTWARE,7,almacenar datos y sistemas digitales,skill/competence,cross-sector,0.8655,http://data.europa.eu/esco/skill/611ed16b-99bf-4840-9cab-f55d1d286e0a
UG,Universidad de Guayaquil,SOFTWARE,8,realizar gestión de clientes,skill/competence,cross-sector,0.864,http://data.europa.eu/esco/skill/91306a20-9b81-4f3d-97eb-f5368b607da7
UG,Universidad de Guayaquil,SOFTWARE,9,diseñar sistemas electromecánicos,skill/competence,cross-sector,0.863,http://data.europa.eu/esco/skill/c5422318-3218-4ce9-9bdd-f38b93ff63a3
UG,Universidad de Guayaquil,SOFTWARE,10,asesorar sobre sistemas de gestión de riesgos ambientales,skill/competence,cross-sector,0.8627,http://data.europa.eu/esco/skill/a366bfc5-8d17-4792-a9f0-db0951528dda
UG,Universidad de Guayaquil,SOFTWARE,11,apoyar la puesta en marcha de sistemas de gestión de la calidad,skill/competence,cross-sector,0.8619,http://data.europa.eu/esco/skill/ccbd0898-e225-4abc-8992-57a23b0e2eec
UG,Universidad de Guayaquil,SOFTWARE,12,identificar requisitos del cliente,skill/competence,cross-sector,0.8617,http://data.europa.eu/esco/skill/0e0c9c11-b39e-43cf-ba95-2fe646f5de64
UG,Universidad de Guayaquil,SOFTWARE,13,trabajar de forma organizada,skill/competence,cross-sector,0.8615,http://data.europa.eu/esco/skill/1258cc12-37bb-4a12-b219-9c3d6b294533
UG,Universidad de Guayaquil,SOFTWARE,14,trabajar de forma organizada,skill/competence,cross-sector,0.8615,http://data.europa.eu/esco/skill/1258cc12-37bb-4a12-b219-9c3d6b294533
UG,Universidad de Guayaquil,SOFTWARE,15,diseñar sistemas de transporte,skill/competence,cross-sector,0.8614,http://data.europa.eu/esco/skill/11f364dd-0814-4398-b00e-10d1be8b27af
UG,Universidad de Guayaquil,SOFTWARE,16,resolver problemas de sistemas TIC,skill/competence,cross-sector,0.8612,http://data.europa.eu/esco/skill/9e06bac6-6b91-48ca-8b7d-c1f48cdecd7c
UG,Universidad de Guayaquil,SOFTWARE,17,gestionar proyectos de investigación y desarrollo,skill/competence,cross-sector,0.8603,http://data.europa.eu/esco/skill/d5dbc342-8e39-4998-8237-ebbe05a381ce
UG,Universidad de Guayaquil,SOFTWARE,18,ejecutar cálculos matemáticos analíticos,skill/competence,cross-sector,0.8602,http://data.europa.eu/esco/skill/31c69100-b612-4a61-8db5-fd314318854c
UG,Universidad de Guayaquil,SOFTWARE,19,desarrollar la tecnología de cadena de bloques,skill/competence,cross-sector,0.8584,http://data.europa.eu/esco/skill/93b22bbf-ece1-4e2d-8d47-0c9392c5a4fd
UG,Universidad de Guayaquil,SOFTWARE,20,elaborar estrategias para resolver problemas,skill/competence,cross-sector,0.8584,http://data.europa.eu/esco/skill/7a8fb784-67fa-41e9-a75c-6b491d91f800
UG,Universidad de Guayaquil,SOFTWARE,21,gestionar sistemas de instrumentación,skill/competence,cross-sector,0.8582,http://data.europa.eu/esco/skill/5d71a91f-cc72-4b66-b6e3-d75ecc05e235
UG,Universidad de Guayaquil,SOFTWARE,22,crear soluciones para problemas informativos,skill/competence,cross-sector,0.8578,http://data.europa.eu/esco/skill/4539aeca-b56f-4d03-ba86-8f675a7f2536
UG,Universidad de Guayaquil,SOFTWARE,23,asesorar sobre estrategias de mercado,skill/competence,cross-sector,0.8574,http://data.europa.eu/esco/skill/34d6ed30-5d35-44b9-9498-fd15badb5f28
UG,Universidad de Guayaquil,SOFTWARE,24,desarrollar métodos de purificación de agua,skill/competence,cross-sector,0.8573,http://data.europa.eu/esco/skill/6af000e5-a451-4f78-9feb-723971f2ad05
UG,Universidad de Guayaquil,SOFTWARE,25,asistir en la implementación de programas de salud laboral,skill/competence,cross-sector,0.8573,http://data.europa.eu/esco/skill/d0f48427-7987-4f86-b24d-709837a37fd2
UG,Universidad de Guayaquil,TELECOMUNICACIONES,1,actuar de enlace con profesionales del sector,skill/competence,cross-sector,0.8762,http://data.europa.eu/esco/skill/d1317634-ccea-44d0-9cdc-c863f9bf856b
UG,Universidad de Guayaquil,TELECOMUNICACIONES,2,asesorar a la clientela acerca de las posibilidades técnicas,skill/competence,cross-sector,0.876,http://data.europa.eu/esco/skill/7b3abd38-61ae-42a4-88bb-0884784f9ee1
UG,Universidad de Guayaquil,TELECOMUNICACIONES,3,diseñar sistemas de control,skill/competence,cross-sector,0.8759,http://data.europa.eu/esco/skill/d560df46-dda4-4407-bab2-b87353a96814
UG,Universidad de Guayaquil,TELECOMUNICACIONES,4,gestionar la instalación de estructuras para eventos,skill/competence,cross-sector,0.8755,http://data.europa.eu/esco/skill/0e503b48-5491-4529-879e-b112251f8d50
UG,Universidad de Guayaquil,TELECOMUNICACIONES,5,montar máquinas,skill/competence,cross-sector,0.8731,http://data.europa.eu/esco/skill/87a0c0e6-c114-4ea1-b2d0-933bce1f3c5f
UG,Universidad de Guayaquil,TELECOMUNICACIONES,6,supervisar el funcionamiento de los equipos,skill/competence,cross-sector,0.8699,http://data.europa.eu/esco/skill/ca17f0df-59e4-4ed2-9360-fc5325bc7151
UG,Universidad de Guayaquil,TELECOMUNICACIONES,7,coordinar comunicaciones remotas,skill/competence,cross-sector,0.8696,http://data.europa.eu/esco/skill/9bafaea2-76cd-4532-ab77-8b3d21fa6235
UG,Universidad de Guayaquil,TELECOMUNICACIONES,8,evaluar el impacto ambiental de yacimientos y zonas industriales,skill/competence,cross-sector,0.8695,http://data.europa.eu/esco/skill/f12f094b-492f-4e88-b36b-50b8e58b7500
UG,Universidad de Guayaquil,TELECOMUNICACIONES,9,coordinar comunicaciones en situaciones de emergencia en operaciones mineras,skill/competence,cross-sector,0.8689,http://data.europa.eu/esco/skill/707ff33d-d130-4e61-8a2a-6e8b023be9fc
UG,Universidad de Guayaquil,TELECOMUNICACIONES,10,gestionar las comunicaciones visuales,skill/competence,cross-sector,0.8687,http://data.europa.eu/esco/skill/50b96d21-f2eb-4f35-a8d3-77eee15ef51f
UG,Universidad de Guayaquil,TELECOMUNICACIONES,11,detectar y corregir errores de las tecnologías de la información y de las comunicaciones,skill/competence,cross-sector,0.8681,http://data.europa.eu/esco/skill/744442ac-c157-4350-8be0-ce454df4f5c5
UG,Universidad de Guayaquil,TELECOMUNICACIONES,12,instalar dispositivos electrónicos de comunicación en los trenes,skill/competence,cross-sector,0.8679,http://data.europa.eu/esco/skill/fc6cddab-c9ce-4ce6-83ac-32b6854dd6da
UG,Universidad de Guayaquil,TELECOMUNICACIONES,13,asesorar sobre temas relacionados con la meteorología,skill/competence,cross-sector,0.8675,http://data.europa.eu/esco/skill/274ad409-c740-4e85-852b-7e3f3168b9ca
UG,Universidad de Guayaquil,TELECOMUNICACIONES,14,coordinar equipos de ingeniería,skill/competence,cross-sector,0.8673,http://data.europa.eu/esco/skill/7af6e9e8-1e11-4c0b-b7c6-ac96bbbbc674
UG,Universidad de Guayaquil,TELECOMUNICACIONES,15,asesorar sobre el uso de terrenos,skill/competence,cross-sector,0.8668,http://data.europa.eu/esco/skill/8b46636e-e201-4086-a8d5-049b65eaf40e
UG,Universidad de Guayaquil,TELECOMUNICACIONES,16,diseñar sistemas de transporte,skill/competence,cross-sector,0.8667,http://data.europa.eu/esco/skill/11f364dd-0814-4398-b00e-10d1be8b27af
UG,Universidad de Guayaquil,TELECOMUNICACIONES,17,desarrollar procedimientos de prueba electrónica,skill/competence,cross-sector,0.8665,http://data.europa.eu/esco/skill/0de6bca4-f3aa-452a-8e10-d355b2c1bfc4
UG,Universidad de Guayaquil,TELECOMUNICACIONES,18,gestionar empresas de producción,skill/competence,cross-sector,0.8664,http://data.europa.eu/esco/skill/435d1751-8667-41ec-8b32-865b7cd3c684
UG,Universidad de Guayaquil,TELECOMUNICACIONES,19,instalar líneas de energía eléctrica,skill/competence,cross-sector,0.8662,http://data.europa.eu/esco/skill/0c627853-241e-405b-9044-aaff6bca133e
UG,Universidad de Guayaquil,TELECOMUNICACIONES,20,coordinar con expertos ferroviarios,skill/competence,cross-sector,0.866,http://data.europa.eu/esco/skill/6172948e-5d52-4f94-a617-278a9013a8ae
UG,Universidad de Guayaquil,TELECOMUNICACIONES,21,gestionar los programas públicos,skill/competence,cross-sector,0.8659,http://data.europa.eu/esco/skill/0761f325-13e7-49f4-a41a-ec64ba4e7b9d
UG,Universidad de Guayaquil,TELECOMUNICACIONES,22,comunicar cuestiones técnicas a los clientes,skill/competence,cross-sector,0.8658,http://data.europa.eu/esco/skill/652da95d-b336-497a-bce5-1c29a674eecb
UG,Universidad de Guayaquil,TELECOMUNICACIONES,23,asesorar sobre cuestiones relativas a la energía renovable marina,skill/competence,cross-sector,0.8657,http://data.europa.eu/esco/skill/610ccf09-e9f2-4268-bb93-442dde5bf26e
UG,Universidad de Guayaquil,TELECOMUNICACIONES,24,evaluar las necesidades energéticas,skill/competence,cross-sector,0.8654,http://data.europa.eu/esco/skill/36fccad9-1d20-4104-bcc2-a8ea9d1ce5ea
UG,Universidad de Guayaquil,TELECOMUNICACIONES,25,gestionar sistemas de instrumentación,skill/competence,cross-sector,0.8652,http://data.europa.eu/esco/skill/5d71a91f-cc72-4b66-b6e3-d75ecc05e235
USFQ,Universidad San Francisco de Quito USFQ,ADMINISTRACIÓN DE EMPRESAS,1,gestionar recursos humanos,skill/competence,cross-sector,0.881,http://data.europa.eu/esco/skill/339ac029-066a-4985-9f9d-b3d7c8fea0bb
USFQ,Universidad San Francisco de Quito USFQ,ADMINISTRACIÓN DE EMPRESAS,2,gestionar empresas de producción,skill/competence,cross-sector,0.8802,http://data.europa.eu/esco/skill/435d1751-8667-41ec-8b32-865b7cd3c684
USFQ,Universidad San Francisco de Quito USFQ,ADMINISTRACIÓN DE EMPRESAS,3,participar en las operaciones cotidianas de la empresa,skill/competence,cross-sector,0.8801,http://data.europa.eu/esco/skill/ce4cbc3a-bde0-43b4-9526-e643c4fe5b04
USFQ,Universidad San Francisco de Quito USFQ,ADMINISTRACIÓN DE EMPRESAS,4,realizar diversas tareas organizativas en la empresa,skill/competence,cross-sector,0.8767,http://data.europa.eu/esco/skill/01755f08-4df4-4cf0-8d22-08f94cad68b5
USFQ,Universidad San Francisco de Quito USFQ,ADMINISTRACIÓN DE EMPRESAS,5,asesorar sobre estrategias de mercado,skill/competence,cross-sector,0.876,http://data.europa.eu/esco/skill/34d6ed30-5d35-44b9-9498-fd15badb5f28
USFQ,Universidad San Francisco de Quito USFQ,ADMINISTRACIÓN DE EMPRESAS,6,analizar modelos de negocio,skill/competence,cross-sector,0.8742,http://data.europa.eu/esco/skill/3c1cbc5e-2220-4f45-bcc8-3d52c8c9cae0
USFQ,Universidad San Francisco de Quito USFQ,ADMINISTRACIÓN DE EMPRESAS,7,gestionar los aspectos financieros de una empresa,skill/competence,cross-sector,0.8737,http://data.europa.eu/esco/skill/fa6acfc3-0a4f-4192-b77d-80e94d0faf2a
USFQ,Universidad San Francisco de Quito USFQ,ADMINISTRACIÓN DE EMPRESAS,8,realizar estudios de mercado,skill/competence,cross-sector,0.8736,http://data.europa.eu/esco/skill/fe39d4db-4cb5-4299-bb9f-896c8fd6ab13
USFQ,Universidad San Francisco de Quito USFQ,ADMINISTRACIÓN DE EMPRESAS,9,tomar decisiones empresariales estratégicas,skill/competence,cross-sector,0.8725,http://data.europa.eu/esco/skill/f60c9e52-95fc-4ca1-a73c-18a491153b63
USFQ,Universidad San Francisco de Quito USFQ,ADMINISTRACIÓN DE EMPRESAS,10,formar equipos dentro de la empresa en base a las competencias,skill/competence,cross-sector,0.8712,http://data.europa.eu/esco/skill/f1155d3f-fbca-4298-a31c-f6955653bacf
USFQ,Universidad San Francisco de Quito USFQ,ADMINISTRACIÓN DE EMPRESAS,11,pronosticar niveles futuros de desarrollo empresarial,skill/competence,cross-sector,0.8712,http://data.europa.eu/esco/skill/ab167ae1-dfd8-4607-8dc4-d6d500622e1d
USFQ,Universidad San Francisco de Quito USFQ,ADMINISTRACIÓN DE EMPRESAS,12,representar a la empresa,skill/competence,cross-sector,0.8707,http://data.europa.eu/esco/skill/43268a87-8280-4e3f-bf97-97dc973d60ef
USFQ,Universidad San Francisco de Quito USFQ,ADMINISTRACIÓN DE EMPRESAS,13,elaborar políticas de economía,skill/competence,cross-sector,0.8698,http://data.europa.eu/esco/skill/8394fefb-f62a-48c0-a156-3117cefdb9b3
USFQ,Universidad San Francisco de Quito USFQ,ADMINISTRACIÓN DE EMPRESAS,14,mejorar procesos empresariales,skill/competence,cross-sector,0.8696,http://data.europa.eu/esco/skill/75b30aeb-34c0-40f4-b77d-271d75a98b14
USFQ,Universidad San Francisco de Quito USFQ,ADMINISTRACIÓN DE EMPRESAS,15,resolver problemas,skill/competence,transversal,0.8695,http://data.europa.eu/esco/skill/adc6dc11-3376-467b-96c5-9b0a21edc869
USFQ,Universidad San Francisco de Quito USFQ,ADMINISTRACIÓN DE EMPRESAS,16,asesorar sobre planificación tributaria y fiscal,skill/competence,cross-sector,0.8689,http://data.europa.eu/esco/skill/161a6c5a-593a-4977-b7b7-49c6a2a2f2a3
USFQ,Universidad San Francisco de Quito USFQ,ADMINISTRACIÓN DE EMPRESAS,17,gestionar operaciones financieras,skill/competence,cross-sector,0.8686,http://data.europa.eu/esco/skill/f7e7ccb6-fadc-4c35-935d-e1040be40dfe
USFQ,Universidad San Francisco de Quito USFQ,ADMINISTRACIÓN DE EMPRESAS,18,analizar procesos empresariales,skill/competence,cross-sector,0.8684,http://data.europa.eu/esco/skill/56042303-972b-41be-9310-58467599ff7e
USFQ,Universidad San Francisco de Quito USFQ,ADMINISTRACIÓN DE EMPRESAS,19,gestionar varios proyectos,skill/competence,cross-sector,0.8683,http://data.europa.eu/esco/skill/c881ddd2-9c0e-4743-bd24-36be650493dd
USFQ,Universidad San Francisco de Quito USFQ,ADMINISTRACIÓN DE EMPRESAS,20,asesorar sobre asuntos financieros,skill/competence,cross-sector,0.8683,http://data.europa.eu/esco/skill/79c36c91-28a5-44b7-ab9b-7093b2d4b21e
USFQ,Universidad San Francisco de Quito USFQ,ADMINISTRACIÓN DE EMPRESAS,21,gestionar programas de formación en la empresa,skill/competence,cross-sector,0.8679,http://data.europa.eu/esco/skill/6e66fa0f-4d3b-415e-9693-dc556eb5112a
USFQ,Universidad San Francisco de Quito USFQ,ADMINISTRACIÓN DE EMPRESAS,22,efectuar el seguimiento de operaciones financieras,skill/competence,cross-sector,0.8671,http://data.europa.eu/esco/skill/0295b2a4-fb86-495f-9547-d479532fc4c2
USFQ,Universidad San Francisco de Quito USFQ,ADMINISTRACIÓN DE EMPRESAS,23,realizar gestión de clientes,skill/competence,cross-sector,0.8671,http://data.europa.eu/esco/skill/91306a20-9b81-4f3d-97eb-f5368b607da7
USFQ,Universidad San Francisco de Quito USFQ,ADMINISTRACIÓN DE EMPRESAS,24,gestionar riesgos comerciales,skill/competence,cross-sector,0.8662,http://data.europa.eu/esco/skill/80ae18bf-f3a4-4f83-b372-7c5c9d686865
USFQ,Universidad San Francisco de Quito USFQ,ADMINISTRACIÓN DE EMPRESAS,25,mantenerse al día sobre las innovaciones en el ámbito empresarial,skill/competence,cross-sector,0.8662,http://data.europa.eu/esco/skill/7f70572d-f0c1-4039-9954-b57dc69981f6
USFQ,Universidad San Francisco de Quito USFQ,CIENCIA DE DATOS E INTELIGENCIA ARTIFICIAL,1,ciencia de datos,knowledge,cross-sector,0.8755,http://data.europa.eu/esco/skill/edebd83d-35f6-4ed5-a940-6c203d178c01
USFQ,Universidad San Francisco de Quito USFQ,CIENCIA DE DATOS E INTELIGENCIA ARTIFICIAL,2,aplicar métodos de análisis estadísticos,skill/competence,cross-sector,0.8716,http://data.europa.eu/esco/skill/382c11ed-20d5-4ae7-b60e-15fec527fa6c
USFQ,Universidad San Francisco de Quito USFQ,CIENCIA DE DATOS E INTELIGENCIA ARTIFICIAL,3,ejecutar cálculos matemáticos analíticos,skill/competence,cross-sector,0.8713,http://data.europa.eu/esco/skill/31c69100-b612-4a61-8db5-fd314318854c
USFQ,Universidad San Francisco de Quito USFQ,CIENCIA DE DATOS E INTELIGENCIA ARTIFICIAL,4,predecir tendencias económicas,skill/competence,cross-sector,0.8702,http://data.europa.eu/esco/skill/f2a34d6b-131a-4b8f-a110-898b9c91d18f
USFQ,Universidad San Francisco de Quito USFQ,CIENCIA DE DATOS E INTELIGENCIA ARTIFICIAL,5,interpretar datos actuales,skill/competence,cross-sector,0.8699,http://data.europa.eu/esco/skill/1e77e42a-181f-4b48-8e74-201ce50ffc29
USFQ,Universidad San Francisco de Quito USFQ,CIENCIA DE DATOS E INTELIGENCIA ARTIFICIAL,6,analizar datos,skill/competence,cross-sector,0.8695,http://data.europa.eu/esco/skill/a571ae14-3e16-4fd3-a615-5646e0b0b696
USFQ,Universidad San Francisco de Quito USFQ,CIENCIA DE DATOS E INTELIGENCIA ARTIFICIAL,7,gestionar datos de investigación,skill/competence,cross-sector,0.8695,http://data.europa.eu/esco/skill/08b04e53-ed25-41a2-9f90-0b9cd939ba3d
USFQ,Universidad San Francisco de Quito USFQ,CIENCIA DE DATOS E INTELIGENCIA ARTIFICIAL,8,tomar decisiones basadas en datos,skill/competence,cross-sector,0.8676,http://data.europa.eu/esco/skill/be20d05c-f6b4-4580-9fcf-f00f4baab562
USFQ,Universidad San Francisco de Quito USFQ,CIENCIA DE DATOS E INTELIGENCIA ARTIFICIAL,9,aplicar procesos de calidad de datos,skill/competence,cross-sector,0.8675,http://data.europa.eu/esco/skill/713fb616-118e-40bc-9366-4a69879a49d5
USFQ,Universidad San Francisco de Quito USFQ,CIENCIA DE DATOS E INTELIGENCIA ARTIFICIAL,10,realizar estudios de mercado,skill/competence,cross-sector,0.8673,http://data.europa.eu/esco/skill/fe39d4db-4cb5-4299-bb9f-896c8fd6ab13
USFQ,Universidad San Francisco de Quito USFQ,CIENCIA DE DATOS E INTELIGENCIA ARTIFICIAL,11,crear soluciones para problemas informativos,skill/competence,cross-sector,0.8663,http://data.europa.eu/esco/skill/4539aeca-b56f-4d03-ba86-8f675a7f2536
USFQ,Universidad San Francisco de Quito USFQ,CIENCIA DE DATOS E INTELIGENCIA ARTIFICIAL,12,analizar inteligencia de datos,skill/competence,cross-sector,0.8663,http://data.europa.eu/esco/skill/47a49cd6-097d-457a-9f7b-c290c14930d5
USFQ,Universidad San Francisco de Quito USFQ,CIENCIA DE DATOS E INTELIGENCIA ARTIFICIAL,13,elaborar software estadístico,skill/competence,cross-sector,0.8661,http://data.europa.eu/esco/skill/bb165899-d95f-4433-95f2-173fefd716d2
USFQ,Universidad San Francisco de Quito USFQ,CIENCIA DE DATOS E INTELIGENCIA ARTIFICIAL,14,realizar un análisis de datos,skill/competence,cross-sector,0.8659,http://data.europa.eu/esco/skill/2b92a5b2-6758-4ee3-9fb4-b6387a55cc8f
USFQ,Universidad San Francisco de Quito USFQ,CIENCIA DE DATOS E INTELIGENCIA ARTIFICIAL,15,gestionar datos cuantitativos,skill/competence,cross-sector,0.865,http://data.europa.eu/esco/skill/57231a22-4da7-49c8-97b8-75672feadf1e
USFQ,Universidad San Francisco de Quito USFQ,CIENCIA DE DATOS E INTELIGENCIA ARTIFICIAL,16,analizar las tendencias del mercado de la energía,skill/competence,cross-sector,0.8649,http://data.europa.eu/esco/skill/28878fd9-9a17-452a-b3b8-5db5c63d7905
USFQ,Universidad San Francisco de Quito USFQ,CIENCIA DE DATOS E INTELIGENCIA ARTIFICIAL,17,analizar modelos de negocio,skill/competence,cross-sector,0.8647,http://data.europa.eu/esco/skill/3c1cbc5e-2220-4f45-bcc8-3d52c8c9cae0
USFQ,Universidad San Francisco de Quito USFQ,CIENCIA DE DATOS E INTELIGENCIA ARTIFICIAL,18,preparar archivos estadísticos y financieros,skill/competence,cross-sector,0.8634,http://data.europa.eu/esco/skill/08ee68b2-0a6d-4bdf-a870-a36c0dc8064e
USFQ,Universidad San Francisco de Quito USFQ,CIENCIA DE DATOS E INTELIGENCIA ARTIFICIAL,19,asesorar sobre estrategias de mercado,skill/competence,cross-sector,0.8632,http://data.europa.eu/esco/skill/34d6ed30-5d35-44b9-9498-fd15badb5f28
USFQ,Universidad San Francisco de Quito USFQ,CIENCIA DE DATOS E INTELIGENCIA ARTIFICIAL,20,economía,knowledge,cross-sector,0.8631,http://data.europa.eu/esco/skill/88af9294-b697-4687-ae19-aefbb6234dfa
USFQ,Universidad San Francisco de Quito USFQ,CIENCIA DE DATOS E INTELIGENCIA ARTIFICIAL,21,interpretar resultados de pruebas médicas,skill/competence,cross-sector,0.8628,http://data.europa.eu/esco/skill/d59d023b-8f28-4e67-9a41-aa36320e6c69
USFQ,Universidad San Francisco de Quito USFQ,CIENCIA DE DATOS E INTELIGENCIA ARTIFICIAL,22,"navegar, buscar y filtrar datos, información y contenido digitales",skill/competence,cross-sector,0.8624,http://data.europa.eu/esco/skill/e439742d-558d-4f52-885e-afdc740b48cf
USFQ,Universidad San Francisco de Quito USFQ,CIENCIA DE DATOS E INTELIGENCIA ARTIFICIAL,23,elaborar estrategias de marketing digital,skill/competence,cross-sector,0.8622,http://data.europa.eu/esco/skill/736ef286-fbd3-4e5c-a4b4-d1e2008c9898
USFQ,Universidad San Francisco de Quito USFQ,CIENCIA DE DATOS E INTELIGENCIA ARTIFICIAL,24,analizar datos de la clientela,skill/competence,cross-sector,0.8621,http://data.europa.eu/esco/skill/d63f49de-cb72-4ce3-9553-a374a4f32f52
USFQ,Universidad San Francisco de Quito USFQ,CIENCIA DE DATOS E INTELIGENCIA ARTIFICIAL,25,estudiar a los usuarios de los sitios web,skill/competence,cross-sector,0.8618,http://data.europa.eu/esco/skill/5e14de3d-d055-427e-9f5b-eb068f56b019
USFQ,Universidad San Francisco de Quito USFQ,COMPUTACIÓN,1,ejecutar cálculos matemáticos analíticos,skill/competence,cross-sector,0.8861,http://data.europa.eu/esco/skill/31c69100-b612-4a61-8db5-fd314318854c
USFQ,Universidad San Francisco de Quito USFQ,COMPUTACIÓN,2,asesorar a la clientela acerca de las posibilidades técnicas,skill/competence,cross-sector,0.8799,http://data.europa.eu/esco/skill/7b3abd38-61ae-42a4-88bb-0884784f9ee1
USFQ,Universidad San Francisco de Quito USFQ,COMPUTACIÓN,3,montar máquinas,skill/competence,cross-sector,0.8793,http://data.europa.eu/esco/skill/87a0c0e6-c114-4ea1-b2d0-933bce1f3c5f
USFQ,Universidad San Francisco de Quito USFQ,COMPUTACIÓN,4,resolver problemas técnicos,skill/competence,cross-sector,0.8781,http://data.europa.eu/esco/skill/14832d87-2f2f-4895-b290-e4760ebae42a
USFQ,Universidad San Francisco de Quito USFQ,COMPUTACIÓN,5,crear soluciones para problemas informativos,skill/competence,cross-sector,0.8772,http://data.europa.eu/esco/skill/4539aeca-b56f-4d03-ba86-8f675a7f2536
USFQ,Universidad San Francisco de Quito USFQ,COMPUTACIÓN,6,diseñar sistemas de control,skill/competence,cross-sector,0.8771,http://data.europa.eu/esco/skill/d560df46-dda4-4407-bab2-b87353a96814
USFQ,Universidad San Francisco de Quito USFQ,COMPUTACIÓN,7,resolver problemas,skill/competence,transversal,0.8738,http://data.europa.eu/esco/skill/adc6dc11-3376-467b-96c5-9b0a21edc869
USFQ,Universidad San Francisco de Quito USFQ,COMPUTACIÓN,8,Proponer soluciones tecnológicas a problemas empresariales,skill/competence,cross-sector,0.8734,http://data.europa.eu/esco/skill/07e51c60-763a-4335-b4ec-70a15f66d328
USFQ,Universidad San Francisco de Quito USFQ,COMPUTACIÓN,9,elaborar software estadístico,skill/competence,cross-sector,0.873,http://data.europa.eu/esco/skill/bb165899-d95f-4433-95f2-173fefd716d2
USFQ,Universidad San Francisco de Quito USFQ,COMPUTACIÓN,10,diseñar sistemas electromecánicos,skill/competence,cross-sector,0.8714,http://data.europa.eu/esco/skill/c5422318-3218-4ce9-9bdd-f38b93ff63a3
USFQ,Universidad San Francisco de Quito USFQ,COMPUTACIÓN,11,realizar gestión de clientes,skill/competence,cross-sector,0.8709,http://data.europa.eu/esco/skill/91306a20-9b81-4f3d-97eb-f5368b607da7
USFQ,Universidad San Francisco de Quito USFQ,COMPUTACIÓN,12,gestionar datos cuantitativos,skill/competence,cross-sector,0.8708,http://data.europa.eu/esco/skill/57231a22-4da7-49c8-97b8-75672feadf1e
USFQ,Universidad San Francisco de Quito USFQ,COMPUTACIÓN,13,resolver problemas de sistemas TIC,skill/competence,cross-sector,0.8705,http://data.europa.eu/esco/skill/9e06bac6-6b91-48ca-8b7d-c1f48cdecd7c
USFQ,Universidad San Francisco de Quito USFQ,COMPUTACIÓN,14,trabajar de forma organizada,skill/competence,cross-sector,0.8703,http://data.europa.eu/esco/skill/1258cc12-37bb-4a12-b219-9c3d6b294533
USFQ,Universidad San Francisco de Quito USFQ,COMPUTACIÓN,15,trabajar de forma organizada,skill/competence,cross-sector,0.8703,http://data.europa.eu/esco/skill/1258cc12-37bb-4a12-b219-9c3d6b294533
USFQ,Universidad San Francisco de Quito USFQ,COMPUTACIÓN,16,elaborar estrategias para resolver problemas,skill/competence,cross-sector,0.8679,http://data.europa.eu/esco/skill/7a8fb784-67fa-41e9-a75c-6b491d91f800
USFQ,Universidad San Francisco de Quito USFQ,COMPUTACIÓN,17,representar a la empresa,skill/competence,cross-sector,0.8677,http://data.europa.eu/esco/skill/43268a87-8280-4e3f-bf97-97dc973d60ef
USFQ,Universidad San Francisco de Quito USFQ,COMPUTACIÓN,18,detectar y corregir errores de las tecnologías de la información y de las comunicaciones,skill/competence,cross-sector,0.867,http://data.europa.eu/esco/skill/744442ac-c157-4350-8be0-ce454df4f5c5
USFQ,Universidad San Francisco de Quito USFQ,COMPUTACIÓN,19,realizar trabajos técnicos difíciles,skill/competence,cross-sector,0.8666,http://data.europa.eu/esco/skill/2d780738-9b34-40a3-adbb-590001f6ff86
USFQ,Universidad San Francisco de Quito USFQ,COMPUTACIÓN,20,detectar necesidades tecnológicas,skill/competence,cross-sector,0.8658,http://data.europa.eu/esco/skill/42fcf80d-7b45-40f3-bd2f-5411c4c0dfa0
USFQ,Universidad San Francisco de Quito USFQ,COMPUTACIÓN,21,diseñar circuitos mediante programas de diseño asistido por ordenador,skill/competence,cross-sector,0.8657,http://data.europa.eu/esco/skill/9ba355be-f119-42b6-a7d6-52f6ce2e4a3f
USFQ,Universidad San Francisco de Quito USFQ,COMPUTACIÓN,22,gestionar proyectos de investigación y desarrollo,skill/competence,cross-sector,0.8653,http://data.europa.eu/esco/skill/d5dbc342-8e39-4998-8237-ebbe05a381ce
USFQ,Universidad San Francisco de Quito USFQ,COMPUTACIÓN,23,almacenar datos y sistemas digitales,skill/competence,cross-sector,0.8651,http://data.europa.eu/esco/skill/611ed16b-99bf-4840-9cab-f55d1d286e0a
USFQ,Universidad San Francisco de Quito USFQ,COMPUTACIÓN,24,crear soluciones para problemas,skill/competence,cross-sector,0.8646,http://data.europa.eu/esco/skill/03b9b491-fc9b-4868-914a-bf7cd47b5041
USFQ,Universidad San Francisco de Quito USFQ,COMPUTACIÓN,25,analizar datos de carácter ecológico,skill/competence,cross-sector,0.8642,http://data.europa.eu/esco/skill/5354a726-ee64-4f34-90f8-8436f9f374b8
USFQ,Universidad San Francisco de Quito USFQ,ECONOMÍA,1,analizar las tendencias económicas,skill/competence,cross-sector,0.8929,http://data.europa.eu/esco/skill/5f302d63-048e-451c-b150-97c124a5a26b
USFQ,Universidad San Francisco de Quito USFQ,ECONOMÍA,2,elaborar software estadístico,skill/competence,cross-sector,0.8851,http://data.europa.eu/esco/skill/bb165899-d95f-4433-95f2-173fefd716d2
USFQ,Universidad San Francisco de Quito USFQ,ECONOMÍA,3,analizar modelos de negocio,skill/competence,cross-sector,0.8851,http://data.europa.eu/esco/skill/3c1cbc5e-2220-4f45-bcc8-3d52c8c9cae0
USFQ,Universidad San Francisco de Quito USFQ,ECONOMÍA,4,predecir tendencias económicas,skill/competence,cross-sector,0.8824,http://data.europa.eu/esco/skill/f2a34d6b-131a-4b8f-a110-898b9c91d18f
USFQ,Universidad San Francisco de Quito USFQ,ECONOMÍA,5,asesorar sobre política tributaria,skill/competence,cross-sector,0.88,http://data.europa.eu/esco/skill/b5feaf25-3975-4e74-85fd-4470e344ba2e
USFQ,Universidad San Francisco de Quito USFQ,ECONOMÍA,6,ejecutar cálculos matemáticos analíticos,skill/competence,cross-sector,0.8791,http://data.europa.eu/esco/skill/31c69100-b612-4a61-8db5-fd314318854c
USFQ,Universidad San Francisco de Quito USFQ,ECONOMÍA,7,preparar archivos estadísticos y financieros,skill/competence,cross-sector,0.8787,http://data.europa.eu/esco/skill/08ee68b2-0a6d-4bdf-a870-a36c0dc8064e
USFQ,Universidad San Francisco de Quito USFQ,ECONOMÍA,8,analizar datos de carácter ecológico,skill/competence,cross-sector,0.8783,http://data.europa.eu/esco/skill/5354a726-ee64-4f34-90f8-8436f9f374b8
USFQ,Universidad San Francisco de Quito USFQ,ECONOMÍA,9,realizar estudios de mercado,skill/competence,cross-sector,0.8781,http://data.europa.eu/esco/skill/fe39d4db-4cb5-4299-bb9f-896c8fd6ab13
USFQ,Universidad San Francisco de Quito USFQ,ECONOMÍA,10,asesorar sobre el desarrollo económico,skill/competence,cross-sector,0.8765,http://data.europa.eu/esco/skill/384ed14c-bf1f-4a65-aef6-6e711f43c4ce
USFQ,Universidad San Francisco de Quito USFQ,ECONOMÍA,11,analizar las tendencias del mercado de la energía,skill/competence,cross-sector,0.8765,http://data.europa.eu/esco/skill/28878fd9-9a17-452a-b3b8-5db5c63d7905
USFQ,Universidad San Francisco de Quito USFQ,ECONOMÍA,12,elaborar políticas de economía,skill/competence,cross-sector,0.8762,http://data.europa.eu/esco/skill/8394fefb-f62a-48c0-a156-3117cefdb9b3
USFQ,Universidad San Francisco de Quito USFQ,ECONOMÍA,13,analizar tendencias en el mercado financiero,skill/competence,cross-sector,0.8756,http://data.europa.eu/esco/skill/292549e6-08ec-456c-b008-eba7a0a68428
USFQ,Universidad San Francisco de Quito USFQ,ECONOMÍA,14,observar nuevas evoluciones en países extranjeros,skill/competence,cross-sector,0.8748,http://data.europa.eu/esco/skill/2f4d68be-6e9f-46fa-9398-0573e900b5e3
USFQ,Universidad San Francisco de Quito USFQ,ECONOMÍA,15,asesorar sobre estrategias de mercado,skill/competence,cross-sector,0.8743,http://data.europa.eu/esco/skill/34d6ed30-5d35-44b9-9498-fd15badb5f28
USFQ,Universidad San Francisco de Quito USFQ,ECONOMÍA,16,"llevar a cabo análisis de factores políticos, económicos, sociales, tecnológicos, ambientales y jurídicos",skill/competence,cross-sector,0.874,http://data.europa.eu/esco/skill/9979e727-3104-42e0-8f41-4af2578111ea
USFQ,Universidad San Francisco de Quito USFQ,ECONOMÍA,17,realizar un análisis empresarial,skill/competence,cross-sector,0.8731,http://data.europa.eu/esco/skill/27ed854c-15b8-4ba2-90e9-ae888a219703
USFQ,Universidad San Francisco de Quito USFQ,ECONOMÍA,18,analizar datos,skill/competence,cross-sector,0.8724,http://data.europa.eu/esco/skill/a571ae14-3e16-4fd3-a615-5646e0b0b696
USFQ,Universidad San Francisco de Quito USFQ,ECONOMÍA,19,evaluar presupuestos,skill/competence,cross-sector,0.8722,http://data.europa.eu/esco/skill/6556cbf1-d5c0-4f53-89a9-8707066069a6
USFQ,Universidad San Francisco de Quito USFQ,ECONOMÍA,20,utilizar modelos informáticos especializados para predecir el tiempo,skill/competence,cross-sector,0.8722,http://data.europa.eu/esco/skill/206f5738-e91f-4390-84a2-fcb864bc11b1
USFQ,Universidad San Francisco de Quito USFQ,ECONOMÍA,21,evaluar los factores de riesgo,skill/competence,cross-sector,0.872,http://data.europa.eu/esco/skill/d7b66759-c40c-44de-9f31-9418f84e10c5
USFQ,Universidad San Francisco de Quito USFQ,ECONOMÍA,22,evaluar el impacto ambiental de yacimientos y zonas industriales,skill/competence,cross-sector,0.8709,http://data.europa.eu/esco/skill/f12f094b-492f-4e88-b36b-50b8e58b7500
USFQ,Universidad San Francisco de Quito USFQ,ECONOMÍA,23,economía,knowledge,cross-sector,0.8705,http://data.europa.eu/esco/skill/88af9294-b697-4687-ae19-aefbb6234dfa
USFQ,Universidad San Francisco de Quito USFQ,ECONOMÍA,24,interpretar estados financieros,skill/competence,cross-sector,0.8703,http://data.europa.eu/esco/skill/5f1d1319-7954-4a9b-90c7-57668e3a0d4b
USFQ,Universidad San Francisco de Quito USFQ,ECONOMÍA,25,efectuar el seguimiento de operaciones financieras,skill/competence,cross-sector,0.8698,http://data.europa.eu/esco/skill/0295b2a4-fb86-495f-9547-d479532fc4c2
USFQ,Universidad San Francisco de Quito USFQ,INGENIERÍA CIVIL,1,coordinar equipos de ingeniería,skill/competence,cross-sector,0.8715,http://data.europa.eu/esco/skill/7af6e9e8-1e11-4c0b-b7c6-ac96bbbbc674
USFQ,Universidad San Francisco de Quito USFQ,INGENIERÍA CIVIL,2,examinar las infraestructuras civiles,skill/competence,cross-sector,0.8713,http://data.europa.eu/esco/skill/d48b3cfe-80b6-406f-b582-d959b60417f8
USFQ,Universidad San Francisco de Quito USFQ,INGENIERÍA CIVIL,3,asesorar sobre temas de construcción,skill/competence,cross-sector,0.8665,http://data.europa.eu/esco/skill/3b64ab47-a874-403a-b781-7b23c2fc3c6c
USFQ,Universidad San Francisco de Quito USFQ,INGENIERÍA CIVIL,4,coordinar con expertos ferroviarios,skill/competence,cross-sector,0.8656,http://data.europa.eu/esco/skill/6172948e-5d52-4f94-a617-278a9013a8ae
USFQ,Universidad San Francisco de Quito USFQ,INGENIERÍA CIVIL,5,elaborar planos,skill/competence,cross-sector,0.8653,http://data.europa.eu/esco/skill/bf59255e-782a-4e83-a93c-6055cfdd8e7f
USFQ,Universidad San Francisco de Quito USFQ,INGENIERÍA CIVIL,6,gestionar los programas públicos,skill/competence,cross-sector,0.8648,http://data.europa.eu/esco/skill/0761f325-13e7-49f4-a41a-ec64ba4e7b9d
USFQ,Universidad San Francisco de Quito USFQ,INGENIERÍA CIVIL,7,garantizar el cumplimiento de los plazos de construcción,skill/competence,cross-sector,0.8645,http://data.europa.eu/esco/skill/6181f475-110c-497c-a46d-ed2e14e7bc90
USFQ,Universidad San Francisco de Quito USFQ,INGENIERÍA CIVIL,8,evaluar el impacto ambiental de yacimientos y zonas industriales,skill/competence,cross-sector,0.8615,http://data.europa.eu/esco/skill/f12f094b-492f-4e88-b36b-50b8e58b7500
USFQ,Universidad San Francisco de Quito USFQ,INGENIERÍA CIVIL,9,vigilar el cumplimiento de los parámetros de los proyectos de construcción,skill/competence,cross-sector,0.8606,http://data.europa.eu/esco/skill/3dd3dfa7-51c0-40ef-af46-e2df300489f6
USFQ,Universidad San Francisco de Quito USFQ,INGENIERÍA CIVIL,10,someter a auditorías a los contratistas,skill/competence,cross-sector,0.8606,http://data.europa.eu/esco/skill/0520d8ba-3c24-4f75-a8b0-f883ddeed82d
USFQ,Universidad San Francisco de Quito USFQ,INGENIERÍA CIVIL,11,planificar procesos de fabricación,skill/competence,cross-sector,0.8604,http://data.europa.eu/esco/skill/7d0f33ea-e724-4d77-8b75-ee4fe66bb9ba
USFQ,Universidad San Francisco de Quito USFQ,INGENIERÍA CIVIL,12,gestionar proyectos de ingeniería,skill/competence,cross-sector,0.8596,http://data.europa.eu/esco/skill/6a899482-8bcf-40ca-ae67-579a1cc467ab
USFQ,Universidad San Francisco de Quito USFQ,INGENIERÍA CIVIL,13,actuar de enlace con profesionales del sector,skill/competence,cross-sector,0.8592,http://data.europa.eu/esco/skill/d1317634-ccea-44d0-9cdc-c863f9bf856b
USFQ,Universidad San Francisco de Quito USFQ,INGENIERÍA CIVIL,14,reparar sistemas de fontanería,skill/competence,cross-sector,0.8589,http://data.europa.eu/esco/skill/d809a1d2-b80e-43e4-8984-de7517fb68f1
USFQ,Universidad San Francisco de Quito USFQ,INGENIERÍA CIVIL,15,revisar proyectos de construcción,skill/competence,cross-sector,0.8581,http://data.europa.eu/esco/skill/ea9fc9d9-c602-4430-a7fc-edac7429a6a8
USFQ,Universidad San Francisco de Quito USFQ,INGENIERÍA CIVIL,16,supervisar obras de construcción,skill/competence,cross-sector,0.8575,http://data.europa.eu/esco/skill/fc1a75bb-70e3-4005-881f-7709bf7b0ed4
USFQ,Universidad San Francisco de Quito USFQ,INGENIERÍA CIVIL,17,ingeniería civil,knowledge,cross-sector,0.8574,http://data.europa.eu/esco/skill/82887396-e5bf-4306-af51-3fe8d82790b2
USFQ,Universidad San Francisco de Quito USFQ,INGENIERÍA CIVIL,18,gestionar varios proyectos,skill/competence,cross-sector,0.8572,http://data.europa.eu/esco/skill/c881ddd2-9c0e-4743-bd24-36be650493dd
USFQ,Universidad San Francisco de Quito USFQ,INGENIERÍA CIVIL,19,comprobar la conformidad de la construcción respecto de la normativa vigente,skill/competence,cross-sector,0.8565,http://data.europa.eu/esco/skill/1b71f0d0-8e57-44dc-aaa0-3ee6fbb59991
USFQ,Universidad San Francisco de Quito USFQ,INGENIERÍA CIVIL,20,mantener contacto con financieros,skill/competence,cross-sector,0.8565,http://data.europa.eu/esco/skill/401d8d12-b56d-4c71-ac58-f791e8c085b4
USFQ,Universidad San Francisco de Quito USFQ,INGENIERÍA CIVIL,21,gestionar equipos pesados,skill/competence,cross-sector,0.8562,http://data.europa.eu/esco/skill/2a314d49-c071-403b-9cc8-75aea53e7859
USFQ,Universidad San Francisco de Quito USFQ,INGENIERÍA CIVIL,22,"aplicar conocimientos científicos, tecnológicos y de ingeniería",skill/competence,transversal,0.856,http://data.europa.eu/esco/skill/5c3ab99d-a3f1-4620-9602-d12d2151a03d
USFQ,Universidad San Francisco de Quito USFQ,INGENIERÍA CIVIL,23,montar máquinas,skill/competence,cross-sector,0.8555,http://data.europa.eu/esco/skill/87a0c0e6-c114-4ea1-b2d0-933bce1f3c5f
USFQ,Universidad San Francisco de Quito USFQ,INGENIERÍA CIVIL,24,trabajar de forma organizada,skill/competence,cross-sector,0.8552,http://data.europa.eu/esco/skill/1258cc12-37bb-4a12-b219-9c3d6b294533
USFQ,Universidad San Francisco de Quito USFQ,INGENIERÍA CIVIL,25,trabajar de forma organizada,skill/competence,cross-sector,0.8552,http://data.europa.eu/esco/skill/1258cc12-37bb-4a12-b219-9c3d6b294533
USFQ,Universidad San Francisco de Quito USFQ,INGENIERÍA QUÍMICA,1,mejorar procesos químicos,skill/competence,cross-sector,0.905,http://data.europa.eu/esco/skill/451c8010-7dbb-4f96-b4d4-0955766d9eff
USFQ,Universidad San Francisco de Quito USFQ,INGENIERÍA QUÍMICA,2,evaluar el impacto ambiental de yacimientos y zonas industriales,skill/competence,cross-sector,0.8986,http://data.europa.eu/esco/skill/f12f094b-492f-4e88-b36b-50b8e58b7500
USFQ,Universidad San Francisco de Quito USFQ,INGENIERÍA QUÍMICA,3,trabajar con sustancias químicas,skill/competence,cross-sector,0.8908,http://data.europa.eu/esco/skill/929a997b-d56c-4383-b36d-6de9fa0e1721
USFQ,Universidad San Francisco de Quito USFQ,INGENIERÍA QUÍMICA,4,gestionar el impacto medioambiental de las operaciones,skill/competence,cross-sector,0.8842,http://data.europa.eu/esco/skill/d86babea-bf8b-4552-81a8-daf706066ad6
USFQ,Universidad San Francisco de Quito USFQ,INGENIERÍA QUÍMICA,5,seguir fórmulas de coloración,skill/competence,cross-sector,0.881,http://data.europa.eu/esco/skill/8779e8a1-45a8-4f51-b42a-2ea07ee4e8cd
USFQ,Universidad San Francisco de Quito USFQ,INGENIERÍA QUÍMICA,6,desarrollar medicamentos,skill/competence,cross-sector,0.8805,http://data.europa.eu/esco/skill/d8aa87e2-bbe4-45ac-a1e4-f48b6f63952e
USFQ,Universidad San Francisco de Quito USFQ,INGENIERÍA QUÍMICA,7,gestionar empresas de producción,skill/competence,cross-sector,0.8778,http://data.europa.eu/esco/skill/435d1751-8667-41ec-8b32-865b7cd3c684
USFQ,Universidad San Francisco de Quito USFQ,INGENIERÍA QUÍMICA,8,manipular productos químicos,skill/competence,cross-sector,0.8778,http://data.europa.eu/esco/skill/2416dc09-6384-409e-8b1d-80bb7a2e7369
USFQ,Universidad San Francisco de Quito USFQ,INGENIERÍA QUÍMICA,9,elaborar fórmulas de fabricación,skill/competence,cross-sector,0.8758,http://data.europa.eu/esco/skill/b2ad4e50-cb82-4a34-ab3e-5b5f6c4f9b65
USFQ,Universidad San Francisco de Quito USFQ,INGENIERÍA QUÍMICA,10,planificar procesos de fabricación,skill/competence,cross-sector,0.8754,http://data.europa.eu/esco/skill/7d0f33ea-e724-4d77-8b75-ee4fe66bb9ba
USFQ,Universidad San Francisco de Quito USFQ,INGENIERÍA QUÍMICA,11,seguir procedimientos higiénicos en el tratamiento de alimentos,skill/competence,cross-sector,0.8719,http://data.europa.eu/esco/skill/a34f4fd4-1aff-4941-82d5-542ac94f81c3
USFQ,Universidad San Francisco de Quito USFQ,INGENIERÍA QUÍMICA,12,sensibilizar sobre el medioambiente,skill/competence,cross-sector,0.8715,http://data.europa.eu/esco/skill/8abdc43c-2bfd-417c-97c2-27fcdaf53171
USFQ,Universidad San Francisco de Quito USFQ,INGENIERÍA QUÍMICA,13,gestionar experimentos a gran escala para la fabricación de alimentos,skill/competence,cross-sector,0.8705,http://data.europa.eu/esco/skill/950c1106-4ea1-4fb7-a115-5dd5adcc1ea4
USFQ,Universidad San Francisco de Quito USFQ,INGENIERÍA QUÍMICA,14,gestionar proyectos de investigación y desarrollo,skill/competence,cross-sector,0.8697,http://data.europa.eu/esco/skill/d5dbc342-8e39-4998-8237-ebbe05a381ce
USFQ,Universidad San Francisco de Quito USFQ,INGENIERÍA QUÍMICA,15,realizar todas las actividades de ingeniería de procesos,skill/competence,cross-sector,0.8694,http://data.europa.eu/esco/skill/8b9d609a-6d62-4d5c-9133-01d41979cfac
USFQ,Universidad San Francisco de Quito USFQ,INGENIERÍA QUÍMICA,16,gestionar procedimientos de ensayos de sustancias químicas,skill/competence,cross-sector,0.8684,http://data.europa.eu/esco/skill/abcfd4de-3b3d-48ed-a002-36071bad8d46
USFQ,Universidad San Francisco de Quito USFQ,INGENIERÍA QUÍMICA,17,realizar auditorías ambientales,skill/competence,cross-sector,0.8683,http://data.europa.eu/esco/skill/60ab2bf7-c812-4a88-86c0-7c81a9b2f77c
USFQ,Universidad San Francisco de Quito USFQ,INGENIERÍA QUÍMICA,18,integrar productos nuevos en la cadena de fabricación,skill/competence,cross-sector,0.8683,http://data.europa.eu/esco/skill/8a753714-9a19-4418-9b37-77e79d72c705
USFQ,Universidad San Francisco de Quito USFQ,INGENIERÍA QUÍMICA,19,gestionar la inspección de procesos químicos,skill/competence,cross-sector,0.8668,http://data.europa.eu/esco/skill/624b124f-6d1d-4d50-b775-f7c81c4f0cb5
USFQ,Universidad San Francisco de Quito USFQ,INGENIERÍA QUÍMICA,20,gestionar la cadena de suministros sanitarios,skill/competence,cross-sector,0.8668,http://data.europa.eu/esco/skill/71d441c3-163a-41b6-b713-074d69362c27
USFQ,Universidad San Francisco de Quito USFQ,INGENIERÍA QUÍMICA,21,fabricar productos químicos,skill/competence,cross-sector,0.866,http://data.europa.eu/esco/skill/4309a39d-af97-4e56-8d0e-5351b7b8dd01
USFQ,Universidad San Francisco de Quito USFQ,INGENIERÍA QUÍMICA,22,gestionar la producción de calzado y de artículos de piel y cuero,skill/competence,cross-sector,0.8654,http://data.europa.eu/esco/skill/7e71fbcf-ebf8-4164-829b-e16b68aa9432
USFQ,Universidad San Francisco de Quito USFQ,INGENIERÍA QUÍMICA,23,realizar diversas tareas organizativas en la empresa,skill/competence,cross-sector,0.8653,http://data.europa.eu/esco/skill/01755f08-4df4-4cf0-8d22-08f94cad68b5
USFQ,Universidad San Francisco de Quito USFQ,INGENIERÍA QUÍMICA,24,diseñar escombreras de minas,skill/competence,cross-sector,0.8651,http://data.europa.eu/esco/skill/cfbe1cdb-1738-45a1-b442-75cbda1fff06
USFQ,Universidad San Francisco de Quito USFQ,INGENIERÍA QUÍMICA,25,revelar películas,skill/competence,cross-sector,0.865,http://data.europa.eu/esco/skill/fd9dd434-1465-48d0-aa43-123338b91656
USFQ,Universidad San Francisco de Quito USFQ,INGENIERÍA INDUSTRIAL,1,analizar estrategias de gestión de la cadena de suministro,skill/competence,cross-sector,0.9128,http://data.europa.eu/esco/skill/96d549bb-3e62-4c45-92a7-f114df089581
USFQ,Universidad San Francisco de Quito USFQ,INGENIERÍA INDUSTRIAL,2,gestionar empresas de producción,skill/competence,cross-sector,0.9039,http://data.europa.eu/esco/skill/435d1751-8667-41ec-8b32-865b7cd3c684
USFQ,Universidad San Francisco de Quito USFQ,INGENIERÍA INDUSTRIAL,3,realizar diversas tareas organizativas en la empresa,skill/competence,cross-sector,0.8985,http://data.europa.eu/esco/skill/01755f08-4df4-4cf0-8d22-08f94cad68b5
USFQ,Universidad San Francisco de Quito USFQ,INGENIERÍA INDUSTRIAL,4,integrar productos nuevos en la cadena de fabricación,skill/competence,cross-sector,0.898,http://data.europa.eu/esco/skill/8a753714-9a19-4418-9b37-77e79d72c705
USFQ,Universidad San Francisco de Quito USFQ,INGENIERÍA INDUSTRIAL,5,gestionar sistemas de instrumentación,skill/competence,cross-sector,0.892,http://data.europa.eu/esco/skill/5d71a91f-cc72-4b66-b6e3-d75ecc05e235
USFQ,Universidad San Francisco de Quito USFQ,INGENIERÍA INDUSTRIAL,6,planificar procesos de fabricación,skill/competence,cross-sector,0.891,http://data.europa.eu/esco/skill/7d0f33ea-e724-4d77-8b75-ee4fe66bb9ba
USFQ,Universidad San Francisco de Quito USFQ,INGENIERÍA INDUSTRIAL,7,gestionar la producción de calzado y de artículos de piel y cuero,skill/competence,cross-sector,0.8867,http://data.europa.eu/esco/skill/7e71fbcf-ebf8-4164-829b-e16b68aa9432
USFQ,Universidad San Francisco de Quito USFQ,INGENIERÍA INDUSTRIAL,8,utilizar métodos de análisis de datos logísticos,skill/competence,cross-sector,0.8866,http://data.europa.eu/esco/skill/6f993130-082b-4732-b62f-52cdf2096ad9
USFQ,Universidad San Francisco de Quito USFQ,INGENIERÍA INDUSTRIAL,9,administrar la logística multimodal,skill/competence,cross-sector,0.8866,http://data.europa.eu/esco/skill/52f6fca4-1ab6-4588-983d-15a278148961
USFQ,Universidad San Francisco de Quito USFQ,INGENIERÍA INDUSTRIAL,10,gestionar proyectos de investigación y desarrollo,skill/competence,cross-sector,0.8866,http://data.europa.eu/esco/skill/d5dbc342-8e39-4998-8237-ebbe05a381ce
USFQ,Universidad San Francisco de Quito USFQ,INGENIERÍA INDUSTRIAL,11,gestionar los suministros,skill/competence,cross-sector,0.8859,http://data.europa.eu/esco/skill/020b3c27-bae1-4b85-9d6f-eccee0f5ed99
USFQ,Universidad San Francisco de Quito USFQ,INGENIERÍA INDUSTRIAL,12,gestionar la cadena de suministros sanitarios,skill/competence,cross-sector,0.8854,http://data.europa.eu/esco/skill/71d441c3-163a-41b6-b713-074d69362c27
USFQ,Universidad San Francisco de Quito USFQ,INGENIERÍA INDUSTRIAL,13,gestionar los procesos de licitación,skill/competence,cross-sector,0.8845,http://data.europa.eu/esco/skill/4b2c4de9-43d7-4905-9d58-bc2e7d84b2e1
USFQ,Universidad San Francisco de Quito USFQ,INGENIERÍA INDUSTRIAL,14,montar máquinas,skill/competence,cross-sector,0.8832,http://data.europa.eu/esco/skill/87a0c0e6-c114-4ea1-b2d0-933bce1f3c5f
USFQ,Universidad San Francisco de Quito USFQ,INGENIERÍA INDUSTRIAL,15,mejorar procesos empresariales,skill/competence,cross-sector,0.8828,http://data.europa.eu/esco/skill/75b30aeb-34c0-40f4-b77d-271d75a98b14
USFQ,Universidad San Francisco de Quito USFQ,INGENIERÍA INDUSTRIAL,16,coordinar las actividades de producción,skill/competence,cross-sector,0.8821,http://data.europa.eu/esco/skill/05c00631-b864-4842-b47e-06710c197c7a
USFQ,Universidad San Francisco de Quito USFQ,INGENIERÍA INDUSTRIAL,17,gestionar las operaciones del almacén,skill/competence,cross-sector,0.8812,http://data.europa.eu/esco/skill/fa7be6bf-f906-4b8e-857d-48a9a7da901c
USFQ,Universidad San Francisco de Quito USFQ,INGENIERÍA INDUSTRIAL,18,analizar procesos de producción para introducir mejoras,skill/competence,cross-sector,0.88,http://data.europa.eu/esco/skill/f1b5800e-b763-4740-9586-3fef30568e81
USFQ,Universidad San Francisco de Quito USFQ,INGENIERÍA INDUSTRIAL,19,llevar a cabo procesos de adquisición,skill/competence,cross-sector,0.88,http://data.europa.eu/esco/skill/9e9a4209-c7cf-4f6e-973e-dc2ffadccc74
USFQ,Universidad San Francisco de Quito USFQ,INGENIERÍA INDUSTRIAL,20,analizar modelos de negocio,skill/competence,cross-sector,0.8792,http://data.europa.eu/esco/skill/3c1cbc5e-2220-4f45-bcc8-3d52c8c9cae0
USFQ,Universidad San Francisco de Quito USFQ,INGENIERÍA INDUSTRIAL,21,redactar informes de producción,skill/competence,cross-sector,0.8791,http://data.europa.eu/esco/skill/7f18c3a2-f1ce-4db2-a354-9417691b5a43
USFQ,Universidad San Francisco de Quito USFQ,INGENIERÍA INDUSTRIAL,22,gestionar equipos pesados,skill/competence,cross-sector,0.8787,http://data.europa.eu/esco/skill/2a314d49-c071-403b-9cc8-75aea53e7859
USFQ,Universidad San Francisco de Quito USFQ,INGENIERÍA INDUSTRIAL,23,trabajar con sustancias químicas,skill/competence,cross-sector,0.8778,http://data.europa.eu/esco/skill/929a997b-d56c-4383-b36d-6de9fa0e1721
USFQ,Universidad San Francisco de Quito USFQ,INGENIERÍA INDUSTRIAL,24,verificar las exigencias de fabricación,skill/competence,cross-sector,0.8775,http://data.europa.eu/esco/skill/277f489c-7a47-4791-bd87-61ca01737f96
USFQ,Universidad San Francisco de Quito USFQ,INGENIERÍA INDUSTRIAL,25,mejorar procesos químicos,skill/competence,cross-sector,0.8769,http://data.europa.eu/esco/skill/451c8010-7dbb-4f96-b4d4-0955766d9eff
USFQ,Universidad San Francisco de Quito USFQ,MECÁNICA,1,diseñar sistemas electromecánicos,skill/competence,cross-sector,0.8874,http://data.europa.eu/esco/skill/c5422318-3218-4ce9-9bdd-f38b93ff63a3
USFQ,Universidad San Francisco de Quito USFQ,MECÁNICA,2,diseñar sistemas electrónicos,skill/competence,cross-sector,0.8775,http://data.europa.eu/esco/skill/feb717ff-fba6-4a91-aa10-ee11cf2da6b4
USFQ,Universidad San Francisco de Quito USFQ,MECÁNICA,3,diseñar sistemas de control,skill/competence,cross-sector,0.8768,http://data.europa.eu/esco/skill/d560df46-dda4-4407-bab2-b87353a96814
USFQ,Universidad San Francisco de Quito USFQ,MECÁNICA,4,diseñar componentes de automatización,skill/competence,cross-sector,0.8713,http://data.europa.eu/esco/skill/f96f5aa5-6ed7-40dc-a431-68b0a09d6d4b
USFQ,Universidad San Francisco de Quito USFQ,MECÁNICA,5,planificar procesos de fabricación,skill/competence,cross-sector,0.8703,http://data.europa.eu/esco/skill/7d0f33ea-e724-4d77-8b75-ee4fe66bb9ba
USFQ,Universidad San Francisco de Quito USFQ,MECÁNICA,6,diseñar sistemas eléctricos,skill/competence,cross-sector,0.8676,http://data.europa.eu/esco/skill/05010f6c-0b40-4525-ac4a-057d46a2b6f4
USFQ,Universidad San Francisco de Quito USFQ,MECÁNICA,7,diseñar componentes de ingeniería,skill/competence,cross-sector,0.8661,http://data.europa.eu/esco/skill/87434439-c07d-48be-af34-b0cdd03121c4
USFQ,Universidad San Francisco de Quito USFQ,MECÁNICA,8,asesorar sobre soluciones sostenibles,skill/competence,cross-sector,0.8658,http://data.europa.eu/esco/skill/dbef5042-4b99-4e6f-b2ed-1d33b07b3ed6
USFQ,Universidad San Francisco de Quito USFQ,MECÁNICA,9,realizar diseños técnicos de artículos de moda,skill/competence,cross-sector,0.8655,http://data.europa.eu/esco/skill/881cd4ec-5b52-46c6-abc4-60551d58b355
USFQ,Universidad San Francisco de Quito USFQ,MECÁNICA,10,diseñar circuitos mediante programas de diseño asistido por ordenador,skill/competence,cross-sector,0.8651,http://data.europa.eu/esco/skill/9ba355be-f119-42b6-a7d6-52f6ce2e4a3f
USFQ,Universidad San Francisco de Quito USFQ,MECÁNICA,11,diseñar planos técnicos,skill/competence,cross-sector,0.8646,http://data.europa.eu/esco/skill/5c98825f-146d-4d35-97cf-207b2afd9ae2
USFQ,Universidad San Francisco de Quito USFQ,MECÁNICA,12,utilizar sistemas de ingeniería asistida por ordenador,skill/competence,cross-sector,0.8646,http://data.europa.eu/esco/skill/3c6fe585-7d12-4315-b579-e30c042088ce
USFQ,Universidad San Francisco de Quito USFQ,MECÁNICA,13,mecatrónica,knowledge,cross-sector,0.8643,http://data.europa.eu/esco/skill/d88cb3f1-8e02-4618-bf32-4b0488066934
USFQ,Universidad San Francisco de Quito USFQ,MECÁNICA,14,ingeniería ambiental,knowledge,cross-sector,0.8643,http://data.europa.eu/esco/skill/b1b118c4-3291-484e-b64d-6d51fd5da8b3
USFQ,Universidad San Francisco de Quito USFQ,MECÁNICA,15,asesorar a la clientela acerca de las posibilidades técnicas,skill/competence,cross-sector,0.8639,http://data.europa.eu/esco/skill/7b3abd38-61ae-42a4-88bb-0884784f9ee1
USFQ,Universidad San Francisco de Quito USFQ,MECÁNICA,16,montar máquinas,skill/competence,cross-sector,0.8635,http://data.europa.eu/esco/skill/87a0c0e6-c114-4ea1-b2d0-933bce1f3c5f
USFQ,Universidad San Francisco de Quito USFQ,MECÁNICA,17,trabajar con sustancias químicas,skill/competence,cross-sector,0.8622,http://data.europa.eu/esco/skill/929a997b-d56c-4383-b36d-6de9fa0e1721
USFQ,Universidad San Francisco de Quito USFQ,MECÁNICA,18,diseñar escombreras de minas,skill/competence,cross-sector,0.8618,http://data.europa.eu/esco/skill/cfbe1cdb-1738-45a1-b442-75cbda1fff06
USFQ,Universidad San Francisco de Quito USFQ,MECÁNICA,19,actuar de enlace con profesionales del sector,skill/competence,cross-sector,0.8615,http://data.europa.eu/esco/skill/d1317634-ccea-44d0-9cdc-c863f9bf856b
USFQ,Universidad San Francisco de Quito USFQ,MECÁNICA,20,evaluar el impacto ambiental de yacimientos y zonas industriales,skill/competence,cross-sector,0.8613,http://data.europa.eu/esco/skill/f12f094b-492f-4e88-b36b-50b8e58b7500
USFQ,Universidad San Francisco de Quito USFQ,MECÁNICA,21,realizar actividades de gestión energética en instalaciones,skill/competence,cross-sector,0.8613,http://data.europa.eu/esco/skill/885808f7-f42b-406e-95f2-28efcd45ddda
USFQ,Universidad San Francisco de Quito USFQ,MECÁNICA,22,diseñar sistemas microelectromecánicos,skill/competence,cross-sector,0.861,http://data.europa.eu/esco/skill/c022ff1b-7783-4e64-89ef-0422c81ff51f
USFQ,Universidad San Francisco de Quito USFQ,MECÁNICA,23,sensibilizar sobre el medioambiente,skill/competence,cross-sector,0.8607,http://data.europa.eu/esco/skill/8abdc43c-2bfd-417c-97c2-27fcdaf53171
USFQ,Universidad San Francisco de Quito USFQ,MECÁNICA,24,asesorar sobre cuestiones relativas a la energía renovable marina,skill/competence,cross-sector,0.8602,http://data.europa.eu/esco/skill/610ccf09-e9f2-4268-bb93-442dde5bf26e
USFQ,Universidad San Francisco de Quito USFQ,MECÁNICA,25,gestionar equipos pesados,skill/competence,cross-sector,0.8601,http://data.europa.eu/esco/skill/2a314d49-c071-403b-9cc8-75aea53e7859
USFQ,Universidad San Francisco de Quito USFQ,MECATRÓNICA,1,mecatrónica,knowledge,cross-sector,0.8975,http://data.europa.eu/esco/skill/d88cb3f1-8e02-4618-bf32-4b0488066934
USFQ,Universidad San Francisco de Quito USFQ,MECATRÓNICA,2,diseñar sistemas de control,skill/competence,cross-sector,0.878,http://data.europa.eu/esco/skill/d560df46-dda4-4407-bab2-b87353a96814
USFQ,Universidad San Francisco de Quito USFQ,MECATRÓNICA,3,diseñar sistemas electromecánicos,skill/competence,cross-sector,0.8776,http://data.europa.eu/esco/skill/c5422318-3218-4ce9-9bdd-f38b93ff63a3
USFQ,Universidad San Francisco de Quito USFQ,MECATRÓNICA,4,planificar procesos de fabricación,skill/competence,cross-sector,0.8749,http://data.europa.eu/esco/skill/7d0f33ea-e724-4d77-8b75-ee4fe66bb9ba
USFQ,Universidad San Francisco de Quito USFQ,MECATRÓNICA,5,diseñar componentes de automatización,skill/competence,cross-sector,0.8724,http://data.europa.eu/esco/skill/f96f5aa5-6ed7-40dc-a431-68b0a09d6d4b
USFQ,Universidad San Francisco de Quito USFQ,MECATRÓNICA,6,diseñar sistemas microelectromecánicos,skill/competence,cross-sector,0.8722,http://data.europa.eu/esco/skill/c022ff1b-7783-4e64-89ef-0422c81ff51f
USFQ,Universidad San Francisco de Quito USFQ,MECATRÓNICA,7,integrar productos nuevos en la cadena de fabricación,skill/competence,cross-sector,0.871,http://data.europa.eu/esco/skill/8a753714-9a19-4418-9b37-77e79d72c705
USFQ,Universidad San Francisco de Quito USFQ,MECATRÓNICA,8,montar máquinas,skill/competence,cross-sector,0.8667,http://data.europa.eu/esco/skill/87a0c0e6-c114-4ea1-b2d0-933bce1f3c5f
USFQ,Universidad San Francisco de Quito USFQ,MECATRÓNICA,9,robótica,knowledge,cross-sector,0.8651,http://data.europa.eu/esco/skill/e87ec79a-c9ff-46f5-84fa-7a0f394cdf40
USFQ,Universidad San Francisco de Quito USFQ,MECATRÓNICA,10,desarrollar nuevas técnicas de soldadura,skill/competence,cross-sector,0.8633,http://data.europa.eu/esco/skill/d73a88a6-6325-4c2b-887c-5d598580afad
USFQ,Universidad San Francisco de Quito USFQ,MECATRÓNICA,11,mejorar procesos químicos,skill/competence,cross-sector,0.8632,http://data.europa.eu/esco/skill/451c8010-7dbb-4f96-b4d4-0955766d9eff
USFQ,Universidad San Francisco de Quito USFQ,MECATRÓNICA,12,diseñar planos técnicos,skill/competence,cross-sector,0.8618,http://data.europa.eu/esco/skill/5c98825f-146d-4d35-97cf-207b2afd9ae2
USFQ,Universidad San Francisco de Quito USFQ,MECATRÓNICA,13,controlar maquinaria pesada,skill/competence,cross-sector,0.861,http://data.europa.eu/esco/skill/4853efe8-0cdd-42d1-bc5a-6ba5fa9a8b2c
USFQ,Universidad San Francisco de Quito USFQ,MECATRÓNICA,14,actuar de enlace con los ingenieros,skill/competence,cross-sector,0.8607,http://data.europa.eu/esco/skill/c5c51528-ccfc-4c53-b409-c200aaa44222
USFQ,Universidad San Francisco de Quito USFQ,MECATRÓNICA,15,diseñar sistemas microelectrónicos,skill/competence,cross-sector,0.8595,http://data.europa.eu/esco/skill/8712b176-c063-462f-9d0f-2e3c54d9a2eb
USFQ,Universidad San Francisco de Quito USFQ,MECATRÓNICA,16,realizar diseños técnicos de artículos de moda,skill/competence,cross-sector,0.859,http://data.europa.eu/esco/skill/881cd4ec-5b52-46c6-abc4-60551d58b355
USFQ,Universidad San Francisco de Quito USFQ,MECATRÓNICA,17,diseñar sistemas electrónicos,skill/competence,cross-sector,0.8584,http://data.europa.eu/esco/skill/feb717ff-fba6-4a91-aa10-ee11cf2da6b4
USFQ,Universidad San Francisco de Quito USFQ,MECATRÓNICA,18,desarrollar procedimientos de prueba electrónica,skill/competence,cross-sector,0.8581,http://data.europa.eu/esco/skill/0de6bca4-f3aa-452a-8e10-d355b2c1bfc4
USFQ,Universidad San Francisco de Quito USFQ,MECATRÓNICA,19,gestionar proyectos de investigación y desarrollo,skill/competence,cross-sector,0.858,http://data.europa.eu/esco/skill/d5dbc342-8e39-4998-8237-ebbe05a381ce
USFQ,Universidad San Francisco de Quito USFQ,MECATRÓNICA,20,gestionar sistemas de instrumentación,skill/competence,cross-sector,0.858,http://data.europa.eu/esco/skill/5d71a91f-cc72-4b66-b6e3-d75ecc05e235
USFQ,Universidad San Francisco de Quito USFQ,MECATRÓNICA,21,aplicar métodos de producción avanzados,skill/competence,cross-sector,0.8578,http://data.europa.eu/esco/skill/4f0e579d-ca7b-427c-ace6-9e2de3eb19c7
USFQ,Universidad San Francisco de Quito USFQ,MECATRÓNICA,22,desarrollar procedimientos de ensayo de materiales,skill/competence,cross-sector,0.8576,http://data.europa.eu/esco/skill/658b6ea0-79f5-451d-a037-7593a4416c85
USFQ,Universidad San Francisco de Quito USFQ,MECATRÓNICA,23,trabajar con sustancias químicas,skill/competence,cross-sector,0.8575,http://data.europa.eu/esco/skill/929a997b-d56c-4383-b36d-6de9fa0e1721
USFQ,Universidad San Francisco de Quito USFQ,MECATRÓNICA,24,ensamblar el producto final,skill/competence,cross-sector,0.8571,http://data.europa.eu/esco/skill/66f088b3-85d5-458e-8c6a-a7d7b678d16d
USFQ,Universidad San Francisco de Quito USFQ,MECATRÓNICA,25,desarrollar sistemas de instrumentación,skill/competence,cross-sector,0.8571,http://data.europa.eu/esco/skill/d8c19849-f4cf-458d-90cd-abe735a729bf
USFQ,Universidad San Francisco de Quito USFQ,SISTEMAS DE INFORMACIÓN,1,configurar textos en formato digital,skill/competence,cross-sector,0.8801,http://data.europa.eu/esco/skill/9b30c8fd-6467-4d16-99e0-32899a9ceec0
USFQ,Universidad San Francisco de Quito USFQ,SISTEMAS DE INFORMACIÓN,2,"gestionar datos, información y contenido digitales",skill/competence,cross-sector,0.8782,http://data.europa.eu/esco/skill/4d97e3c3-f335-47cc-a4ee-0d779fd42222
USFQ,Universidad San Francisco de Quito USFQ,SISTEMAS DE INFORMACIÓN,3,realizar gestión de clientes,skill/competence,cross-sector,0.8766,http://data.europa.eu/esco/skill/91306a20-9b81-4f3d-97eb-f5368b607da7
USFQ,Universidad San Francisco de Quito USFQ,SISTEMAS DE INFORMACIÓN,4,asesorar sobre estrategias de mercado,skill/competence,cross-sector,0.8765,http://data.europa.eu/esco/skill/34d6ed30-5d35-44b9-9498-fd15badb5f28
USFQ,Universidad San Francisco de Quito USFQ,SISTEMAS DE INFORMACIÓN,5,Proponer soluciones tecnológicas a problemas empresariales,skill/competence,cross-sector,0.8738,http://data.europa.eu/esco/skill/07e51c60-763a-4335-b4ec-70a15f66d328
USFQ,Universidad San Francisco de Quito USFQ,SISTEMAS DE INFORMACIÓN,6,crear soluciones para problemas informativos,skill/competence,cross-sector,0.8716,http://data.europa.eu/esco/skill/4539aeca-b56f-4d03-ba86-8f675a7f2536
USFQ,Universidad San Francisco de Quito USFQ,SISTEMAS DE INFORMACIÓN,7,gestionar empresas de producción,skill/competence,cross-sector,0.8705,http://data.europa.eu/esco/skill/435d1751-8667-41ec-8b32-865b7cd3c684
USFQ,Universidad San Francisco de Quito USFQ,SISTEMAS DE INFORMACIÓN,8,analizar modelos de negocio,skill/competence,cross-sector,0.87,http://data.europa.eu/esco/skill/3c1cbc5e-2220-4f45-bcc8-3d52c8c9cae0
USFQ,Universidad San Francisco de Quito USFQ,SISTEMAS DE INFORMACIÓN,9,gestionar sistemas de instrumentación,skill/competence,cross-sector,0.8697,http://data.europa.eu/esco/skill/5d71a91f-cc72-4b66-b6e3-d75ecc05e235
USFQ,Universidad San Francisco de Quito USFQ,SISTEMAS DE INFORMACIÓN,10,tomar decisiones empresariales estratégicas,skill/competence,cross-sector,0.8695,http://data.europa.eu/esco/skill/f60c9e52-95fc-4ca1-a73c-18a491153b63
USFQ,Universidad San Francisco de Quito USFQ,SISTEMAS DE INFORMACIÓN,11,resolver problemas de sistemas TIC,skill/competence,cross-sector,0.8678,http://data.europa.eu/esco/skill/9e06bac6-6b91-48ca-8b7d-c1f48cdecd7c
USFQ,Universidad San Francisco de Quito USFQ,SISTEMAS DE INFORMACIÓN,12,montar máquinas,skill/competence,cross-sector,0.8678,http://data.europa.eu/esco/skill/87a0c0e6-c114-4ea1-b2d0-933bce1f3c5f
USFQ,Universidad San Francisco de Quito USFQ,SISTEMAS DE INFORMACIÓN,13,realizar una evaluación de la incidencia de los procesos de las TIC en las empresas,skill/competence,cross-sector,0.8677,http://data.europa.eu/esco/skill/17c9a790-5664-4673-8237-c4cf3c5a8da5
USFQ,Universidad San Francisco de Quito USFQ,SISTEMAS DE INFORMACIÓN,14,ejecutar cálculos matemáticos analíticos,skill/competence,cross-sector,0.8672,http://data.europa.eu/esco/skill/31c69100-b612-4a61-8db5-fd314318854c
USFQ,Universidad San Francisco de Quito USFQ,SISTEMAS DE INFORMACIÓN,15,detectar necesidades tecnológicas,skill/competence,cross-sector,0.8667,http://data.europa.eu/esco/skill/42fcf80d-7b45-40f3-bd2f-5411c4c0dfa0
USFQ,Universidad San Francisco de Quito USFQ,SISTEMAS DE INFORMACIÓN,16,asesorar a la clientela acerca de las posibilidades técnicas,skill/competence,cross-sector,0.866,http://data.europa.eu/esco/skill/7b3abd38-61ae-42a4-88bb-0884784f9ee1
USFQ,Universidad San Francisco de Quito USFQ,SISTEMAS DE INFORMACIÓN,17,mejorar procesos empresariales,skill/competence,cross-sector,0.866,http://data.europa.eu/esco/skill/75b30aeb-34c0-40f4-b77d-271d75a98b14
USFQ,Universidad San Francisco de Quito USFQ,SISTEMAS DE INFORMACIÓN,18,gestionar los aspectos financieros de una empresa,skill/competence,cross-sector,0.8657,http://data.europa.eu/esco/skill/fa6acfc3-0a4f-4192-b77d-80e94d0faf2a
USFQ,Universidad San Francisco de Quito USFQ,SISTEMAS DE INFORMACIÓN,19,crear soluciones para problemas,skill/competence,cross-sector,0.8654,http://data.europa.eu/esco/skill/03b9b491-fc9b-4868-914a-bf7cd47b5041
USFQ,Universidad San Francisco de Quito USFQ,SISTEMAS DE INFORMACIÓN,20,analizar las tendencias del mercado de la energía,skill/competence,cross-sector,0.8647,http://data.europa.eu/esco/skill/28878fd9-9a17-452a-b3b8-5db5c63d7905
USFQ,Universidad San Francisco de Quito USFQ,SISTEMAS DE INFORMACIÓN,21,realizar estudios de mercado,skill/competence,cross-sector,0.8647,http://data.europa.eu/esco/skill/fe39d4db-4cb5-4299-bb9f-896c8fd6ab13
USFQ,Universidad San Francisco de Quito USFQ,SISTEMAS DE INFORMACIÓN,22,gestionar operaciones financieras,skill/competence,cross-sector,0.8645,http://data.europa.eu/esco/skill/f7e7ccb6-fadc-4c35-935d-e1040be40dfe
USFQ,Universidad San Francisco de Quito USFQ,SISTEMAS DE INFORMACIÓN,23,gestionar proyectos de investigación y desarrollo,skill/competence,cross-sector,0.8643,http://data.europa.eu/esco/skill/d5dbc342-8e39-4998-8237-ebbe05a381ce
USFQ,Universidad San Francisco de Quito USFQ,SISTEMAS DE INFORMACIÓN,24,interpretar estados financieros,skill/competence,cross-sector,0.8643,http://data.europa.eu/esco/skill/5f1d1319-7954-4a9b-90c7-57668e3a0d4b
USFQ,Universidad San Francisco de Quito USFQ,SISTEMAS DE INFORMACIÓN,25,realizar diversas tareas organizativas en la empresa,skill/competence,cross-sector,0.8641,http://data.europa.eu/esco/skill/01755f08-4df4-4cf0-8d22-08f94cad68b5
USFQ,Universidad San Francisco de Quito USFQ,TELECOMUNICACIONES,1,diseñar sistemas de control,skill/competence,cross-sector,0.9016,http://data.europa.eu/esco/skill/d560df46-dda4-4407-bab2-b87353a96814
USFQ,Universidad San Francisco de Quito USFQ,TELECOMUNICACIONES,2,resolver problemas técnicos,skill/competence,cross-sector,0.892,http://data.europa.eu/esco/skill/14832d87-2f2f-4895-b290-e4760ebae42a
USFQ,Universidad San Francisco de Quito USFQ,TELECOMUNICACIONES,3,desarrollar procedimientos de prueba electrónica,skill/competence,cross-sector,0.8876,http://data.europa.eu/esco/skill/0de6bca4-f3aa-452a-8e10-d355b2c1bfc4
USFQ,Universidad San Francisco de Quito USFQ,TELECOMUNICACIONES,4,crear soluciones para problemas informativos,skill/competence,cross-sector,0.8851,http://data.europa.eu/esco/skill/4539aeca-b56f-4d03-ba86-8f675a7f2536
USFQ,Universidad San Francisco de Quito USFQ,TELECOMUNICACIONES,5,montar máquinas,skill/competence,cross-sector,0.8844,http://data.europa.eu/esco/skill/87a0c0e6-c114-4ea1-b2d0-933bce1f3c5f
USFQ,Universidad San Francisco de Quito USFQ,TELECOMUNICACIONES,6,evaluar las necesidades energéticas,skill/competence,cross-sector,0.8781,http://data.europa.eu/esco/skill/36fccad9-1d20-4104-bcc2-a8ea9d1ce5ea
USFQ,Universidad San Francisco de Quito USFQ,TELECOMUNICACIONES,7,supervisar el funcionamiento de los equipos,skill/competence,cross-sector,0.878,http://data.europa.eu/esco/skill/ca17f0df-59e4-4ed2-9360-fc5325bc7151
USFQ,Universidad San Francisco de Quito USFQ,TELECOMUNICACIONES,8,mantener equipos electrónicos,skill/competence,cross-sector,0.8779,http://data.europa.eu/esco/skill/ba45db8f-34e8-4f29-af0b-e6645e1d693f
USFQ,Universidad San Francisco de Quito USFQ,TELECOMUNICACIONES,9,gestionar sistemas de instrumentación,skill/competence,cross-sector,0.8776,http://data.europa.eu/esco/skill/5d71a91f-cc72-4b66-b6e3-d75ecc05e235
USFQ,Universidad San Francisco de Quito USFQ,TELECOMUNICACIONES,10,planificar procesos de fabricación,skill/competence,cross-sector,0.8776,http://data.europa.eu/esco/skill/7d0f33ea-e724-4d77-8b75-ee4fe66bb9ba
USFQ,Universidad San Francisco de Quito USFQ,TELECOMUNICACIONES,11,operar el equipo de empaquetado,skill/competence,cross-sector,0.8764,http://data.europa.eu/esco/skill/f8cd217b-b870-42aa-9bbe-d36b672cbb65
USFQ,Universidad San Francisco de Quito USFQ,TELECOMUNICACIONES,12,asesorar a la clientela acerca de las posibilidades técnicas,skill/competence,cross-sector,0.8763,http://data.europa.eu/esco/skill/7b3abd38-61ae-42a4-88bb-0884784f9ee1
USFQ,Universidad San Francisco de Quito USFQ,TELECOMUNICACIONES,13,verificar unidades electrónicas,skill/competence,cross-sector,0.8746,http://data.europa.eu/esco/skill/baf501a8-f0fe-4ad7-9b69-8e920fa1a87b
USFQ,Universidad San Francisco de Quito USFQ,TELECOMUNICACIONES,14,Proponer soluciones tecnológicas a problemas empresariales,skill/competence,cross-sector,0.8743,http://data.europa.eu/esco/skill/07e51c60-763a-4335-b4ec-70a15f66d328
USFQ,Universidad San Francisco de Quito USFQ,TELECOMUNICACIONES,15,ingeniería de telecomunicaciones,knowledge,cross-sector,0.8743,http://data.europa.eu/esco/skill/14764a75-3104-4875-ba1d-57c059b9b013
USFQ,Universidad San Francisco de Quito USFQ,TELECOMUNICACIONES,16,actuar de enlace con profesionales del sector,skill/competence,cross-sector,0.8741,http://data.europa.eu/esco/skill/d1317634-ccea-44d0-9cdc-c863f9bf856b
USFQ,Universidad San Francisco de Quito USFQ,TELECOMUNICACIONES,17,controlar maquinaria pesada,skill/competence,cross-sector,0.874,http://data.europa.eu/esco/skill/4853efe8-0cdd-42d1-bc5a-6ba5fa9a8b2c
USFQ,Universidad San Francisco de Quito USFQ,TELECOMUNICACIONES,18,resolver problemas de sistemas TIC,skill/competence,cross-sector,0.8737,http://data.europa.eu/esco/skill/9e06bac6-6b91-48ca-8b7d-c1f48cdecd7c
USFQ,Universidad San Francisco de Quito USFQ,TELECOMUNICACIONES,19,diseñar sistemas eléctricos,skill/competence,cross-sector,0.8731,http://data.europa.eu/esco/skill/05010f6c-0b40-4525-ac4a-057d46a2b6f4
USFQ,Universidad San Francisco de Quito USFQ,TELECOMUNICACIONES,20,diseñar sistemas electrónicos,skill/competence,cross-sector,0.873,http://data.europa.eu/esco/skill/feb717ff-fba6-4a91-aa10-ee11cf2da6b4
USFQ,Universidad San Francisco de Quito USFQ,TELECOMUNICACIONES,21,detectar y corregir errores de las tecnologías de la información y de las comunicaciones,skill/competence,cross-sector,0.873,http://data.europa.eu/esco/skill/744442ac-c157-4350-8be0-ce454df4f5c5
USFQ,Universidad San Francisco de Quito USFQ,TELECOMUNICACIONES,22,comunicar cuestiones técnicas a los clientes,skill/competence,cross-sector,0.8723,http://data.europa.eu/esco/skill/652da95d-b336-497a-bce5-1c29a674eecb
USFQ,Universidad San Francisco de Quito USFQ,TELECOMUNICACIONES,23,coordinar equipos de ingeniería,skill/competence,cross-sector,0.872,http://data.europa.eu/esco/skill/7af6e9e8-1e11-4c0b-b7c6-ac96bbbbc674
USFQ,Universidad San Francisco de Quito USFQ,TELECOMUNICACIONES,24,realizar trabajos técnicos difíciles,skill/competence,cross-sector,0.8709,http://data.europa.eu/esco/skill/2d780738-9b34-40a3-adbb-590001f6ff86
USFQ,Universidad San Francisco de Quito USFQ,TELECOMUNICACIONES,25,diseñar sistemas electromecánicos,skill/competence,cross-sector,0.8708,http://data.europa.eu/esco/skill/c5422318-3218-4ce9-9bdd-f38b93ff63a3
UDLA,Universidad de Las Américas,ADMINISTRACIÓN DE EMPRESAS,1,gestionar empresas de producción,skill/competence,cross-sector,0.8972,http://data.europa.eu/esco/skill/435d1751-8667-41ec-8b32-865b7cd3c684
UDLA,Universidad de Las Américas,ADMINISTRACIÓN DE EMPRESAS,2,gestionar recursos humanos,skill/competence,cross-sector,0.8875,http://data.europa.eu/esco/skill/339ac029-066a-4985-9f9d-b3d7c8fea0bb
UDLA,Universidad de Las Américas,ADMINISTRACIÓN DE EMPRESAS,3,participar en las operaciones cotidianas de la empresa,skill/competence,cross-sector,0.8829,http://data.europa.eu/esco/skill/ce4cbc3a-bde0-43b4-9526-e643c4fe5b04
UDLA,Universidad de Las Américas,ADMINISTRACIÓN DE EMPRESAS,4,enseñar principios de gestión empresarial,skill/competence,cross-sector,0.8807,http://data.europa.eu/esco/skill/29d3663f-348a-4b67-a8db-b94fd3912385
UDLA,Universidad de Las Américas,ADMINISTRACIÓN DE EMPRESAS,5,gestionar programas de formación en la empresa,skill/competence,cross-sector,0.8806,http://data.europa.eu/esco/skill/6e66fa0f-4d3b-415e-9693-dc556eb5112a
UDLA,Universidad de Las Américas,ADMINISTRACIÓN DE EMPRESAS,6,realizar diversas tareas organizativas en la empresa,skill/competence,cross-sector,0.8795,http://data.europa.eu/esco/skill/01755f08-4df4-4cf0-8d22-08f94cad68b5
UDLA,Universidad de Las Américas,ADMINISTRACIÓN DE EMPRESAS,7,tomar decisiones empresariales estratégicas,skill/competence,cross-sector,0.8786,http://data.europa.eu/esco/skill/f60c9e52-95fc-4ca1-a73c-18a491153b63
UDLA,Universidad de Las Américas,ADMINISTRACIÓN DE EMPRESAS,8,respetar las normas internas de una empresa,skill/competence,cross-sector,0.8782,http://data.europa.eu/esco/skill/f5f5b244-6cea-4fbc-8a50-8f712791bc09
UDLA,Universidad de Las Américas,ADMINISTRACIÓN DE EMPRESAS,9,asesorar sobre gestión de conflictos,skill/competence,cross-sector,0.8771,http://data.europa.eu/esco/skill/9091c8e5-9357-4c29-bceb-ddb1792c22e8
UDLA,Universidad de Las Américas,ADMINISTRACIÓN DE EMPRESAS,10,ejercer el control del gasto,skill/competence,cross-sector,0.8765,http://data.europa.eu/esco/skill/b08ec8ff-1a3e-4cc3-8016-9520b21666a6
UDLA,Universidad de Las Américas,ADMINISTRACIÓN DE EMPRESAS,11,elaborar las estrategias empresariales,skill/competence,cross-sector,0.8758,http://data.europa.eu/esco/skill/ba2c6181-b036-40b4-8f6d-51499463ccbb
UDLA,Universidad de Las Américas,ADMINISTRACIÓN DE EMPRESAS,12,gestionar recursos empresariales,skill/competence,cross-sector,0.8756,http://data.europa.eu/esco/skill/911e13ee-1eec-4243-88c8-3c08a3681a19
UDLA,Universidad de Las Américas,ADMINISTRACIÓN DE EMPRESAS,13,mejorar procesos empresariales,skill/competence,cross-sector,0.8754,http://data.europa.eu/esco/skill/75b30aeb-34c0-40f4-b77d-271d75a98b14
UDLA,Universidad de Las Américas,ADMINISTRACIÓN DE EMPRESAS,14,tener espíritu emprendedor,skill/competence,transversal,0.8751,http://data.europa.eu/esco/skill/bdcf429c-5ccf-4c3d-bb61-4c987573a35e
UDLA,Universidad de Las Américas,ADMINISTRACIÓN DE EMPRESAS,15,gestionar los aspectos financieros de una empresa,skill/competence,cross-sector,0.8737,http://data.europa.eu/esco/skill/fa6acfc3-0a4f-4192-b77d-80e94d0faf2a
UDLA,Universidad de Las Américas,ADMINISTRACIÓN DE EMPRESAS,16,formar equipos dentro de la empresa en base a las competencias,skill/competence,cross-sector,0.8736,http://data.europa.eu/esco/skill/f1155d3f-fbca-4298-a31c-f6955653bacf
UDLA,Universidad de Las Américas,ADMINISTRACIÓN DE EMPRESAS,17,asesorar sobre estrategias de mercado,skill/competence,cross-sector,0.8726,http://data.europa.eu/esco/skill/34d6ed30-5d35-44b9-9498-fd15badb5f28
UDLA,Universidad de Las Américas,ADMINISTRACIÓN DE EMPRESAS,18,analizar procesos empresariales,skill/competence,cross-sector,0.8717,http://data.europa.eu/esco/skill/56042303-972b-41be-9310-58467599ff7e
UDLA,Universidad de Las Américas,ADMINISTRACIÓN DE EMPRESAS,19,elaborar estrategias para resolver problemas,skill/competence,cross-sector,0.8716,http://data.europa.eu/esco/skill/7a8fb784-67fa-41e9-a75c-6b491d91f800
UDLA,Universidad de Las Américas,ADMINISTRACIÓN DE EMPRESAS,20,gestionar proyectos de investigación y desarrollo,skill/competence,cross-sector,0.8714,http://data.europa.eu/esco/skill/d5dbc342-8e39-4998-8237-ebbe05a381ce
UDLA,Universidad de Las Américas,ADMINISTRACIÓN DE EMPRESAS,21,gestionar los programas públicos,skill/competence,cross-sector,0.8713,http://data.europa.eu/esco/skill/0761f325-13e7-49f4-a41a-ec64ba4e7b9d
UDLA,Universidad de Las Américas,ADMINISTRACIÓN DE EMPRESAS,22,elaborar políticas de economía,skill/competence,cross-sector,0.8708,http://data.europa.eu/esco/skill/8394fefb-f62a-48c0-a156-3117cefdb9b3
UDLA,Universidad de Las Américas,ADMINISTRACIÓN DE EMPRESAS,23,realizar gestión de clientes,skill/competence,cross-sector,0.8697,http://data.europa.eu/esco/skill/91306a20-9b81-4f3d-97eb-f5368b607da7
UDLA,Universidad de Las Américas,ADMINISTRACIÓN DE EMPRESAS,24,supervisar el trabajo de promoción,skill/competence,cross-sector,0.8697,http://data.europa.eu/esco/skill/f0a1db01-ffbd-4366-8120-add9bd134ffd
UDLA,Universidad de Las Américas,ADMINISTRACIÓN DE EMPRESAS,25,planificar,skill/competence,transversal,0.8695,http://data.europa.eu/esco/skill/e49f4158-9d4c-425d-bf32-dfe89b19840a
UDLA,Universidad de Las Américas,CIENCIA DE DATOS E INTELIGENCIA ARTIFICIAL,1,crear soluciones para problemas informativos,skill/competence,cross-sector,0.8751,http://data.europa.eu/esco/skill/4539aeca-b56f-4d03-ba86-8f675a7f2536
UDLA,Universidad de Las Américas,CIENCIA DE DATOS E INTELIGENCIA ARTIFICIAL,2,interpretar datos actuales,skill/competence,cross-sector,0.8746,http://data.europa.eu/esco/skill/1e77e42a-181f-4b48-8e74-201ce50ffc29
UDLA,Universidad de Las Américas,CIENCIA DE DATOS E INTELIGENCIA ARTIFICIAL,3,ciencia de datos,knowledge,cross-sector,0.8724,http://data.europa.eu/esco/skill/edebd83d-35f6-4ed5-a940-6c203d178c01
UDLA,Universidad de Las Américas,CIENCIA DE DATOS E INTELIGENCIA ARTIFICIAL,4,ejecutar cálculos matemáticos analíticos,skill/competence,cross-sector,0.8715,http://data.europa.eu/esco/skill/31c69100-b612-4a61-8db5-fd314318854c
UDLA,Universidad de Las Américas,CIENCIA DE DATOS E INTELIGENCIA ARTIFICIAL,5,analizar datos,skill/competence,cross-sector,0.8709,http://data.europa.eu/esco/skill/a571ae14-3e16-4fd3-a615-5646e0b0b696
UDLA,Universidad de Las Américas,CIENCIA DE DATOS E INTELIGENCIA ARTIFICIAL,6,realizar estudios de mercado,skill/competence,cross-sector,0.8705,http://data.europa.eu/esco/skill/fe39d4db-4cb5-4299-bb9f-896c8fd6ab13
UDLA,Universidad de Las Américas,CIENCIA DE DATOS E INTELIGENCIA ARTIFICIAL,7,realizar gestión de clientes,skill/competence,cross-sector,0.8704,http://data.europa.eu/esco/skill/91306a20-9b81-4f3d-97eb-f5368b607da7
UDLA,Universidad de Las Américas,CIENCIA DE DATOS E INTELIGENCIA ARTIFICIAL,8,"navegar, buscar y filtrar datos, información y contenido digitales",skill/competence,cross-sector,0.8698,http://data.europa.eu/esco/skill/e439742d-558d-4f52-885e-afdc740b48cf
UDLA,Universidad de Las Américas,CIENCIA DE DATOS E INTELIGENCIA ARTIFICIAL,9,"gestionar datos, información y contenido digitales",skill/competence,cross-sector,0.8695,http://data.europa.eu/esco/skill/4d97e3c3-f335-47cc-a4ee-0d779fd42222
UDLA,Universidad de Las Américas,CIENCIA DE DATOS E INTELIGENCIA ARTIFICIAL,10,tomar decisiones basadas en datos,skill/competence,cross-sector,0.8682,http://data.europa.eu/esco/skill/be20d05c-f6b4-4580-9fcf-f00f4baab562
UDLA,Universidad de Las Américas,CIENCIA DE DATOS E INTELIGENCIA ARTIFICIAL,11,gestionar datos de investigación,skill/competence,cross-sector,0.8682,http://data.europa.eu/esco/skill/08b04e53-ed25-41a2-9f90-0b9cd939ba3d
UDLA,Universidad de Las Américas,CIENCIA DE DATOS E INTELIGENCIA ARTIFICIAL,12,analizar inteligencia de datos,skill/competence,cross-sector,0.8665,http://data.europa.eu/esco/skill/47a49cd6-097d-457a-9f7b-c290c14930d5
UDLA,Universidad de Las Américas,CIENCIA DE DATOS E INTELIGENCIA ARTIFICIAL,13,interpretar resultados de pruebas médicas,skill/competence,cross-sector,0.8664,http://data.europa.eu/esco/skill/d59d023b-8f28-4e67-9a41-aa36320e6c69
UDLA,Universidad de Las Américas,CIENCIA DE DATOS E INTELIGENCIA ARTIFICIAL,14,analizar modelos de negocio,skill/competence,cross-sector,0.8659,http://data.europa.eu/esco/skill/3c1cbc5e-2220-4f45-bcc8-3d52c8c9cae0
UDLA,Universidad de Las Américas,CIENCIA DE DATOS E INTELIGENCIA ARTIFICIAL,15,predecir tendencias económicas,skill/competence,cross-sector,0.8654,http://data.europa.eu/esco/skill/f2a34d6b-131a-4b8f-a110-898b9c91d18f
UDLA,Universidad de Las Américas,CIENCIA DE DATOS E INTELIGENCIA ARTIFICIAL,16,analizar estudios sobre transporte,skill/competence,cross-sector,0.8654,http://data.europa.eu/esco/skill/99095ca0-1218-462d-9e95-79e334ba8b63
UDLA,Universidad de Las Américas,CIENCIA DE DATOS E INTELIGENCIA ARTIFICIAL,17,gestionar sistemas de instrumentación,skill/competence,cross-sector,0.865,http://data.europa.eu/esco/skill/5d71a91f-cc72-4b66-b6e3-d75ecc05e235
UDLA,Universidad de Las Américas,CIENCIA DE DATOS E INTELIGENCIA ARTIFICIAL,18,gestionar datos cuantitativos,skill/competence,cross-sector,0.8635,http://data.europa.eu/esco/skill/57231a22-4da7-49c8-97b8-75672feadf1e
UDLA,Universidad de Las Américas,CIENCIA DE DATOS E INTELIGENCIA ARTIFICIAL,19,analizar datos científicos,skill/competence,cross-sector,0.8625,http://data.europa.eu/esco/skill/36ff57b0-637d-4a83-a0e8-d14f86f9f078
UDLA,Universidad de Las Américas,CIENCIA DE DATOS E INTELIGENCIA ARTIFICIAL,20,realizar un análisis de datos,skill/competence,cross-sector,0.8623,http://data.europa.eu/esco/skill/2b92a5b2-6758-4ee3-9fb4-b6387a55cc8f
UDLA,Universidad de Las Américas,CIENCIA DE DATOS E INTELIGENCIA ARTIFICIAL,21,analizar las tendencias del mercado de la energía,skill/competence,cross-sector,0.862,http://data.europa.eu/esco/skill/28878fd9-9a17-452a-b3b8-5db5c63d7905
UDLA,Universidad de Las Américas,CIENCIA DE DATOS E INTELIGENCIA ARTIFICIAL,22,asesorar sobre estrategias de mercado,skill/competence,cross-sector,0.8617,http://data.europa.eu/esco/skill/34d6ed30-5d35-44b9-9498-fd15badb5f28
UDLA,Universidad de Las Américas,CIENCIA DE DATOS E INTELIGENCIA ARTIFICIAL,23,elaborar software estadístico,skill/competence,cross-sector,0.8615,http://data.europa.eu/esco/skill/bb165899-d95f-4433-95f2-173fefd716d2
UDLA,Universidad de Las Américas,CIENCIA DE DATOS E INTELIGENCIA ARTIFICIAL,24,interpretar la información comercial,skill/competence,cross-sector,0.8614,http://data.europa.eu/esco/skill/3cb68bb2-66fc-495a-af82-012338a9402b
UDLA,Universidad de Las Américas,CIENCIA DE DATOS E INTELIGENCIA ARTIFICIAL,25,analizar datos de la clientela,skill/competence,cross-sector,0.8612,http://data.europa.eu/esco/skill/d63f49de-cb72-4ce3-9553-a374a4f32f52
UDLA,Universidad de Las Américas,COMPUTACIÓN,1,crear soluciones para problemas informativos,skill/competence,cross-sector,0.8828,http://data.europa.eu/esco/skill/4539aeca-b56f-4d03-ba86-8f675a7f2536
UDLA,Universidad de Las Américas,COMPUTACIÓN,2,Proponer soluciones tecnológicas a problemas empresariales,skill/competence,cross-sector,0.8819,http://data.europa.eu/esco/skill/07e51c60-763a-4335-b4ec-70a15f66d328
UDLA,Universidad de Las Américas,COMPUTACIÓN,3,asesorar a la clientela acerca de las posibilidades técnicas,skill/competence,cross-sector,0.8759,http://data.europa.eu/esco/skill/7b3abd38-61ae-42a4-88bb-0884784f9ee1
UDLA,Universidad de Las Américas,COMPUTACIÓN,4,resolver problemas de sistemas TIC,skill/competence,cross-sector,0.8755,http://data.europa.eu/esco/skill/9e06bac6-6b91-48ca-8b7d-c1f48cdecd7c
UDLA,Universidad de Las Américas,COMPUTACIÓN,5,detectar y corregir errores de las tecnologías de la información y de las comunicaciones,skill/competence,cross-sector,0.8733,http://data.europa.eu/esco/skill/744442ac-c157-4350-8be0-ce454df4f5c5
UDLA,Universidad de Las Américas,COMPUTACIÓN,6,montar máquinas,skill/competence,cross-sector,0.8728,http://data.europa.eu/esco/skill/87a0c0e6-c114-4ea1-b2d0-933bce1f3c5f
UDLA,Universidad de Las Américas,COMPUTACIÓN,7,configurar textos en formato digital,skill/competence,cross-sector,0.8727,http://data.europa.eu/esco/skill/9b30c8fd-6467-4d16-99e0-32899a9ceec0
UDLA,Universidad de Las Américas,COMPUTACIÓN,8,detectar necesidades tecnológicas,skill/competence,cross-sector,0.8712,http://data.europa.eu/esco/skill/42fcf80d-7b45-40f3-bd2f-5411c4c0dfa0
UDLA,Universidad de Las Américas,COMPUTACIÓN,9,gestionar proyectos de investigación y desarrollo,skill/competence,cross-sector,0.8658,http://data.europa.eu/esco/skill/d5dbc342-8e39-4998-8237-ebbe05a381ce
UDLA,Universidad de Las Américas,COMPUTACIÓN,10,resolver problemas técnicos,skill/competence,cross-sector,0.8654,http://data.europa.eu/esco/skill/14832d87-2f2f-4895-b290-e4760ebae42a
UDLA,Universidad de Las Américas,COMPUTACIÓN,11,planificar procesos de fabricación,skill/competence,cross-sector,0.8652,http://data.europa.eu/esco/skill/7d0f33ea-e724-4d77-8b75-ee4fe66bb9ba
UDLA,Universidad de Las Américas,COMPUTACIÓN,12,realizar una evaluación de la incidencia de los procesos de las TIC en las empresas,skill/competence,cross-sector,0.8643,http://data.europa.eu/esco/skill/17c9a790-5664-4673-8237-c4cf3c5a8da5
UDLA,Universidad de Las Américas,COMPUTACIÓN,13,diseñar sistemas de control,skill/competence,cross-sector,0.8642,http://data.europa.eu/esco/skill/d560df46-dda4-4407-bab2-b87353a96814
UDLA,Universidad de Las Américas,COMPUTACIÓN,14,gestionar sistemas de instrumentación,skill/competence,cross-sector,0.8637,http://data.europa.eu/esco/skill/5d71a91f-cc72-4b66-b6e3-d75ecc05e235
UDLA,Universidad de Las Américas,COMPUTACIÓN,15,gestionar empresas de producción,skill/competence,cross-sector,0.8631,http://data.europa.eu/esco/skill/435d1751-8667-41ec-8b32-865b7cd3c684
UDLA,Universidad de Las Américas,COMPUTACIÓN,16,gestionar equipos pesados,skill/competence,cross-sector,0.863,http://data.europa.eu/esco/skill/2a314d49-c071-403b-9cc8-75aea53e7859
UDLA,Universidad de Las Américas,COMPUTACIÓN,17,realizar gestión de clientes,skill/competence,cross-sector,0.8627,http://data.europa.eu/esco/skill/91306a20-9b81-4f3d-97eb-f5368b607da7
UDLA,Universidad de Las Américas,COMPUTACIÓN,18,supervisar operaciones informativas diarias,skill/competence,cross-sector,0.8626,http://data.europa.eu/esco/skill/9013b46e-5a9b-4929-8918-fcadfdfd37ce
UDLA,Universidad de Las Américas,COMPUTACIÓN,19,controlar las tendencias en tecnología,skill/competence,cross-sector,0.8624,http://data.europa.eu/esco/skill/7a17d7ce-01a2-4746-bbcc-22ffe22fa16e
UDLA,Universidad de Las Américas,COMPUTACIÓN,20,evaluar el impacto ambiental de yacimientos y zonas industriales,skill/competence,cross-sector,0.8621,http://data.europa.eu/esco/skill/f12f094b-492f-4e88-b36b-50b8e58b7500
UDLA,Universidad de Las Américas,COMPUTACIÓN,21,ejecutar cálculos matemáticos analíticos,skill/competence,cross-sector,0.8615,http://data.europa.eu/esco/skill/31c69100-b612-4a61-8db5-fd314318854c
UDLA,Universidad de Las Américas,COMPUTACIÓN,22,desarrollar la tecnología de cadena de bloques,skill/competence,cross-sector,0.8613,http://data.europa.eu/esco/skill/93b22bbf-ece1-4e2d-8d47-0c9392c5a4fd
UDLA,Universidad de Las Américas,COMPUTACIÓN,23,crear soluciones para problemas,skill/competence,cross-sector,0.8613,http://data.europa.eu/esco/skill/03b9b491-fc9b-4868-914a-bf7cd47b5041
UDLA,Universidad de Las Américas,COMPUTACIÓN,24,gestionar los programas públicos,skill/competence,cross-sector,0.861,http://data.europa.eu/esco/skill/0761f325-13e7-49f4-a41a-ec64ba4e7b9d
UDLA,Universidad de Las Américas,COMPUTACIÓN,25,realizar la gestión de un evento,skill/competence,cross-sector,0.8607,http://data.europa.eu/esco/skill/03a0ab28-ce99-4e14-baf8-a66c55da28f8
UDLA,Universidad de Las Américas,ECONOMÍA,1,elaborar software estadístico,skill/competence,cross-sector,0.8953,http://data.europa.eu/esco/skill/bb165899-d95f-4433-95f2-173fefd716d2
UDLA,Universidad de Las Américas,ECONOMÍA,2,analizar las tendencias económicas,skill/competence,cross-sector,0.8912,http://data.europa.eu/esco/skill/5f302d63-048e-451c-b150-97c124a5a26b
UDLA,Universidad de Las Américas,ECONOMÍA,3,preparar archivos estadísticos y financieros,skill/competence,cross-sector,0.8864,http://data.europa.eu/esco/skill/08ee68b2-0a6d-4bdf-a870-a36c0dc8064e
UDLA,Universidad de Las Américas,ECONOMÍA,4,asesorar sobre el desarrollo económico,skill/competence,cross-sector,0.886,http://data.europa.eu/esco/skill/384ed14c-bf1f-4a65-aef6-6e711f43c4ce
UDLA,Universidad de Las Américas,ECONOMÍA,5,analizar datos de carácter ecológico,skill/competence,cross-sector,0.8819,http://data.europa.eu/esco/skill/5354a726-ee64-4f34-90f8-8436f9f374b8
UDLA,Universidad de Las Américas,ECONOMÍA,6,analizar modelos de negocio,skill/competence,cross-sector,0.8809,http://data.europa.eu/esco/skill/3c1cbc5e-2220-4f45-bcc8-3d52c8c9cae0
UDLA,Universidad de Las Américas,ECONOMÍA,7,observar nuevas evoluciones en países extranjeros,skill/competence,cross-sector,0.8784,http://data.europa.eu/esco/skill/2f4d68be-6e9f-46fa-9398-0573e900b5e3
UDLA,Universidad de Las Américas,ECONOMÍA,8,"llevar a cabo análisis de factores políticos, económicos, sociales, tecnológicos, ambientales y jurídicos",skill/competence,cross-sector,0.8784,http://data.europa.eu/esco/skill/9979e727-3104-42e0-8f41-4af2578111ea
UDLA,Universidad de Las Américas,ECONOMÍA,9,realizar estudios de mercado,skill/competence,cross-sector,0.8783,http://data.europa.eu/esco/skill/fe39d4db-4cb5-4299-bb9f-896c8fd6ab13
UDLA,Universidad de Las Américas,ECONOMÍA,10,elaborar políticas de economía,skill/competence,cross-sector,0.8781,http://data.europa.eu/esco/skill/8394fefb-f62a-48c0-a156-3117cefdb9b3
UDLA,Universidad de Las Américas,ECONOMÍA,11,asesorar sobre política tributaria,skill/competence,cross-sector,0.8775,http://data.europa.eu/esco/skill/b5feaf25-3975-4e74-85fd-4470e344ba2e
UDLA,Universidad de Las Américas,ECONOMÍA,12,predecir tendencias económicas,skill/competence,cross-sector,0.8745,http://data.europa.eu/esco/skill/f2a34d6b-131a-4b8f-a110-898b9c91d18f
UDLA,Universidad de Las Américas,ECONOMÍA,13,analizar tendencias en el mercado financiero,skill/competence,cross-sector,0.8743,http://data.europa.eu/esco/skill/292549e6-08ec-456c-b008-eba7a0a68428
UDLA,Universidad de Las Américas,ECONOMÍA,14,ejecutar cálculos matemáticos analíticos,skill/competence,cross-sector,0.8736,http://data.europa.eu/esco/skill/31c69100-b612-4a61-8db5-fd314318854c
UDLA,Universidad de Las Américas,ECONOMÍA,15,realizar contabilidad forense,skill/competence,cross-sector,0.8734,http://data.europa.eu/esco/skill/29d80dad-95f7-440c-bda2-22fe93155260
UDLA,Universidad de Las Américas,ECONOMÍA,16,efectuar el seguimiento de operaciones financieras,skill/competence,cross-sector,0.8732,http://data.europa.eu/esco/skill/0295b2a4-fb86-495f-9547-d479532fc4c2
UDLA,Universidad de Las Américas,ECONOMÍA,17,asesorar sobre planificación tributaria y fiscal,skill/competence,cross-sector,0.873,http://data.europa.eu/esco/skill/161a6c5a-593a-4977-b7b7-49c6a2a2f2a3
UDLA,Universidad de Las Américas,ECONOMÍA,18,asesorar sobre estrategias de mercado,skill/competence,cross-sector,0.8729,http://data.europa.eu/esco/skill/34d6ed30-5d35-44b9-9498-fd15badb5f28
UDLA,Universidad de Las Américas,ECONOMÍA,19,evaluar presupuestos,skill/competence,cross-sector,0.8728,http://data.europa.eu/esco/skill/6556cbf1-d5c0-4f53-89a9-8707066069a6
UDLA,Universidad de Las Américas,ECONOMÍA,20,ejercer el control del gasto,skill/competence,cross-sector,0.8726,http://data.europa.eu/esco/skill/b08ec8ff-1a3e-4cc3-8016-9520b21666a6
UDLA,Universidad de Las Américas,ECONOMÍA,21,analizar las tendencias del mercado de la energía,skill/competence,cross-sector,0.8724,http://data.europa.eu/esco/skill/28878fd9-9a17-452a-b3b8-5db5c63d7905
UDLA,Universidad de Las Américas,ECONOMÍA,22,asesorar sobre asuntos financieros,skill/competence,cross-sector,0.8712,http://data.europa.eu/esco/skill/79c36c91-28a5-44b7-ab9b-7093b2d4b21e
UDLA,Universidad de Las Américas,ECONOMÍA,23,evaluar el impacto ambiental de yacimientos y zonas industriales,skill/competence,cross-sector,0.8701,http://data.europa.eu/esco/skill/f12f094b-492f-4e88-b36b-50b8e58b7500
UDLA,Universidad de Las Américas,ECONOMÍA,24,evaluar los factores de riesgo,skill/competence,cross-sector,0.8698,http://data.europa.eu/esco/skill/d7b66759-c40c-44de-9f31-9418f84e10c5
UDLA,Universidad de Las Américas,ECONOMÍA,25,asesorar sobre la participación en mercados financieros,skill/competence,cross-sector,0.8698,http://data.europa.eu/esco/skill/efe9be37-2433-4b58-95f4-283f2c048104
UDLA,Universidad de Las Américas,INGENIERÍA CIVIL,1,examinar las infraestructuras civiles,skill/competence,cross-sector,0.8775,http://data.europa.eu/esco/skill/d48b3cfe-80b6-406f-b582-d959b60417f8
UDLA,Universidad de Las Américas,INGENIERÍA CIVIL,2,garantizar el cumplimiento de los plazos de construcción,skill/competence,cross-sector,0.8771,http://data.europa.eu/esco/skill/6181f475-110c-497c-a46d-ed2e14e7bc90
UDLA,Universidad de Las Américas,INGENIERÍA CIVIL,3,evaluar el impacto ambiental de yacimientos y zonas industriales,skill/competence,cross-sector,0.8771,http://data.europa.eu/esco/skill/f12f094b-492f-4e88-b36b-50b8e58b7500
UDLA,Universidad de Las Américas,INGENIERÍA CIVIL,4,gestionar los programas públicos,skill/competence,cross-sector,0.8759,http://data.europa.eu/esco/skill/0761f325-13e7-49f4-a41a-ec64ba4e7b9d
UDLA,Universidad de Las Américas,INGENIERÍA CIVIL,5,vigilar el cumplimiento de los parámetros de los proyectos de construcción,skill/competence,cross-sector,0.8759,http://data.europa.eu/esco/skill/3dd3dfa7-51c0-40ef-af46-e2df300489f6
UDLA,Universidad de Las Américas,INGENIERÍA CIVIL,6,supervisar obras de construcción,skill/competence,cross-sector,0.8706,http://data.europa.eu/esco/skill/fc1a75bb-70e3-4005-881f-7709bf7b0ed4
UDLA,Universidad de Las Américas,INGENIERÍA CIVIL,7,proteger humedales en el desarrollo de proyectos,skill/competence,cross-sector,0.8699,http://data.europa.eu/esco/skill/e2028206-3060-4e81-8350-77baefabefde
UDLA,Universidad de Las Américas,INGENIERÍA CIVIL,8,coordinar con expertos ferroviarios,skill/competence,cross-sector,0.868,http://data.europa.eu/esco/skill/6172948e-5d52-4f94-a617-278a9013a8ae
UDLA,Universidad de Las Américas,INGENIERÍA CIVIL,9,supervisar el trabajo de planificación del diseño,skill/competence,cross-sector,0.868,http://data.europa.eu/esco/skill/03227978-f839-4cc8-88a6-0a3c44d2c776
UDLA,Universidad de Las Américas,INGENIERÍA CIVIL,10,asesorar sobre temas de construcción,skill/competence,cross-sector,0.8679,http://data.europa.eu/esco/skill/3b64ab47-a874-403a-b781-7b23c2fc3c6c
UDLA,Universidad de Las Américas,INGENIERÍA CIVIL,11,revisar proyectos de construcción,skill/competence,cross-sector,0.8668,http://data.europa.eu/esco/skill/ea9fc9d9-c602-4430-a7fc-edac7429a6a8
UDLA,Universidad de Las Américas,INGENIERÍA CIVIL,12,supervisar sistemas de gestión ambiental,skill/competence,cross-sector,0.8665,http://data.europa.eu/esco/skill/b13e0689-636d-42d0-86c3-df9d6f85a882
UDLA,Universidad de Las Américas,INGENIERÍA CIVIL,13,someter a auditorías a los contratistas,skill/competence,cross-sector,0.866,http://data.europa.eu/esco/skill/0520d8ba-3c24-4f75-a8b0-f883ddeed82d
UDLA,Universidad de Las Américas,INGENIERÍA CIVIL,14,supervisar operaciones informativas diarias,skill/competence,cross-sector,0.865,http://data.europa.eu/esco/skill/9013b46e-5a9b-4929-8918-fcadfdfd37ce
UDLA,Universidad de Las Américas,INGENIERÍA CIVIL,15,supervisar un proyecto de construcción,skill/competence,cross-sector,0.8628,http://data.europa.eu/esco/skill/1de548e0-9535-4d2e-9d20-d4474c1ea813
UDLA,Universidad de Las Américas,INGENIERÍA CIVIL,16,coordinar equipos de ingeniería,skill/competence,cross-sector,0.8621,http://data.europa.eu/esco/skill/7af6e9e8-1e11-4c0b-b7c6-ac96bbbbc674
UDLA,Universidad de Las Américas,INGENIERÍA CIVIL,17,coordinar el envío de materiales reciclables,skill/competence,cross-sector,0.8619,http://data.europa.eu/esco/skill/9d04490c-cea5-4765-a15e-99c46b543c1d
UDLA,Universidad de Las Américas,INGENIERÍA CIVIL,18,asesorar sobre el uso de terrenos,skill/competence,cross-sector,0.8617,http://data.europa.eu/esco/skill/8b46636e-e201-4086-a8d5-049b65eaf40e
UDLA,Universidad de Las Américas,INGENIERÍA CIVIL,19,asesorar sobre temas relacionados con la meteorología,skill/competence,cross-sector,0.861,http://data.europa.eu/esco/skill/274ad409-c740-4e85-852b-7e3f3168b9ca
UDLA,Universidad de Las Américas,INGENIERÍA CIVIL,20,coordinar asociaciones público-privadas de turismo,skill/competence,cross-sector,0.8603,http://data.europa.eu/esco/skill/73b87890-d2ec-4842-b824-b4851ff12051
UDLA,Universidad de Las Américas,INGENIERÍA CIVIL,21,gestionar la instalación de estructuras para eventos,skill/competence,cross-sector,0.859,http://data.europa.eu/esco/skill/0e503b48-5491-4529-879e-b112251f8d50
UDLA,Universidad de Las Américas,INGENIERÍA CIVIL,22,reparar sistemas de fontanería,skill/competence,cross-sector,0.8588,http://data.europa.eu/esco/skill/d809a1d2-b80e-43e4-8984-de7517fb68f1
UDLA,Universidad de Las Américas,INGENIERÍA CIVIL,23,supervisar el funcionamiento de los equipos,skill/competence,cross-sector,0.8584,http://data.europa.eu/esco/skill/ca17f0df-59e4-4ed2-9360-fc5325bc7151
UDLA,Universidad de Las Américas,INGENIERÍA CIVIL,24,comprobar la conformidad de la construcción respecto de la normativa vigente,skill/competence,cross-sector,0.8579,http://data.europa.eu/esco/skill/1b71f0d0-8e57-44dc-aaa0-3ee6fbb59991
UDLA,Universidad de Las Américas,INGENIERÍA CIVIL,25,gestionar equipos pesados,skill/competence,cross-sector,0.8576,http://data.europa.eu/esco/skill/2a314d49-c071-403b-9cc8-75aea53e7859
UDLA,Universidad de Las Américas,INGENIERÍA INDUSTRIAL,1,mejorar procesos empresariales,skill/competence,cross-sector,0.9006,http://data.europa.eu/esco/skill/75b30aeb-34c0-40f4-b77d-271d75a98b14
UDLA,Universidad de Las Américas,INGENIERÍA INDUSTRIAL,2,analizar procesos de producción para introducir mejoras,skill/competence,cross-sector,0.8975,http://data.europa.eu/esco/skill/f1b5800e-b763-4740-9586-3fef30568e81
UDLA,Universidad de Las Américas,INGENIERÍA INDUSTRIAL,3,mejorar procesos químicos,skill/competence,cross-sector,0.8946,http://data.europa.eu/esco/skill/451c8010-7dbb-4f96-b4d4-0955766d9eff
UDLA,Universidad de Las Américas,INGENIERÍA INDUSTRIAL,4,gestionar empresas de producción,skill/competence,cross-sector,0.8919,http://data.europa.eu/esco/skill/435d1751-8667-41ec-8b32-865b7cd3c684
UDLA,Universidad de Las Américas,INGENIERÍA INDUSTRIAL,5,analizar modelos de negocio,skill/competence,cross-sector,0.8885,http://data.europa.eu/esco/skill/3c1cbc5e-2220-4f45-bcc8-3d52c8c9cae0
UDLA,Universidad de Las Américas,INGENIERÍA INDUSTRIAL,6,realizar diversas tareas organizativas en la empresa,skill/competence,cross-sector,0.8884,http://data.europa.eu/esco/skill/01755f08-4df4-4cf0-8d22-08f94cad68b5
UDLA,Universidad de Las Américas,INGENIERÍA INDUSTRIAL,7,analizar estrategias de gestión de la cadena de suministro,skill/competence,cross-sector,0.8861,http://data.europa.eu/esco/skill/96d549bb-3e62-4c45-92a7-f114df089581
UDLA,Universidad de Las Américas,INGENIERÍA INDUSTRIAL,8,gestionar sistemas de instrumentación,skill/competence,cross-sector,0.8858,http://data.europa.eu/esco/skill/5d71a91f-cc72-4b66-b6e3-d75ecc05e235
UDLA,Universidad de Las Américas,INGENIERÍA INDUSTRIAL,9,planificar procesos de fabricación,skill/competence,cross-sector,0.8829,http://data.europa.eu/esco/skill/7d0f33ea-e724-4d77-8b75-ee4fe66bb9ba
UDLA,Universidad de Las Américas,INGENIERÍA INDUSTRIAL,10,comunicar cuestiones técnicas a los clientes,skill/competence,cross-sector,0.881,http://data.europa.eu/esco/skill/652da95d-b336-497a-bce5-1c29a674eecb
UDLA,Universidad de Las Américas,INGENIERÍA INDUSTRIAL,11,asesorar sobre estrategias de mercado,skill/competence,cross-sector,0.8807,http://data.europa.eu/esco/skill/34d6ed30-5d35-44b9-9498-fd15badb5f28
UDLA,Universidad de Las Américas,INGENIERÍA INDUSTRIAL,12,analizar procesos empresariales,skill/competence,cross-sector,0.8807,http://data.europa.eu/esco/skill/56042303-972b-41be-9310-58467599ff7e
UDLA,Universidad de Las Américas,INGENIERÍA INDUSTRIAL,13,supervisar operaciones de ensamblado,skill/competence,cross-sector,0.8801,http://data.europa.eu/esco/skill/6b9194f0-f8bb-4b9a-96a5-2203c9c2671b
UDLA,Universidad de Las Américas,INGENIERÍA INDUSTRIAL,14,asesorar sobre medidas para mejorar la eficiencia,skill/competence,cross-sector,0.8793,http://data.europa.eu/esco/skill/8bc75dce-beba-40f9-93fc-66c9708ed74b
UDLA,Universidad de Las Américas,INGENIERÍA INDUSTRIAL,15,gestionar el impacto medioambiental de las operaciones,skill/competence,cross-sector,0.879,http://data.europa.eu/esco/skill/d86babea-bf8b-4552-81a8-daf706066ad6
UDLA,Universidad de Las Américas,INGENIERÍA INDUSTRIAL,16,integrar productos nuevos en la cadena de fabricación,skill/competence,cross-sector,0.8783,http://data.europa.eu/esco/skill/8a753714-9a19-4418-9b37-77e79d72c705
UDLA,Universidad de Las Américas,INGENIERÍA INDUSTRIAL,17,apoyar la puesta en marcha de sistemas de gestión de la calidad,skill/competence,cross-sector,0.8771,http://data.europa.eu/esco/skill/ccbd0898-e225-4abc-8992-57a23b0e2eec
UDLA,Universidad de Las Américas,INGENIERÍA INDUSTRIAL,18,asesorar sobre cuestiones relacionadas con problemas de fabricación,skill/competence,cross-sector,0.8767,http://data.europa.eu/esco/skill/6c80c47c-3d08-4356-aa82-46f6ec82c898
UDLA,Universidad de Las Américas,INGENIERÍA INDUSTRIAL,19,elaborar estrategias para resolver problemas,skill/competence,cross-sector,0.8766,http://data.europa.eu/esco/skill/7a8fb784-67fa-41e9-a75c-6b491d91f800
UDLA,Universidad de Las Américas,INGENIERÍA INDUSTRIAL,20,impartir formación sobre cómo supervisar la gestión de la calidad,skill/competence,cross-sector,0.8764,http://data.europa.eu/esco/skill/09e7cd13-ea36-4694-afe5-f34373759392
UDLA,Universidad de Las Américas,INGENIERÍA INDUSTRIAL,21,utilizar métodos de análisis de datos logísticos,skill/competence,cross-sector,0.8762,http://data.europa.eu/esco/skill/6f993130-082b-4732-b62f-52cdf2096ad9
UDLA,Universidad de Las Américas,INGENIERÍA INDUSTRIAL,22,desarrollar normas y procedimientos de fabricación,skill/competence,cross-sector,0.8759,http://data.europa.eu/esco/skill/764db027-9063-4468-acb3-c73ecfc76f35
UDLA,Universidad de Las Américas,INGENIERÍA INDUSTRIAL,23,seguir fórmulas de coloración,skill/competence,cross-sector,0.8758,http://data.europa.eu/esco/skill/8779e8a1-45a8-4f51-b42a-2ea07ee4e8cd
UDLA,Universidad de Las Américas,INGENIERÍA INDUSTRIAL,24,establecer normas para plantas de producción,skill/competence,cross-sector,0.8746,http://data.europa.eu/esco/skill/d154e48f-95b4-4ce6-907e-4a44d50129fe
UDLA,Universidad de Las Américas,INGENIERÍA INDUSTRIAL,25,llevar a cabo procesos de adquisición,skill/competence,cross-sector,0.8742,http://data.europa.eu/esco/skill/9e9a4209-c7cf-4f6e-973e-dc2ffadccc74
UDLA,Universidad de Las Américas,MECÁNICA,1,diseñar sistemas de control,skill/competence,cross-sector,0.8794,http://data.europa.eu/esco/skill/d560df46-dda4-4407-bab2-b87353a96814
UDLA,Universidad de Las Américas,MECÁNICA,2,diseñar sistemas electromecánicos,skill/competence,cross-sector,0.8749,http://data.europa.eu/esco/skill/c5422318-3218-4ce9-9bdd-f38b93ff63a3
UDLA,Universidad de Las Américas,MECÁNICA,3,asesorar a la clientela acerca de las posibilidades técnicas,skill/competence,cross-sector,0.8735,http://data.europa.eu/esco/skill/7b3abd38-61ae-42a4-88bb-0884784f9ee1
UDLA,Universidad de Las Américas,MECÁNICA,4,montar máquinas,skill/competence,cross-sector,0.8713,http://data.europa.eu/esco/skill/87a0c0e6-c114-4ea1-b2d0-933bce1f3c5f
UDLA,Universidad de Las Américas,MECÁNICA,5,planificar procesos de fabricación,skill/competence,cross-sector,0.8705,http://data.europa.eu/esco/skill/7d0f33ea-e724-4d77-8b75-ee4fe66bb9ba
UDLA,Universidad de Las Américas,MECÁNICA,6,supervisar el funcionamiento de los equipos,skill/competence,cross-sector,0.8703,http://data.europa.eu/esco/skill/ca17f0df-59e4-4ed2-9360-fc5325bc7151
UDLA,Universidad de Las Américas,MECÁNICA,7,actuar de enlace con profesionales del sector,skill/competence,cross-sector,0.8702,http://data.europa.eu/esco/skill/d1317634-ccea-44d0-9cdc-c863f9bf856b
UDLA,Universidad de Las Américas,MECÁNICA,8,evaluar el impacto ambiental de yacimientos y zonas industriales,skill/competence,cross-sector,0.8691,http://data.europa.eu/esco/skill/f12f094b-492f-4e88-b36b-50b8e58b7500
UDLA,Universidad de Las Américas,MECÁNICA,9,realizar diseños técnicos de artículos de moda,skill/competence,cross-sector,0.869,http://data.europa.eu/esco/skill/881cd4ec-5b52-46c6-abc4-60551d58b355
UDLA,Universidad de Las Américas,MECÁNICA,10,diseñar sistemas electrónicos,skill/competence,cross-sector,0.8678,http://data.europa.eu/esco/skill/feb717ff-fba6-4a91-aa10-ee11cf2da6b4
UDLA,Universidad de Las Américas,MECÁNICA,11,diseñar sistemas de transporte,skill/competence,cross-sector,0.8659,http://data.europa.eu/esco/skill/11f364dd-0814-4398-b00e-10d1be8b27af
UDLA,Universidad de Las Américas,MECÁNICA,12,asesorar sobre cuestiones relativas a la energía renovable marina,skill/competence,cross-sector,0.8658,http://data.europa.eu/esco/skill/610ccf09-e9f2-4268-bb93-442dde5bf26e
UDLA,Universidad de Las Américas,MECÁNICA,13,ingeniería ambiental,knowledge,cross-sector,0.8657,http://data.europa.eu/esco/skill/b1b118c4-3291-484e-b64d-6d51fd5da8b3
UDLA,Universidad de Las Américas,MECÁNICA,14,gestionar equipos pesados,skill/competence,cross-sector,0.8652,http://data.europa.eu/esco/skill/2a314d49-c071-403b-9cc8-75aea53e7859
UDLA,Universidad de Las Américas,MECÁNICA,15,evaluar las necesidades energéticas,skill/competence,cross-sector,0.8651,http://data.europa.eu/esco/skill/36fccad9-1d20-4104-bcc2-a8ea9d1ce5ea
UDLA,Universidad de Las Américas,MECÁNICA,16,asesorar sobre temas relacionados con la meteorología,skill/competence,cross-sector,0.8647,http://data.europa.eu/esco/skill/274ad409-c740-4e85-852b-7e3f3168b9ca
UDLA,Universidad de Las Américas,MECÁNICA,17,mecatrónica,knowledge,cross-sector,0.8646,http://data.europa.eu/esco/skill/d88cb3f1-8e02-4618-bf32-4b0488066934
UDLA,Universidad de Las Américas,MECÁNICA,18,realizar trabajos técnicos difíciles,skill/competence,cross-sector,0.8642,http://data.europa.eu/esco/skill/2d780738-9b34-40a3-adbb-590001f6ff86
UDLA,Universidad de Las Américas,MECÁNICA,19,realizar actividades de gestión energética en instalaciones,skill/competence,cross-sector,0.8641,http://data.europa.eu/esco/skill/885808f7-f42b-406e-95f2-28efcd45ddda
UDLA,Universidad de Las Américas,MECÁNICA,20,asesorar sobre soluciones sostenibles,skill/competence,cross-sector,0.8639,http://data.europa.eu/esco/skill/dbef5042-4b99-4e6f-b2ed-1d33b07b3ed6
UDLA,Universidad de Las Américas,MECÁNICA,21,controlar maquinaria pesada,skill/competence,cross-sector,0.8635,http://data.europa.eu/esco/skill/4853efe8-0cdd-42d1-bc5a-6ba5fa9a8b2c
UDLA,Universidad de Las Américas,MECÁNICA,22,diseñar componentes de automatización,skill/competence,cross-sector,0.8633,http://data.europa.eu/esco/skill/f96f5aa5-6ed7-40dc-a431-68b0a09d6d4b
UDLA,Universidad de Las Américas,MECÁNICA,23,coordinar equipos de ingeniería,skill/competence,cross-sector,0.8631,http://data.europa.eu/esco/skill/7af6e9e8-1e11-4c0b-b7c6-ac96bbbbc674
UDLA,Universidad de Las Américas,MECÁNICA,24,analizar modelos de negocio,skill/competence,cross-sector,0.8631,http://data.europa.eu/esco/skill/3c1cbc5e-2220-4f45-bcc8-3d52c8c9cae0
UDLA,Universidad de Las Américas,MECÁNICA,25,ejecutar cálculos matemáticos analíticos,skill/competence,cross-sector,0.863,http://data.europa.eu/esco/skill/31c69100-b612-4a61-8db5-fd314318854c
UDLA,Universidad de Las Américas,MECATRÓNICA,1,mecatrónica,knowledge,cross-sector,0.8978,http://data.europa.eu/esco/skill/d88cb3f1-8e02-4618-bf32-4b0488066934
UDLA,Universidad de Las Américas,MECATRÓNICA,2,diseñar sistemas electromecánicos,skill/competence,cross-sector,0.8789,http://data.europa.eu/esco/skill/c5422318-3218-4ce9-9bdd-f38b93ff63a3
UDLA,Universidad de Las Américas,MECATRÓNICA,3,diseñar sistemas de control,skill/competence,cross-sector,0.8785,http://data.europa.eu/esco/skill/d560df46-dda4-4407-bab2-b87353a96814
UDLA,Universidad de Las Américas,MECATRÓNICA,4,diseñar componentes de automatización,skill/competence,cross-sector,0.8744,http://data.europa.eu/esco/skill/f96f5aa5-6ed7-40dc-a431-68b0a09d6d4b
UDLA,Universidad de Las Américas,MECATRÓNICA,5,planificar procesos de fabricación,skill/competence,cross-sector,0.8742,http://data.europa.eu/esco/skill/7d0f33ea-e724-4d77-8b75-ee4fe66bb9ba
UDLA,Universidad de Las Américas,MECATRÓNICA,6,diseñar sistemas microelectromecánicos,skill/competence,cross-sector,0.8733,http://data.europa.eu/esco/skill/c022ff1b-7783-4e64-89ef-0422c81ff51f
UDLA,Universidad de Las Américas,MECATRÓNICA,7,integrar productos nuevos en la cadena de fabricación,skill/competence,cross-sector,0.8707,http://data.europa.eu/esco/skill/8a753714-9a19-4418-9b37-77e79d72c705
UDLA,Universidad de Las Américas,MECATRÓNICA,8,montar máquinas,skill/competence,cross-sector,0.8689,http://data.europa.eu/esco/skill/87a0c0e6-c114-4ea1-b2d0-933bce1f3c5f
UDLA,Universidad de Las Américas,MECATRÓNICA,9,diseñar planos técnicos,skill/competence,cross-sector,0.8661,http://data.europa.eu/esco/skill/5c98825f-146d-4d35-97cf-207b2afd9ae2
UDLA,Universidad de Las Américas,MECATRÓNICA,10,realizar diseños técnicos de artículos de moda,skill/competence,cross-sector,0.8645,http://data.europa.eu/esco/skill/881cd4ec-5b52-46c6-abc4-60551d58b355
UDLA,Universidad de Las Américas,MECATRÓNICA,11,desarrollar nuevas técnicas de soldadura,skill/competence,cross-sector,0.864,http://data.europa.eu/esco/skill/d73a88a6-6325-4c2b-887c-5d598580afad
UDLA,Universidad de Las Américas,MECATRÓNICA,12,actuar de enlace con los ingenieros,skill/competence,cross-sector,0.8631,http://data.europa.eu/esco/skill/c5c51528-ccfc-4c53-b409-c200aaa44222
UDLA,Universidad de Las Américas,MECATRÓNICA,13,mejorar procesos químicos,skill/competence,cross-sector,0.8627,http://data.europa.eu/esco/skill/451c8010-7dbb-4f96-b4d4-0955766d9eff
UDLA,Universidad de Las Américas,MECATRÓNICA,14,robótica,knowledge,cross-sector,0.8622,http://data.europa.eu/esco/skill/e87ec79a-c9ff-46f5-84fa-7a0f394cdf40
UDLA,Universidad de Las Américas,MECATRÓNICA,15,innovar en el sector del calzado y los artículos de piel y cuero,skill/competence,cross-sector,0.8621,http://data.europa.eu/esco/skill/11a76a95-66c1-43e0-91f0-be1cc5d05964
UDLA,Universidad de Las Américas,MECATRÓNICA,16,asesorar a la clientela acerca de las posibilidades técnicas,skill/competence,cross-sector,0.8615,http://data.europa.eu/esco/skill/7b3abd38-61ae-42a4-88bb-0884784f9ee1
UDLA,Universidad de Las Américas,MECATRÓNICA,17,gestionar proyectos de investigación y desarrollo,skill/competence,cross-sector,0.8611,http://data.europa.eu/esco/skill/d5dbc342-8e39-4998-8237-ebbe05a381ce
UDLA,Universidad de Las Américas,MECATRÓNICA,18,controlar maquinaria pesada,skill/competence,cross-sector,0.8607,http://data.europa.eu/esco/skill/4853efe8-0cdd-42d1-bc5a-6ba5fa9a8b2c
UDLA,Universidad de Las Américas,MECATRÓNICA,19,diseñar sistemas microelectrónicos,skill/competence,cross-sector,0.86,http://data.europa.eu/esco/skill/8712b176-c063-462f-9d0f-2e3c54d9a2eb
UDLA,Universidad de Las Américas,MECATRÓNICA,20,actuar de enlace con profesionales del sector,skill/competence,cross-sector,0.8599,http://data.europa.eu/esco/skill/d1317634-ccea-44d0-9cdc-c863f9bf856b
UDLA,Universidad de Las Américas,MECATRÓNICA,21,aplicar métodos de producción avanzados,skill/competence,cross-sector,0.8596,http://data.europa.eu/esco/skill/4f0e579d-ca7b-427c-ace6-9e2de3eb19c7
UDLA,Universidad de Las Américas,MECATRÓNICA,22,gestionar sistemas de instrumentación,skill/competence,cross-sector,0.859,http://data.europa.eu/esco/skill/5d71a91f-cc72-4b66-b6e3-d75ecc05e235
UDLA,Universidad de Las Américas,MECATRÓNICA,23,desarrollar procedimientos de prueba electrónica,skill/competence,cross-sector,0.8587,http://data.europa.eu/esco/skill/0de6bca4-f3aa-452a-8e10-d355b2c1bfc4
UDLA,Universidad de Las Américas,MECATRÓNICA,24,desarrollar procedimientos de ensayo de materiales,skill/competence,cross-sector,0.8584,http://data.europa.eu/esco/skill/658b6ea0-79f5-451d-a037-7593a4416c85
UDLA,Universidad de Las Américas,MECATRÓNICA,25,ensamblar el producto final,skill/competence,cross-sector,0.8581,http://data.europa.eu/esco/skill/66f088b3-85d5-458e-8c6a-a7d7b678d16d
UDLA,Universidad de Las Américas,SOFTWARE,1,supervisar sistemas de gestión ambiental,skill/competence,cross-sector,0.8684,http://data.europa.eu/esco/skill/b13e0689-636d-42d0-86c3-df9d6f85a882
UDLA,Universidad de Las Américas,SOFTWARE,2,asesorar a la clientela acerca de las posibilidades técnicas,skill/competence,cross-sector,0.8629,http://data.europa.eu/esco/skill/7b3abd38-61ae-42a4-88bb-0884784f9ee1
UDLA,Universidad de Las Américas,SOFTWARE,3,montar máquinas,skill/competence,cross-sector,0.8626,http://data.europa.eu/esco/skill/87a0c0e6-c114-4ea1-b2d0-933bce1f3c5f
UDLA,Universidad de Las Américas,SOFTWARE,4,asesorar sobre sistemas de gestión de riesgos ambientales,skill/competence,cross-sector,0.8597,http://data.europa.eu/esco/skill/a366bfc5-8d17-4792-a9f0-db0951528dda
UDLA,Universidad de Las Américas,SOFTWARE,5,trabajar de forma organizada,skill/competence,cross-sector,0.8596,http://data.europa.eu/esco/skill/1258cc12-37bb-4a12-b219-9c3d6b294533
UDLA,Universidad de Las Américas,SOFTWARE,6,trabajar de forma organizada,skill/competence,cross-sector,0.8596,http://data.europa.eu/esco/skill/1258cc12-37bb-4a12-b219-9c3d6b294533
UDLA,Universidad de Las Américas,SOFTWARE,7,resolver problemas de sistemas TIC,skill/competence,cross-sector,0.8587,http://data.europa.eu/esco/skill/9e06bac6-6b91-48ca-8b7d-c1f48cdecd7c
UDLA,Universidad de Las Américas,SOFTWARE,8,realizar un análisis de riesgo,skill/competence,cross-sector,0.8578,http://data.europa.eu/esco/skill/1dd23dba-dd00-45ab-abf4-642902538317
UDLA,Universidad de Las Américas,SOFTWARE,9,realizar gestión de clientes,skill/competence,cross-sector,0.8576,http://data.europa.eu/esco/skill/91306a20-9b81-4f3d-97eb-f5368b607da7
UDLA,Universidad de Las Américas,SOFTWARE,10,elaborar software estadístico,skill/competence,cross-sector,0.8571,http://data.europa.eu/esco/skill/bb165899-d95f-4433-95f2-173fefd716d2
UDLA,Universidad de Las Américas,SOFTWARE,11,diseñar sistemas de control,skill/competence,cross-sector,0.857,http://data.europa.eu/esco/skill/d560df46-dda4-4407-bab2-b87353a96814
UDLA,Universidad de Las Américas,SOFTWARE,12,asistir en la implementación de programas de salud laboral,skill/competence,cross-sector,0.8568,http://data.europa.eu/esco/skill/d0f48427-7987-4f86-b24d-709837a37fd2
UDLA,Universidad de Las Américas,SOFTWARE,13,supervisar la planificación de sistemas de seguridad,skill/competence,cross-sector,0.8563,http://data.europa.eu/esco/skill/2abfac2e-ad51-49fd-bbed-34953c95ab20
UDLA,Universidad de Las Américas,SOFTWARE,14,trabajar en comunidades,skill/competence,cross-sector,0.8557,http://data.europa.eu/esco/skill/28ca2f0b-9fb2-487a-9f10-9688e5191ec4
UDLA,Universidad de Las Américas,SOFTWARE,15,gestionar los programas públicos,skill/competence,cross-sector,0.8553,http://data.europa.eu/esco/skill/0761f325-13e7-49f4-a41a-ec64ba4e7b9d
UDLA,Universidad de Las Américas,SOFTWARE,16,diseñar sistemas de transporte,skill/competence,cross-sector,0.8552,http://data.europa.eu/esco/skill/11f364dd-0814-4398-b00e-10d1be8b27af
UDLA,Universidad de Las Américas,SOFTWARE,17,crear soluciones para problemas informativos,skill/competence,cross-sector,0.8548,http://data.europa.eu/esco/skill/4539aeca-b56f-4d03-ba86-8f675a7f2536
UDLA,Universidad de Las Américas,SOFTWARE,18,proponer estrategias de mejora,skill/competence,cross-sector,0.8548,http://data.europa.eu/esco/skill/d4cc5022-7801-4885-bcff-166552788d35
UDLA,Universidad de Las Américas,SOFTWARE,19,elaborar estrategias para resolver problemas,skill/competence,cross-sector,0.8547,http://data.europa.eu/esco/skill/7a8fb784-67fa-41e9-a75c-6b491d91f800
UDLA,Universidad de Las Américas,SOFTWARE,20,diseñar sistemas electromecánicos,skill/competence,cross-sector,0.8545,http://data.europa.eu/esco/skill/c5422318-3218-4ce9-9bdd-f38b93ff63a3
UDLA,Universidad de Las Américas,SOFTWARE,21,almacenar datos y sistemas digitales,skill/competence,cross-sector,0.8541,http://data.europa.eu/esco/skill/611ed16b-99bf-4840-9cab-f55d1d286e0a
UDLA,Universidad de Las Américas,SOFTWARE,22,asesorar sobre el desarrollo económico,skill/competence,cross-sector,0.8534,http://data.europa.eu/esco/skill/384ed14c-bf1f-4a65-aef6-6e711f43c4ce
UDLA,Universidad de Las Américas,SOFTWARE,23,desarrollar la tecnología de cadena de bloques,skill/competence,cross-sector,0.8533,http://data.europa.eu/esco/skill/93b22bbf-ece1-4e2d-8d47-0c9392c5a4fd
UDLA,Universidad de Las Américas,SOFTWARE,24,crear especificaciones de proyectos,skill/competence,cross-sector,0.8528,http://data.europa.eu/esco/skill/21fecc8a-392e-49ce-ac26-fb0696ccfead
UDLA,Universidad de Las Américas,SOFTWARE,25,gestionar proyectos de investigación y desarrollo,skill/competence,cross-sector,0.8528,http://data.europa.eu/esco/skill/d5dbc342-8e39-4998-8237-ebbe05a381ce
UTPL,Universidad Técnica Particular de Loja,ADMINISTRACIÓN DE EMPRESAS,1,gestionar empresas de producción,skill/competence,cross-sector,0.9112,http://data.europa.eu/esco/skill/435d1751-8667-41ec-8b32-865b7cd3c684
UTPL,Universidad Técnica Particular de Loja,ADMINISTRACIÓN DE EMPRESAS,2,gestionar recursos humanos,skill/competence,cross-sector,0.9015,http://data.europa.eu/esco/skill/339ac029-066a-4985-9f9d-b3d7c8fea0bb
UTPL,Universidad Técnica Particular de Loja,ADMINISTRACIÓN DE EMPRESAS,3,realizar diversas tareas organizativas en la empresa,skill/competence,cross-sector,0.8989,http://data.europa.eu/esco/skill/01755f08-4df4-4cf0-8d22-08f94cad68b5
UTPL,Universidad Técnica Particular de Loja,ADMINISTRACIÓN DE EMPRESAS,4,asesorar sobre gestión de conflictos,skill/competence,cross-sector,0.8899,http://data.europa.eu/esco/skill/9091c8e5-9357-4c29-bceb-ddb1792c22e8
UTPL,Universidad Técnica Particular de Loja,ADMINISTRACIÓN DE EMPRESAS,5,elaborar estrategias para resolver problemas,skill/competence,cross-sector,0.8896,http://data.europa.eu/esco/skill/7a8fb784-67fa-41e9-a75c-6b491d91f800
UTPL,Universidad Técnica Particular de Loja,ADMINISTRACIÓN DE EMPRESAS,6,gestionar recursos empresariales,skill/competence,cross-sector,0.8868,http://data.europa.eu/esco/skill/911e13ee-1eec-4243-88c8-3c08a3681a19
UTPL,Universidad Técnica Particular de Loja,ADMINISTRACIÓN DE EMPRESAS,7,elaborar las estrategias empresariales,skill/competence,cross-sector,0.8865,http://data.europa.eu/esco/skill/ba2c6181-b036-40b4-8f6d-51499463ccbb
UTPL,Universidad Técnica Particular de Loja,ADMINISTRACIÓN DE EMPRESAS,8,mejorar procesos empresariales,skill/competence,cross-sector,0.8863,http://data.europa.eu/esco/skill/75b30aeb-34c0-40f4-b77d-271d75a98b14
UTPL,Universidad Técnica Particular de Loja,ADMINISTRACIÓN DE EMPRESAS,9,ejercer el control del gasto,skill/competence,cross-sector,0.8859,http://data.europa.eu/esco/skill/b08ec8ff-1a3e-4cc3-8016-9520b21666a6
UTPL,Universidad Técnica Particular de Loja,ADMINISTRACIÓN DE EMPRESAS,10,gestionar proyectos de investigación y desarrollo,skill/competence,cross-sector,0.8857,http://data.europa.eu/esco/skill/d5dbc342-8e39-4998-8237-ebbe05a381ce
UTPL,Universidad Técnica Particular de Loja,ADMINISTRACIÓN DE EMPRESAS,11,gestionar programas de formación en la empresa,skill/competence,cross-sector,0.8852,http://data.europa.eu/esco/skill/6e66fa0f-4d3b-415e-9693-dc556eb5112a
UTPL,Universidad Técnica Particular de Loja,ADMINISTRACIÓN DE EMPRESAS,12,gestionar los programas públicos,skill/competence,cross-sector,0.8839,http://data.europa.eu/esco/skill/0761f325-13e7-49f4-a41a-ec64ba4e7b9d
UTPL,Universidad Técnica Particular de Loja,ADMINISTRACIÓN DE EMPRESAS,13,participar en las operaciones cotidianas de la empresa,skill/competence,cross-sector,0.8834,http://data.europa.eu/esco/skill/ce4cbc3a-bde0-43b4-9526-e643c4fe5b04
UTPL,Universidad Técnica Particular de Loja,ADMINISTRACIÓN DE EMPRESAS,14,formar equipos dentro de la empresa en base a las competencias,skill/competence,cross-sector,0.8831,http://data.europa.eu/esco/skill/f1155d3f-fbca-4298-a31c-f6955653bacf
UTPL,Universidad Técnica Particular de Loja,ADMINISTRACIÓN DE EMPRESAS,15,tomar decisiones empresariales estratégicas,skill/competence,cross-sector,0.883,http://data.europa.eu/esco/skill/f60c9e52-95fc-4ca1-a73c-18a491153b63
UTPL,Universidad Técnica Particular de Loja,ADMINISTRACIÓN DE EMPRESAS,16,asesorar sobre estrategias de mercado,skill/competence,cross-sector,0.8829,http://data.europa.eu/esco/skill/34d6ed30-5d35-44b9-9498-fd15badb5f28
UTPL,Universidad Técnica Particular de Loja,ADMINISTRACIÓN DE EMPRESAS,17,realizar gestión de clientes,skill/competence,cross-sector,0.8827,http://data.europa.eu/esco/skill/91306a20-9b81-4f3d-97eb-f5368b607da7
UTPL,Universidad Técnica Particular de Loja,ADMINISTRACIÓN DE EMPRESAS,18,gestionar presupuestos,skill/competence,cross-sector,0.882,http://data.europa.eu/esco/skill/21c5790c-0930-4d74-b3b0-84caf5af12ea
UTPL,Universidad Técnica Particular de Loja,ADMINISTRACIÓN DE EMPRESAS,19,gestionar los aspectos financieros de una empresa,skill/competence,cross-sector,0.8814,http://data.europa.eu/esco/skill/fa6acfc3-0a4f-4192-b77d-80e94d0faf2a
UTPL,Universidad Técnica Particular de Loja,ADMINISTRACIÓN DE EMPRESAS,20,gestionar proyectos,skill/competence,cross-sector,0.8811,http://data.europa.eu/esco/skill/cd5efa8c-e44d-4cbc-91c6-796018dbed68
UTPL,Universidad Técnica Particular de Loja,ADMINISTRACIÓN DE EMPRESAS,21,asesorar sobre la gestión del riesgo,skill/competence,cross-sector,0.8811,http://data.europa.eu/esco/skill/0efbe2dc-2770-47ec-b8f4-d1bdff6ac0a4
UTPL,Universidad Técnica Particular de Loja,ADMINISTRACIÓN DE EMPRESAS,22,trabajar de forma organizada,skill/competence,cross-sector,0.8794,http://data.europa.eu/esco/skill/1258cc12-37bb-4a12-b219-9c3d6b294533
UTPL,Universidad Técnica Particular de Loja,ADMINISTRACIÓN DE EMPRESAS,23,trabajar de forma organizada,skill/competence,cross-sector,0.8794,http://data.europa.eu/esco/skill/1258cc12-37bb-4a12-b219-9c3d6b294533
UTPL,Universidad Técnica Particular de Loja,ADMINISTRACIÓN DE EMPRESAS,24,asesorar sobre estrategias de comunicación,skill/competence,cross-sector,0.8791,http://data.europa.eu/esco/skill/69f36674-440a-4fa0-89f9-1b70172ebb9d
UTPL,Universidad Técnica Particular de Loja,ADMINISTRACIÓN DE EMPRESAS,25,respetar las normas internas de una empresa,skill/competence,cross-sector,0.878,http://data.europa.eu/esco/skill/f5f5b244-6cea-4fbc-8a50-8f712791bc09
UTPL,Universidad Técnica Particular de Loja,ECONOMÍA,1,elaborar software estadístico,skill/competence,cross-sector,0.8926,http://data.europa.eu/esco/skill/bb165899-d95f-4433-95f2-173fefd716d2
UTPL,Universidad Técnica Particular de Loja,ECONOMÍA,2,analizar las tendencias económicas,skill/competence,cross-sector,0.8924,http://data.europa.eu/esco/skill/5f302d63-048e-451c-b150-97c124a5a26b
UTPL,Universidad Técnica Particular de Loja,ECONOMÍA,3,analizar modelos de negocio,skill/competence,cross-sector,0.8893,http://data.europa.eu/esco/skill/3c1cbc5e-2220-4f45-bcc8-3d52c8c9cae0
UTPL,Universidad Técnica Particular de Loja,ECONOMÍA,4,asesorar sobre el desarrollo económico,skill/competence,cross-sector,0.8878,http://data.europa.eu/esco/skill/384ed14c-bf1f-4a65-aef6-6e711f43c4ce
UTPL,Universidad Técnica Particular de Loja,ECONOMÍA,5,elaborar políticas de economía,skill/competence,cross-sector,0.8866,http://data.europa.eu/esco/skill/8394fefb-f62a-48c0-a156-3117cefdb9b3
UTPL,Universidad Técnica Particular de Loja,ECONOMÍA,6,observar nuevas evoluciones en países extranjeros,skill/competence,cross-sector,0.8846,http://data.europa.eu/esco/skill/2f4d68be-6e9f-46fa-9398-0573e900b5e3
UTPL,Universidad Técnica Particular de Loja,ECONOMÍA,7,asesorar sobre política tributaria,skill/competence,cross-sector,0.8833,http://data.europa.eu/esco/skill/b5feaf25-3975-4e74-85fd-4470e344ba2e
UTPL,Universidad Técnica Particular de Loja,ECONOMÍA,8,evaluar el impacto ambiental de yacimientos y zonas industriales,skill/competence,cross-sector,0.8819,http://data.europa.eu/esco/skill/f12f094b-492f-4e88-b36b-50b8e58b7500
UTPL,Universidad Técnica Particular de Loja,ECONOMÍA,9,realizar estudios de mercado,skill/competence,cross-sector,0.8801,http://data.europa.eu/esco/skill/fe39d4db-4cb5-4299-bb9f-896c8fd6ab13
UTPL,Universidad Técnica Particular de Loja,ECONOMÍA,10,predecir tendencias económicas,skill/competence,cross-sector,0.8795,http://data.europa.eu/esco/skill/f2a34d6b-131a-4b8f-a110-898b9c91d18f
UTPL,Universidad Técnica Particular de Loja,ECONOMÍA,11,realizar un análisis empresarial,skill/competence,cross-sector,0.8785,http://data.europa.eu/esco/skill/27ed854c-15b8-4ba2-90e9-ae888a219703
UTPL,Universidad Técnica Particular de Loja,ECONOMÍA,12,"llevar a cabo análisis de factores políticos, económicos, sociales, tecnológicos, ambientales y jurídicos",skill/competence,cross-sector,0.8784,http://data.europa.eu/esco/skill/9979e727-3104-42e0-8f41-4af2578111ea
UTPL,Universidad Técnica Particular de Loja,ECONOMÍA,13,gestionar los programas públicos,skill/competence,cross-sector,0.878,http://data.europa.eu/esco/skill/0761f325-13e7-49f4-a41a-ec64ba4e7b9d
UTPL,Universidad Técnica Particular de Loja,ECONOMÍA,14,analizar datos de carácter ecológico,skill/competence,cross-sector,0.8772,http://data.europa.eu/esco/skill/5354a726-ee64-4f34-90f8-8436f9f374b8
UTPL,Universidad Técnica Particular de Loja,ECONOMÍA,15,pronosticar niveles futuros de desarrollo empresarial,skill/competence,cross-sector,0.8764,http://data.europa.eu/esco/skill/ab167ae1-dfd8-4607-8dc4-d6d500622e1d
UTPL,Universidad Técnica Particular de Loja,ECONOMÍA,16,evaluar presupuestos,skill/competence,cross-sector,0.876,http://data.europa.eu/esco/skill/6556cbf1-d5c0-4f53-89a9-8707066069a6
UTPL,Universidad Técnica Particular de Loja,ECONOMÍA,17,evaluar los factores de riesgo,skill/competence,cross-sector,0.8753,http://data.europa.eu/esco/skill/d7b66759-c40c-44de-9f31-9418f84e10c5
UTPL,Universidad Técnica Particular de Loja,ECONOMÍA,18,preparar archivos estadísticos y financieros,skill/competence,cross-sector,0.8744,http://data.europa.eu/esco/skill/08ee68b2-0a6d-4bdf-a870-a36c0dc8064e
UTPL,Universidad Técnica Particular de Loja,ECONOMÍA,19,asesorar sobre estrategias de mercado,skill/competence,cross-sector,0.8734,http://data.europa.eu/esco/skill/34d6ed30-5d35-44b9-9498-fd15badb5f28
UTPL,Universidad Técnica Particular de Loja,ECONOMÍA,20,ejecutar cálculos matemáticos analíticos,skill/competence,cross-sector,0.8731,http://data.europa.eu/esco/skill/31c69100-b612-4a61-8db5-fd314318854c
UTPL,Universidad Técnica Particular de Loja,ECONOMÍA,21,tener en cuenta los criterios económicos en la toma de decisiones,skill/competence,cross-sector,0.8716,http://data.europa.eu/esco/skill/d41262ae-eca1-4ede-89a8-46d2d99a7a31
UTPL,Universidad Técnica Particular de Loja,ECONOMÍA,22,analizar los factores externos a una empresa,skill/competence,cross-sector,0.8711,http://data.europa.eu/esco/skill/ce5b1446-b5e3-4f05-a5ac-83f2ee142a44
UTPL,Universidad Técnica Particular de Loja,ECONOMÍA,23,utilizar modelos informáticos especializados para predecir el tiempo,skill/competence,cross-sector,0.8698,http://data.europa.eu/esco/skill/206f5738-e91f-4390-84a2-fcb864bc11b1
UTPL,Universidad Técnica Particular de Loja,ECONOMÍA,24,analizar las tendencias del mercado de la energía,skill/competence,cross-sector,0.8697,http://data.europa.eu/esco/skill/28878fd9-9a17-452a-b3b8-5db5c63d7905
UTPL,Universidad Técnica Particular de Loja,ECONOMÍA,25,asesorar sobre planificación tributaria y fiscal,skill/competence,cross-sector,0.8696,http://data.europa.eu/esco/skill/161a6c5a-593a-4977-b7b7-49c6a2a2f2a3
UTPL,Universidad Técnica Particular de Loja,INGENIERÍA CIVIL,1,garantizar el cumplimiento de los plazos de construcción,skill/competence,cross-sector,0.8836,http://data.europa.eu/esco/skill/6181f475-110c-497c-a46d-ed2e14e7bc90
UTPL,Universidad Técnica Particular de Loja,INGENIERÍA CIVIL,2,vigilar el cumplimiento de los parámetros de los proyectos de construcción,skill/competence,cross-sector,0.8823,http://data.europa.eu/esco/skill/3dd3dfa7-51c0-40ef-af46-e2df300489f6
UTPL,Universidad Técnica Particular de Loja,INGENIERÍA CIVIL,3,supervisar el trabajo de planificación del diseño,skill/competence,cross-sector,0.8769,http://data.europa.eu/esco/skill/03227978-f839-4cc8-88a6-0a3c44d2c776
UTPL,Universidad Técnica Particular de Loja,INGENIERÍA CIVIL,4,gestionar los programas públicos,skill/competence,cross-sector,0.8766,http://data.europa.eu/esco/skill/0761f325-13e7-49f4-a41a-ec64ba4e7b9d
UTPL,Universidad Técnica Particular de Loja,INGENIERÍA CIVIL,5,examinar las infraestructuras civiles,skill/competence,cross-sector,0.8762,http://data.europa.eu/esco/skill/d48b3cfe-80b6-406f-b582-d959b60417f8
UTPL,Universidad Técnica Particular de Loja,INGENIERÍA CIVIL,6,supervisar obras de construcción,skill/competence,cross-sector,0.8758,http://data.europa.eu/esco/skill/fc1a75bb-70e3-4005-881f-7709bf7b0ed4
UTPL,Universidad Técnica Particular de Loja,INGENIERÍA CIVIL,7,revisar proyectos de construcción,skill/competence,cross-sector,0.8745,http://data.europa.eu/esco/skill/ea9fc9d9-c602-4430-a7fc-edac7429a6a8
UTPL,Universidad Técnica Particular de Loja,INGENIERÍA CIVIL,8,evaluar el impacto ambiental de yacimientos y zonas industriales,skill/competence,cross-sector,0.8743,http://data.europa.eu/esco/skill/f12f094b-492f-4e88-b36b-50b8e58b7500
UTPL,Universidad Técnica Particular de Loja,INGENIERÍA CIVIL,9,coordinar con expertos ferroviarios,skill/competence,cross-sector,0.8722,http://data.europa.eu/esco/skill/6172948e-5d52-4f94-a617-278a9013a8ae
UTPL,Universidad Técnica Particular de Loja,INGENIERÍA CIVIL,10,supervisar un proyecto de construcción,skill/competence,cross-sector,0.8714,http://data.europa.eu/esco/skill/1de548e0-9535-4d2e-9d20-d4474c1ea813
UTPL,Universidad Técnica Particular de Loja,INGENIERÍA CIVIL,11,asesorar sobre temas de construcción,skill/competence,cross-sector,0.8708,http://data.europa.eu/esco/skill/3b64ab47-a874-403a-b781-7b23c2fc3c6c
UTPL,Universidad Técnica Particular de Loja,INGENIERÍA CIVIL,12,someter a auditorías a los contratistas,skill/competence,cross-sector,0.8703,http://data.europa.eu/esco/skill/0520d8ba-3c24-4f75-a8b0-f883ddeed82d
UTPL,Universidad Técnica Particular de Loja,INGENIERÍA CIVIL,13,proteger humedales en el desarrollo de proyectos,skill/competence,cross-sector,0.8696,http://data.europa.eu/esco/skill/e2028206-3060-4e81-8350-77baefabefde
UTPL,Universidad Técnica Particular de Loja,INGENIERÍA CIVIL,14,supervisar sistemas de gestión ambiental,skill/competence,cross-sector,0.8691,http://data.europa.eu/esco/skill/b13e0689-636d-42d0-86c3-df9d6f85a882
UTPL,Universidad Técnica Particular de Loja,INGENIERÍA CIVIL,15,supervisar operaciones informativas diarias,skill/competence,cross-sector,0.869,http://data.europa.eu/esco/skill/9013b46e-5a9b-4929-8918-fcadfdfd37ce
UTPL,Universidad Técnica Particular de Loja,INGENIERÍA CIVIL,16,asesorar sobre el uso de terrenos,skill/competence,cross-sector,0.8675,http://data.europa.eu/esco/skill/8b46636e-e201-4086-a8d5-049b65eaf40e
UTPL,Universidad Técnica Particular de Loja,INGENIERÍA CIVIL,17,coordinar equipos de ingeniería,skill/competence,cross-sector,0.8662,http://data.europa.eu/esco/skill/7af6e9e8-1e11-4c0b-b7c6-ac96bbbbc674
UTPL,Universidad Técnica Particular de Loja,INGENIERÍA CIVIL,18,gestionar la instalación de estructuras para eventos,skill/competence,cross-sector,0.8659,http://data.europa.eu/esco/skill/0e503b48-5491-4529-879e-b112251f8d50
UTPL,Universidad Técnica Particular de Loja,INGENIERÍA CIVIL,19,coordinar el envío de materiales reciclables,skill/competence,cross-sector,0.8647,http://data.europa.eu/esco/skill/9d04490c-cea5-4765-a15e-99c46b543c1d
UTPL,Universidad Técnica Particular de Loja,INGENIERÍA CIVIL,20,coordinar asociaciones público-privadas de turismo,skill/competence,cross-sector,0.8645,http://data.europa.eu/esco/skill/73b87890-d2ec-4842-b824-b4851ff12051
UTPL,Universidad Técnica Particular de Loja,INGENIERÍA CIVIL,21,elaborar planos,skill/competence,cross-sector,0.8643,http://data.europa.eu/esco/skill/bf59255e-782a-4e83-a93c-6055cfdd8e7f
UTPL,Universidad Técnica Particular de Loja,INGENIERÍA CIVIL,22,reparar sistemas de fontanería,skill/competence,cross-sector,0.8632,http://data.europa.eu/esco/skill/d809a1d2-b80e-43e4-8984-de7517fb68f1
UTPL,Universidad Técnica Particular de Loja,INGENIERÍA CIVIL,23,planificar procesos de fabricación,skill/competence,cross-sector,0.8622,http://data.europa.eu/esco/skill/7d0f33ea-e724-4d77-8b75-ee4fe66bb9ba
UTPL,Universidad Técnica Particular de Loja,INGENIERÍA CIVIL,24,gestionar equipos pesados,skill/competence,cross-sector,0.8608,http://data.europa.eu/esco/skill/2a314d49-c071-403b-9cc8-75aea53e7859
UTPL,Universidad Técnica Particular de Loja,INGENIERÍA CIVIL,25,mantener contacto con financieros,skill/competence,cross-sector,0.8606,http://data.europa.eu/esco/skill/401d8d12-b56d-4c71-ac58-f791e8c085b4
UTPL,Universidad Técnica Particular de Loja,INGENIERÍA INDUSTRIAL,1,analizar estrategias de gestión de la cadena de suministro,skill/competence,cross-sector,0.9112,http://data.europa.eu/esco/skill/96d549bb-3e62-4c45-92a7-f114df089581
UTPL,Universidad Técnica Particular de Loja,INGENIERÍA INDUSTRIAL,2,integrar productos nuevos en la cadena de fabricación,skill/competence,cross-sector,0.8982,http://data.europa.eu/esco/skill/8a753714-9a19-4418-9b37-77e79d72c705
UTPL,Universidad Técnica Particular de Loja,INGENIERÍA INDUSTRIAL,3,gestionar empresas de producción,skill/competence,cross-sector,0.8916,http://data.europa.eu/esco/skill/435d1751-8667-41ec-8b32-865b7cd3c684
UTPL,Universidad Técnica Particular de Loja,INGENIERÍA INDUSTRIAL,4,realizar diversas tareas organizativas en la empresa,skill/competence,cross-sector,0.8903,http://data.europa.eu/esco/skill/01755f08-4df4-4cf0-8d22-08f94cad68b5
UTPL,Universidad Técnica Particular de Loja,INGENIERÍA INDUSTRIAL,5,gestionar sistemas de instrumentación,skill/competence,cross-sector,0.8895,http://data.europa.eu/esco/skill/5d71a91f-cc72-4b66-b6e3-d75ecc05e235
UTPL,Universidad Técnica Particular de Loja,INGENIERÍA INDUSTRIAL,6,planificar procesos de fabricación,skill/competence,cross-sector,0.8893,http://data.europa.eu/esco/skill/7d0f33ea-e724-4d77-8b75-ee4fe66bb9ba
UTPL,Universidad Técnica Particular de Loja,INGENIERÍA INDUSTRIAL,7,realizar gestión de clientes,skill/competence,cross-sector,0.888,http://data.europa.eu/esco/skill/91306a20-9b81-4f3d-97eb-f5368b607da7
UTPL,Universidad Técnica Particular de Loja,INGENIERÍA INDUSTRIAL,8,redactar informes de producción,skill/competence,cross-sector,0.887,http://data.europa.eu/esco/skill/7f18c3a2-f1ce-4db2-a354-9417691b5a43
UTPL,Universidad Técnica Particular de Loja,INGENIERÍA INDUSTRIAL,9,gestionar la cadena de suministros sanitarios,skill/competence,cross-sector,0.8869,http://data.europa.eu/esco/skill/71d441c3-163a-41b6-b713-074d69362c27
UTPL,Universidad Técnica Particular de Loja,INGENIERÍA INDUSTRIAL,10,analizar procesos de producción para introducir mejoras,skill/competence,cross-sector,0.8866,http://data.europa.eu/esco/skill/f1b5800e-b763-4740-9586-3fef30568e81
UTPL,Universidad Técnica Particular de Loja,INGENIERÍA INDUSTRIAL,11,mejorar procesos empresariales,skill/competence,cross-sector,0.8865,http://data.europa.eu/esco/skill/75b30aeb-34c0-40f4-b77d-271d75a98b14
UTPL,Universidad Técnica Particular de Loja,INGENIERÍA INDUSTRIAL,12,gestionar los suministros,skill/competence,cross-sector,0.8864,http://data.europa.eu/esco/skill/020b3c27-bae1-4b85-9d6f-eccee0f5ed99
UTPL,Universidad Técnica Particular de Loja,INGENIERÍA INDUSTRIAL,13,llevar a cabo procesos de adquisición,skill/competence,cross-sector,0.8863,http://data.europa.eu/esco/skill/9e9a4209-c7cf-4f6e-973e-dc2ffadccc74
UTPL,Universidad Técnica Particular de Loja,INGENIERÍA INDUSTRIAL,14,montar máquinas,skill/competence,cross-sector,0.8857,http://data.europa.eu/esco/skill/87a0c0e6-c114-4ea1-b2d0-933bce1f3c5f
UTPL,Universidad Técnica Particular de Loja,INGENIERÍA INDUSTRIAL,15,gestionar los procesos de licitación,skill/competence,cross-sector,0.8842,http://data.europa.eu/esco/skill/4b2c4de9-43d7-4905-9d58-bc2e7d84b2e1
UTPL,Universidad Técnica Particular de Loja,INGENIERÍA INDUSTRIAL,16,gestionar proyectos de investigación y desarrollo,skill/competence,cross-sector,0.8835,http://data.europa.eu/esco/skill/d5dbc342-8e39-4998-8237-ebbe05a381ce
UTPL,Universidad Técnica Particular de Loja,INGENIERÍA INDUSTRIAL,17,apoyar la puesta en marcha de sistemas de gestión de la calidad,skill/competence,cross-sector,0.883,http://data.europa.eu/esco/skill/ccbd0898-e225-4abc-8992-57a23b0e2eec
UTPL,Universidad Técnica Particular de Loja,INGENIERÍA INDUSTRIAL,18,elaborar estrategias para resolver problemas,skill/competence,cross-sector,0.8821,http://data.europa.eu/esco/skill/7a8fb784-67fa-41e9-a75c-6b491d91f800
UTPL,Universidad Técnica Particular de Loja,INGENIERÍA INDUSTRIAL,19,utilizar métodos de análisis de datos logísticos,skill/competence,cross-sector,0.8816,http://data.europa.eu/esco/skill/6f993130-082b-4732-b62f-52cdf2096ad9
UTPL,Universidad Técnica Particular de Loja,INGENIERÍA INDUSTRIAL,20,gestionar las operaciones del almacén,skill/competence,cross-sector,0.8814,http://data.europa.eu/esco/skill/fa7be6bf-f906-4b8e-857d-48a9a7da901c
UTPL,Universidad Técnica Particular de Loja,INGENIERÍA INDUSTRIAL,21,coordinar las actividades de producción,skill/competence,cross-sector,0.8808,http://data.europa.eu/esco/skill/05c00631-b864-4842-b47e-06710c197c7a
UTPL,Universidad Técnica Particular de Loja,INGENIERÍA INDUSTRIAL,22,gestionar la producción de calzado y de artículos de piel y cuero,skill/competence,cross-sector,0.8807,http://data.europa.eu/esco/skill/7e71fbcf-ebf8-4164-829b-e16b68aa9432
UTPL,Universidad Técnica Particular de Loja,INGENIERÍA INDUSTRIAL,23,realizar análisis de control de calidad,skill/competence,cross-sector,0.8797,http://data.europa.eu/esco/skill/41a3240f-58ba-44e2-a688-edeb21ea5c16
UTPL,Universidad Técnica Particular de Loja,INGENIERÍA INDUSTRIAL,24,supervisar la producción de la fábrica,skill/competence,cross-sector,0.8794,http://data.europa.eu/esco/skill/c09dce1b-e198-487e-b63f-934e10a4c181
UTPL,Universidad Técnica Particular de Loja,INGENIERÍA INDUSTRIAL,25,supervisar sistemas de gestión ambiental,skill/competence,cross-sector,0.8794,http://data.europa.eu/esco/skill/b13e0689-636d-42d0-86c3-df9d6f85a882
UTPL,Universidad Técnica Particular de Loja,COMPUTACIÓN,1,diseñar sistemas de control,skill/competence,cross-sector,0.8866,http://data.europa.eu/esco/skill/d560df46-dda4-4407-bab2-b87353a96814
UTPL,Universidad Técnica Particular de Loja,COMPUTACIÓN,2,ejecutar cálculos matemáticos analíticos,skill/competence,cross-sector,0.8846,http://data.europa.eu/esco/skill/31c69100-b612-4a61-8db5-fd314318854c
UTPL,Universidad Técnica Particular de Loja,COMPUTACIÓN,3,montar máquinas,skill/competence,cross-sector,0.8837,http://data.europa.eu/esco/skill/87a0c0e6-c114-4ea1-b2d0-933bce1f3c5f
UTPL,Universidad Técnica Particular de Loja,COMPUTACIÓN,4,crear soluciones para problemas informativos,skill/competence,cross-sector,0.8818,http://data.europa.eu/esco/skill/4539aeca-b56f-4d03-ba86-8f675a7f2536
UTPL,Universidad Técnica Particular de Loja,COMPUTACIÓN,5,resolver problemas de sistemas TIC,skill/competence,cross-sector,0.8793,http://data.europa.eu/esco/skill/9e06bac6-6b91-48ca-8b7d-c1f48cdecd7c
UTPL,Universidad Técnica Particular de Loja,COMPUTACIÓN,6,diseñar sistemas electromecánicos,skill/competence,cross-sector,0.8788,http://data.europa.eu/esco/skill/c5422318-3218-4ce9-9bdd-f38b93ff63a3
UTPL,Universidad Técnica Particular de Loja,COMPUTACIÓN,7,gestionar sistemas de instrumentación,skill/competence,cross-sector,0.878,http://data.europa.eu/esco/skill/5d71a91f-cc72-4b66-b6e3-d75ecc05e235
UTPL,Universidad Técnica Particular de Loja,COMPUTACIÓN,8,resolver problemas técnicos,skill/competence,cross-sector,0.8773,http://data.europa.eu/esco/skill/14832d87-2f2f-4895-b290-e4760ebae42a
UTPL,Universidad Técnica Particular de Loja,COMPUTACIÓN,9,gestionar datos cuantitativos,skill/competence,cross-sector,0.8772,http://data.europa.eu/esco/skill/57231a22-4da7-49c8-97b8-75672feadf1e
UTPL,Universidad Técnica Particular de Loja,COMPUTACIÓN,10,analizar datos de carácter ecológico,skill/competence,cross-sector,0.8751,http://data.europa.eu/esco/skill/5354a726-ee64-4f34-90f8-8436f9f374b8
UTPL,Universidad Técnica Particular de Loja,COMPUTACIÓN,11,detectar y corregir errores de las tecnologías de la información y de las comunicaciones,skill/competence,cross-sector,0.8742,http://data.europa.eu/esco/skill/744442ac-c157-4350-8be0-ce454df4f5c5
UTPL,Universidad Técnica Particular de Loja,COMPUTACIÓN,12,elaborar estrategias para resolver problemas,skill/competence,cross-sector,0.8742,http://data.europa.eu/esco/skill/7a8fb784-67fa-41e9-a75c-6b491d91f800
UTPL,Universidad Técnica Particular de Loja,COMPUTACIÓN,13,asesorar a la clientela acerca de las posibilidades técnicas,skill/competence,cross-sector,0.8741,http://data.europa.eu/esco/skill/7b3abd38-61ae-42a4-88bb-0884784f9ee1
UTPL,Universidad Técnica Particular de Loja,COMPUTACIÓN,14,elaborar software estadístico,skill/competence,cross-sector,0.8731,http://data.europa.eu/esco/skill/bb165899-d95f-4433-95f2-173fefd716d2
UTPL,Universidad Técnica Particular de Loja,COMPUTACIÓN,15,gestionar bases de datos,skill/competence,cross-sector,0.8729,http://data.europa.eu/esco/skill/29fb0fb5-dfc4-4098-ac9b-3a712000f48f
UTPL,Universidad Técnica Particular de Loja,COMPUTACIÓN,16,almacenar datos y sistemas digitales,skill/competence,cross-sector,0.8713,http://data.europa.eu/esco/skill/611ed16b-99bf-4840-9cab-f55d1d286e0a
UTPL,Universidad Técnica Particular de Loja,COMPUTACIÓN,17,gestionar datos de investigación,skill/competence,cross-sector,0.8713,http://data.europa.eu/esco/skill/08b04e53-ed25-41a2-9f90-0b9cd939ba3d
UTPL,Universidad Técnica Particular de Loja,COMPUTACIÓN,18,gestionar proyectos de investigación y desarrollo,skill/competence,cross-sector,0.8712,http://data.europa.eu/esco/skill/d5dbc342-8e39-4998-8237-ebbe05a381ce
UTPL,Universidad Técnica Particular de Loja,COMPUTACIÓN,19,Proponer soluciones tecnológicas a problemas empresariales,skill/competence,cross-sector,0.8711,http://data.europa.eu/esco/skill/07e51c60-763a-4335-b4ec-70a15f66d328
UTPL,Universidad Técnica Particular de Loja,COMPUTACIÓN,20,verificar unidades electrónicas,skill/competence,cross-sector,0.8707,http://data.europa.eu/esco/skill/baf501a8-f0fe-4ad7-9b69-8e920fa1a87b
UTPL,Universidad Técnica Particular de Loja,COMPUTACIÓN,21,configurar textos en formato digital,skill/competence,cross-sector,0.8703,http://data.europa.eu/esco/skill/9b30c8fd-6467-4d16-99e0-32899a9ceec0
UTPL,Universidad Técnica Particular de Loja,COMPUTACIÓN,22,"gestionar datos, información y contenido digitales",skill/competence,cross-sector,0.8703,http://data.europa.eu/esco/skill/4d97e3c3-f335-47cc-a4ee-0d779fd42222
UTPL,Universidad Técnica Particular de Loja,COMPUTACIÓN,23,resolver problemas,skill/competence,transversal,0.8702,http://data.europa.eu/esco/skill/adc6dc11-3376-467b-96c5-9b0a21edc869
UTPL,Universidad Técnica Particular de Loja,COMPUTACIÓN,24,realizar gestión de clientes,skill/competence,cross-sector,0.8701,http://data.europa.eu/esco/skill/91306a20-9b81-4f3d-97eb-f5368b607da7
UTPL,Universidad Técnica Particular de Loja,COMPUTACIÓN,25,diseñar circuitos mediante programas de diseño asistido por ordenador,skill/competence,cross-sector,0.8695,http://data.europa.eu/esco/skill/9ba355be-f119-42b6-a7d6-52f6ce2e4a3f
UTPL,Universidad Técnica Particular de Loja,TELECOMUNICACIONES,1,coordinar comunicaciones remotas,skill/competence,cross-sector,0.8851,http://data.europa.eu/esco/skill/9bafaea2-76cd-4532-ab77-8b3d21fa6235
UTPL,Universidad Técnica Particular de Loja,TELECOMUNICACIONES,2,gestionar las comunicaciones visuales,skill/competence,cross-sector,0.8849,http://data.europa.eu/esco/skill/50b96d21-f2eb-4f35-a8d3-77eee15ef51f
UTPL,Universidad Técnica Particular de Loja,TELECOMUNICACIONES,3,gestionar los programas públicos,skill/competence,cross-sector,0.8837,http://data.europa.eu/esco/skill/0761f325-13e7-49f4-a41a-ec64ba4e7b9d
UTPL,Universidad Técnica Particular de Loja,TELECOMUNICACIONES,4,diseñar sistemas de control,skill/competence,cross-sector,0.8832,http://data.europa.eu/esco/skill/d560df46-dda4-4407-bab2-b87353a96814
UTPL,Universidad Técnica Particular de Loja,TELECOMUNICACIONES,5,montar máquinas,skill/competence,cross-sector,0.882,http://data.europa.eu/esco/skill/87a0c0e6-c114-4ea1-b2d0-933bce1f3c5f
UTPL,Universidad Técnica Particular de Loja,TELECOMUNICACIONES,6,gestionar sistemas de instrumentación,skill/competence,cross-sector,0.8812,http://data.europa.eu/esco/skill/5d71a91f-cc72-4b66-b6e3-d75ecc05e235
UTPL,Universidad Técnica Particular de Loja,TELECOMUNICACIONES,7,supervisar el funcionamiento de los equipos,skill/competence,cross-sector,0.8796,http://data.europa.eu/esco/skill/ca17f0df-59e4-4ed2-9360-fc5325bc7151
UTPL,Universidad Técnica Particular de Loja,TELECOMUNICACIONES,8,gestionar proyectos de investigación y desarrollo,skill/competence,cross-sector,0.8794,http://data.europa.eu/esco/skill/d5dbc342-8e39-4998-8237-ebbe05a381ce
UTPL,Universidad Técnica Particular de Loja,TELECOMUNICACIONES,9,evaluar las necesidades energéticas,skill/competence,cross-sector,0.8788,http://data.europa.eu/esco/skill/36fccad9-1d20-4104-bcc2-a8ea9d1ce5ea
UTPL,Universidad Técnica Particular de Loja,TELECOMUNICACIONES,10,detectar y corregir errores de las tecnologías de la información y de las comunicaciones,skill/competence,cross-sector,0.8771,http://data.europa.eu/esco/skill/744442ac-c157-4350-8be0-ce454df4f5c5
UTPL,Universidad Técnica Particular de Loja,TELECOMUNICACIONES,11,comunicar cuestiones técnicas a los clientes,skill/competence,cross-sector,0.877,http://data.europa.eu/esco/skill/652da95d-b336-497a-bce5-1c29a674eecb
UTPL,Universidad Técnica Particular de Loja,TELECOMUNICACIONES,12,instalar líneas de energía eléctrica,skill/competence,cross-sector,0.8762,http://data.europa.eu/esco/skill/0c627853-241e-405b-9044-aaff6bca133e
UTPL,Universidad Técnica Particular de Loja,TELECOMUNICACIONES,13,evaluar el impacto ambiental de yacimientos y zonas industriales,skill/competence,cross-sector,0.8762,http://data.europa.eu/esco/skill/f12f094b-492f-4e88-b36b-50b8e58b7500
UTPL,Universidad Técnica Particular de Loja,TELECOMUNICACIONES,14,actuar de enlace con profesionales del sector,skill/competence,cross-sector,0.8757,http://data.europa.eu/esco/skill/d1317634-ccea-44d0-9cdc-c863f9bf856b
UTPL,Universidad Técnica Particular de Loja,TELECOMUNICACIONES,15,asesorar a la clientela acerca de las posibilidades técnicas,skill/competence,cross-sector,0.8752,http://data.europa.eu/esco/skill/7b3abd38-61ae-42a4-88bb-0884784f9ee1
UTPL,Universidad Técnica Particular de Loja,TELECOMUNICACIONES,16,coordinar equipos de ingeniería,skill/competence,cross-sector,0.8747,http://data.europa.eu/esco/skill/7af6e9e8-1e11-4c0b-b7c6-ac96bbbbc674
UTPL,Universidad Técnica Particular de Loja,TELECOMUNICACIONES,17,crear soluciones para problemas informativos,skill/competence,cross-sector,0.8746,http://data.europa.eu/esco/skill/4539aeca-b56f-4d03-ba86-8f675a7f2536
UTPL,Universidad Técnica Particular de Loja,TELECOMUNICACIONES,18,gestionar la instalación de estructuras para eventos,skill/competence,cross-sector,0.8746,http://data.europa.eu/esco/skill/0e503b48-5491-4529-879e-b112251f8d50
UTPL,Universidad Técnica Particular de Loja,TELECOMUNICACIONES,19,configurar textos en formato digital,skill/competence,cross-sector,0.8744,http://data.europa.eu/esco/skill/9b30c8fd-6467-4d16-99e0-32899a9ceec0
UTPL,Universidad Técnica Particular de Loja,TELECOMUNICACIONES,20,realizar diversas tareas organizativas en la empresa,skill/competence,cross-sector,0.8739,http://data.europa.eu/esco/skill/01755f08-4df4-4cf0-8d22-08f94cad68b5
UTPL,Universidad Técnica Particular de Loja,TELECOMUNICACIONES,21,coordinar comunicaciones en situaciones de emergencia en operaciones mineras,skill/competence,cross-sector,0.8739,http://data.europa.eu/esco/skill/707ff33d-d130-4e61-8a2a-6e8b023be9fc
UTPL,Universidad Técnica Particular de Loja,TELECOMUNICACIONES,22,ingeniería de telecomunicaciones,knowledge,cross-sector,0.8732,http://data.europa.eu/esco/skill/14764a75-3104-4875-ba1d-57c059b9b013
UTPL,Universidad Técnica Particular de Loja,TELECOMUNICACIONES,23,analizar las tendencias del mercado de la energía,skill/competence,cross-sector,0.8732,http://data.europa.eu/esco/skill/28878fd9-9a17-452a-b3b8-5db5c63d7905
UTPL,Universidad Técnica Particular de Loja,TELECOMUNICACIONES,24,instalar dispositivos electrónicos de comunicación en los trenes,skill/competence,cross-sector,0.8728,http://data.europa.eu/esco/skill/fc6cddab-c9ce-4ce6-83ac-32b6854dd6da
UTPL,Universidad Técnica Particular de Loja,TELECOMUNICACIONES,25,resolver problemas técnicos,skill/competence,cross-sector,0.8724,http://data.europa.eu/esco/skill/14832d87-2f2f-4895-b290-e4760ebae42a
UTPL,Universidad Técnica Particular de Loja,ELECTRICIDAD,1,evaluar las necesidades energéticas,skill/competence,cross-sector,0.897,http://data.europa.eu/esco/skill/36fccad9-1d20-4104-bcc2-a8ea9d1ce5ea
UTPL,Universidad Técnica Particular de Loja,ELECTRICIDAD,2,asesorar sobre cuestiones relativas a la energía renovable marina,skill/competence,cross-sector,0.8949,http://data.europa.eu/esco/skill/610ccf09-e9f2-4268-bb93-442dde5bf26e
UTPL,Universidad Técnica Particular de Loja,ELECTRICIDAD,3,realizar actividades de gestión energética en instalaciones,skill/competence,cross-sector,0.8918,http://data.europa.eu/esco/skill/885808f7-f42b-406e-95f2-28efcd45ddda
UTPL,Universidad Técnica Particular de Loja,ELECTRICIDAD,4,mantener el equipo eléctrico,skill/competence,cross-sector,0.8864,http://data.europa.eu/esco/skill/386774ac-fe5b-431a-b485-9aec0bf5c09e
UTPL,Universidad Técnica Particular de Loja,ELECTRICIDAD,5,montar generadores,skill/competence,cross-sector,0.8852,http://data.europa.eu/esco/skill/942edf03-a450-4261-b65c-9b447fdddc51
UTPL,Universidad Técnica Particular de Loja,ELECTRICIDAD,6,mantener sistemas de energía solar,skill/competence,cross-sector,0.8852,http://data.europa.eu/esco/skill/9cf2856d-0375-4ec3-a51f-7f9c82119859
UTPL,Universidad Técnica Particular de Loja,ELECTRICIDAD,7,mantener motores eléctricos,skill/competence,cross-sector,0.885,http://data.europa.eu/esco/skill/2876970d-90af-45bd-9cfd-c0af757947ea
UTPL,Universidad Técnica Particular de Loja,ELECTRICIDAD,8,analizar las tendencias del mercado de la energía,skill/competence,cross-sector,0.8836,http://data.europa.eu/esco/skill/28878fd9-9a17-452a-b3b8-5db5c63d7905
UTPL,Universidad Técnica Particular de Loja,ELECTRICIDAD,9,gestionar la recepción de suministros eléctricos,skill/competence,cross-sector,0.8831,http://data.europa.eu/esco/skill/c796e1fa-cbbd-4639-b8d9-cbcdc130c7a2
UTPL,Universidad Técnica Particular de Loja,ELECTRICIDAD,10,diseñar sistemas de control,skill/competence,cross-sector,0.8819,http://data.europa.eu/esco/skill/d560df46-dda4-4407-bab2-b87353a96814
UTPL,Universidad Técnica Particular de Loja,ELECTRICIDAD,11,montar máquinas,skill/competence,cross-sector,0.8774,http://data.europa.eu/esco/skill/87a0c0e6-c114-4ea1-b2d0-933bce1f3c5f
UTPL,Universidad Técnica Particular de Loja,ELECTRICIDAD,12,gestionar la instalación de estructuras para eventos,skill/competence,cross-sector,0.8774,http://data.europa.eu/esco/skill/0e503b48-5491-4529-879e-b112251f8d50
UTPL,Universidad Técnica Particular de Loja,ELECTRICIDAD,13,gestionar equipos pesados,skill/competence,cross-sector,0.8762,http://data.europa.eu/esco/skill/2a314d49-c071-403b-9cc8-75aea53e7859
UTPL,Universidad Técnica Particular de Loja,ELECTRICIDAD,14,gestionar sistemas de instrumentación,skill/competence,cross-sector,0.876,http://data.europa.eu/esco/skill/5d71a91f-cc72-4b66-b6e3-d75ecc05e235
UTPL,Universidad Técnica Particular de Loja,ELECTRICIDAD,15,gestionar empresas de producción,skill/competence,cross-sector,0.8748,http://data.europa.eu/esco/skill/435d1751-8667-41ec-8b32-865b7cd3c684
UTPL,Universidad Técnica Particular de Loja,ELECTRICIDAD,16,instalar líneas de energía eléctrica,skill/competence,cross-sector,0.8747,http://data.europa.eu/esco/skill/0c627853-241e-405b-9044-aaff6bca133e
UTPL,Universidad Técnica Particular de Loja,ELECTRICIDAD,17,supervisar el funcionamiento de los equipos,skill/competence,cross-sector,0.8745,http://data.europa.eu/esco/skill/ca17f0df-59e4-4ed2-9360-fc5325bc7151
UTPL,Universidad Técnica Particular de Loja,ELECTRICIDAD,18,gestionar proyectos de investigación y desarrollo,skill/competence,cross-sector,0.8742,http://data.europa.eu/esco/skill/d5dbc342-8e39-4998-8237-ebbe05a381ce
UTPL,Universidad Técnica Particular de Loja,ELECTRICIDAD,19,gestionar los programas públicos,skill/competence,cross-sector,0.8733,http://data.europa.eu/esco/skill/0761f325-13e7-49f4-a41a-ec64ba4e7b9d
UTPL,Universidad Técnica Particular de Loja,ELECTRICIDAD,20,garantizar el cumplimiento del plan de distribución de energía,skill/competence,cross-sector,0.8726,http://data.europa.eu/esco/skill/694e1e70-3e22-4d72-a3ac-b5f92951423d
UTPL,Universidad Técnica Particular de Loja,ELECTRICIDAD,21,montar luces,skill/competence,cross-sector,0.8722,http://data.europa.eu/esco/skill/9cc78400-9ba9-4ffd-9ef5-59e2cd657035
UTPL,Universidad Técnica Particular de Loja,ELECTRICIDAD,22,actuar de enlace con profesionales del sector,skill/competence,cross-sector,0.8705,http://data.europa.eu/esco/skill/d1317634-ccea-44d0-9cdc-c863f9bf856b
UTPL,Universidad Técnica Particular de Loja,ELECTRICIDAD,23,mantener reactores nucleares,skill/competence,cross-sector,0.8704,http://data.europa.eu/esco/skill/2fd77342-8b8d-414e-8b03-5a65f79e9b78
UTPL,Universidad Técnica Particular de Loja,ELECTRICIDAD,24,verificar unidades electrónicas,skill/competence,cross-sector,0.8698,http://data.europa.eu/esco/skill/baf501a8-f0fe-4ad7-9b69-8e920fa1a87b
UTPL,Universidad Técnica Particular de Loja,ELECTRICIDAD,25,controlar maquinaria pesada,skill/competence,cross-sector,0.8689,http://data.europa.eu/esco/skill/4853efe8-0cdd-42d1-bc5a-6ba5fa9a8b2c
UTPL,Universidad Técnica Particular de Loja,ELECTRÓNICA Y AUTOMATIZACIÓN,1,diseñar sistemas de control,skill/competence,cross-sector,0.9078,http://data.europa.eu/esco/skill/d560df46-dda4-4407-bab2-b87353a96814
UTPL,Universidad Técnica Particular de Loja,ELECTRÓNICA Y AUTOMATIZACIÓN,2,montar máquinas,skill/competence,cross-sector,0.8968,http://data.europa.eu/esco/skill/87a0c0e6-c114-4ea1-b2d0-933bce1f3c5f
UTPL,Universidad Técnica Particular de Loja,ELECTRÓNICA Y AUTOMATIZACIÓN,3,operar el equipo de empaquetado,skill/competence,cross-sector,0.8949,http://data.europa.eu/esco/skill/f8cd217b-b870-42aa-9bbe-d36b672cbb65
UTPL,Universidad Técnica Particular de Loja,ELECTRÓNICA Y AUTOMATIZACIÓN,4,verificar unidades electrónicas,skill/competence,cross-sector,0.8893,http://data.europa.eu/esco/skill/baf501a8-f0fe-4ad7-9b69-8e920fa1a87b
UTPL,Universidad Técnica Particular de Loja,ELECTRÓNICA Y AUTOMATIZACIÓN,5,mantener equipos electrónicos,skill/competence,cross-sector,0.8885,http://data.europa.eu/esco/skill/ba45db8f-34e8-4f29-af0b-e6645e1d693f
UTPL,Universidad Técnica Particular de Loja,ELECTRÓNICA Y AUTOMATIZACIÓN,6,desarrollar procedimientos de prueba electrónica,skill/competence,cross-sector,0.8867,http://data.europa.eu/esco/skill/0de6bca4-f3aa-452a-8e10-d355b2c1bfc4
UTPL,Universidad Técnica Particular de Loja,ELECTRÓNICA Y AUTOMATIZACIÓN,7,gestionar sistemas de instrumentación,skill/competence,cross-sector,0.8861,http://data.europa.eu/esco/skill/5d71a91f-cc72-4b66-b6e3-d75ecc05e235
UTPL,Universidad Técnica Particular de Loja,ELECTRÓNICA Y AUTOMATIZACIÓN,8,supervisar el funcionamiento de los equipos,skill/competence,cross-sector,0.8861,http://data.europa.eu/esco/skill/ca17f0df-59e4-4ed2-9360-fc5325bc7151
UTPL,Universidad Técnica Particular de Loja,ELECTRÓNICA Y AUTOMATIZACIÓN,9,planificar procesos de fabricación,skill/competence,cross-sector,0.883,http://data.europa.eu/esco/skill/7d0f33ea-e724-4d77-8b75-ee4fe66bb9ba
UTPL,Universidad Técnica Particular de Loja,ELECTRÓNICA Y AUTOMATIZACIÓN,10,diseñar sistemas eléctricos,skill/competence,cross-sector,0.8823,http://data.europa.eu/esco/skill/05010f6c-0b40-4525-ac4a-057d46a2b6f4
UTPL,Universidad Técnica Particular de Loja,ELECTRÓNICA Y AUTOMATIZACIÓN,11,gestionar empresas de producción,skill/competence,cross-sector,0.8807,http://data.europa.eu/esco/skill/435d1751-8667-41ec-8b32-865b7cd3c684
UTPL,Universidad Técnica Particular de Loja,ELECTRÓNICA Y AUTOMATIZACIÓN,12,instalar dispositivos electrónicos de comunicación en los trenes,skill/competence,cross-sector,0.8802,http://data.europa.eu/esco/skill/fc6cddab-c9ce-4ce6-83ac-32b6854dd6da
UTPL,Universidad Técnica Particular de Loja,ELECTRÓNICA Y AUTOMATIZACIÓN,13,gestionar la instalación de estructuras para eventos,skill/competence,cross-sector,0.8794,http://data.europa.eu/esco/skill/0e503b48-5491-4529-879e-b112251f8d50
UTPL,Universidad Técnica Particular de Loja,ELECTRÓNICA Y AUTOMATIZACIÓN,14,diseñar sistemas electrónicos,skill/competence,cross-sector,0.8786,http://data.europa.eu/esco/skill/feb717ff-fba6-4a91-aa10-ee11cf2da6b4
UTPL,Universidad Técnica Particular de Loja,ELECTRÓNICA Y AUTOMATIZACIÓN,15,montar luces,skill/competence,cross-sector,0.8785,http://data.europa.eu/esco/skill/9cc78400-9ba9-4ffd-9ef5-59e2cd657035
UTPL,Universidad Técnica Particular de Loja,ELECTRÓNICA Y AUTOMATIZACIÓN,16,mantener motores eléctricos,skill/competence,cross-sector,0.8784,http://data.europa.eu/esco/skill/2876970d-90af-45bd-9cfd-c0af757947ea
UTPL,Universidad Técnica Particular de Loja,ELECTRÓNICA Y AUTOMATIZACIÓN,17,evaluar las necesidades energéticas,skill/competence,cross-sector,0.8777,http://data.europa.eu/esco/skill/36fccad9-1d20-4104-bcc2-a8ea9d1ce5ea
UTPL,Universidad Técnica Particular de Loja,ELECTRÓNICA Y AUTOMATIZACIÓN,18,electrónica,knowledge,cross-sector,0.8769,http://data.europa.eu/esco/skill/95c35c3a-035f-47c2-90cf-7e934d20fc08
UTPL,Universidad Técnica Particular de Loja,ELECTRÓNICA Y AUTOMATIZACIÓN,19,diseñar sistemas electromecánicos,skill/competence,cross-sector,0.8763,http://data.europa.eu/esco/skill/c5422318-3218-4ce9-9bdd-f38b93ff63a3
UTPL,Universidad Técnica Particular de Loja,ELECTRÓNICA Y AUTOMATIZACIÓN,20,mantener el equipo eléctrico,skill/competence,cross-sector,0.8759,http://data.europa.eu/esco/skill/386774ac-fe5b-431a-b485-9aec0bf5c09e
UTPL,Universidad Técnica Particular de Loja,ELECTRÓNICA Y AUTOMATIZACIÓN,21,instalar equipos eléctricos y electrónicos,skill/competence,cross-sector,0.8758,http://data.europa.eu/esco/skill/52797dce-911c-4e6d-b0cb-491f6469014f
UTPL,Universidad Técnica Particular de Loja,ELECTRÓNICA Y AUTOMATIZACIÓN,22,mantener sistemas electrónicos,skill/competence,cross-sector,0.8754,http://data.europa.eu/esco/skill/89bb44dc-9f4c-400b-86cd-dcd0bd599a58
UTPL,Universidad Técnica Particular de Loja,ELECTRÓNICA Y AUTOMATIZACIÓN,23,gestionar proyectos de investigación y desarrollo,skill/competence,cross-sector,0.8745,http://data.europa.eu/esco/skill/d5dbc342-8e39-4998-8237-ebbe05a381ce
UTPL,Universidad Técnica Particular de Loja,ELECTRÓNICA Y AUTOMATIZACIÓN,24,realizar actividades de gestión energética en instalaciones,skill/competence,cross-sector,0.8743,http://data.europa.eu/esco/skill/885808f7-f42b-406e-95f2-28efcd45ddda
UTPL,Universidad Técnica Particular de Loja,ELECTRÓNICA Y AUTOMATIZACIÓN,25,configurar textos en formato digital,skill/competence,cross-sector,0.874,http://data.europa.eu/esco/skill/9b30c8fd-6467-4d16-99e0-32899a9ceec0
UTPL,Universidad Técnica Particular de Loja,SISTEMAS DE INFORMACIÓN,1,"gestionar datos, información y contenido digitales",skill/competence,cross-sector,0.8892,http://data.europa.eu/esco/skill/4d97e3c3-f335-47cc-a4ee-0d779fd42222
UTPL,Universidad Técnica Particular de Loja,SISTEMAS DE INFORMACIÓN,2,crear soluciones para problemas informativos,skill/competence,cross-sector,0.8845,http://data.europa.eu/esco/skill/4539aeca-b56f-4d03-ba86-8f675a7f2536
UTPL,Universidad Técnica Particular de Loja,SISTEMAS DE INFORMACIÓN,3,gestionar sistemas de instrumentación,skill/competence,cross-sector,0.8839,http://data.europa.eu/esco/skill/5d71a91f-cc72-4b66-b6e3-d75ecc05e235
UTPL,Universidad Técnica Particular de Loja,SISTEMAS DE INFORMACIÓN,4,configurar textos en formato digital,skill/competence,cross-sector,0.8794,http://data.europa.eu/esco/skill/9b30c8fd-6467-4d16-99e0-32899a9ceec0
UTPL,Universidad Técnica Particular de Loja,SISTEMAS DE INFORMACIÓN,5,diseñar sistemas electromecánicos,skill/competence,cross-sector,0.8764,http://data.europa.eu/esco/skill/c5422318-3218-4ce9-9bdd-f38b93ff63a3
UTPL,Universidad Técnica Particular de Loja,SISTEMAS DE INFORMACIÓN,6,gestionar proyectos de investigación y desarrollo,skill/competence,cross-sector,0.876,http://data.europa.eu/esco/skill/d5dbc342-8e39-4998-8237-ebbe05a381ce
UTPL,Universidad Técnica Particular de Loja,SISTEMAS DE INFORMACIÓN,7,gestionar datos de investigación,skill/competence,cross-sector,0.8757,http://data.europa.eu/esco/skill/08b04e53-ed25-41a2-9f90-0b9cd939ba3d
UTPL,Universidad Técnica Particular de Loja,SISTEMAS DE INFORMACIÓN,8,realizar gestión de clientes,skill/competence,cross-sector,0.8756,http://data.europa.eu/esco/skill/91306a20-9b81-4f3d-97eb-f5368b607da7
UTPL,Universidad Técnica Particular de Loja,SISTEMAS DE INFORMACIÓN,9,"navegar, buscar y filtrar datos, información y contenido digitales",skill/competence,cross-sector,0.8753,http://data.europa.eu/esco/skill/e439742d-558d-4f52-885e-afdc740b48cf
UTPL,Universidad Técnica Particular de Loja,SISTEMAS DE INFORMACIÓN,10,detectar necesidades tecnológicas,skill/competence,cross-sector,0.8751,http://data.europa.eu/esco/skill/42fcf80d-7b45-40f3-bd2f-5411c4c0dfa0
UTPL,Universidad Técnica Particular de Loja,SISTEMAS DE INFORMACIÓN,11,gestionar una base de datos meteorológica,skill/competence,cross-sector,0.8737,http://data.europa.eu/esco/skill/694f1a0a-b6bd-453f-af6d-a833503da307
UTPL,Universidad Técnica Particular de Loja,SISTEMAS DE INFORMACIÓN,12,asesorar sobre estrategias de mercado,skill/competence,cross-sector,0.8735,http://data.europa.eu/esco/skill/34d6ed30-5d35-44b9-9498-fd15badb5f28
UTPL,Universidad Técnica Particular de Loja,SISTEMAS DE INFORMACIÓN,13,asesorar a la clientela acerca de las posibilidades técnicas,skill/competence,cross-sector,0.8733,http://data.europa.eu/esco/skill/7b3abd38-61ae-42a4-88bb-0884784f9ee1
UTPL,Universidad Técnica Particular de Loja,SISTEMAS DE INFORMACIÓN,14,montar máquinas,skill/competence,cross-sector,0.8733,http://data.europa.eu/esco/skill/87a0c0e6-c114-4ea1-b2d0-933bce1f3c5f
UTPL,Universidad Técnica Particular de Loja,SISTEMAS DE INFORMACIÓN,15,realizar búsquedas en internet,skill/competence,transversal,0.8731,http://data.europa.eu/esco/skill/ba93b71b-c433-4a01-8246-ed2daa85a9a2
UTPL,Universidad Técnica Particular de Loja,SISTEMAS DE INFORMACIÓN,16,resolver problemas de sistemas TIC,skill/competence,cross-sector,0.8726,http://data.europa.eu/esco/skill/9e06bac6-6b91-48ca-8b7d-c1f48cdecd7c
UTPL,Universidad Técnica Particular de Loja,SISTEMAS DE INFORMACIÓN,17,resolver problemas técnicos,skill/competence,cross-sector,0.8723,http://data.europa.eu/esco/skill/14832d87-2f2f-4895-b290-e4760ebae42a
UTPL,Universidad Técnica Particular de Loja,SISTEMAS DE INFORMACIÓN,18,gestionar bases de datos,skill/competence,cross-sector,0.8723,http://data.europa.eu/esco/skill/29fb0fb5-dfc4-4098-ac9b-3a712000f48f
UTPL,Universidad Técnica Particular de Loja,SISTEMAS DE INFORMACIÓN,19,diseñar sistemas de control,skill/competence,cross-sector,0.8718,http://data.europa.eu/esco/skill/d560df46-dda4-4407-bab2-b87353a96814
UTPL,Universidad Técnica Particular de Loja,SISTEMAS DE INFORMACIÓN,20,gestionar datos cuantitativos,skill/competence,cross-sector,0.8716,http://data.europa.eu/esco/skill/57231a22-4da7-49c8-97b8-75672feadf1e
UTPL,Universidad Técnica Particular de Loja,SISTEMAS DE INFORMACIÓN,21,crear soluciones para problemas,skill/competence,cross-sector,0.8709,http://data.europa.eu/esco/skill/03b9b491-fc9b-4868-914a-bf7cd47b5041
UTPL,Universidad Técnica Particular de Loja,SISTEMAS DE INFORMACIÓN,22,trabajar de forma organizada,skill/competence,cross-sector,0.8703,http://data.europa.eu/esco/skill/1258cc12-37bb-4a12-b219-9c3d6b294533
UTPL,Universidad Técnica Particular de Loja,SISTEMAS DE INFORMACIÓN,23,trabajar de forma organizada,skill/competence,cross-sector,0.8703,http://data.europa.eu/esco/skill/1258cc12-37bb-4a12-b219-9c3d6b294533
UTPL,Universidad Técnica Particular de Loja,SISTEMAS DE INFORMACIÓN,24,ejecutar cálculos matemáticos analíticos,skill/competence,cross-sector,0.8702,http://data.europa.eu/esco/skill/31c69100-b612-4a61-8db5-fd314318854c
UTPL,Universidad Técnica Particular de Loja,SISTEMAS DE INFORMACIÓN,25,almacenar datos y sistemas digitales,skill/competence,cross-sector,0.87,http://data.europa.eu/esco/skill/611ed16b-99bf-4840-9cab-f55d1d286e0a
ESPE,Universidad de las Fuerzas Armadas-ESPE,ADMINISTRACIÓN DE EMPRESAS,1,gestionar empresas de producción,skill/competence,cross-sector,0.9113,http://data.europa.eu/esco/skill/435d1751-8667-41ec-8b32-865b7cd3c684
ESPE,Universidad de las Fuerzas Armadas-ESPE,ADMINISTRACIÓN DE EMPRESAS,2,gestionar recursos humanos,skill/competence,cross-sector,0.8976,http://data.europa.eu/esco/skill/339ac029-066a-4985-9f9d-b3d7c8fea0bb
ESPE,Universidad de las Fuerzas Armadas-ESPE,ADMINISTRACIÓN DE EMPRESAS,3,realizar diversas tareas organizativas en la empresa,skill/competence,cross-sector,0.8949,http://data.europa.eu/esco/skill/01755f08-4df4-4cf0-8d22-08f94cad68b5
ESPE,Universidad de las Fuerzas Armadas-ESPE,ADMINISTRACIÓN DE EMPRESAS,4,asesorar sobre gestión de conflictos,skill/competence,cross-sector,0.8926,http://data.europa.eu/esco/skill/9091c8e5-9357-4c29-bceb-ddb1792c22e8
ESPE,Universidad de las Fuerzas Armadas-ESPE,ADMINISTRACIÓN DE EMPRESAS,5,elaborar estrategias para resolver problemas,skill/competence,cross-sector,0.8903,http://data.europa.eu/esco/skill/7a8fb784-67fa-41e9-a75c-6b491d91f800
ESPE,Universidad de las Fuerzas Armadas-ESPE,ADMINISTRACIÓN DE EMPRESAS,6,elaborar las estrategias empresariales,skill/competence,cross-sector,0.8901,http://data.europa.eu/esco/skill/ba2c6181-b036-40b4-8f6d-51499463ccbb
ESPE,Universidad de las Fuerzas Armadas-ESPE,ADMINISTRACIÓN DE EMPRESAS,7,tomar decisiones empresariales estratégicas,skill/competence,cross-sector,0.89,http://data.europa.eu/esco/skill/f60c9e52-95fc-4ca1-a73c-18a491153b63
ESPE,Universidad de las Fuerzas Armadas-ESPE,ADMINISTRACIÓN DE EMPRESAS,8,mejorar procesos empresariales,skill/competence,cross-sector,0.8885,http://data.europa.eu/esco/skill/75b30aeb-34c0-40f4-b77d-271d75a98b14
ESPE,Universidad de las Fuerzas Armadas-ESPE,ADMINISTRACIÓN DE EMPRESAS,9,respetar las normas internas de una empresa,skill/competence,cross-sector,0.8878,http://data.europa.eu/esco/skill/f5f5b244-6cea-4fbc-8a50-8f712791bc09
ESPE,Universidad de las Fuerzas Armadas-ESPE,ADMINISTRACIÓN DE EMPRESAS,10,gestionar los aspectos financieros de una empresa,skill/competence,cross-sector,0.8876,http://data.europa.eu/esco/skill/fa6acfc3-0a4f-4192-b77d-80e94d0faf2a
ESPE,Universidad de las Fuerzas Armadas-ESPE,ADMINISTRACIÓN DE EMPRESAS,11,gestionar programas de formación en la empresa,skill/competence,cross-sector,0.8867,http://data.europa.eu/esco/skill/6e66fa0f-4d3b-415e-9693-dc556eb5112a
ESPE,Universidad de las Fuerzas Armadas-ESPE,ADMINISTRACIÓN DE EMPRESAS,12,ejercer el control del gasto,skill/competence,cross-sector,0.8867,http://data.europa.eu/esco/skill/b08ec8ff-1a3e-4cc3-8016-9520b21666a6
ESPE,Universidad de las Fuerzas Armadas-ESPE,ADMINISTRACIÓN DE EMPRESAS,13,gestionar recursos empresariales,skill/competence,cross-sector,0.8866,http://data.europa.eu/esco/skill/911e13ee-1eec-4243-88c8-3c08a3681a19
ESPE,Universidad de las Fuerzas Armadas-ESPE,ADMINISTRACIÓN DE EMPRESAS,14,asesorar sobre la gestión del riesgo,skill/competence,cross-sector,0.8855,http://data.europa.eu/esco/skill/0efbe2dc-2770-47ec-b8f4-d1bdff6ac0a4
ESPE,Universidad de las Fuerzas Armadas-ESPE,ADMINISTRACIÓN DE EMPRESAS,15,formar equipos dentro de la empresa en base a las competencias,skill/competence,cross-sector,0.8846,http://data.europa.eu/esco/skill/f1155d3f-fbca-4298-a31c-f6955653bacf
ESPE,Universidad de las Fuerzas Armadas-ESPE,ADMINISTRACIÓN DE EMPRESAS,16,enseñar principios de gestión empresarial,skill/competence,cross-sector,0.8842,http://data.europa.eu/esco/skill/29d3663f-348a-4b67-a8db-b94fd3912385
ESPE,Universidad de las Fuerzas Armadas-ESPE,ADMINISTRACIÓN DE EMPRESAS,17,ejercer la administración,skill/competence,cross-sector,0.8837,http://data.europa.eu/esco/skill/151174e2-2a27-4c1e-be68-6446278d34b7
ESPE,Universidad de las Fuerzas Armadas-ESPE,ADMINISTRACIÓN DE EMPRESAS,18,participar en las operaciones cotidianas de la empresa,skill/competence,cross-sector,0.8832,http://data.europa.eu/esco/skill/ce4cbc3a-bde0-43b4-9526-e643c4fe5b04
ESPE,Universidad de las Fuerzas Armadas-ESPE,ADMINISTRACIÓN DE EMPRESAS,19,realizar gestión de clientes,skill/competence,cross-sector,0.8793,http://data.europa.eu/esco/skill/91306a20-9b81-4f3d-97eb-f5368b607da7
ESPE,Universidad de las Fuerzas Armadas-ESPE,ADMINISTRACIÓN DE EMPRESAS,20,gestionar proyectos de investigación y desarrollo,skill/competence,cross-sector,0.8786,http://data.europa.eu/esco/skill/d5dbc342-8e39-4998-8237-ebbe05a381ce
ESPE,Universidad de las Fuerzas Armadas-ESPE,ADMINISTRACIÓN DE EMPRESAS,21,tener espíritu emprendedor,skill/competence,transversal,0.8781,http://data.europa.eu/esco/skill/bdcf429c-5ccf-4c3d-bb61-4c987573a35e
ESPE,Universidad de las Fuerzas Armadas-ESPE,ADMINISTRACIÓN DE EMPRESAS,22,guiar a los gestores de los diferentes departamentos de la empresa,skill/competence,cross-sector,0.8781,http://data.europa.eu/esco/skill/3e61ee41-2bd9-466f-b313-00ce04072410
ESPE,Universidad de las Fuerzas Armadas-ESPE,ADMINISTRACIÓN DE EMPRESAS,23,trabajar de forma organizada,skill/competence,cross-sector,0.8773,http://data.europa.eu/esco/skill/1258cc12-37bb-4a12-b219-9c3d6b294533
ESPE,Universidad de las Fuerzas Armadas-ESPE,ADMINISTRACIÓN DE EMPRESAS,24,trabajar de forma organizada,skill/competence,cross-sector,0.8773,http://data.europa.eu/esco/skill/1258cc12-37bb-4a12-b219-9c3d6b294533
ESPE,Universidad de las Fuerzas Armadas-ESPE,ADMINISTRACIÓN DE EMPRESAS,25,gestionar presupuestos,skill/competence,cross-sector,0.8771,http://data.europa.eu/esco/skill/21c5790c-0930-4d74-b3b0-84caf5af12ea
ESPE,Universidad de las Fuerzas Armadas-ESPE,COMPUTACIÓN,1,montar máquinas,skill/competence,cross-sector,0.8848,http://data.europa.eu/esco/skill/87a0c0e6-c114-4ea1-b2d0-933bce1f3c5f
ESPE,Universidad de las Fuerzas Armadas-ESPE,COMPUTACIÓN,2,gestionar sistemas de instrumentación,skill/competence,cross-sector,0.8832,http://data.europa.eu/esco/skill/5d71a91f-cc72-4b66-b6e3-d75ecc05e235
ESPE,Universidad de las Fuerzas Armadas-ESPE,COMPUTACIÓN,3,diseñar sistemas de control,skill/competence,cross-sector,0.8824,http://data.europa.eu/esco/skill/d560df46-dda4-4407-bab2-b87353a96814
ESPE,Universidad de las Fuerzas Armadas-ESPE,COMPUTACIÓN,4,crear soluciones para problemas informativos,skill/competence,cross-sector,0.8773,http://data.europa.eu/esco/skill/4539aeca-b56f-4d03-ba86-8f675a7f2536
ESPE,Universidad de las Fuerzas Armadas-ESPE,COMPUTACIÓN,5,resolver problemas de sistemas TIC,skill/competence,cross-sector,0.8767,http://data.europa.eu/esco/skill/9e06bac6-6b91-48ca-8b7d-c1f48cdecd7c
ESPE,Universidad de las Fuerzas Armadas-ESPE,COMPUTACIÓN,6,ejecutar cálculos matemáticos analíticos,skill/competence,cross-sector,0.8763,http://data.europa.eu/esco/skill/31c69100-b612-4a61-8db5-fd314318854c
ESPE,Universidad de las Fuerzas Armadas-ESPE,COMPUTACIÓN,7,gestionar empresas de producción,skill/competence,cross-sector,0.8741,http://data.europa.eu/esco/skill/435d1751-8667-41ec-8b32-865b7cd3c684
ESPE,Universidad de las Fuerzas Armadas-ESPE,COMPUTACIÓN,8,detectar y corregir errores de las tecnologías de la información y de las comunicaciones,skill/competence,cross-sector,0.874,http://data.europa.eu/esco/skill/744442ac-c157-4350-8be0-ce454df4f5c5
ESPE,Universidad de las Fuerzas Armadas-ESPE,COMPUTACIÓN,9,configurar textos en formato digital,skill/competence,cross-sector,0.8738,http://data.europa.eu/esco/skill/9b30c8fd-6467-4d16-99e0-32899a9ceec0
ESPE,Universidad de las Fuerzas Armadas-ESPE,COMPUTACIÓN,10,diseñar sistemas electromecánicos,skill/competence,cross-sector,0.8734,http://data.europa.eu/esco/skill/c5422318-3218-4ce9-9bdd-f38b93ff63a3
ESPE,Universidad de las Fuerzas Armadas-ESPE,COMPUTACIÓN,11,almacenar datos y sistemas digitales,skill/competence,cross-sector,0.8717,http://data.europa.eu/esco/skill/611ed16b-99bf-4840-9cab-f55d1d286e0a
ESPE,Universidad de las Fuerzas Armadas-ESPE,COMPUTACIÓN,12,diseñar sistemas de transporte,skill/competence,cross-sector,0.8714,http://data.europa.eu/esco/skill/11f364dd-0814-4398-b00e-10d1be8b27af
ESPE,Universidad de las Fuerzas Armadas-ESPE,COMPUTACIÓN,13,elaborar estrategias para resolver problemas,skill/competence,cross-sector,0.8711,http://data.europa.eu/esco/skill/7a8fb784-67fa-41e9-a75c-6b491d91f800
ESPE,Universidad de las Fuerzas Armadas-ESPE,COMPUTACIÓN,14,gestionar datos cuantitativos,skill/competence,cross-sector,0.8711,http://data.europa.eu/esco/skill/57231a22-4da7-49c8-97b8-75672feadf1e
ESPE,Universidad de las Fuerzas Armadas-ESPE,COMPUTACIÓN,15,garantizar el cumplimiento de la legislación en materia de seguridad,skill/competence,cross-sector,0.8705,http://data.europa.eu/esco/skill/233be639-bdb5-4099-ab40-96d537d6c1f3
ESPE,Universidad de las Fuerzas Armadas-ESPE,COMPUTACIÓN,16,"gestionar datos, información y contenido digitales",skill/competence,cross-sector,0.8701,http://data.europa.eu/esco/skill/4d97e3c3-f335-47cc-a4ee-0d779fd42222
ESPE,Universidad de las Fuerzas Armadas-ESPE,COMPUTACIÓN,17,analizar datos de carácter ecológico,skill/competence,cross-sector,0.869,http://data.europa.eu/esco/skill/5354a726-ee64-4f34-90f8-8436f9f374b8
ESPE,Universidad de las Fuerzas Armadas-ESPE,COMPUTACIÓN,18,verificar unidades electrónicas,skill/competence,cross-sector,0.8687,http://data.europa.eu/esco/skill/baf501a8-f0fe-4ad7-9b69-8e920fa1a87b
ESPE,Universidad de las Fuerzas Armadas-ESPE,COMPUTACIÓN,19,asesorar a la clientela acerca de las posibilidades técnicas,skill/competence,cross-sector,0.868,http://data.europa.eu/esco/skill/7b3abd38-61ae-42a4-88bb-0884784f9ee1
ESPE,Universidad de las Fuerzas Armadas-ESPE,COMPUTACIÓN,20,utilizar herramientas informáticas,skill/competence,cross-sector,0.868,http://data.europa.eu/esco/skill/f632251a-4078-4546-b19f-7ef528d08325
ESPE,Universidad de las Fuerzas Armadas-ESPE,COMPUTACIÓN,21,detectar peligros en el lugar de trabajo,skill/competence,cross-sector,0.8675,http://data.europa.eu/esco/skill/5f97fac8-2001-4b81-ae8b-22f9062d921a
ESPE,Universidad de las Fuerzas Armadas-ESPE,COMPUTACIÓN,22,supervisar sistemas de gestión ambiental,skill/competence,cross-sector,0.8672,http://data.europa.eu/esco/skill/b13e0689-636d-42d0-86c3-df9d6f85a882
ESPE,Universidad de las Fuerzas Armadas-ESPE,COMPUTACIÓN,23,gestionar proyectos de investigación y desarrollo,skill/competence,cross-sector,0.867,http://data.europa.eu/esco/skill/d5dbc342-8e39-4998-8237-ebbe05a381ce
ESPE,Universidad de las Fuerzas Armadas-ESPE,COMPUTACIÓN,24,tecnología informática,knowledge,cross-sector,0.8668,http://data.europa.eu/esco/skill/ddc3119d-1d6e-4324-9125-a3380d299ac5
ESPE,Universidad de las Fuerzas Armadas-ESPE,COMPUTACIÓN,25,Proponer soluciones tecnológicas a problemas empresariales,skill/competence,cross-sector,0.8666,http://data.europa.eu/esco/skill/07e51c60-763a-4335-b4ec-70a15f66d328
ESPE,Universidad de las Fuerzas Armadas-ESPE,ELECTRÓNICA Y AUTOMATIZACIÓN,1,diseñar sistemas de control,skill/competence,cross-sector,0.8954,http://data.europa.eu/esco/skill/d560df46-dda4-4407-bab2-b87353a96814
ESPE,Universidad de las Fuerzas Armadas-ESPE,ELECTRÓNICA Y AUTOMATIZACIÓN,2,montar máquinas,skill/competence,cross-sector,0.8909,http://data.europa.eu/esco/skill/87a0c0e6-c114-4ea1-b2d0-933bce1f3c5f
ESPE,Universidad de las Fuerzas Armadas-ESPE,ELECTRÓNICA Y AUTOMATIZACIÓN,3,operar el equipo de empaquetado,skill/competence,cross-sector,0.8874,http://data.europa.eu/esco/skill/f8cd217b-b870-42aa-9bbe-d36b672cbb65
ESPE,Universidad de las Fuerzas Armadas-ESPE,ELECTRÓNICA Y AUTOMATIZACIÓN,4,supervisar el funcionamiento de los equipos,skill/competence,cross-sector,0.8856,http://data.europa.eu/esco/skill/ca17f0df-59e4-4ed2-9360-fc5325bc7151
ESPE,Universidad de las Fuerzas Armadas-ESPE,ELECTRÓNICA Y AUTOMATIZACIÓN,5,desarrollar procedimientos de prueba electrónica,skill/competence,cross-sector,0.8839,http://data.europa.eu/esco/skill/0de6bca4-f3aa-452a-8e10-d355b2c1bfc4
ESPE,Universidad de las Fuerzas Armadas-ESPE,ELECTRÓNICA Y AUTOMATIZACIÓN,6,planificar procesos de fabricación,skill/competence,cross-sector,0.8832,http://data.europa.eu/esco/skill/7d0f33ea-e724-4d77-8b75-ee4fe66bb9ba
ESPE,Universidad de las Fuerzas Armadas-ESPE,ELECTRÓNICA Y AUTOMATIZACIÓN,7,verificar unidades electrónicas,skill/competence,cross-sector,0.8829,http://data.europa.eu/esco/skill/baf501a8-f0fe-4ad7-9b69-8e920fa1a87b
ESPE,Universidad de las Fuerzas Armadas-ESPE,ELECTRÓNICA Y AUTOMATIZACIÓN,8,gestionar empresas de producción,skill/competence,cross-sector,0.8813,http://data.europa.eu/esco/skill/435d1751-8667-41ec-8b32-865b7cd3c684
ESPE,Universidad de las Fuerzas Armadas-ESPE,ELECTRÓNICA Y AUTOMATIZACIÓN,9,mantener equipos electrónicos,skill/competence,cross-sector,0.8802,http://data.europa.eu/esco/skill/ba45db8f-34e8-4f29-af0b-e6645e1d693f
ESPE,Universidad de las Fuerzas Armadas-ESPE,ELECTRÓNICA Y AUTOMATIZACIÓN,10,gestionar la instalación de estructuras para eventos,skill/competence,cross-sector,0.8794,http://data.europa.eu/esco/skill/0e503b48-5491-4529-879e-b112251f8d50
ESPE,Universidad de las Fuerzas Armadas-ESPE,ELECTRÓNICA Y AUTOMATIZACIÓN,11,gestionar sistemas de instrumentación,skill/competence,cross-sector,0.8762,http://data.europa.eu/esco/skill/5d71a91f-cc72-4b66-b6e3-d75ecc05e235
ESPE,Universidad de las Fuerzas Armadas-ESPE,ELECTRÓNICA Y AUTOMATIZACIÓN,12,garantizar el cumplimiento de la legislación en materia de seguridad,skill/competence,cross-sector,0.876,http://data.europa.eu/esco/skill/233be639-bdb5-4099-ab40-96d537d6c1f3
ESPE,Universidad de las Fuerzas Armadas-ESPE,ELECTRÓNICA Y AUTOMATIZACIÓN,13,desmontar aparatos electrónicos,skill/competence,cross-sector,0.8731,http://data.europa.eu/esco/skill/60d97332-5284-47f9-a5ff-5e73c10806a0
ESPE,Universidad de las Fuerzas Armadas-ESPE,ELECTRÓNICA Y AUTOMATIZACIÓN,14,diseñar sistemas eléctricos,skill/competence,cross-sector,0.8726,http://data.europa.eu/esco/skill/05010f6c-0b40-4525-ac4a-057d46a2b6f4
ESPE,Universidad de las Fuerzas Armadas-ESPE,ELECTRÓNICA Y AUTOMATIZACIÓN,15,evaluar el impacto ambiental de yacimientos y zonas industriales,skill/competence,cross-sector,0.8718,http://data.europa.eu/esco/skill/f12f094b-492f-4e88-b36b-50b8e58b7500
ESPE,Universidad de las Fuerzas Armadas-ESPE,ELECTRÓNICA Y AUTOMATIZACIÓN,16,diseñar sistemas electrónicos,skill/competence,cross-sector,0.8718,http://data.europa.eu/esco/skill/feb717ff-fba6-4a91-aa10-ee11cf2da6b4
ESPE,Universidad de las Fuerzas Armadas-ESPE,ELECTRÓNICA Y AUTOMATIZACIÓN,17,controlar maquinaria pesada,skill/competence,cross-sector,0.8717,http://data.europa.eu/esco/skill/4853efe8-0cdd-42d1-bc5a-6ba5fa9a8b2c
ESPE,Universidad de las Fuerzas Armadas-ESPE,ELECTRÓNICA Y AUTOMATIZACIÓN,18,montar luces,skill/competence,cross-sector,0.8716,http://data.europa.eu/esco/skill/9cc78400-9ba9-4ffd-9ef5-59e2cd657035
ESPE,Universidad de las Fuerzas Armadas-ESPE,ELECTRÓNICA Y AUTOMATIZACIÓN,19,detectar peligros en el lugar de trabajo,skill/competence,cross-sector,0.8713,http://data.europa.eu/esco/skill/5f97fac8-2001-4b81-ae8b-22f9062d921a
ESPE,Universidad de las Fuerzas Armadas-ESPE,ELECTRÓNICA Y AUTOMATIZACIÓN,20,supervisar operaciones de ensamblado,skill/competence,cross-sector,0.8711,http://data.europa.eu/esco/skill/6b9194f0-f8bb-4b9a-96a5-2203c9c2671b
ESPE,Universidad de las Fuerzas Armadas-ESPE,ELECTRÓNICA Y AUTOMATIZACIÓN,21,diseñar sistemas electromecánicos,skill/competence,cross-sector,0.8711,http://data.europa.eu/esco/skill/c5422318-3218-4ce9-9bdd-f38b93ff63a3
ESPE,Universidad de las Fuerzas Armadas-ESPE,ELECTRÓNICA Y AUTOMATIZACIÓN,22,evaluar las necesidades energéticas,skill/competence,cross-sector,0.8709,http://data.europa.eu/esco/skill/36fccad9-1d20-4104-bcc2-a8ea9d1ce5ea
ESPE,Universidad de las Fuerzas Armadas-ESPE,ELECTRÓNICA Y AUTOMATIZACIÓN,23,diseñar planos técnicos,skill/competence,cross-sector,0.8705,http://data.europa.eu/esco/skill/5c98825f-146d-4d35-97cf-207b2afd9ae2
ESPE,Universidad de las Fuerzas Armadas-ESPE,ELECTRÓNICA Y AUTOMATIZACIÓN,24,realizar actividades de gestión energética en instalaciones,skill/competence,cross-sector,0.8704,http://data.europa.eu/esco/skill/885808f7-f42b-406e-95f2-28efcd45ddda
ESPE,Universidad de las Fuerzas Armadas-ESPE,ELECTRÓNICA Y AUTOMATIZACIÓN,25,mantener motores eléctricos,skill/competence,cross-sector,0.8703,http://data.europa.eu/esco/skill/2876970d-90af-45bd-9cfd-c0af757947ea
ESPE,Universidad de las Fuerzas Armadas-ESPE,INGENIERÍA CIVIL,1,garantizar el cumplimiento de los plazos de construcción,skill/competence,cross-sector,0.8821,http://data.europa.eu/esco/skill/6181f475-110c-497c-a46d-ed2e14e7bc90
ESPE,Universidad de las Fuerzas Armadas-ESPE,INGENIERÍA CIVIL,2,vigilar el cumplimiento de los parámetros de los proyectos de construcción,skill/competence,cross-sector,0.8793,http://data.europa.eu/esco/skill/3dd3dfa7-51c0-40ef-af46-e2df300489f6
ESPE,Universidad de las Fuerzas Armadas-ESPE,INGENIERÍA CIVIL,3,examinar las infraestructuras civiles,skill/competence,cross-sector,0.8786,http://data.europa.eu/esco/skill/d48b3cfe-80b6-406f-b582-d959b60417f8
ESPE,Universidad de las Fuerzas Armadas-ESPE,INGENIERÍA CIVIL,4,supervisar obras de construcción,skill/competence,cross-sector,0.8753,http://data.europa.eu/esco/skill/fc1a75bb-70e3-4005-881f-7709bf7b0ed4
ESPE,Universidad de las Fuerzas Armadas-ESPE,INGENIERÍA CIVIL,5,evaluar el impacto ambiental de yacimientos y zonas industriales,skill/competence,cross-sector,0.8724,http://data.europa.eu/esco/skill/f12f094b-492f-4e88-b36b-50b8e58b7500
ESPE,Universidad de las Fuerzas Armadas-ESPE,INGENIERÍA CIVIL,6,gestionar los programas públicos,skill/competence,cross-sector,0.8712,http://data.europa.eu/esco/skill/0761f325-13e7-49f4-a41a-ec64ba4e7b9d
ESPE,Universidad de las Fuerzas Armadas-ESPE,INGENIERÍA CIVIL,7,asesorar sobre temas de construcción,skill/competence,cross-sector,0.8709,http://data.europa.eu/esco/skill/3b64ab47-a874-403a-b781-7b23c2fc3c6c
ESPE,Universidad de las Fuerzas Armadas-ESPE,INGENIERÍA CIVIL,8,supervisar el trabajo de planificación del diseño,skill/competence,cross-sector,0.8692,http://data.europa.eu/esco/skill/03227978-f839-4cc8-88a6-0a3c44d2c776
ESPE,Universidad de las Fuerzas Armadas-ESPE,INGENIERÍA CIVIL,9,revisar proyectos de construcción,skill/competence,cross-sector,0.869,http://data.europa.eu/esco/skill/ea9fc9d9-c602-4430-a7fc-edac7429a6a8
ESPE,Universidad de las Fuerzas Armadas-ESPE,INGENIERÍA CIVIL,10,supervisar un proyecto de construcción,skill/competence,cross-sector,0.8678,http://data.europa.eu/esco/skill/1de548e0-9535-4d2e-9d20-d4474c1ea813
ESPE,Universidad de las Fuerzas Armadas-ESPE,INGENIERÍA CIVIL,11,someter a auditorías a los contratistas,skill/competence,cross-sector,0.8675,http://data.europa.eu/esco/skill/0520d8ba-3c24-4f75-a8b0-f883ddeed82d
ESPE,Universidad de las Fuerzas Armadas-ESPE,INGENIERÍA CIVIL,12,gestionar la instalación de estructuras para eventos,skill/competence,cross-sector,0.8651,http://data.europa.eu/esco/skill/0e503b48-5491-4529-879e-b112251f8d50
ESPE,Universidad de las Fuerzas Armadas-ESPE,INGENIERÍA CIVIL,13,supervisar sistemas de gestión ambiental,skill/competence,cross-sector,0.865,http://data.europa.eu/esco/skill/b13e0689-636d-42d0-86c3-df9d6f85a882
ESPE,Universidad de las Fuerzas Armadas-ESPE,INGENIERÍA CIVIL,14,coordinar con expertos ferroviarios,skill/competence,cross-sector,0.8638,http://data.europa.eu/esco/skill/6172948e-5d52-4f94-a617-278a9013a8ae
ESPE,Universidad de las Fuerzas Armadas-ESPE,INGENIERÍA CIVIL,15,supervisar operaciones informativas diarias,skill/competence,cross-sector,0.863,http://data.europa.eu/esco/skill/9013b46e-5a9b-4929-8918-fcadfdfd37ce
ESPE,Universidad de las Fuerzas Armadas-ESPE,INGENIERÍA CIVIL,16,coordinar equipos de ingeniería,skill/competence,cross-sector,0.8623,http://data.europa.eu/esco/skill/7af6e9e8-1e11-4c0b-b7c6-ac96bbbbc674
ESPE,Universidad de las Fuerzas Armadas-ESPE,INGENIERÍA CIVIL,17,gestionar equipos pesados,skill/competence,cross-sector,0.862,http://data.europa.eu/esco/skill/2a314d49-c071-403b-9cc8-75aea53e7859
ESPE,Universidad de las Fuerzas Armadas-ESPE,INGENIERÍA CIVIL,18,planificar procesos de fabricación,skill/competence,cross-sector,0.859,http://data.europa.eu/esco/skill/7d0f33ea-e724-4d77-8b75-ee4fe66bb9ba
ESPE,Universidad de las Fuerzas Armadas-ESPE,INGENIERÍA CIVIL,19,proteger humedales en el desarrollo de proyectos,skill/competence,cross-sector,0.8589,http://data.europa.eu/esco/skill/e2028206-3060-4e81-8350-77baefabefde
ESPE,Universidad de las Fuerzas Armadas-ESPE,INGENIERÍA CIVIL,20,coordinar asociaciones público-privadas de turismo,skill/competence,cross-sector,0.8589,http://data.europa.eu/esco/skill/73b87890-d2ec-4842-b824-b4851ff12051
ESPE,Universidad de las Fuerzas Armadas-ESPE,INGENIERÍA CIVIL,21,asesorar sobre el uso de terrenos,skill/competence,cross-sector,0.8587,http://data.europa.eu/esco/skill/8b46636e-e201-4086-a8d5-049b65eaf40e
ESPE,Universidad de las Fuerzas Armadas-ESPE,INGENIERÍA CIVIL,22,elaborar planos,skill/competence,cross-sector,0.8576,http://data.europa.eu/esco/skill/bf59255e-782a-4e83-a93c-6055cfdd8e7f
ESPE,Universidad de las Fuerzas Armadas-ESPE,INGENIERÍA CIVIL,23,inspeccionar los pozos de agua,skill/competence,cross-sector,0.8575,http://data.europa.eu/esco/skill/3a560dc4-ee2e-4437-b94f-c076a2b5f25e
ESPE,Universidad de las Fuerzas Armadas-ESPE,INGENIERÍA CIVIL,24,comprobar la conformidad de la construcción respecto de la normativa vigente,skill/competence,cross-sector,0.8574,http://data.europa.eu/esco/skill/1b71f0d0-8e57-44dc-aaa0-3ee6fbb59991
ESPE,Universidad de las Fuerzas Armadas-ESPE,INGENIERÍA CIVIL,25,coordinar el envío de materiales reciclables,skill/competence,cross-sector,0.8573,http://data.europa.eu/esco/skill/9d04490c-cea5-4765-a15e-99c46b543c1d
ESPE,Universidad de las Fuerzas Armadas-ESPE,MECÁNICA,1,montar máquinas,skill/competence,cross-sector,0.8828,http://data.europa.eu/esco/skill/87a0c0e6-c114-4ea1-b2d0-933bce1f3c5f
ESPE,Universidad de las Fuerzas Armadas-ESPE,MECÁNICA,2,planificar procesos de fabricación,skill/competence,cross-sector,0.8826,http://data.europa.eu/esco/skill/7d0f33ea-e724-4d77-8b75-ee4fe66bb9ba
ESPE,Universidad de las Fuerzas Armadas-ESPE,MECÁNICA,3,diseñar sistemas de control,skill/competence,cross-sector,0.8822,http://data.europa.eu/esco/skill/d560df46-dda4-4407-bab2-b87353a96814
ESPE,Universidad de las Fuerzas Armadas-ESPE,MECÁNICA,4,actuar de enlace con profesionales del sector,skill/competence,cross-sector,0.8744,http://data.europa.eu/esco/skill/d1317634-ccea-44d0-9cdc-c863f9bf856b
ESPE,Universidad de las Fuerzas Armadas-ESPE,MECÁNICA,5,evaluar el impacto ambiental de yacimientos y zonas industriales,skill/competence,cross-sector,0.8741,http://data.europa.eu/esco/skill/f12f094b-492f-4e88-b36b-50b8e58b7500
ESPE,Universidad de las Fuerzas Armadas-ESPE,MECÁNICA,6,gestionar equipos pesados,skill/competence,cross-sector,0.873,http://data.europa.eu/esco/skill/2a314d49-c071-403b-9cc8-75aea53e7859
ESPE,Universidad de las Fuerzas Armadas-ESPE,MECÁNICA,7,gestionar empresas de producción,skill/competence,cross-sector,0.8721,http://data.europa.eu/esco/skill/435d1751-8667-41ec-8b32-865b7cd3c684
ESPE,Universidad de las Fuerzas Armadas-ESPE,MECÁNICA,8,realizar diseños técnicos de artículos de moda,skill/competence,cross-sector,0.8718,http://data.europa.eu/esco/skill/881cd4ec-5b52-46c6-abc4-60551d58b355
ESPE,Universidad de las Fuerzas Armadas-ESPE,MECÁNICA,9,coordinar equipos de ingeniería,skill/competence,cross-sector,0.871,http://data.europa.eu/esco/skill/7af6e9e8-1e11-4c0b-b7c6-ac96bbbbc674
ESPE,Universidad de las Fuerzas Armadas-ESPE,MECÁNICA,10,asesorar sobre averías de máquinas,skill/competence,cross-sector,0.8704,http://data.europa.eu/esco/skill/8c474534-707f-46f3-b356-810bbfe8b693
ESPE,Universidad de las Fuerzas Armadas-ESPE,MECÁNICA,11,supervisar el funcionamiento de los equipos,skill/competence,cross-sector,0.8704,http://data.europa.eu/esco/skill/ca17f0df-59e4-4ed2-9360-fc5325bc7151
ESPE,Universidad de las Fuerzas Armadas-ESPE,MECÁNICA,12,controlar maquinaria pesada,skill/competence,cross-sector,0.8695,http://data.europa.eu/esco/skill/4853efe8-0cdd-42d1-bc5a-6ba5fa9a8b2c
ESPE,Universidad de las Fuerzas Armadas-ESPE,MECÁNICA,13,mejorar procesos químicos,skill/competence,cross-sector,0.8689,http://data.europa.eu/esco/skill/451c8010-7dbb-4f96-b4d4-0955766d9eff
ESPE,Universidad de las Fuerzas Armadas-ESPE,MECÁNICA,14,realizar todas las actividades de ingeniería de procesos,skill/competence,cross-sector,0.8689,http://data.europa.eu/esco/skill/8b9d609a-6d62-4d5c-9133-01d41979cfac
ESPE,Universidad de las Fuerzas Armadas-ESPE,MECÁNICA,15,diseñar escombreras de minas,skill/competence,cross-sector,0.8684,http://data.europa.eu/esco/skill/cfbe1cdb-1738-45a1-b442-75cbda1fff06
ESPE,Universidad de las Fuerzas Armadas-ESPE,MECÁNICA,16,gestionar sistemas de instrumentación,skill/competence,cross-sector,0.8683,http://data.europa.eu/esco/skill/5d71a91f-cc72-4b66-b6e3-d75ecc05e235
ESPE,Universidad de las Fuerzas Armadas-ESPE,MECÁNICA,17,mantener motores eléctricos,skill/competence,cross-sector,0.8683,http://data.europa.eu/esco/skill/2876970d-90af-45bd-9cfd-c0af757947ea
ESPE,Universidad de las Fuerzas Armadas-ESPE,MECÁNICA,18,asesorar a la clientela acerca de las posibilidades técnicas,skill/competence,cross-sector,0.8669,http://data.europa.eu/esco/skill/7b3abd38-61ae-42a4-88bb-0884784f9ee1
ESPE,Universidad de las Fuerzas Armadas-ESPE,MECÁNICA,19,actuar de enlace con los ingenieros,skill/competence,cross-sector,0.8668,http://data.europa.eu/esco/skill/c5c51528-ccfc-4c53-b409-c200aaa44222
ESPE,Universidad de las Fuerzas Armadas-ESPE,MECÁNICA,20,realizar trabajos técnicos difíciles,skill/competence,cross-sector,0.8666,http://data.europa.eu/esco/skill/2d780738-9b34-40a3-adbb-590001f6ff86
ESPE,Universidad de las Fuerzas Armadas-ESPE,MECÁNICA,21,elaborar planos,skill/competence,cross-sector,0.8664,http://data.europa.eu/esco/skill/bf59255e-782a-4e83-a93c-6055cfdd8e7f
ESPE,Universidad de las Fuerzas Armadas-ESPE,MECÁNICA,22,proporcionar experiencia técnica,skill/competence,cross-sector,0.8664,http://data.europa.eu/esco/skill/c69587b4-05d3-45bb-b79b-9b85e6603fc2
ESPE,Universidad de las Fuerzas Armadas-ESPE,MECÁNICA,23,diseñar sistemas electromecánicos,skill/competence,cross-sector,0.8663,http://data.europa.eu/esco/skill/c5422318-3218-4ce9-9bdd-f38b93ff63a3
ESPE,Universidad de las Fuerzas Armadas-ESPE,MECÁNICA,24,diseñar componentes de automatización,skill/competence,cross-sector,0.8663,http://data.europa.eu/esco/skill/f96f5aa5-6ed7-40dc-a431-68b0a09d6d4b
ESPE,Universidad de las Fuerzas Armadas-ESPE,MECÁNICA,25,integrar productos nuevos en la cadena de fabricación,skill/competence,cross-sector,0.8661,http://data.europa.eu/esco/skill/8a753714-9a19-4418-9b37-77e79d72c705
ESPE,Universidad de las Fuerzas Armadas-ESPE,MECATRÓNICA,1,mecatrónica,knowledge,cross-sector,0.8897,http://data.europa.eu/esco/skill/d88cb3f1-8e02-4618-bf32-4b0488066934
ESPE,Universidad de las Fuerzas Armadas-ESPE,MECATRÓNICA,2,diseñar sistemas de control,skill/competence,cross-sector,0.8796,http://data.europa.eu/esco/skill/d560df46-dda4-4407-bab2-b87353a96814
ESPE,Universidad de las Fuerzas Armadas-ESPE,MECATRÓNICA,3,diseñar sistemas electromecánicos,skill/competence,cross-sector,0.8779,http://data.europa.eu/esco/skill/c5422318-3218-4ce9-9bdd-f38b93ff63a3
ESPE,Universidad de las Fuerzas Armadas-ESPE,MECATRÓNICA,4,diseñar componentes de automatización,skill/competence,cross-sector,0.8754,http://data.europa.eu/esco/skill/f96f5aa5-6ed7-40dc-a431-68b0a09d6d4b
ESPE,Universidad de las Fuerzas Armadas-ESPE,MECATRÓNICA,5,planificar procesos de fabricación,skill/competence,cross-sector,0.8751,http://data.europa.eu/esco/skill/7d0f33ea-e724-4d77-8b75-ee4fe66bb9ba
ESPE,Universidad de las Fuerzas Armadas-ESPE,MECATRÓNICA,6,montar máquinas,skill/competence,cross-sector,0.8739,http://data.europa.eu/esco/skill/87a0c0e6-c114-4ea1-b2d0-933bce1f3c5f
ESPE,Universidad de las Fuerzas Armadas-ESPE,MECATRÓNICA,7,diseñar sistemas microelectromecánicos,skill/competence,cross-sector,0.8729,http://data.europa.eu/esco/skill/c022ff1b-7783-4e64-89ef-0422c81ff51f
ESPE,Universidad de las Fuerzas Armadas-ESPE,MECATRÓNICA,8,integrar productos nuevos en la cadena de fabricación,skill/competence,cross-sector,0.8696,http://data.europa.eu/esco/skill/8a753714-9a19-4418-9b37-77e79d72c705
ESPE,Universidad de las Fuerzas Armadas-ESPE,MECATRÓNICA,9,diseñar planos técnicos,skill/competence,cross-sector,0.8694,http://data.europa.eu/esco/skill/5c98825f-146d-4d35-97cf-207b2afd9ae2
ESPE,Universidad de las Fuerzas Armadas-ESPE,MECATRÓNICA,10,mejorar procesos químicos,skill/competence,cross-sector,0.8663,http://data.europa.eu/esco/skill/451c8010-7dbb-4f96-b4d4-0955766d9eff
ESPE,Universidad de las Fuerzas Armadas-ESPE,MECATRÓNICA,11,desarrollar nuevas técnicas de soldadura,skill/competence,cross-sector,0.8658,http://data.europa.eu/esco/skill/d73a88a6-6325-4c2b-887c-5d598580afad
ESPE,Universidad de las Fuerzas Armadas-ESPE,MECATRÓNICA,12,controlar maquinaria pesada,skill/competence,cross-sector,0.8657,http://data.europa.eu/esco/skill/4853efe8-0cdd-42d1-bc5a-6ba5fa9a8b2c
ESPE,Universidad de las Fuerzas Armadas-ESPE,MECATRÓNICA,13,robótica,knowledge,cross-sector,0.8646,http://data.europa.eu/esco/skill/e87ec79a-c9ff-46f5-84fa-7a0f394cdf40
ESPE,Universidad de las Fuerzas Armadas-ESPE,MECATRÓNICA,14,supervisar el funcionamiento de los equipos,skill/competence,cross-sector,0.862,http://data.europa.eu/esco/skill/ca17f0df-59e4-4ed2-9360-fc5325bc7151
ESPE,Universidad de las Fuerzas Armadas-ESPE,MECATRÓNICA,15,gestionar equipos pesados,skill/competence,cross-sector,0.8608,http://data.europa.eu/esco/skill/2a314d49-c071-403b-9cc8-75aea53e7859
ESPE,Universidad de las Fuerzas Armadas-ESPE,MECATRÓNICA,16,gestionar sistemas de instrumentación,skill/competence,cross-sector,0.8607,http://data.europa.eu/esco/skill/5d71a91f-cc72-4b66-b6e3-d75ecc05e235
ESPE,Universidad de las Fuerzas Armadas-ESPE,MECATRÓNICA,17,desarrollar normas y procedimientos de fabricación,skill/competence,cross-sector,0.8603,http://data.europa.eu/esco/skill/764db027-9063-4468-acb3-c73ecfc76f35
ESPE,Universidad de las Fuerzas Armadas-ESPE,MECATRÓNICA,18,realizar trabajos técnicos difíciles,skill/competence,cross-sector,0.86,http://data.europa.eu/esco/skill/2d780738-9b34-40a3-adbb-590001f6ff86
ESPE,Universidad de las Fuerzas Armadas-ESPE,MECATRÓNICA,19,diseñar sistemas electrónicos,skill/competence,cross-sector,0.86,http://data.europa.eu/esco/skill/feb717ff-fba6-4a91-aa10-ee11cf2da6b4
ESPE,Universidad de las Fuerzas Armadas-ESPE,MECATRÓNICA,20,desarrollar sistemas de instrumentación,skill/competence,cross-sector,0.8595,http://data.europa.eu/esco/skill/d8c19849-f4cf-458d-90cd-abe735a729bf
ESPE,Universidad de las Fuerzas Armadas-ESPE,MECATRÓNICA,21,fabricar piezas de metal,skill/competence,cross-sector,0.859,http://data.europa.eu/esco/skill/d3c81a84-b96a-4d31-8d24-4e487396ce92
ESPE,Universidad de las Fuerzas Armadas-ESPE,MECATRÓNICA,22,gestionar proyectos de investigación y desarrollo,skill/competence,cross-sector,0.859,http://data.europa.eu/esco/skill/d5dbc342-8e39-4998-8237-ebbe05a381ce
ESPE,Universidad de las Fuerzas Armadas-ESPE,MECATRÓNICA,23,asesorar a la clientela acerca de las posibilidades técnicas,skill/competence,cross-sector,0.8588,http://data.europa.eu/esco/skill/7b3abd38-61ae-42a4-88bb-0884784f9ee1
ESPE,Universidad de las Fuerzas Armadas-ESPE,MECATRÓNICA,24,elaborar planos,skill/competence,cross-sector,0.8585,http://data.europa.eu/esco/skill/bf59255e-782a-4e83-a93c-6055cfdd8e7f
ESPE,Universidad de las Fuerzas Armadas-ESPE,MECATRÓNICA,25,realizar diseños técnicos de artículos de moda,skill/competence,cross-sector,0.8585,http://data.europa.eu/esco/skill/881cd4ec-5b52-46c6-abc4-60551d58b355
ESPE,Universidad de las Fuerzas Armadas-ESPE,SISTEMAS DE INFORMACIÓN,1,gestionar sistemas de instrumentación,skill/competence,cross-sector,0.8911,http://data.europa.eu/esco/skill/5d71a91f-cc72-4b66-b6e3-d75ecc05e235
ESPE,Universidad de las Fuerzas Armadas-ESPE,SISTEMAS DE INFORMACIÓN,2,"gestionar datos, información y contenido digitales",skill/competence,cross-sector,0.8901,http://data.europa.eu/esco/skill/4d97e3c3-f335-47cc-a4ee-0d779fd42222
ESPE,Universidad de las Fuerzas Armadas-ESPE,SISTEMAS DE INFORMACIÓN,3,crear soluciones para problemas informativos,skill/competence,cross-sector,0.8816,http://data.europa.eu/esco/skill/4539aeca-b56f-4d03-ba86-8f675a7f2536
ESPE,Universidad de las Fuerzas Armadas-ESPE,SISTEMAS DE INFORMACIÓN,4,resolver problemas de sistemas TIC,skill/competence,cross-sector,0.8779,http://data.europa.eu/esco/skill/9e06bac6-6b91-48ca-8b7d-c1f48cdecd7c
ESPE,Universidad de las Fuerzas Armadas-ESPE,SISTEMAS DE INFORMACIÓN,5,configurar textos en formato digital,skill/competence,cross-sector,0.8759,http://data.europa.eu/esco/skill/9b30c8fd-6467-4d16-99e0-32899a9ceec0
ESPE,Universidad de las Fuerzas Armadas-ESPE,SISTEMAS DE INFORMACIÓN,6,realizar un análisis de los datos de seguridad,skill/competence,cross-sector,0.8747,http://data.europa.eu/esco/skill/c2ce7fe9-203b-492a-961e-9698dce7de19
ESPE,Universidad de las Fuerzas Armadas-ESPE,SISTEMAS DE INFORMACIÓN,7,montar máquinas,skill/competence,cross-sector,0.8742,http://data.europa.eu/esco/skill/87a0c0e6-c114-4ea1-b2d0-933bce1f3c5f
ESPE,Universidad de las Fuerzas Armadas-ESPE,SISTEMAS DE INFORMACIÓN,8,almacenar datos y sistemas digitales,skill/competence,cross-sector,0.874,http://data.europa.eu/esco/skill/611ed16b-99bf-4840-9cab-f55d1d286e0a
ESPE,Universidad de las Fuerzas Armadas-ESPE,SISTEMAS DE INFORMACIÓN,9,diseñar sistemas de control,skill/competence,cross-sector,0.8726,http://data.europa.eu/esco/skill/d560df46-dda4-4407-bab2-b87353a96814
ESPE,Universidad de las Fuerzas Armadas-ESPE,SISTEMAS DE INFORMACIÓN,10,detectar necesidades tecnológicas,skill/competence,cross-sector,0.8723,http://data.europa.eu/esco/skill/42fcf80d-7b45-40f3-bd2f-5411c4c0dfa0
ESPE,Universidad de las Fuerzas Armadas-ESPE,SISTEMAS DE INFORMACIÓN,11,gestionar datos de investigación,skill/competence,cross-sector,0.8718,http://data.europa.eu/esco/skill/08b04e53-ed25-41a2-9f90-0b9cd939ba3d
ESPE,Universidad de las Fuerzas Armadas-ESPE,SISTEMAS DE INFORMACIÓN,12,asesorar sobre estrategias de mercado,skill/competence,cross-sector,0.8718,http://data.europa.eu/esco/skill/34d6ed30-5d35-44b9-9498-fd15badb5f28
ESPE,Universidad de las Fuerzas Armadas-ESPE,SISTEMAS DE INFORMACIÓN,13,"navegar, buscar y filtrar datos, información y contenido digitales",skill/competence,cross-sector,0.8708,http://data.europa.eu/esco/skill/e439742d-558d-4f52-885e-afdc740b48cf
ESPE,Universidad de las Fuerzas Armadas-ESPE,SISTEMAS DE INFORMACIÓN,14,ejecutar cálculos matemáticos analíticos,skill/competence,cross-sector,0.8708,http://data.europa.eu/esco/skill/31c69100-b612-4a61-8db5-fd314318854c
ESPE,Universidad de las Fuerzas Armadas-ESPE,SISTEMAS DE INFORMACIÓN,15,resolver problemas técnicos,skill/competence,cross-sector,0.8703,http://data.europa.eu/esco/skill/14832d87-2f2f-4895-b290-e4760ebae42a
ESPE,Universidad de las Fuerzas Armadas-ESPE,SISTEMAS DE INFORMACIÓN,16,gestionar proyectos de investigación y desarrollo,skill/competence,cross-sector,0.8703,http://data.europa.eu/esco/skill/d5dbc342-8e39-4998-8237-ebbe05a381ce
ESPE,Universidad de las Fuerzas Armadas-ESPE,SISTEMAS DE INFORMACIÓN,17,verificar unidades electrónicas,skill/competence,cross-sector,0.8703,http://data.europa.eu/esco/skill/baf501a8-f0fe-4ad7-9b69-8e920fa1a87b
ESPE,Universidad de las Fuerzas Armadas-ESPE,SISTEMAS DE INFORMACIÓN,18,detectar y corregir errores de las tecnologías de la información y de las comunicaciones,skill/competence,cross-sector,0.8701,http://data.europa.eu/esco/skill/744442ac-c157-4350-8be0-ce454df4f5c5
ESPE,Universidad de las Fuerzas Armadas-ESPE,SISTEMAS DE INFORMACIÓN,19,gestionar al equipo encargado de la seguridad,skill/competence,cross-sector,0.8698,http://data.europa.eu/esco/skill/6cd29d73-e352-40b4-89c5-cdb3faff0a38
ESPE,Universidad de las Fuerzas Armadas-ESPE,SISTEMAS DE INFORMACIÓN,20,gestionar equipos pesados,skill/competence,cross-sector,0.8683,http://data.europa.eu/esco/skill/2a314d49-c071-403b-9cc8-75aea53e7859
ESPE,Universidad de las Fuerzas Armadas-ESPE,SISTEMAS DE INFORMACIÓN,21,asesorar sobre mejoras de seguridad,skill/competence,cross-sector,0.8682,http://data.europa.eu/esco/skill/37838e04-ac5f-43a5-82d0-35f42351fd60
ESPE,Universidad de las Fuerzas Armadas-ESPE,SISTEMAS DE INFORMACIÓN,22,gestionar datos cuantitativos,skill/competence,cross-sector,0.8669,http://data.europa.eu/esco/skill/57231a22-4da7-49c8-97b8-75672feadf1e
ESPE,Universidad de las Fuerzas Armadas-ESPE,SISTEMAS DE INFORMACIÓN,23,gestionar las comunicaciones visuales,skill/competence,cross-sector,0.8669,http://data.europa.eu/esco/skill/50b96d21-f2eb-4f35-a8d3-77eee15ef51f
ESPE,Universidad de las Fuerzas Armadas-ESPE,SISTEMAS DE INFORMACIÓN,24,realizar búsquedas en internet,skill/competence,transversal,0.8667,http://data.europa.eu/esco/skill/ba93b71b-c433-4a01-8246-ed2daa85a9a2
ESPE,Universidad de las Fuerzas Armadas-ESPE,SISTEMAS DE INFORMACIÓN,25,asesorar a la clientela acerca de las posibilidades técnicas,skill/competence,cross-sector,0.8663,http://data.europa.eu/esco/skill/7b3abd38-61ae-42a4-88bb-0884784f9ee1
ESPE,Universidad de las Fuerzas Armadas-ESPE,TELECOMUNICACIONES,1,coordinar comunicaciones remotas,skill/competence,cross-sector,0.8837,http://data.europa.eu/esco/skill/9bafaea2-76cd-4532-ab77-8b3d21fa6235
ESPE,Universidad de las Fuerzas Armadas-ESPE,TELECOMUNICACIONES,2,diseñar sistemas de control,skill/competence,cross-sector,0.8826,http://data.europa.eu/esco/skill/d560df46-dda4-4407-bab2-b87353a96814
ESPE,Universidad de las Fuerzas Armadas-ESPE,TELECOMUNICACIONES,3,gestionar las comunicaciones visuales,skill/competence,cross-sector,0.8823,http://data.europa.eu/esco/skill/50b96d21-f2eb-4f35-a8d3-77eee15ef51f
ESPE,Universidad de las Fuerzas Armadas-ESPE,TELECOMUNICACIONES,4,gestionar proyectos de investigación y desarrollo,skill/competence,cross-sector,0.8755,http://data.europa.eu/esco/skill/d5dbc342-8e39-4998-8237-ebbe05a381ce
ESPE,Universidad de las Fuerzas Armadas-ESPE,TELECOMUNICACIONES,5,crear soluciones para problemas informativos,skill/competence,cross-sector,0.8749,http://data.europa.eu/esco/skill/4539aeca-b56f-4d03-ba86-8f675a7f2536
ESPE,Universidad de las Fuerzas Armadas-ESPE,TELECOMUNICACIONES,6,ingeniería de telecomunicaciones,knowledge,cross-sector,0.8743,http://data.europa.eu/esco/skill/14764a75-3104-4875-ba1d-57c059b9b013
ESPE,Universidad de las Fuerzas Armadas-ESPE,TELECOMUNICACIONES,7,resolver problemas de sistemas TIC,skill/competence,cross-sector,0.8723,http://data.europa.eu/esco/skill/9e06bac6-6b91-48ca-8b7d-c1f48cdecd7c
ESPE,Universidad de las Fuerzas Armadas-ESPE,TELECOMUNICACIONES,8,instalar dispositivos electrónicos de comunicación en los trenes,skill/competence,cross-sector,0.8721,http://data.europa.eu/esco/skill/fc6cddab-c9ce-4ce6-83ac-32b6854dd6da
ESPE,Universidad de las Fuerzas Armadas-ESPE,TELECOMUNICACIONES,9,coordinar comunicaciones en situaciones de emergencia en operaciones mineras,skill/competence,cross-sector,0.872,http://data.europa.eu/esco/skill/707ff33d-d130-4e61-8a2a-6e8b023be9fc
ESPE,Universidad de las Fuerzas Armadas-ESPE,TELECOMUNICACIONES,10,gestionar los programas públicos,skill/competence,cross-sector,0.8715,http://data.europa.eu/esco/skill/0761f325-13e7-49f4-a41a-ec64ba4e7b9d
ESPE,Universidad de las Fuerzas Armadas-ESPE,TELECOMUNICACIONES,11,supervisar el funcionamiento de los equipos,skill/competence,cross-sector,0.8715,http://data.europa.eu/esco/skill/ca17f0df-59e4-4ed2-9360-fc5325bc7151
ESPE,Universidad de las Fuerzas Armadas-ESPE,TELECOMUNICACIONES,12,gestionar sistemas de instrumentación,skill/competence,cross-sector,0.8704,http://data.europa.eu/esco/skill/5d71a91f-cc72-4b66-b6e3-d75ecc05e235
ESPE,Universidad de las Fuerzas Armadas-ESPE,TELECOMUNICACIONES,13,montar máquinas,skill/competence,cross-sector,0.8703,http://data.europa.eu/esco/skill/87a0c0e6-c114-4ea1-b2d0-933bce1f3c5f
ESPE,Universidad de las Fuerzas Armadas-ESPE,TELECOMUNICACIONES,14,asesorar a la clientela acerca de las posibilidades técnicas,skill/competence,cross-sector,0.8693,http://data.europa.eu/esco/skill/7b3abd38-61ae-42a4-88bb-0884784f9ee1
ESPE,Universidad de las Fuerzas Armadas-ESPE,TELECOMUNICACIONES,15,instalar líneas de energía eléctrica,skill/competence,cross-sector,0.8691,http://data.europa.eu/esco/skill/0c627853-241e-405b-9044-aaff6bca133e
ESPE,Universidad de las Fuerzas Armadas-ESPE,TELECOMUNICACIONES,16,resolver problemas técnicos,skill/competence,cross-sector,0.8688,http://data.europa.eu/esco/skill/14832d87-2f2f-4895-b290-e4760ebae42a
ESPE,Universidad de las Fuerzas Armadas-ESPE,TELECOMUNICACIONES,17,coordinar equipos de ingeniería,skill/competence,cross-sector,0.8688,http://data.europa.eu/esco/skill/7af6e9e8-1e11-4c0b-b7c6-ac96bbbbc674
ESPE,Universidad de las Fuerzas Armadas-ESPE,TELECOMUNICACIONES,18,Proponer soluciones tecnológicas a problemas empresariales,skill/competence,cross-sector,0.8688,http://data.europa.eu/esco/skill/07e51c60-763a-4335-b4ec-70a15f66d328
ESPE,Universidad de las Fuerzas Armadas-ESPE,TELECOMUNICACIONES,19,configurar textos en formato digital,skill/competence,cross-sector,0.8682,http://data.europa.eu/esco/skill/9b30c8fd-6467-4d16-99e0-32899a9ceec0
ESPE,Universidad de las Fuerzas Armadas-ESPE,TELECOMUNICACIONES,20,controlar las tendencias en tecnología,skill/competence,cross-sector,0.8681,http://data.europa.eu/esco/skill/7a17d7ce-01a2-4746-bbcc-22ffe22fa16e
ESPE,Universidad de las Fuerzas Armadas-ESPE,TELECOMUNICACIONES,21,detectar y corregir errores de las tecnologías de la información y de las comunicaciones,skill/competence,cross-sector,0.868,http://data.europa.eu/esco/skill/744442ac-c157-4350-8be0-ce454df4f5c5
ESPE,Universidad de las Fuerzas Armadas-ESPE,TELECOMUNICACIONES,22,actuar de enlace con profesionales del sector,skill/competence,cross-sector,0.8679,http://data.europa.eu/esco/skill/d1317634-ccea-44d0-9cdc-c863f9bf856b
ESPE,Universidad de las Fuerzas Armadas-ESPE,TELECOMUNICACIONES,23,comunicar cuestiones técnicas a los clientes,skill/competence,cross-sector,0.8677,http://data.europa.eu/esco/skill/652da95d-b336-497a-bce5-1c29a674eecb
ESPE,Universidad de las Fuerzas Armadas-ESPE,TELECOMUNICACIONES,24,asesorar sobre estrategias de comunicación,skill/competence,cross-sector,0.8669,http://data.europa.eu/esco/skill/69f36674-440a-4fa0-89f9-1b70172ebb9d
ESPE,Universidad de las Fuerzas Armadas-ESPE,TELECOMUNICACIONES,25,garantizar el cumplimiento de la legislación en materia de seguridad,skill/competence,cross-sector,0.8668,http://data.europa.eu/esco/skill/233be639-bdb5-4099-ab40-96d537d6c1f3
UCSG,Universidad Católica de Santiago de Guayaquil (UCSG),ADMINISTRACIÓN DE EMPRESAS,1,gestionar empresas de producción,skill/competence,cross-sector,0.9073,http://data.europa.eu/esco/skill/435d1751-8667-41ec-8b32-865b7cd3c684
UCSG,Universidad Católica de Santiago de Guayaquil (UCSG),ADMINISTRACIÓN DE EMPRESAS,2,realizar diversas tareas organizativas en la empresa,skill/competence,cross-sector,0.8954,http://data.europa.eu/esco/skill/01755f08-4df4-4cf0-8d22-08f94cad68b5
UCSG,Universidad Católica de Santiago de Guayaquil (UCSG),ADMINISTRACIÓN DE EMPRESAS,3,tomar decisiones empresariales estratégicas,skill/competence,cross-sector,0.8931,http://data.europa.eu/esco/skill/f60c9e52-95fc-4ca1-a73c-18a491153b63
UCSG,Universidad Católica de Santiago de Guayaquil (UCSG),ADMINISTRACIÓN DE EMPRESAS,4,gestionar recursos humanos,skill/competence,cross-sector,0.8931,http://data.europa.eu/esco/skill/339ac029-066a-4985-9f9d-b3d7c8fea0bb
UCSG,Universidad Católica de Santiago de Guayaquil (UCSG),ADMINISTRACIÓN DE EMPRESAS,5,formar equipos dentro de la empresa en base a las competencias,skill/competence,cross-sector,0.8899,http://data.europa.eu/esco/skill/f1155d3f-fbca-4298-a31c-f6955653bacf
UCSG,Universidad Católica de Santiago de Guayaquil (UCSG),ADMINISTRACIÓN DE EMPRESAS,6,asesorar sobre gestión de conflictos,skill/competence,cross-sector,0.8894,http://data.europa.eu/esco/skill/9091c8e5-9357-4c29-bceb-ddb1792c22e8
UCSG,Universidad Católica de Santiago de Guayaquil (UCSG),ADMINISTRACIÓN DE EMPRESAS,7,ejercer el control del gasto,skill/competence,cross-sector,0.8892,http://data.europa.eu/esco/skill/b08ec8ff-1a3e-4cc3-8016-9520b21666a6
UCSG,Universidad Católica de Santiago de Guayaquil (UCSG),ADMINISTRACIÓN DE EMPRESAS,8,elaborar estrategias para resolver problemas,skill/competence,cross-sector,0.889,http://data.europa.eu/esco/skill/7a8fb784-67fa-41e9-a75c-6b491d91f800
UCSG,Universidad Católica de Santiago de Guayaquil (UCSG),ADMINISTRACIÓN DE EMPRESAS,9,participar en las operaciones cotidianas de la empresa,skill/competence,cross-sector,0.8867,http://data.europa.eu/esco/skill/ce4cbc3a-bde0-43b4-9526-e643c4fe5b04
UCSG,Universidad Católica de Santiago de Guayaquil (UCSG),ADMINISTRACIÓN DE EMPRESAS,10,gestionar programas de formación en la empresa,skill/competence,cross-sector,0.8866,http://data.europa.eu/esco/skill/6e66fa0f-4d3b-415e-9693-dc556eb5112a
UCSG,Universidad Católica de Santiago de Guayaquil (UCSG),ADMINISTRACIÓN DE EMPRESAS,11,gestionar los aspectos financieros de una empresa,skill/competence,cross-sector,0.8864,http://data.europa.eu/esco/skill/fa6acfc3-0a4f-4192-b77d-80e94d0faf2a
UCSG,Universidad Católica de Santiago de Guayaquil (UCSG),ADMINISTRACIÓN DE EMPRESAS,12,mejorar procesos empresariales,skill/competence,cross-sector,0.8852,http://data.europa.eu/esco/skill/75b30aeb-34c0-40f4-b77d-271d75a98b14
UCSG,Universidad Católica de Santiago de Guayaquil (UCSG),ADMINISTRACIÓN DE EMPRESAS,13,respetar las normas internas de una empresa,skill/competence,cross-sector,0.8839,http://data.europa.eu/esco/skill/f5f5b244-6cea-4fbc-8a50-8f712791bc09
UCSG,Universidad Católica de Santiago de Guayaquil (UCSG),ADMINISTRACIÓN DE EMPRESAS,14,elaborar las estrategias empresariales,skill/competence,cross-sector,0.8835,http://data.europa.eu/esco/skill/ba2c6181-b036-40b4-8f6d-51499463ccbb
UCSG,Universidad Católica de Santiago de Guayaquil (UCSG),ADMINISTRACIÓN DE EMPRESAS,15,supervisar el trabajo de promoción,skill/competence,cross-sector,0.8834,http://data.europa.eu/esco/skill/f0a1db01-ffbd-4366-8120-add9bd134ffd
UCSG,Universidad Católica de Santiago de Guayaquil (UCSG),ADMINISTRACIÓN DE EMPRESAS,16,gestionar recursos empresariales,skill/competence,cross-sector,0.8833,http://data.europa.eu/esco/skill/911e13ee-1eec-4243-88c8-3c08a3681a19
UCSG,Universidad Católica de Santiago de Guayaquil (UCSG),ADMINISTRACIÓN DE EMPRESAS,17,tener espíritu emprendedor,skill/competence,transversal,0.8813,http://data.europa.eu/esco/skill/bdcf429c-5ccf-4c3d-bb61-4c987573a35e
UCSG,Universidad Católica de Santiago de Guayaquil (UCSG),ADMINISTRACIÓN DE EMPRESAS,18,trabajar de forma organizada,skill/competence,cross-sector,0.8793,http://data.europa.eu/esco/skill/1258cc12-37bb-4a12-b219-9c3d6b294533
UCSG,Universidad Católica de Santiago de Guayaquil (UCSG),ADMINISTRACIÓN DE EMPRESAS,19,trabajar de forma organizada,skill/competence,cross-sector,0.8793,http://data.europa.eu/esco/skill/1258cc12-37bb-4a12-b219-9c3d6b294533
UCSG,Universidad Católica de Santiago de Guayaquil (UCSG),ADMINISTRACIÓN DE EMPRESAS,20,controlar los recursos financieros,skill/competence,cross-sector,0.8792,http://data.europa.eu/esco/skill/2d008d5a-b7bd-46f7-bbb1-5d70a0af9c84
UCSG,Universidad Católica de Santiago de Guayaquil (UCSG),ADMINISTRACIÓN DE EMPRESAS,21,optimizar resultados financieros,skill/competence,cross-sector,0.8791,http://data.europa.eu/esco/skill/3369d4f5-bfa7-47dc-b61f-e74d0d91bf74
UCSG,Universidad Católica de Santiago de Guayaquil (UCSG),ADMINISTRACIÓN DE EMPRESAS,22,coordinar eventos,skill/competence,cross-sector,0.8788,http://data.europa.eu/esco/skill/2111dff8-f830-46ad-80ce-7885893b3134
UCSG,Universidad Católica de Santiago de Guayaquil (UCSG),ADMINISTRACIÓN DE EMPRESAS,23,gestionar los programas públicos,skill/competence,cross-sector,0.8788,http://data.europa.eu/esco/skill/0761f325-13e7-49f4-a41a-ec64ba4e7b9d
UCSG,Universidad Católica de Santiago de Guayaquil (UCSG),ADMINISTRACIÓN DE EMPRESAS,24,realizar gestión de clientes,skill/competence,cross-sector,0.8784,http://data.europa.eu/esco/skill/91306a20-9b81-4f3d-97eb-f5368b607da7
UCSG,Universidad Católica de Santiago de Guayaquil (UCSG),ADMINISTRACIÓN DE EMPRESAS,25,realizar una planificación estratégica,skill/competence,cross-sector,0.8784,http://data.europa.eu/esco/skill/f7b5d916-52f0-4865-b6a6-e1a3b711cb5e
UCSG,Universidad Católica de Santiago de Guayaquil (UCSG),ECONOMÍA,1,realizar estudios de mercado,skill/competence,cross-sector,0.8974,http://data.europa.eu/esco/skill/fe39d4db-4cb5-4299-bb9f-896c8fd6ab13
UCSG,Universidad Católica de Santiago de Guayaquil (UCSG),ECONOMÍA,2,analizar las tendencias económicas,skill/competence,cross-sector,0.8909,http://data.europa.eu/esco/skill/5f302d63-048e-451c-b150-97c124a5a26b
UCSG,Universidad Católica de Santiago de Guayaquil (UCSG),ECONOMÍA,3,analizar inteligencia de datos,skill/competence,cross-sector,0.8827,http://data.europa.eu/esco/skill/47a49cd6-097d-457a-9f7b-c290c14930d5
UCSG,Universidad Católica de Santiago de Guayaquil (UCSG),ECONOMÍA,4,interpretar datos actuales,skill/competence,cross-sector,0.881,http://data.europa.eu/esco/skill/1e77e42a-181f-4b48-8e74-201ce50ffc29
UCSG,Universidad Católica de Santiago de Guayaquil (UCSG),ECONOMÍA,5,preparar archivos estadísticos y financieros,skill/competence,cross-sector,0.8803,http://data.europa.eu/esco/skill/08ee68b2-0a6d-4bdf-a870-a36c0dc8064e
UCSG,Universidad Católica de Santiago de Guayaquil (UCSG),ECONOMÍA,6,analizar modelos de negocio,skill/competence,cross-sector,0.8802,http://data.europa.eu/esco/skill/3c1cbc5e-2220-4f45-bcc8-3d52c8c9cae0
UCSG,Universidad Católica de Santiago de Guayaquil (UCSG),ECONOMÍA,7,interpretar la información comercial,skill/competence,cross-sector,0.8775,http://data.europa.eu/esco/skill/3cb68bb2-66fc-495a-af82-012338a9402b
UCSG,Universidad Católica de Santiago de Guayaquil (UCSG),ECONOMÍA,8,interpretar estados financieros,skill/competence,cross-sector,0.877,http://data.europa.eu/esco/skill/5f1d1319-7954-4a9b-90c7-57668e3a0d4b
UCSG,Universidad Católica de Santiago de Guayaquil (UCSG),ECONOMÍA,9,predecir tendencias económicas,skill/competence,cross-sector,0.8761,http://data.europa.eu/esco/skill/f2a34d6b-131a-4b8f-a110-898b9c91d18f
UCSG,Universidad Católica de Santiago de Guayaquil (UCSG),ECONOMÍA,10,realizar un análisis de datos,skill/competence,cross-sector,0.876,http://data.europa.eu/esco/skill/2b92a5b2-6758-4ee3-9fb4-b6387a55cc8f
UCSG,Universidad Católica de Santiago de Guayaquil (UCSG),ECONOMÍA,11,evaluar la viabilidad de la implementación de desarrollos,skill/competence,cross-sector,0.8756,http://data.europa.eu/esco/skill/21056f6a-8a85-4eb0-b709-468578b809e0
UCSG,Universidad Católica de Santiago de Guayaquil (UCSG),ECONOMÍA,12,analizar datos,skill/competence,cross-sector,0.875,http://data.europa.eu/esco/skill/a571ae14-3e16-4fd3-a615-5646e0b0b696
UCSG,Universidad Católica de Santiago de Guayaquil (UCSG),ECONOMÍA,13,analizar planes de empresa,skill/competence,cross-sector,0.8744,http://data.europa.eu/esco/skill/5da3c765-10a3-49eb-934c-ec401ceb1a34
UCSG,Universidad Católica de Santiago de Guayaquil (UCSG),ECONOMÍA,14,utilizar métodos de análisis de datos logísticos,skill/competence,cross-sector,0.874,http://data.europa.eu/esco/skill/6f993130-082b-4732-b62f-52cdf2096ad9
UCSG,Universidad Católica de Santiago de Guayaquil (UCSG),ECONOMÍA,15,ejecutar cálculos matemáticos analíticos,skill/competence,cross-sector,0.8739,http://data.europa.eu/esco/skill/31c69100-b612-4a61-8db5-fd314318854c
UCSG,Universidad Católica de Santiago de Guayaquil (UCSG),ECONOMÍA,16,realizar un análisis empresarial,skill/competence,cross-sector,0.8733,http://data.europa.eu/esco/skill/27ed854c-15b8-4ba2-90e9-ae888a219703
UCSG,Universidad Católica de Santiago de Guayaquil (UCSG),ECONOMÍA,17,"llevar a cabo análisis de factores políticos, económicos, sociales, tecnológicos, ambientales y jurídicos",skill/competence,cross-sector,0.8719,http://data.europa.eu/esco/skill/9979e727-3104-42e0-8f41-4af2578111ea
UCSG,Universidad Católica de Santiago de Guayaquil (UCSG),ECONOMÍA,18,analizar datos de carácter ecológico,skill/competence,cross-sector,0.8716,http://data.europa.eu/esco/skill/5354a726-ee64-4f34-90f8-8436f9f374b8
UCSG,Universidad Católica de Santiago de Guayaquil (UCSG),ECONOMÍA,19,analizar el pronóstico meteorológico,skill/competence,cross-sector,0.8707,http://data.europa.eu/esco/skill/b29e0c5c-7d3a-44a8-a182-75374abd4e76
UCSG,Universidad Católica de Santiago de Guayaquil (UCSG),ECONOMÍA,20,analizar los factores externos a una empresa,skill/competence,cross-sector,0.8699,http://data.europa.eu/esco/skill/ce5b1446-b5e3-4f05-a5ac-83f2ee142a44
UCSG,Universidad Católica de Santiago de Guayaquil (UCSG),ECONOMÍA,21,efectuar el seguimiento de operaciones financieras,skill/competence,cross-sector,0.8695,http://data.europa.eu/esco/skill/0295b2a4-fb86-495f-9547-d479532fc4c2
UCSG,Universidad Católica de Santiago de Guayaquil (UCSG),ECONOMÍA,22,analizar las tendencias del mercado de la energía,skill/competence,cross-sector,0.8694,http://data.europa.eu/esco/skill/28878fd9-9a17-452a-b3b8-5db5c63d7905
UCSG,Universidad Católica de Santiago de Guayaquil (UCSG),ECONOMÍA,23,economía,knowledge,cross-sector,0.8692,http://data.europa.eu/esco/skill/88af9294-b697-4687-ae19-aefbb6234dfa
UCSG,Universidad Católica de Santiago de Guayaquil (UCSG),ECONOMÍA,24,colaborar en la elaboración de estrategias de marketing,skill/competence,cross-sector,0.8688,http://data.europa.eu/esco/skill/b679ef35-eebf-4da8-8e45-fee6841c3214
UCSG,Universidad Católica de Santiago de Guayaquil (UCSG),ECONOMÍA,25,analizar datos científicos,skill/competence,cross-sector,0.8686,http://data.europa.eu/esco/skill/36ff57b0-637d-4a83-a0e8-d14f86f9f078
UCSG,Universidad Católica de Santiago de Guayaquil (UCSG),INGENIERÍA CIVIL,1,vigilar el cumplimiento de los parámetros de los proyectos de construcción,skill/competence,cross-sector,0.8887,http://data.europa.eu/esco/skill/3dd3dfa7-51c0-40ef-af46-e2df300489f6
UCSG,Universidad Católica de Santiago de Guayaquil (UCSG),INGENIERÍA CIVIL,2,garantizar el cumplimiento de los plazos de construcción,skill/competence,cross-sector,0.8879,http://data.europa.eu/esco/skill/6181f475-110c-497c-a46d-ed2e14e7bc90
UCSG,Universidad Católica de Santiago de Guayaquil (UCSG),INGENIERÍA CIVIL,3,supervisar el trabajo de planificación del diseño,skill/competence,cross-sector,0.8791,http://data.europa.eu/esco/skill/03227978-f839-4cc8-88a6-0a3c44d2c776
UCSG,Universidad Católica de Santiago de Guayaquil (UCSG),INGENIERÍA CIVIL,4,examinar las infraestructuras civiles,skill/competence,cross-sector,0.8788,http://data.europa.eu/esco/skill/d48b3cfe-80b6-406f-b582-d959b60417f8
UCSG,Universidad Católica de Santiago de Guayaquil (UCSG),INGENIERÍA CIVIL,5,evaluar el impacto ambiental de yacimientos y zonas industriales,skill/competence,cross-sector,0.8778,http://data.europa.eu/esco/skill/f12f094b-492f-4e88-b36b-50b8e58b7500
UCSG,Universidad Católica de Santiago de Guayaquil (UCSG),INGENIERÍA CIVIL,6,supervisar obras de construcción,skill/competence,cross-sector,0.8774,http://data.europa.eu/esco/skill/fc1a75bb-70e3-4005-881f-7709bf7b0ed4
UCSG,Universidad Católica de Santiago de Guayaquil (UCSG),INGENIERÍA CIVIL,7,gestionar los programas públicos,skill/competence,cross-sector,0.8772,http://data.europa.eu/esco/skill/0761f325-13e7-49f4-a41a-ec64ba4e7b9d
UCSG,Universidad Católica de Santiago de Guayaquil (UCSG),INGENIERÍA CIVIL,8,someter a auditorías a los contratistas,skill/competence,cross-sector,0.8771,http://data.europa.eu/esco/skill/0520d8ba-3c24-4f75-a8b0-f883ddeed82d
UCSG,Universidad Católica de Santiago de Guayaquil (UCSG),INGENIERÍA CIVIL,9,proteger humedales en el desarrollo de proyectos,skill/competence,cross-sector,0.8756,http://data.europa.eu/esco/skill/e2028206-3060-4e81-8350-77baefabefde
UCSG,Universidad Católica de Santiago de Guayaquil (UCSG),INGENIERÍA CIVIL,10,supervisar un proyecto de construcción,skill/competence,cross-sector,0.8753,http://data.europa.eu/esco/skill/1de548e0-9535-4d2e-9d20-d4474c1ea813
UCSG,Universidad Católica de Santiago de Guayaquil (UCSG),INGENIERÍA CIVIL,11,revisar proyectos de construcción,skill/competence,cross-sector,0.8746,http://data.europa.eu/esco/skill/ea9fc9d9-c602-4430-a7fc-edac7429a6a8
UCSG,Universidad Católica de Santiago de Guayaquil (UCSG),INGENIERÍA CIVIL,12,coordinar con expertos ferroviarios,skill/competence,cross-sector,0.8739,http://data.europa.eu/esco/skill/6172948e-5d52-4f94-a617-278a9013a8ae
UCSG,Universidad Católica de Santiago de Guayaquil (UCSG),INGENIERÍA CIVIL,13,supervisar sistemas de gestión ambiental,skill/competence,cross-sector,0.8715,http://data.europa.eu/esco/skill/b13e0689-636d-42d0-86c3-df9d6f85a882
UCSG,Universidad Católica de Santiago de Guayaquil (UCSG),INGENIERÍA CIVIL,14,coordinar equipos de ingeniería,skill/competence,cross-sector,0.8708,http://data.europa.eu/esco/skill/7af6e9e8-1e11-4c0b-b7c6-ac96bbbbc674
UCSG,Universidad Católica de Santiago de Guayaquil (UCSG),INGENIERÍA CIVIL,15,asesorar sobre temas de construcción,skill/competence,cross-sector,0.8706,http://data.europa.eu/esco/skill/3b64ab47-a874-403a-b781-7b23c2fc3c6c
UCSG,Universidad Católica de Santiago de Guayaquil (UCSG),INGENIERÍA CIVIL,16,coordinar asociaciones público-privadas de turismo,skill/competence,cross-sector,0.8679,http://data.europa.eu/esco/skill/73b87890-d2ec-4842-b824-b4851ff12051
UCSG,Universidad Católica de Santiago de Guayaquil (UCSG),INGENIERÍA CIVIL,17,coordinar el envío de materiales reciclables,skill/competence,cross-sector,0.8673,http://data.europa.eu/esco/skill/9d04490c-cea5-4765-a15e-99c46b543c1d
UCSG,Universidad Católica de Santiago de Guayaquil (UCSG),INGENIERÍA CIVIL,18,supervisar operaciones informativas diarias,skill/competence,cross-sector,0.8669,http://data.europa.eu/esco/skill/9013b46e-5a9b-4929-8918-fcadfdfd37ce
UCSG,Universidad Católica de Santiago de Guayaquil (UCSG),INGENIERÍA CIVIL,19,asesorar sobre el uso de terrenos,skill/competence,cross-sector,0.8667,http://data.europa.eu/esco/skill/8b46636e-e201-4086-a8d5-049b65eaf40e
UCSG,Universidad Católica de Santiago de Guayaquil (UCSG),INGENIERÍA CIVIL,20,comprobar la conformidad de la construcción respecto de la normativa vigente,skill/competence,cross-sector,0.8662,http://data.europa.eu/esco/skill/1b71f0d0-8e57-44dc-aaa0-3ee6fbb59991
UCSG,Universidad Católica de Santiago de Guayaquil (UCSG),INGENIERÍA CIVIL,21,gestionar la instalación de estructuras para eventos,skill/competence,cross-sector,0.864,http://data.europa.eu/esco/skill/0e503b48-5491-4529-879e-b112251f8d50
UCSG,Universidad Católica de Santiago de Guayaquil (UCSG),INGENIERÍA CIVIL,22,mantener contacto con financieros,skill/competence,cross-sector,0.863,http://data.europa.eu/esco/skill/401d8d12-b56d-4c71-ac58-f791e8c085b4
UCSG,Universidad Católica de Santiago de Guayaquil (UCSG),INGENIERÍA CIVIL,23,asesorar sobre temas relacionados con la meteorología,skill/competence,cross-sector,0.8629,http://data.europa.eu/esco/skill/274ad409-c740-4e85-852b-7e3f3168b9ca
UCSG,Universidad Católica de Santiago de Guayaquil (UCSG),INGENIERÍA CIVIL,24,supervisar el funcionamiento de los equipos,skill/competence,cross-sector,0.8628,http://data.europa.eu/esco/skill/ca17f0df-59e4-4ed2-9360-fc5325bc7151
UCSG,Universidad Católica de Santiago de Guayaquil (UCSG),INGENIERÍA CIVIL,25,inspeccionar los pozos de agua,skill/competence,cross-sector,0.8625,http://data.europa.eu/esco/skill/3a560dc4-ee2e-4437-b94f-c076a2b5f25e
UCSG,Universidad Católica de Santiago de Guayaquil (UCSG),INGENIERÍA INDUSTRIAL,1,analizar estrategias de gestión de la cadena de suministro,skill/competence,cross-sector,0.9103,http://data.europa.eu/esco/skill/96d549bb-3e62-4c45-92a7-f114df089581
UCSG,Universidad Católica de Santiago de Guayaquil (UCSG),INGENIERÍA INDUSTRIAL,2,integrar productos nuevos en la cadena de fabricación,skill/competence,cross-sector,0.9037,http://data.europa.eu/esco/skill/8a753714-9a19-4418-9b37-77e79d72c705
UCSG,Universidad Católica de Santiago de Guayaquil (UCSG),INGENIERÍA INDUSTRIAL,3,gestionar empresas de producción,skill/competence,cross-sector,0.9019,http://data.europa.eu/esco/skill/435d1751-8667-41ec-8b32-865b7cd3c684
UCSG,Universidad Católica de Santiago de Guayaquil (UCSG),INGENIERÍA INDUSTRIAL,4,realizar diversas tareas organizativas en la empresa,skill/competence,cross-sector,0.8975,http://data.europa.eu/esco/skill/01755f08-4df4-4cf0-8d22-08f94cad68b5
UCSG,Universidad Católica de Santiago de Guayaquil (UCSG),INGENIERÍA INDUSTRIAL,5,mejorar procesos empresariales,skill/competence,cross-sector,0.8954,http://data.europa.eu/esco/skill/75b30aeb-34c0-40f4-b77d-271d75a98b14
UCSG,Universidad Católica de Santiago de Guayaquil (UCSG),INGENIERÍA INDUSTRIAL,6,gestionar las operaciones del almacén,skill/competence,cross-sector,0.8953,http://data.europa.eu/esco/skill/fa7be6bf-f906-4b8e-857d-48a9a7da901c
UCSG,Universidad Católica de Santiago de Guayaquil (UCSG),INGENIERÍA INDUSTRIAL,7,planificar procesos de fabricación,skill/competence,cross-sector,0.894,http://data.europa.eu/esco/skill/7d0f33ea-e724-4d77-8b75-ee4fe66bb9ba
UCSG,Universidad Católica de Santiago de Guayaquil (UCSG),INGENIERÍA INDUSTRIAL,8,gestionar la cadena de suministros sanitarios,skill/competence,cross-sector,0.8938,http://data.europa.eu/esco/skill/71d441c3-163a-41b6-b713-074d69362c27
UCSG,Universidad Católica de Santiago de Guayaquil (UCSG),INGENIERÍA INDUSTRIAL,9,gestionar sistemas de instrumentación,skill/competence,cross-sector,0.8927,http://data.europa.eu/esco/skill/5d71a91f-cc72-4b66-b6e3-d75ecc05e235
UCSG,Universidad Católica de Santiago de Guayaquil (UCSG),INGENIERÍA INDUSTRIAL,10,analizar procesos de producción para introducir mejoras,skill/competence,cross-sector,0.8923,http://data.europa.eu/esco/skill/f1b5800e-b763-4740-9586-3fef30568e81
UCSG,Universidad Católica de Santiago de Guayaquil (UCSG),INGENIERÍA INDUSTRIAL,11,gestionar los suministros,skill/competence,cross-sector,0.8905,http://data.europa.eu/esco/skill/020b3c27-bae1-4b85-9d6f-eccee0f5ed99
UCSG,Universidad Católica de Santiago de Guayaquil (UCSG),INGENIERÍA INDUSTRIAL,12,mejorar procesos químicos,skill/competence,cross-sector,0.8903,http://data.europa.eu/esco/skill/451c8010-7dbb-4f96-b4d4-0955766d9eff
UCSG,Universidad Católica de Santiago de Guayaquil (UCSG),INGENIERÍA INDUSTRIAL,13,gestionar la producción de calzado y de artículos de piel y cuero,skill/competence,cross-sector,0.8886,http://data.europa.eu/esco/skill/7e71fbcf-ebf8-4164-829b-e16b68aa9432
UCSG,Universidad Católica de Santiago de Guayaquil (UCSG),INGENIERÍA INDUSTRIAL,14,gestionar proyectos de investigación y desarrollo,skill/competence,cross-sector,0.8873,http://data.europa.eu/esco/skill/d5dbc342-8e39-4998-8237-ebbe05a381ce
UCSG,Universidad Católica de Santiago de Guayaquil (UCSG),INGENIERÍA INDUSTRIAL,15,utilizar métodos de análisis de datos logísticos,skill/competence,cross-sector,0.8857,http://data.europa.eu/esco/skill/6f993130-082b-4732-b62f-52cdf2096ad9
UCSG,Universidad Católica de Santiago de Guayaquil (UCSG),INGENIERÍA INDUSTRIAL,16,gestionar los procesos de licitación,skill/competence,cross-sector,0.8854,http://data.europa.eu/esco/skill/4b2c4de9-43d7-4905-9d58-bc2e7d84b2e1
UCSG,Universidad Católica de Santiago de Guayaquil (UCSG),INGENIERÍA INDUSTRIAL,17,coordinar las actividades de producción,skill/competence,cross-sector,0.8829,http://data.europa.eu/esco/skill/05c00631-b864-4842-b47e-06710c197c7a
UCSG,Universidad Católica de Santiago de Guayaquil (UCSG),INGENIERÍA INDUSTRIAL,18,redactar informes de producción,skill/competence,cross-sector,0.8825,http://data.europa.eu/esco/skill/7f18c3a2-f1ce-4db2-a354-9417691b5a43
UCSG,Universidad Católica de Santiago de Guayaquil (UCSG),INGENIERÍA INDUSTRIAL,19,gestionar el impacto medioambiental de las operaciones,skill/competence,cross-sector,0.8825,http://data.europa.eu/esco/skill/d86babea-bf8b-4552-81a8-daf706066ad6
UCSG,Universidad Católica de Santiago de Guayaquil (UCSG),INGENIERÍA INDUSTRIAL,20,controlar la producción,skill/competence,cross-sector,0.8825,http://data.europa.eu/esco/skill/feceacee-d425-4e73-821a-02dfb85084db
UCSG,Universidad Católica de Santiago de Guayaquil (UCSG),INGENIERÍA INDUSTRIAL,21,elaborar estrategias para resolver problemas,skill/competence,cross-sector,0.8821,http://data.europa.eu/esco/skill/7a8fb784-67fa-41e9-a75c-6b491d91f800
UCSG,Universidad Católica de Santiago de Guayaquil (UCSG),INGENIERÍA INDUSTRIAL,22,apoyar la puesta en marcha de sistemas de gestión de la calidad,skill/competence,cross-sector,0.8821,http://data.europa.eu/esco/skill/ccbd0898-e225-4abc-8992-57a23b0e2eec
UCSG,Universidad Católica de Santiago de Guayaquil (UCSG),INGENIERÍA INDUSTRIAL,23,montar máquinas,skill/competence,cross-sector,0.8814,http://data.europa.eu/esco/skill/87a0c0e6-c114-4ea1-b2d0-933bce1f3c5f
UCSG,Universidad Católica de Santiago de Guayaquil (UCSG),INGENIERÍA INDUSTRIAL,24,establecer normas para plantas de producción,skill/competence,cross-sector,0.8814,http://data.europa.eu/esco/skill/d154e48f-95b4-4ce6-907e-4a44d50129fe
UCSG,Universidad Católica de Santiago de Guayaquil (UCSG),INGENIERÍA INDUSTRIAL,25,desarrollar normas y procedimientos de fabricación,skill/competence,cross-sector,0.8808,http://data.europa.eu/esco/skill/764db027-9063-4468-acb3-c73ecfc76f35
UCSG,Universidad Católica de Santiago de Guayaquil (UCSG),INGENIERÍA QUÍMICA,1,mejorar procesos químicos,skill/competence,cross-sector,0.8996,http://data.europa.eu/esco/skill/451c8010-7dbb-4f96-b4d4-0955766d9eff
UCSG,Universidad Católica de Santiago de Guayaquil (UCSG),INGENIERÍA QUÍMICA,2,evaluar el impacto ambiental de yacimientos y zonas industriales,skill/competence,cross-sector,0.8912,http://data.europa.eu/esco/skill/f12f094b-492f-4e88-b36b-50b8e58b7500
UCSG,Universidad Católica de Santiago de Guayaquil (UCSG),INGENIERÍA QUÍMICA,3,trabajar con sustancias químicas,skill/competence,cross-sector,0.8875,http://data.europa.eu/esco/skill/929a997b-d56c-4383-b36d-6de9fa0e1721
UCSG,Universidad Católica de Santiago de Guayaquil (UCSG),INGENIERÍA QUÍMICA,4,manipular productos químicos,skill/competence,cross-sector,0.8796,http://data.europa.eu/esco/skill/2416dc09-6384-409e-8b1d-80bb7a2e7369
UCSG,Universidad Católica de Santiago de Guayaquil (UCSG),INGENIERÍA QUÍMICA,5,gestionar el impacto medioambiental de las operaciones,skill/competence,cross-sector,0.8772,http://data.europa.eu/esco/skill/d86babea-bf8b-4552-81a8-daf706066ad6
UCSG,Universidad Católica de Santiago de Guayaquil (UCSG),INGENIERÍA QUÍMICA,6,elaborar fórmulas de fabricación,skill/competence,cross-sector,0.8752,http://data.europa.eu/esco/skill/b2ad4e50-cb82-4a34-ab3e-5b5f6c4f9b65
UCSG,Universidad Católica de Santiago de Guayaquil (UCSG),INGENIERÍA QUÍMICA,7,seguir fórmulas de coloración,skill/competence,cross-sector,0.8743,http://data.europa.eu/esco/skill/8779e8a1-45a8-4f51-b42a-2ea07ee4e8cd
UCSG,Universidad Católica de Santiago de Guayaquil (UCSG),INGENIERÍA QUÍMICA,8,realizar todas las actividades de ingeniería de procesos,skill/competence,cross-sector,0.8739,http://data.europa.eu/esco/skill/8b9d609a-6d62-4d5c-9133-01d41979cfac
UCSG,Universidad Católica de Santiago de Guayaquil (UCSG),INGENIERÍA QUÍMICA,9,planificar procesos de fabricación,skill/competence,cross-sector,0.8709,http://data.europa.eu/esco/skill/7d0f33ea-e724-4d77-8b75-ee4fe66bb9ba
UCSG,Universidad Católica de Santiago de Guayaquil (UCSG),INGENIERÍA QUÍMICA,10,desarrollar medicamentos,skill/competence,cross-sector,0.8705,http://data.europa.eu/esco/skill/d8aa87e2-bbe4-45ac-a1e4-f48b6f63952e
UCSG,Universidad Católica de Santiago de Guayaquil (UCSG),INGENIERÍA QUÍMICA,11,gestionar empresas de producción,skill/competence,cross-sector,0.8701,http://data.europa.eu/esco/skill/435d1751-8667-41ec-8b32-865b7cd3c684
UCSG,Universidad Católica de Santiago de Guayaquil (UCSG),INGENIERÍA QUÍMICA,12,gestionar los ensayos de productos,skill/competence,cross-sector,0.8696,http://data.europa.eu/esco/skill/b7a03115-41c9-4167-a0b6-7e40cf0fd607
UCSG,Universidad Católica de Santiago de Guayaquil (UCSG),INGENIERÍA QUÍMICA,13,integrar productos nuevos en la cadena de fabricación,skill/competence,cross-sector,0.8689,http://data.europa.eu/esco/skill/8a753714-9a19-4418-9b37-77e79d72c705
UCSG,Universidad Católica de Santiago de Guayaquil (UCSG),INGENIERÍA QUÍMICA,14,gestionar la cadena de suministros sanitarios,skill/competence,cross-sector,0.8662,http://data.europa.eu/esco/skill/71d441c3-163a-41b6-b713-074d69362c27
UCSG,Universidad Católica de Santiago de Guayaquil (UCSG),INGENIERÍA QUÍMICA,15,garantizar el suministro adecuado de productos farmacéuticos,skill/competence,cross-sector,0.8656,http://data.europa.eu/esco/skill/509fedda-d520-46b5-a801-b3d36221a645
UCSG,Universidad Católica de Santiago de Guayaquil (UCSG),INGENIERÍA QUÍMICA,16,fabricar productos químicos,skill/competence,cross-sector,0.8653,http://data.europa.eu/esco/skill/4309a39d-af97-4e56-8d0e-5351b7b8dd01
UCSG,Universidad Católica de Santiago de Guayaquil (UCSG),INGENIERÍA QUÍMICA,17,gestionar experimentos a gran escala para la fabricación de alimentos,skill/competence,cross-sector,0.8646,http://data.europa.eu/esco/skill/950c1106-4ea1-4fb7-a115-5dd5adcc1ea4
UCSG,Universidad Católica de Santiago de Guayaquil (UCSG),INGENIERÍA QUÍMICA,18,verificar las exigencias de fabricación,skill/competence,cross-sector,0.8644,http://data.europa.eu/esco/skill/277f489c-7a47-4791-bd87-61ca01737f96
UCSG,Universidad Católica de Santiago de Guayaquil (UCSG),INGENIERÍA QUÍMICA,19,manipular madera,skill/competence,cross-sector,0.8641,http://data.europa.eu/esco/skill/c8186be4-15d4-4347-b34a-53bee7015f79
UCSG,Universidad Católica de Santiago de Guayaquil (UCSG),INGENIERÍA QUÍMICA,20,coordinar equipos de ingeniería,skill/competence,cross-sector,0.8641,http://data.europa.eu/esco/skill/7af6e9e8-1e11-4c0b-b7c6-ac96bbbbc674
UCSG,Universidad Católica de Santiago de Guayaquil (UCSG),INGENIERÍA QUÍMICA,21,supervisar la producción de la fábrica,skill/competence,cross-sector,0.8639,http://data.europa.eu/esco/skill/c09dce1b-e198-487e-b63f-934e10a4c181
UCSG,Universidad Católica de Santiago de Guayaquil (UCSG),INGENIERÍA QUÍMICA,22,sensibilizar sobre el medioambiente,skill/competence,cross-sector,0.8638,http://data.europa.eu/esco/skill/8abdc43c-2bfd-417c-97c2-27fcdaf53171
UCSG,Universidad Católica de Santiago de Guayaquil (UCSG),INGENIERÍA QUÍMICA,23,prestar asistencia en investigaciones científicas,skill/competence,cross-sector,0.8635,http://data.europa.eu/esco/skill/d6179c4b-ff5a-4bbb-a3c8-e0acf0de1f56
UCSG,Universidad Católica de Santiago de Guayaquil (UCSG),INGENIERÍA QUÍMICA,24,gestionar la producción de calzado y de artículos de piel y cuero,skill/competence,cross-sector,0.8629,http://data.europa.eu/esco/skill/7e71fbcf-ebf8-4164-829b-e16b68aa9432
UCSG,Universidad Católica de Santiago de Guayaquil (UCSG),INGENIERÍA QUÍMICA,25,diseñar sistemas de fabricación farmacéutica,skill/competence,cross-sector,0.8625,http://data.europa.eu/esco/skill/1c8327dd-9af0-4124-9c4e-0342d90189d4
UCSG,Universidad Católica de Santiago de Guayaquil (UCSG),COMPUTACIÓN,1,ejecutar cálculos matemáticos analíticos,skill/competence,cross-sector,0.8848,http://data.europa.eu/esco/skill/31c69100-b612-4a61-8db5-fd314318854c
UCSG,Universidad Católica de Santiago de Guayaquil (UCSG),COMPUTACIÓN,2,diseñar sistemas de control,skill/competence,cross-sector,0.8832,http://data.europa.eu/esco/skill/d560df46-dda4-4407-bab2-b87353a96814
UCSG,Universidad Católica de Santiago de Guayaquil (UCSG),COMPUTACIÓN,3,montar máquinas,skill/competence,cross-sector,0.8827,http://data.europa.eu/esco/skill/87a0c0e6-c114-4ea1-b2d0-933bce1f3c5f
UCSG,Universidad Católica de Santiago de Guayaquil (UCSG),COMPUTACIÓN,4,crear soluciones para problemas informativos,skill/competence,cross-sector,0.8809,http://data.europa.eu/esco/skill/4539aeca-b56f-4d03-ba86-8f675a7f2536
UCSG,Universidad Católica de Santiago de Guayaquil (UCSG),COMPUTACIÓN,5,resolver problemas de sistemas TIC,skill/competence,cross-sector,0.8796,http://data.europa.eu/esco/skill/9e06bac6-6b91-48ca-8b7d-c1f48cdecd7c
UCSG,Universidad Católica de Santiago de Guayaquil (UCSG),COMPUTACIÓN,6,gestionar sistemas de instrumentación,skill/competence,cross-sector,0.8783,http://data.europa.eu/esco/skill/5d71a91f-cc72-4b66-b6e3-d75ecc05e235
UCSG,Universidad Católica de Santiago de Guayaquil (UCSG),COMPUTACIÓN,7,diseñar sistemas electromecánicos,skill/competence,cross-sector,0.8783,http://data.europa.eu/esco/skill/c5422318-3218-4ce9-9bdd-f38b93ff63a3
UCSG,Universidad Católica de Santiago de Guayaquil (UCSG),COMPUTACIÓN,8,gestionar datos cuantitativos,skill/competence,cross-sector,0.8771,http://data.europa.eu/esco/skill/57231a22-4da7-49c8-97b8-75672feadf1e
UCSG,Universidad Católica de Santiago de Guayaquil (UCSG),COMPUTACIÓN,9,analizar datos de carácter ecológico,skill/competence,cross-sector,0.877,http://data.europa.eu/esco/skill/5354a726-ee64-4f34-90f8-8436f9f374b8
UCSG,Universidad Católica de Santiago de Guayaquil (UCSG),COMPUTACIÓN,10,detectar y corregir errores de las tecnologías de la información y de las comunicaciones,skill/competence,cross-sector,0.8767,http://data.europa.eu/esco/skill/744442ac-c157-4350-8be0-ce454df4f5c5
UCSG,Universidad Católica de Santiago de Guayaquil (UCSG),COMPUTACIÓN,11,elaborar estrategias para resolver problemas,skill/competence,cross-sector,0.8763,http://data.europa.eu/esco/skill/7a8fb784-67fa-41e9-a75c-6b491d91f800
UCSG,Universidad Católica de Santiago de Guayaquil (UCSG),COMPUTACIÓN,12,asesorar a la clientela acerca de las posibilidades técnicas,skill/competence,cross-sector,0.8746,http://data.europa.eu/esco/skill/7b3abd38-61ae-42a4-88bb-0884784f9ee1
UCSG,Universidad Católica de Santiago de Guayaquil (UCSG),COMPUTACIÓN,13,resolver problemas técnicos,skill/competence,cross-sector,0.8742,http://data.europa.eu/esco/skill/14832d87-2f2f-4895-b290-e4760ebae42a
UCSG,Universidad Católica de Santiago de Guayaquil (UCSG),COMPUTACIÓN,14,Proponer soluciones tecnológicas a problemas empresariales,skill/competence,cross-sector,0.873,http://data.europa.eu/esco/skill/07e51c60-763a-4335-b4ec-70a15f66d328
UCSG,Universidad Católica de Santiago de Guayaquil (UCSG),COMPUTACIÓN,15,almacenar datos y sistemas digitales,skill/competence,cross-sector,0.8729,http://data.europa.eu/esco/skill/611ed16b-99bf-4840-9cab-f55d1d286e0a
UCSG,Universidad Católica de Santiago de Guayaquil (UCSG),COMPUTACIÓN,16,configurar textos en formato digital,skill/competence,cross-sector,0.8728,http://data.europa.eu/esco/skill/9b30c8fd-6467-4d16-99e0-32899a9ceec0
UCSG,Universidad Católica de Santiago de Guayaquil (UCSG),COMPUTACIÓN,17,elaborar software estadístico,skill/competence,cross-sector,0.8718,http://data.europa.eu/esco/skill/bb165899-d95f-4433-95f2-173fefd716d2
UCSG,Universidad Católica de Santiago de Guayaquil (UCSG),COMPUTACIÓN,18,gestionar datos de investigación,skill/competence,cross-sector,0.8715,http://data.europa.eu/esco/skill/08b04e53-ed25-41a2-9f90-0b9cd939ba3d
UCSG,Universidad Católica de Santiago de Guayaquil (UCSG),COMPUTACIÓN,19,crear soluciones para problemas,skill/competence,cross-sector,0.8711,http://data.europa.eu/esco/skill/03b9b491-fc9b-4868-914a-bf7cd47b5041
UCSG,Universidad Católica de Santiago de Guayaquil (UCSG),COMPUTACIÓN,20,realizar gestión de clientes,skill/competence,cross-sector,0.8711,http://data.europa.eu/esco/skill/91306a20-9b81-4f3d-97eb-f5368b607da7
UCSG,Universidad Católica de Santiago de Guayaquil (UCSG),COMPUTACIÓN,21,verificar unidades electrónicas,skill/competence,cross-sector,0.8709,http://data.europa.eu/esco/skill/baf501a8-f0fe-4ad7-9b69-8e920fa1a87b
UCSG,Universidad Católica de Santiago de Guayaquil (UCSG),COMPUTACIÓN,22,utilizar herramientas informáticas,skill/competence,cross-sector,0.8706,http://data.europa.eu/esco/skill/f632251a-4078-4546-b19f-7ef528d08325
UCSG,Universidad Católica de Santiago de Guayaquil (UCSG),COMPUTACIÓN,23,"gestionar datos, información y contenido digitales",skill/competence,cross-sector,0.8705,http://data.europa.eu/esco/skill/4d97e3c3-f335-47cc-a4ee-0d779fd42222
UCSG,Universidad Católica de Santiago de Guayaquil (UCSG),COMPUTACIÓN,24,detectar necesidades tecnológicas,skill/competence,cross-sector,0.8703,http://data.europa.eu/esco/skill/42fcf80d-7b45-40f3-bd2f-5411c4c0dfa0
UCSG,Universidad Católica de Santiago de Guayaquil (UCSG),COMPUTACIÓN,25,gestionar proyectos de investigación y desarrollo,skill/competence,cross-sector,0.8699,http://data.europa.eu/esco/skill/d5dbc342-8e39-4998-8237-ebbe05a381ce
UCSG,Universidad Católica de Santiago de Guayaquil (UCSG),SISTEMAS DE INFORMACIÓN,1,gestionar sistemas de instrumentación,skill/competence,cross-sector,0.8867,http://data.europa.eu/esco/skill/5d71a91f-cc72-4b66-b6e3-d75ecc05e235
UCSG,Universidad Católica de Santiago de Guayaquil (UCSG),SISTEMAS DE INFORMACIÓN,2,"gestionar datos, información y contenido digitales",skill/competence,cross-sector,0.8852,http://data.europa.eu/esco/skill/4d97e3c3-f335-47cc-a4ee-0d779fd42222
UCSG,Universidad Católica de Santiago de Guayaquil (UCSG),SISTEMAS DE INFORMACIÓN,3,crear soluciones para problemas informativos,skill/competence,cross-sector,0.8844,http://data.europa.eu/esco/skill/4539aeca-b56f-4d03-ba86-8f675a7f2536
UCSG,Universidad Católica de Santiago de Guayaquil (UCSG),SISTEMAS DE INFORMACIÓN,4,configurar textos en formato digital,skill/competence,cross-sector,0.8841,http://data.europa.eu/esco/skill/9b30c8fd-6467-4d16-99e0-32899a9ceec0
UCSG,Universidad Católica de Santiago de Guayaquil (UCSG),SISTEMAS DE INFORMACIÓN,5,resolver problemas de sistemas TIC,skill/competence,cross-sector,0.883,http://data.europa.eu/esco/skill/9e06bac6-6b91-48ca-8b7d-c1f48cdecd7c
UCSG,Universidad Católica de Santiago de Guayaquil (UCSG),SISTEMAS DE INFORMACIÓN,6,montar máquinas,skill/competence,cross-sector,0.8825,http://data.europa.eu/esco/skill/87a0c0e6-c114-4ea1-b2d0-933bce1f3c5f
UCSG,Universidad Católica de Santiago de Guayaquil (UCSG),SISTEMAS DE INFORMACIÓN,7,detectar necesidades tecnológicas,skill/competence,cross-sector,0.8793,http://data.europa.eu/esco/skill/42fcf80d-7b45-40f3-bd2f-5411c4c0dfa0
UCSG,Universidad Católica de Santiago de Guayaquil (UCSG),SISTEMAS DE INFORMACIÓN,8,detectar y corregir errores de las tecnologías de la información y de las comunicaciones,skill/competence,cross-sector,0.8763,http://data.europa.eu/esco/skill/744442ac-c157-4350-8be0-ce454df4f5c5
UCSG,Universidad Católica de Santiago de Guayaquil (UCSG),SISTEMAS DE INFORMACIÓN,9,resolver problemas técnicos,skill/competence,cross-sector,0.8758,http://data.europa.eu/esco/skill/14832d87-2f2f-4895-b290-e4760ebae42a
UCSG,Universidad Católica de Santiago de Guayaquil (UCSG),SISTEMAS DE INFORMACIÓN,10,gestionar proyectos de investigación y desarrollo,skill/competence,cross-sector,0.8745,http://data.europa.eu/esco/skill/d5dbc342-8e39-4998-8237-ebbe05a381ce
UCSG,Universidad Católica de Santiago de Guayaquil (UCSG),SISTEMAS DE INFORMACIÓN,11,realizar gestión de clientes,skill/competence,cross-sector,0.8739,http://data.europa.eu/esco/skill/91306a20-9b81-4f3d-97eb-f5368b607da7
UCSG,Universidad Católica de Santiago de Guayaquil (UCSG),SISTEMAS DE INFORMACIÓN,12,ejecutar cálculos matemáticos analíticos,skill/competence,cross-sector,0.8736,http://data.europa.eu/esco/skill/31c69100-b612-4a61-8db5-fd314318854c
UCSG,Universidad Católica de Santiago de Guayaquil (UCSG),SISTEMAS DE INFORMACIÓN,13,diseñar sistemas de transporte,skill/competence,cross-sector,0.8728,http://data.europa.eu/esco/skill/11f364dd-0814-4398-b00e-10d1be8b27af
UCSG,Universidad Católica de Santiago de Guayaquil (UCSG),SISTEMAS DE INFORMACIÓN,14,"navegar, buscar y filtrar datos, información y contenido digitales",skill/competence,cross-sector,0.8727,http://data.europa.eu/esco/skill/e439742d-558d-4f52-885e-afdc740b48cf
UCSG,Universidad Católica de Santiago de Guayaquil (UCSG),SISTEMAS DE INFORMACIÓN,15,asesorar a la clientela acerca de las posibilidades técnicas,skill/competence,cross-sector,0.8722,http://data.europa.eu/esco/skill/7b3abd38-61ae-42a4-88bb-0884784f9ee1
UCSG,Universidad Católica de Santiago de Guayaquil (UCSG),SISTEMAS DE INFORMACIÓN,16,diseñar sistemas de control,skill/competence,cross-sector,0.8718,http://data.europa.eu/esco/skill/d560df46-dda4-4407-bab2-b87353a96814
UCSG,Universidad Católica de Santiago de Guayaquil (UCSG),SISTEMAS DE INFORMACIÓN,17,elaborar estrategias para resolver problemas,skill/competence,cross-sector,0.8696,http://data.europa.eu/esco/skill/7a8fb784-67fa-41e9-a75c-6b491d91f800
UCSG,Universidad Católica de Santiago de Guayaquil (UCSG),SISTEMAS DE INFORMACIÓN,18,asesorar sobre estrategias de mercado,skill/competence,cross-sector,0.8689,http://data.europa.eu/esco/skill/34d6ed30-5d35-44b9-9498-fd15badb5f28
UCSG,Universidad Católica de Santiago de Guayaquil (UCSG),SISTEMAS DE INFORMACIÓN,19,detectar peligros en el lugar de trabajo,skill/competence,cross-sector,0.8679,http://data.europa.eu/esco/skill/5f97fac8-2001-4b81-ae8b-22f9062d921a
UCSG,Universidad Católica de Santiago de Guayaquil (UCSG),SISTEMAS DE INFORMACIÓN,20,realizar búsquedas en internet,skill/competence,transversal,0.8677,http://data.europa.eu/esco/skill/ba93b71b-c433-4a01-8246-ed2daa85a9a2
UCSG,Universidad Católica de Santiago de Guayaquil (UCSG),SISTEMAS DE INFORMACIÓN,21,supervisar sistemas de gestión ambiental,skill/competence,cross-sector,0.8677,http://data.europa.eu/esco/skill/b13e0689-636d-42d0-86c3-df9d6f85a882
UCSG,Universidad Católica de Santiago de Guayaquil (UCSG),SISTEMAS DE INFORMACIÓN,22,crear soluciones para problemas,skill/competence,cross-sector,0.8676,http://data.europa.eu/esco/skill/03b9b491-fc9b-4868-914a-bf7cd47b5041
UCSG,Universidad Católica de Santiago de Guayaquil (UCSG),SISTEMAS DE INFORMACIÓN,23,gestionar la instalación de estructuras para eventos,skill/competence,cross-sector,0.8674,http://data.europa.eu/esco/skill/0e503b48-5491-4529-879e-b112251f8d50
UCSG,Universidad Católica de Santiago de Guayaquil (UCSG),SISTEMAS DE INFORMACIÓN,24,trabajar de forma organizada,skill/competence,cross-sector,0.8674,http://data.europa.eu/esco/skill/1258cc12-37bb-4a12-b219-9c3d6b294533
UCSG,Universidad Católica de Santiago de Guayaquil (UCSG),SISTEMAS DE INFORMACIÓN,25,trabajar de forma organizada,skill/competence,cross-sector,0.8674,http://data.europa.eu/esco/skill/1258cc12-37bb-4a12-b219-9c3d6b294533
UCSG,Universidad Católica de Santiago de Guayaquil (UCSG),TELECOMUNICACIONES,1,gestionar las comunicaciones visuales,skill/competence,cross-sector,0.8857,http://data.europa.eu/esco/skill/50b96d21-f2eb-4f35-a8d3-77eee15ef51f
UCSG,Universidad Católica de Santiago de Guayaquil (UCSG),TELECOMUNICACIONES,2,coordinar comunicaciones remotas,skill/competence,cross-sector,0.8854,http://data.europa.eu/esco/skill/9bafaea2-76cd-4532-ab77-8b3d21fa6235
UCSG,Universidad Católica de Santiago de Guayaquil (UCSG),TELECOMUNICACIONES,3,diseñar sistemas de control,skill/competence,cross-sector,0.884,http://data.europa.eu/esco/skill/d560df46-dda4-4407-bab2-b87353a96814
UCSG,Universidad Católica de Santiago de Guayaquil (UCSG),TELECOMUNICACIONES,4,gestionar proyectos de investigación y desarrollo,skill/competence,cross-sector,0.8823,http://data.europa.eu/esco/skill/d5dbc342-8e39-4998-8237-ebbe05a381ce
UCSG,Universidad Católica de Santiago de Guayaquil (UCSG),TELECOMUNICACIONES,5,gestionar sistemas de instrumentación,skill/competence,cross-sector,0.8819,http://data.europa.eu/esco/skill/5d71a91f-cc72-4b66-b6e3-d75ecc05e235
UCSG,Universidad Católica de Santiago de Guayaquil (UCSG),TELECOMUNICACIONES,6,gestionar los programas públicos,skill/competence,cross-sector,0.8813,http://data.europa.eu/esco/skill/0761f325-13e7-49f4-a41a-ec64ba4e7b9d
UCSG,Universidad Católica de Santiago de Guayaquil (UCSG),TELECOMUNICACIONES,7,montar máquinas,skill/competence,cross-sector,0.8811,http://data.europa.eu/esco/skill/87a0c0e6-c114-4ea1-b2d0-933bce1f3c5f
UCSG,Universidad Católica de Santiago de Guayaquil (UCSG),TELECOMUNICACIONES,8,coordinar equipos de ingeniería,skill/competence,cross-sector,0.878,http://data.europa.eu/esco/skill/7af6e9e8-1e11-4c0b-b7c6-ac96bbbbc674
UCSG,Universidad Católica de Santiago de Guayaquil (UCSG),TELECOMUNICACIONES,9,detectar y corregir errores de las tecnologías de la información y de las comunicaciones,skill/competence,cross-sector,0.8777,http://data.europa.eu/esco/skill/744442ac-c157-4350-8be0-ce454df4f5c5
UCSG,Universidad Católica de Santiago de Guayaquil (UCSG),TELECOMUNICACIONES,10,comunicar cuestiones técnicas a los clientes,skill/competence,cross-sector,0.8766,http://data.europa.eu/esco/skill/652da95d-b336-497a-bce5-1c29a674eecb
UCSG,Universidad Católica de Santiago de Guayaquil (UCSG),TELECOMUNICACIONES,11,supervisar el funcionamiento de los equipos,skill/competence,cross-sector,0.8764,http://data.europa.eu/esco/skill/ca17f0df-59e4-4ed2-9360-fc5325bc7151
UCSG,Universidad Católica de Santiago de Guayaquil (UCSG),TELECOMUNICACIONES,12,crear soluciones para problemas informativos,skill/competence,cross-sector,0.876,http://data.europa.eu/esco/skill/4539aeca-b56f-4d03-ba86-8f675a7f2536
UCSG,Universidad Católica de Santiago de Guayaquil (UCSG),TELECOMUNICACIONES,13,configurar textos en formato digital,skill/competence,cross-sector,0.8749,http://data.europa.eu/esco/skill/9b30c8fd-6467-4d16-99e0-32899a9ceec0
UCSG,Universidad Católica de Santiago de Guayaquil (UCSG),TELECOMUNICACIONES,14,actuar de enlace con profesionales del sector,skill/competence,cross-sector,0.874,http://data.europa.eu/esco/skill/d1317634-ccea-44d0-9cdc-c863f9bf856b
UCSG,Universidad Católica de Santiago de Guayaquil (UCSG),TELECOMUNICACIONES,15,asesorar a la clientela acerca de las posibilidades técnicas,skill/competence,cross-sector,0.874,http://data.europa.eu/esco/skill/7b3abd38-61ae-42a4-88bb-0884784f9ee1
UCSG,Universidad Católica de Santiago de Guayaquil (UCSG),TELECOMUNICACIONES,16,realizar diversas tareas organizativas en la empresa,skill/competence,cross-sector,0.8739,http://data.europa.eu/esco/skill/01755f08-4df4-4cf0-8d22-08f94cad68b5
UCSG,Universidad Católica de Santiago de Guayaquil (UCSG),TELECOMUNICACIONES,17,resolver problemas técnicos,skill/competence,cross-sector,0.8736,http://data.europa.eu/esco/skill/14832d87-2f2f-4895-b290-e4760ebae42a
UCSG,Universidad Católica de Santiago de Guayaquil (UCSG),TELECOMUNICACIONES,18,evaluar el impacto ambiental de yacimientos y zonas industriales,skill/competence,cross-sector,0.8735,http://data.europa.eu/esco/skill/f12f094b-492f-4e88-b36b-50b8e58b7500
UCSG,Universidad Católica de Santiago de Guayaquil (UCSG),TELECOMUNICACIONES,19,controlar las tendencias en tecnología,skill/competence,cross-sector,0.8734,http://data.europa.eu/esco/skill/7a17d7ce-01a2-4746-bbcc-22ffe22fa16e
UCSG,Universidad Católica de Santiago de Guayaquil (UCSG),TELECOMUNICACIONES,20,ingeniería de telecomunicaciones,knowledge,cross-sector,0.8728,http://data.europa.eu/esco/skill/14764a75-3104-4875-ba1d-57c059b9b013
UCSG,Universidad Católica de Santiago de Guayaquil (UCSG),TELECOMUNICACIONES,21,instalar dispositivos electrónicos de comunicación en los trenes,skill/competence,cross-sector,0.8727,http://data.europa.eu/esco/skill/fc6cddab-c9ce-4ce6-83ac-32b6854dd6da
UCSG,Universidad Católica de Santiago de Guayaquil (UCSG),TELECOMUNICACIONES,22,gestionar los procesos de licitación,skill/competence,cross-sector,0.872,http://data.europa.eu/esco/skill/4b2c4de9-43d7-4905-9d58-bc2e7d84b2e1
UCSG,Universidad Católica de Santiago de Guayaquil (UCSG),TELECOMUNICACIONES,23,gestionar empresas de producción,skill/competence,cross-sector,0.872,http://data.europa.eu/esco/skill/435d1751-8667-41ec-8b32-865b7cd3c684
UCSG,Universidad Católica de Santiago de Guayaquil (UCSG),TELECOMUNICACIONES,24,resolver problemas de sistemas TIC,skill/competence,cross-sector,0.8713,http://data.europa.eu/esco/skill/9e06bac6-6b91-48ca-8b7d-c1f48cdecd7c
UCSG,Universidad Católica de Santiago de Guayaquil (UCSG),TELECOMUNICACIONES,25,garantizar el cumplimiento de la legislación en materia de seguridad,skill/competence,cross-sector,0.8713,http://data.europa.eu/esco/skill/233be639-bdb5-4099-ab40-96d537d6c1f3
PUCE,Pontificia Universidad Católica del Ecuador,ADMINISTRACIÓN DE EMPRESAS,1,gestionar empresas de producción,skill/competence,cross-sector,0.9043,http://data.europa.eu/esco/skill/435d1751-8667-41ec-8b32-865b7cd3c684
PUCE,Pontificia Universidad Católica del Ecuador,ADMINISTRACIÓN DE EMPRESAS,2,gestionar recursos humanos,skill/competence,cross-sector,0.8975,http://data.europa.eu/esco/skill/339ac029-066a-4985-9f9d-b3d7c8fea0bb
PUCE,Pontificia Universidad Católica del Ecuador,ADMINISTRACIÓN DE EMPRESAS,3,realizar diversas tareas organizativas en la empresa,skill/competence,cross-sector,0.8933,http://data.europa.eu/esco/skill/01755f08-4df4-4cf0-8d22-08f94cad68b5
PUCE,Pontificia Universidad Católica del Ecuador,ADMINISTRACIÓN DE EMPRESAS,4,tomar decisiones empresariales estratégicas,skill/competence,cross-sector,0.8904,http://data.europa.eu/esco/skill/f60c9e52-95fc-4ca1-a73c-18a491153b63
PUCE,Pontificia Universidad Católica del Ecuador,ADMINISTRACIÓN DE EMPRESAS,5,formar equipos dentro de la empresa en base a las competencias,skill/competence,cross-sector,0.8903,http://data.europa.eu/esco/skill/f1155d3f-fbca-4298-a31c-f6955653bacf
PUCE,Pontificia Universidad Católica del Ecuador,ADMINISTRACIÓN DE EMPRESAS,6,supervisar el trabajo de promoción,skill/competence,cross-sector,0.8899,http://data.europa.eu/esco/skill/f0a1db01-ffbd-4366-8120-add9bd134ffd
PUCE,Pontificia Universidad Católica del Ecuador,ADMINISTRACIÓN DE EMPRESAS,7,elaborar estrategias para resolver problemas,skill/competence,cross-sector,0.888,http://data.europa.eu/esco/skill/7a8fb784-67fa-41e9-a75c-6b491d91f800
PUCE,Pontificia Universidad Católica del Ecuador,ADMINISTRACIÓN DE EMPRESAS,8,respetar las normas internas de una empresa,skill/competence,cross-sector,0.8873,http://data.europa.eu/esco/skill/f5f5b244-6cea-4fbc-8a50-8f712791bc09
PUCE,Pontificia Universidad Católica del Ecuador,ADMINISTRACIÓN DE EMPRESAS,9,asesorar sobre gestión de conflictos,skill/competence,cross-sector,0.8863,http://data.europa.eu/esco/skill/9091c8e5-9357-4c29-bceb-ddb1792c22e8
PUCE,Pontificia Universidad Católica del Ecuador,ADMINISTRACIÓN DE EMPRESAS,10,gestionar programas de formación en la empresa,skill/competence,cross-sector,0.8854,http://data.europa.eu/esco/skill/6e66fa0f-4d3b-415e-9693-dc556eb5112a
PUCE,Pontificia Universidad Católica del Ecuador,ADMINISTRACIÓN DE EMPRESAS,11,participar en las operaciones cotidianas de la empresa,skill/competence,cross-sector,0.8845,http://data.europa.eu/esco/skill/ce4cbc3a-bde0-43b4-9526-e643c4fe5b04
PUCE,Pontificia Universidad Católica del Ecuador,ADMINISTRACIÓN DE EMPRESAS,12,ejercer el control del gasto,skill/competence,cross-sector,0.8842,http://data.europa.eu/esco/skill/b08ec8ff-1a3e-4cc3-8016-9520b21666a6
PUCE,Pontificia Universidad Católica del Ecuador,ADMINISTRACIÓN DE EMPRESAS,13,gestionar el impacto medioambiental de las operaciones,skill/competence,cross-sector,0.8811,http://data.europa.eu/esco/skill/d86babea-bf8b-4552-81a8-daf706066ad6
PUCE,Pontificia Universidad Católica del Ecuador,ADMINISTRACIÓN DE EMPRESAS,14,gestionar recursos empresariales,skill/competence,cross-sector,0.881,http://data.europa.eu/esco/skill/911e13ee-1eec-4243-88c8-3c08a3681a19
PUCE,Pontificia Universidad Católica del Ecuador,ADMINISTRACIÓN DE EMPRESAS,15,elaborar las estrategias empresariales,skill/competence,cross-sector,0.8805,http://data.europa.eu/esco/skill/ba2c6181-b036-40b4-8f6d-51499463ccbb
PUCE,Pontificia Universidad Católica del Ecuador,ADMINISTRACIÓN DE EMPRESAS,16,tener espíritu emprendedor,skill/competence,transversal,0.8804,http://data.europa.eu/esco/skill/bdcf429c-5ccf-4c3d-bb61-4c987573a35e
PUCE,Pontificia Universidad Católica del Ecuador,ADMINISTRACIÓN DE EMPRESAS,17,mejorar procesos empresariales,skill/competence,cross-sector,0.8801,http://data.europa.eu/esco/skill/75b30aeb-34c0-40f4-b77d-271d75a98b14
PUCE,Pontificia Universidad Católica del Ecuador,ADMINISTRACIÓN DE EMPRESAS,18,gestionar los aspectos financieros de una empresa,skill/competence,cross-sector,0.8794,http://data.europa.eu/esco/skill/fa6acfc3-0a4f-4192-b77d-80e94d0faf2a
PUCE,Pontificia Universidad Católica del Ecuador,ADMINISTRACIÓN DE EMPRESAS,19,trabajar de forma organizada,skill/competence,cross-sector,0.8788,http://data.europa.eu/esco/skill/1258cc12-37bb-4a12-b219-9c3d6b294533
PUCE,Pontificia Universidad Católica del Ecuador,ADMINISTRACIÓN DE EMPRESAS,20,trabajar de forma organizada,skill/competence,cross-sector,0.8788,http://data.europa.eu/esco/skill/1258cc12-37bb-4a12-b219-9c3d6b294533
PUCE,Pontificia Universidad Católica del Ecuador,ADMINISTRACIÓN DE EMPRESAS,21,realizar gestión de clientes,skill/competence,cross-sector,0.878,http://data.europa.eu/esco/skill/91306a20-9b81-4f3d-97eb-f5368b607da7
PUCE,Pontificia Universidad Católica del Ecuador,ADMINISTRACIÓN DE EMPRESAS,22,realizar una planificación estratégica,skill/competence,cross-sector,0.8771,http://data.europa.eu/esco/skill/f7b5d916-52f0-4865-b6a6-e1a3b711cb5e
PUCE,Pontificia Universidad Católica del Ecuador,ADMINISTRACIÓN DE EMPRESAS,23,asesorar sobre la gestión del riesgo,skill/competence,cross-sector,0.8764,http://data.europa.eu/esco/skill/0efbe2dc-2770-47ec-b8f4-d1bdff6ac0a4
PUCE,Pontificia Universidad Católica del Ecuador,ADMINISTRACIÓN DE EMPRESAS,24,elaborar estrategias de cuentas de clientes,skill/competence,cross-sector,0.8763,http://data.europa.eu/esco/skill/b0b453d0-c5d2-4799-ab26-8d90b17d0e67
PUCE,Pontificia Universidad Católica del Ecuador,ADMINISTRACIÓN DE EMPRESAS,25,coordinar eventos,skill/competence,cross-sector,0.8755,http://data.europa.eu/esco/skill/2111dff8-f830-46ad-80ce-7885893b3134
PUCE,Pontificia Universidad Católica del Ecuador,CIENCIA DE DATOS E INTELIGENCIA ARTIFICIAL,1,ejecutar cálculos matemáticos analíticos,skill/competence,cross-sector,0.8851,http://data.europa.eu/esco/skill/31c69100-b612-4a61-8db5-fd314318854c
PUCE,Pontificia Universidad Católica del Ecuador,CIENCIA DE DATOS E INTELIGENCIA ARTIFICIAL,2,aplicar métodos de análisis estadísticos,skill/competence,cross-sector,0.8797,http://data.europa.eu/esco/skill/382c11ed-20d5-4ae7-b60e-15fec527fa6c
PUCE,Pontificia Universidad Católica del Ecuador,CIENCIA DE DATOS E INTELIGENCIA ARTIFICIAL,3,analizar datos,skill/competence,cross-sector,0.8785,http://data.europa.eu/esco/skill/a571ae14-3e16-4fd3-a615-5646e0b0b696
PUCE,Pontificia Universidad Católica del Ecuador,CIENCIA DE DATOS E INTELIGENCIA ARTIFICIAL,4,aplicar procesos de calidad de datos,skill/competence,cross-sector,0.8778,http://data.europa.eu/esco/skill/713fb616-118e-40bc-9366-4a69879a49d5
PUCE,Pontificia Universidad Católica del Ecuador,CIENCIA DE DATOS E INTELIGENCIA ARTIFICIAL,5,predecir tendencias económicas,skill/competence,cross-sector,0.8771,http://data.europa.eu/esco/skill/f2a34d6b-131a-4b8f-a110-898b9c91d18f
PUCE,Pontificia Universidad Católica del Ecuador,CIENCIA DE DATOS E INTELIGENCIA ARTIFICIAL,6,gestionar datos cuantitativos,skill/competence,cross-sector,0.8752,http://data.europa.eu/esco/skill/57231a22-4da7-49c8-97b8-75672feadf1e
PUCE,Pontificia Universidad Católica del Ecuador,CIENCIA DE DATOS E INTELIGENCIA ARTIFICIAL,7,gestionar datos de investigación,skill/competence,cross-sector,0.8749,http://data.europa.eu/esco/skill/08b04e53-ed25-41a2-9f90-0b9cd939ba3d
PUCE,Pontificia Universidad Católica del Ecuador,CIENCIA DE DATOS E INTELIGENCIA ARTIFICIAL,8,realizar un análisis de datos,skill/competence,cross-sector,0.8749,http://data.europa.eu/esco/skill/2b92a5b2-6758-4ee3-9fb4-b6387a55cc8f
PUCE,Pontificia Universidad Católica del Ecuador,CIENCIA DE DATOS E INTELIGENCIA ARTIFICIAL,9,analizar datos de carácter ecológico,skill/competence,cross-sector,0.8735,http://data.europa.eu/esco/skill/5354a726-ee64-4f34-90f8-8436f9f374b8
PUCE,Pontificia Universidad Católica del Ecuador,CIENCIA DE DATOS E INTELIGENCIA ARTIFICIAL,10,tomar decisiones basadas en datos,skill/competence,cross-sector,0.8732,http://data.europa.eu/esco/skill/be20d05c-f6b4-4580-9fcf-f00f4baab562
PUCE,Pontificia Universidad Católica del Ecuador,CIENCIA DE DATOS E INTELIGENCIA ARTIFICIAL,11,analizar las tendencias del mercado de la energía,skill/competence,cross-sector,0.8726,http://data.europa.eu/esco/skill/28878fd9-9a17-452a-b3b8-5db5c63d7905
PUCE,Pontificia Universidad Católica del Ecuador,CIENCIA DE DATOS E INTELIGENCIA ARTIFICIAL,12,ciencia de datos,knowledge,cross-sector,0.8719,http://data.europa.eu/esco/skill/edebd83d-35f6-4ed5-a940-6c203d178c01
PUCE,Pontificia Universidad Católica del Ecuador,CIENCIA DE DATOS E INTELIGENCIA ARTIFICIAL,13,analizar inteligencia de datos,skill/competence,cross-sector,0.8718,http://data.europa.eu/esco/skill/47a49cd6-097d-457a-9f7b-c290c14930d5
PUCE,Pontificia Universidad Católica del Ecuador,CIENCIA DE DATOS E INTELIGENCIA ARTIFICIAL,14,crear soluciones para problemas informativos,skill/competence,cross-sector,0.8716,http://data.europa.eu/esco/skill/4539aeca-b56f-4d03-ba86-8f675a7f2536
PUCE,Pontificia Universidad Católica del Ecuador,CIENCIA DE DATOS E INTELIGENCIA ARTIFICIAL,15,interpretar datos actuales,skill/competence,cross-sector,0.8706,http://data.europa.eu/esco/skill/1e77e42a-181f-4b48-8e74-201ce50ffc29
PUCE,Pontificia Universidad Católica del Ecuador,CIENCIA DE DATOS E INTELIGENCIA ARTIFICIAL,16,analizar estudios sobre transporte,skill/competence,cross-sector,0.8698,http://data.europa.eu/esco/skill/99095ca0-1218-462d-9e95-79e334ba8b63
PUCE,Pontificia Universidad Católica del Ecuador,CIENCIA DE DATOS E INTELIGENCIA ARTIFICIAL,17,realizar estudios de mercado,skill/competence,cross-sector,0.8695,http://data.europa.eu/esco/skill/fe39d4db-4cb5-4299-bb9f-896c8fd6ab13
PUCE,Pontificia Universidad Católica del Ecuador,CIENCIA DE DATOS E INTELIGENCIA ARTIFICIAL,18,utilizar métodos de análisis de datos logísticos,skill/competence,cross-sector,0.8692,http://data.europa.eu/esco/skill/6f993130-082b-4732-b62f-52cdf2096ad9
PUCE,Pontificia Universidad Católica del Ecuador,CIENCIA DE DATOS E INTELIGENCIA ARTIFICIAL,19,interpretar resultados de pruebas médicas,skill/competence,cross-sector,0.869,http://data.europa.eu/esco/skill/d59d023b-8f28-4e67-9a41-aa36320e6c69
PUCE,Pontificia Universidad Católica del Ecuador,CIENCIA DE DATOS E INTELIGENCIA ARTIFICIAL,20,analizar datos científicos,skill/competence,cross-sector,0.8684,http://data.europa.eu/esco/skill/36ff57b0-637d-4a83-a0e8-d14f86f9f078
PUCE,Pontificia Universidad Católica del Ecuador,CIENCIA DE DATOS E INTELIGENCIA ARTIFICIAL,21,utilizar modelos informáticos especializados para predecir el tiempo,skill/competence,cross-sector,0.8684,http://data.europa.eu/esco/skill/206f5738-e91f-4390-84a2-fcb864bc11b1
PUCE,Pontificia Universidad Católica del Ecuador,CIENCIA DE DATOS E INTELIGENCIA ARTIFICIAL,22,"gestionar datos, información y contenido digitales",skill/competence,cross-sector,0.8677,http://data.europa.eu/esco/skill/4d97e3c3-f335-47cc-a4ee-0d779fd42222
PUCE,Pontificia Universidad Católica del Ecuador,CIENCIA DE DATOS E INTELIGENCIA ARTIFICIAL,23,economía,knowledge,cross-sector,0.8677,http://data.europa.eu/esco/skill/88af9294-b697-4687-ae19-aefbb6234dfa
PUCE,Pontificia Universidad Católica del Ecuador,CIENCIA DE DATOS E INTELIGENCIA ARTIFICIAL,24,procesar datos topográficos recabados,skill/competence,cross-sector,0.8673,http://data.europa.eu/esco/skill/6b30644d-bdc5-4bca-b1af-edbf5c6b15ee
PUCE,Pontificia Universidad Católica del Ecuador,CIENCIA DE DATOS E INTELIGENCIA ARTIFICIAL,25,elaborar software estadístico,skill/competence,cross-sector,0.8673,http://data.europa.eu/esco/skill/bb165899-d95f-4433-95f2-173fefd716d2
PUCE,Pontificia Universidad Católica del Ecuador,COMPUTACIÓN,1,montar máquinas,skill/competence,cross-sector,0.8829,http://data.europa.eu/esco/skill/87a0c0e6-c114-4ea1-b2d0-933bce1f3c5f
PUCE,Pontificia Universidad Católica del Ecuador,COMPUTACIÓN,2,ejecutar cálculos matemáticos analíticos,skill/competence,cross-sector,0.8826,http://data.europa.eu/esco/skill/31c69100-b612-4a61-8db5-fd314318854c
PUCE,Pontificia Universidad Católica del Ecuador,COMPUTACIÓN,3,asesorar a la clientela acerca de las posibilidades técnicas,skill/competence,cross-sector,0.8823,http://data.europa.eu/esco/skill/7b3abd38-61ae-42a4-88bb-0884784f9ee1
PUCE,Pontificia Universidad Católica del Ecuador,COMPUTACIÓN,4,diseñar sistemas de control,skill/competence,cross-sector,0.8819,http://data.europa.eu/esco/skill/d560df46-dda4-4407-bab2-b87353a96814
PUCE,Pontificia Universidad Católica del Ecuador,COMPUTACIÓN,5,resolver problemas técnicos,skill/competence,cross-sector,0.8787,http://data.europa.eu/esco/skill/14832d87-2f2f-4895-b290-e4760ebae42a
PUCE,Pontificia Universidad Católica del Ecuador,COMPUTACIÓN,6,crear soluciones para problemas informativos,skill/competence,cross-sector,0.8757,http://data.europa.eu/esco/skill/4539aeca-b56f-4d03-ba86-8f675a7f2536
PUCE,Pontificia Universidad Católica del Ecuador,COMPUTACIÓN,7,elaborar estrategias para resolver problemas,skill/competence,cross-sector,0.8748,http://data.europa.eu/esco/skill/7a8fb784-67fa-41e9-a75c-6b491d91f800
PUCE,Pontificia Universidad Católica del Ecuador,COMPUTACIÓN,8,diseñar sistemas electromecánicos,skill/competence,cross-sector,0.8743,http://data.europa.eu/esco/skill/c5422318-3218-4ce9-9bdd-f38b93ff63a3
PUCE,Pontificia Universidad Católica del Ecuador,COMPUTACIÓN,9,Proponer soluciones tecnológicas a problemas empresariales,skill/competence,cross-sector,0.8735,http://data.europa.eu/esco/skill/07e51c60-763a-4335-b4ec-70a15f66d328
PUCE,Pontificia Universidad Católica del Ecuador,COMPUTACIÓN,10,resolver problemas de sistemas TIC,skill/competence,cross-sector,0.873,http://data.europa.eu/esco/skill/9e06bac6-6b91-48ca-8b7d-c1f48cdecd7c
PUCE,Pontificia Universidad Católica del Ecuador,COMPUTACIÓN,11,configurar textos en formato digital,skill/competence,cross-sector,0.8725,http://data.europa.eu/esco/skill/9b30c8fd-6467-4d16-99e0-32899a9ceec0
PUCE,Pontificia Universidad Católica del Ecuador,COMPUTACIÓN,12,realizar gestión de clientes,skill/competence,cross-sector,0.8713,http://data.europa.eu/esco/skill/91306a20-9b81-4f3d-97eb-f5368b607da7
PUCE,Pontificia Universidad Católica del Ecuador,COMPUTACIÓN,13,detectar necesidades tecnológicas,skill/competence,cross-sector,0.8706,http://data.europa.eu/esco/skill/42fcf80d-7b45-40f3-bd2f-5411c4c0dfa0
PUCE,Pontificia Universidad Católica del Ecuador,COMPUTACIÓN,14,analizar datos de carácter ecológico,skill/competence,cross-sector,0.8701,http://data.europa.eu/esco/skill/5354a726-ee64-4f34-90f8-8436f9f374b8
PUCE,Pontificia Universidad Católica del Ecuador,COMPUTACIÓN,15,trabajar de forma organizada,skill/competence,cross-sector,0.8701,http://data.europa.eu/esco/skill/1258cc12-37bb-4a12-b219-9c3d6b294533
PUCE,Pontificia Universidad Católica del Ecuador,COMPUTACIÓN,16,trabajar de forma organizada,skill/competence,cross-sector,0.8701,http://data.europa.eu/esco/skill/1258cc12-37bb-4a12-b219-9c3d6b294533
PUCE,Pontificia Universidad Católica del Ecuador,COMPUTACIÓN,17,diseñar circuitos mediante programas de diseño asistido por ordenador,skill/competence,cross-sector,0.8697,http://data.europa.eu/esco/skill/9ba355be-f119-42b6-a7d6-52f6ce2e4a3f
PUCE,Pontificia Universidad Católica del Ecuador,COMPUTACIÓN,18,elaborar software estadístico,skill/competence,cross-sector,0.8691,http://data.europa.eu/esco/skill/bb165899-d95f-4433-95f2-173fefd716d2
PUCE,Pontificia Universidad Católica del Ecuador,COMPUTACIÓN,19,resolver problemas,skill/competence,transversal,0.8688,http://data.europa.eu/esco/skill/adc6dc11-3376-467b-96c5-9b0a21edc869
PUCE,Pontificia Universidad Católica del Ecuador,COMPUTACIÓN,20,supervisar sistemas de gestión ambiental,skill/competence,cross-sector,0.8685,http://data.europa.eu/esco/skill/b13e0689-636d-42d0-86c3-df9d6f85a882
PUCE,Pontificia Universidad Católica del Ecuador,COMPUTACIÓN,21,trabajar en comunidades,skill/competence,cross-sector,0.8681,http://data.europa.eu/esco/skill/28ca2f0b-9fb2-487a-9f10-9688e5191ec4
PUCE,Pontificia Universidad Católica del Ecuador,COMPUTACIÓN,22,detectar y corregir errores de las tecnologías de la información y de las comunicaciones,skill/competence,cross-sector,0.8675,http://data.europa.eu/esco/skill/744442ac-c157-4350-8be0-ce454df4f5c5
PUCE,Pontificia Universidad Católica del Ecuador,COMPUTACIÓN,23,crear soluciones para problemas,skill/competence,cross-sector,0.8672,http://data.europa.eu/esco/skill/03b9b491-fc9b-4868-914a-bf7cd47b5041
PUCE,Pontificia Universidad Católica del Ecuador,COMPUTACIÓN,24,afrontar problemas éticos en los servicios sociales,skill/competence,cross-sector,0.8671,http://data.europa.eu/esco/skill/a762f4cd-b6bb-419b-834a-71f3ed367e5c
PUCE,Pontificia Universidad Católica del Ecuador,COMPUTACIÓN,25,desarrollar la tecnología de cadena de bloques,skill/competence,cross-sector,0.867,http://data.europa.eu/esco/skill/93b22bbf-ece1-4e2d-8d47-0c9392c5a4fd
PUCE,Pontificia Universidad Católica del Ecuador,ECONOMÍA,1,analizar las tendencias económicas,skill/competence,cross-sector,0.8938,http://data.europa.eu/esco/skill/5f302d63-048e-451c-b150-97c124a5a26b
PUCE,Pontificia Universidad Católica del Ecuador,ECONOMÍA,2,analizar modelos de negocio,skill/competence,cross-sector,0.8923,http://data.europa.eu/esco/skill/3c1cbc5e-2220-4f45-bcc8-3d52c8c9cae0
PUCE,Pontificia Universidad Católica del Ecuador,ECONOMÍA,3,elaborar software estadístico,skill/competence,cross-sector,0.8914,http://data.europa.eu/esco/skill/bb165899-d95f-4433-95f2-173fefd716d2
PUCE,Pontificia Universidad Católica del Ecuador,ECONOMÍA,4,asesorar sobre el desarrollo económico,skill/competence,cross-sector,0.8889,http://data.europa.eu/esco/skill/384ed14c-bf1f-4a65-aef6-6e711f43c4ce
PUCE,Pontificia Universidad Católica del Ecuador,ECONOMÍA,5,predecir tendencias económicas,skill/competence,cross-sector,0.8881,http://data.europa.eu/esco/skill/f2a34d6b-131a-4b8f-a110-898b9c91d18f
PUCE,Pontificia Universidad Católica del Ecuador,ECONOMÍA,6,observar nuevas evoluciones en países extranjeros,skill/competence,cross-sector,0.8864,http://data.europa.eu/esco/skill/2f4d68be-6e9f-46fa-9398-0573e900b5e3
PUCE,Pontificia Universidad Católica del Ecuador,ECONOMÍA,7,"llevar a cabo análisis de factores políticos, económicos, sociales, tecnológicos, ambientales y jurídicos",skill/competence,cross-sector,0.8848,http://data.europa.eu/esco/skill/9979e727-3104-42e0-8f41-4af2578111ea
PUCE,Pontificia Universidad Católica del Ecuador,ECONOMÍA,8,realizar estudios de mercado,skill/competence,cross-sector,0.8833,http://data.europa.eu/esco/skill/fe39d4db-4cb5-4299-bb9f-896c8fd6ab13
PUCE,Pontificia Universidad Católica del Ecuador,ECONOMÍA,9,analizar datos de carácter ecológico,skill/competence,cross-sector,0.8832,http://data.europa.eu/esco/skill/5354a726-ee64-4f34-90f8-8436f9f374b8
PUCE,Pontificia Universidad Católica del Ecuador,ECONOMÍA,10,ejecutar cálculos matemáticos analíticos,skill/competence,cross-sector,0.8823,http://data.europa.eu/esco/skill/31c69100-b612-4a61-8db5-fd314318854c
PUCE,Pontificia Universidad Católica del Ecuador,ECONOMÍA,11,sensibilizar a los responsables de la formulación de políticas sobre los problemas de los servicios sociales,skill/competence,cross-sector,0.8812,http://data.europa.eu/esco/skill/f914df1a-c9fd-47ab-b1ec-bc7c6f572640
PUCE,Pontificia Universidad Católica del Ecuador,ECONOMÍA,12,asesorar sobre política tributaria,skill/competence,cross-sector,0.8809,http://data.europa.eu/esco/skill/b5feaf25-3975-4e74-85fd-4470e344ba2e
PUCE,Pontificia Universidad Católica del Ecuador,ECONOMÍA,13,asesorar sobre estrategias de mercado,skill/competence,cross-sector,0.8804,http://data.europa.eu/esco/skill/34d6ed30-5d35-44b9-9498-fd15badb5f28
PUCE,Pontificia Universidad Católica del Ecuador,ECONOMÍA,14,elaborar políticas de economía,skill/competence,cross-sector,0.8797,http://data.europa.eu/esco/skill/8394fefb-f62a-48c0-a156-3117cefdb9b3
PUCE,Pontificia Universidad Católica del Ecuador,ECONOMÍA,15,evaluar el impacto ambiental de yacimientos y zonas industriales,skill/competence,cross-sector,0.8796,http://data.europa.eu/esco/skill/f12f094b-492f-4e88-b36b-50b8e58b7500
PUCE,Pontificia Universidad Católica del Ecuador,ECONOMÍA,16,analizar las tendencias del mercado de la energía,skill/competence,cross-sector,0.8791,http://data.europa.eu/esco/skill/28878fd9-9a17-452a-b3b8-5db5c63d7905
PUCE,Pontificia Universidad Católica del Ecuador,ECONOMÍA,17,evaluar presupuestos,skill/competence,cross-sector,0.8772,http://data.europa.eu/esco/skill/6556cbf1-d5c0-4f53-89a9-8707066069a6
PUCE,Pontificia Universidad Católica del Ecuador,ECONOMÍA,18,gestionar los programas públicos,skill/competence,cross-sector,0.8772,http://data.europa.eu/esco/skill/0761f325-13e7-49f4-a41a-ec64ba4e7b9d
PUCE,Pontificia Universidad Católica del Ecuador,ECONOMÍA,19,analizar tendencias en el mercado financiero,skill/competence,cross-sector,0.8753,http://data.europa.eu/esco/skill/292549e6-08ec-456c-b008-eba7a0a68428
PUCE,Pontificia Universidad Católica del Ecuador,ECONOMÍA,20,realizar un análisis empresarial,skill/competence,cross-sector,0.8753,http://data.europa.eu/esco/skill/27ed854c-15b8-4ba2-90e9-ae888a219703
PUCE,Pontificia Universidad Católica del Ecuador,ECONOMÍA,21,tener en cuenta los criterios económicos en la toma de decisiones,skill/competence,cross-sector,0.875,http://data.europa.eu/esco/skill/d41262ae-eca1-4ede-89a8-46d2d99a7a31
PUCE,Pontificia Universidad Católica del Ecuador,ECONOMÍA,22,asesorar sobre políticas de gestión sostenible,skill/competence,cross-sector,0.8749,http://data.europa.eu/esco/skill/6742977a-aa00-4c8c-9861-898b0373907e
PUCE,Pontificia Universidad Católica del Ecuador,ECONOMÍA,23,economía,knowledge,cross-sector,0.8745,http://data.europa.eu/esco/skill/88af9294-b697-4687-ae19-aefbb6234dfa
PUCE,Pontificia Universidad Católica del Ecuador,ECONOMÍA,24,preparar archivos estadísticos y financieros,skill/competence,cross-sector,0.8738,http://data.europa.eu/esco/skill/08ee68b2-0a6d-4bdf-a870-a36c0dc8064e
PUCE,Pontificia Universidad Católica del Ecuador,ECONOMÍA,25,evaluar los factores de riesgo,skill/competence,cross-sector,0.8737,http://data.europa.eu/esco/skill/d7b66759-c40c-44de-9f31-9418f84e10c5
PUCE,Pontificia Universidad Católica del Ecuador,INGENIERÍA CIVIL,1,vigilar el cumplimiento de los parámetros de los proyectos de construcción,skill/competence,cross-sector,0.8806,http://data.europa.eu/esco/skill/3dd3dfa7-51c0-40ef-af46-e2df300489f6
PUCE,Pontificia Universidad Católica del Ecuador,INGENIERÍA CIVIL,2,garantizar el cumplimiento de los plazos de construcción,skill/competence,cross-sector,0.8804,http://data.europa.eu/esco/skill/6181f475-110c-497c-a46d-ed2e14e7bc90
PUCE,Pontificia Universidad Católica del Ecuador,INGENIERÍA CIVIL,3,examinar las infraestructuras civiles,skill/competence,cross-sector,0.8801,http://data.europa.eu/esco/skill/d48b3cfe-80b6-406f-b582-d959b60417f8
PUCE,Pontificia Universidad Católica del Ecuador,INGENIERÍA CIVIL,4,supervisar obras de construcción,skill/competence,cross-sector,0.8755,http://data.europa.eu/esco/skill/fc1a75bb-70e3-4005-881f-7709bf7b0ed4
PUCE,Pontificia Universidad Católica del Ecuador,INGENIERÍA CIVIL,5,coordinar con expertos ferroviarios,skill/competence,cross-sector,0.8739,http://data.europa.eu/esco/skill/6172948e-5d52-4f94-a617-278a9013a8ae
PUCE,Pontificia Universidad Católica del Ecuador,INGENIERÍA CIVIL,6,someter a auditorías a los contratistas,skill/competence,cross-sector,0.873,http://data.europa.eu/esco/skill/0520d8ba-3c24-4f75-a8b0-f883ddeed82d
PUCE,Pontificia Universidad Católica del Ecuador,INGENIERÍA CIVIL,7,asesorar sobre temas de construcción,skill/competence,cross-sector,0.8726,http://data.europa.eu/esco/skill/3b64ab47-a874-403a-b781-7b23c2fc3c6c
PUCE,Pontificia Universidad Católica del Ecuador,INGENIERÍA CIVIL,8,revisar proyectos de construcción,skill/competence,cross-sector,0.8709,http://data.europa.eu/esco/skill/ea9fc9d9-c602-4430-a7fc-edac7429a6a8
PUCE,Pontificia Universidad Católica del Ecuador,INGENIERÍA CIVIL,9,evaluar el impacto ambiental de yacimientos y zonas industriales,skill/competence,cross-sector,0.8702,http://data.europa.eu/esco/skill/f12f094b-492f-4e88-b36b-50b8e58b7500
PUCE,Pontificia Universidad Católica del Ecuador,INGENIERÍA CIVIL,10,asesorar sobre el uso de terrenos,skill/competence,cross-sector,0.8683,http://data.europa.eu/esco/skill/8b46636e-e201-4086-a8d5-049b65eaf40e
PUCE,Pontificia Universidad Católica del Ecuador,INGENIERÍA CIVIL,11,supervisar el trabajo de planificación del diseño,skill/competence,cross-sector,0.868,http://data.europa.eu/esco/skill/03227978-f839-4cc8-88a6-0a3c44d2c776
PUCE,Pontificia Universidad Católica del Ecuador,INGENIERÍA CIVIL,12,supervisar un proyecto de construcción,skill/competence,cross-sector,0.868,http://data.europa.eu/esco/skill/1de548e0-9535-4d2e-9d20-d4474c1ea813
PUCE,Pontificia Universidad Católica del Ecuador,INGENIERÍA CIVIL,13,comprobar la conformidad de la construcción respecto de la normativa vigente,skill/competence,cross-sector,0.8673,http://data.europa.eu/esco/skill/1b71f0d0-8e57-44dc-aaa0-3ee6fbb59991
PUCE,Pontificia Universidad Católica del Ecuador,INGENIERÍA CIVIL,14,gestionar los programas públicos,skill/competence,cross-sector,0.8669,http://data.europa.eu/esco/skill/0761f325-13e7-49f4-a41a-ec64ba4e7b9d
PUCE,Pontificia Universidad Católica del Ecuador,INGENIERÍA CIVIL,15,elaborar planos,skill/competence,cross-sector,0.8648,http://data.europa.eu/esco/skill/bf59255e-782a-4e83-a93c-6055cfdd8e7f
PUCE,Pontificia Universidad Católica del Ecuador,INGENIERÍA CIVIL,16,planificar procesos de fabricación,skill/competence,cross-sector,0.8633,http://data.europa.eu/esco/skill/7d0f33ea-e724-4d77-8b75-ee4fe66bb9ba
PUCE,Pontificia Universidad Católica del Ecuador,INGENIERÍA CIVIL,17,inspeccionar los pozos de agua,skill/competence,cross-sector,0.8628,http://data.europa.eu/esco/skill/3a560dc4-ee2e-4437-b94f-c076a2b5f25e
PUCE,Pontificia Universidad Católica del Ecuador,INGENIERÍA CIVIL,18,reparar sistemas de fontanería,skill/competence,cross-sector,0.8624,http://data.europa.eu/esco/skill/d809a1d2-b80e-43e4-8984-de7517fb68f1
PUCE,Pontificia Universidad Católica del Ecuador,INGENIERÍA CIVIL,19,coordinar equipos de ingeniería,skill/competence,cross-sector,0.8623,http://data.europa.eu/esco/skill/7af6e9e8-1e11-4c0b-b7c6-ac96bbbbc674
PUCE,Pontificia Universidad Católica del Ecuador,INGENIERÍA CIVIL,20,proteger humedales en el desarrollo de proyectos,skill/competence,cross-sector,0.8621,http://data.europa.eu/esco/skill/e2028206-3060-4e81-8350-77baefabefde
PUCE,Pontificia Universidad Católica del Ecuador,INGENIERÍA CIVIL,21,supervisar operaciones informativas diarias,skill/competence,cross-sector,0.8615,http://data.europa.eu/esco/skill/9013b46e-5a9b-4929-8918-fcadfdfd37ce
PUCE,Pontificia Universidad Católica del Ecuador,INGENIERÍA CIVIL,22,asesorar sobre temas relacionados con la meteorología,skill/competence,cross-sector,0.8596,http://data.europa.eu/esco/skill/274ad409-c740-4e85-852b-7e3f3168b9ca
PUCE,Pontificia Universidad Católica del Ecuador,INGENIERÍA CIVIL,23,supervisar el trabajo de promoción,skill/competence,cross-sector,0.859,http://data.europa.eu/esco/skill/f0a1db01-ffbd-4366-8120-add9bd134ffd
PUCE,Pontificia Universidad Católica del Ecuador,INGENIERÍA CIVIL,24,coordinar asociaciones público-privadas de turismo,skill/competence,cross-sector,0.8589,http://data.europa.eu/esco/skill/73b87890-d2ec-4842-b824-b4851ff12051
PUCE,Pontificia Universidad Católica del Ecuador,INGENIERÍA CIVIL,25,mantener contacto con financieros,skill/competence,cross-sector,0.8588,http://data.europa.eu/esco/skill/401d8d12-b56d-4c71-ac58-f791e8c085b4
PUCE,Pontificia Universidad Católica del Ecuador,MATEMÁTICA,1,ejecutar cálculos matemáticos analíticos,skill/competence,cross-sector,0.9097,http://data.europa.eu/esco/skill/31c69100-b612-4a61-8db5-fd314318854c
PUCE,Pontificia Universidad Católica del Ecuador,MATEMÁTICA,2,aplicar competencias matemáticas,skill/competence,cross-sector,0.8902,http://data.europa.eu/esco/skill/5dd01a1e-7ba0-4b7f-a76c-ed811c12bfde
PUCE,Pontificia Universidad Católica del Ecuador,MATEMÁTICA,3,comunicar información matemática,skill/competence,cross-sector,0.8851,http://data.europa.eu/esco/skill/a5826fe3-8df6-4fa8-adad-b7116864588f
PUCE,Pontificia Universidad Católica del Ecuador,MATEMÁTICA,4,"aplicar conocimientos científicos, tecnológicos y de ingeniería",skill/competence,transversal,0.8851,http://data.europa.eu/esco/skill/5c3ab99d-a3f1-4620-9602-d12d2151a03d
PUCE,Pontificia Universidad Católica del Ecuador,MATEMÁTICA,5,utilizar modelos informáticos especializados para predecir el tiempo,skill/competence,cross-sector,0.8839,http://data.europa.eu/esco/skill/206f5738-e91f-4390-84a2-fcb864bc11b1
PUCE,Pontificia Universidad Católica del Ecuador,MATEMÁTICA,6,interpretar información matemática,skill/competence,transversal,0.8832,http://data.europa.eu/esco/skill/6fc6f757-6baa-49fe-9a82-6ba6a52f2e13
PUCE,Pontificia Universidad Católica del Ecuador,MATEMÁTICA,7,presentar informes,skill/competence,cross-sector,0.8773,http://data.europa.eu/esco/skill/d0f2f8a7-d935-4a6d-8e54-dcc3e5e2cbeb
PUCE,Pontificia Universidad Católica del Ecuador,MATEMÁTICA,8,realizar cálculos,skill/competence,transversal,0.8772,http://data.europa.eu/esco/skill/19ba11f3-9c99-41fd-a7c9-f77e6a026186
PUCE,Pontificia Universidad Católica del Ecuador,MATEMÁTICA,9,gestionar datos de investigación,skill/competence,cross-sector,0.8767,http://data.europa.eu/esco/skill/08b04e53-ed25-41a2-9f90-0b9cd939ba3d
PUCE,Pontificia Universidad Católica del Ecuador,MATEMÁTICA,10,prestar asistencia en investigaciones científicas,skill/competence,cross-sector,0.876,http://data.europa.eu/esco/skill/d6179c4b-ff5a-4bbb-a3c8-e0acf0de1f56
PUCE,Pontificia Universidad Católica del Ecuador,MATEMÁTICA,11,gestionar datos cuantitativos,skill/competence,cross-sector,0.8759,http://data.europa.eu/esco/skill/57231a22-4da7-49c8-97b8-75672feadf1e
PUCE,Pontificia Universidad Católica del Ecuador,MATEMÁTICA,12,gestionar sistemas de instrumentación,skill/competence,cross-sector,0.8735,http://data.europa.eu/esco/skill/5d71a91f-cc72-4b66-b6e3-d75ecc05e235
PUCE,Pontificia Universidad Católica del Ecuador,MATEMÁTICA,13,crear soluciones para problemas,skill/competence,cross-sector,0.8732,http://data.europa.eu/esco/skill/03b9b491-fc9b-4868-914a-bf7cd47b5041
PUCE,Pontificia Universidad Católica del Ecuador,MATEMÁTICA,14,resolver problemas,skill/competence,transversal,0.873,http://data.europa.eu/esco/skill/adc6dc11-3376-467b-96c5-9b0a21edc869
PUCE,Pontificia Universidad Católica del Ecuador,MATEMÁTICA,15,simular problemas de transporte,skill/competence,cross-sector,0.8717,http://data.europa.eu/esco/skill/82394321-7f35-4a29-b2fa-4a58f66258f5
PUCE,Pontificia Universidad Católica del Ecuador,MATEMÁTICA,16,aplicar métodos de análisis estadísticos,skill/competence,cross-sector,0.8712,http://data.europa.eu/esco/skill/382c11ed-20d5-4ae7-b60e-15fec527fa6c
PUCE,Pontificia Universidad Católica del Ecuador,MATEMÁTICA,17,realizar investigaciones cuantitativas,skill/competence,cross-sector,0.8701,http://data.europa.eu/esco/skill/8316979b-df5a-4dc7-98ef-61ec6a10df84
PUCE,Pontificia Universidad Católica del Ecuador,MATEMÁTICA,18,formular conclusiones,skill/competence,cross-sector,0.8697,http://data.europa.eu/esco/skill/6eaeea3a-f100-43e4-b694-16a4dc5a79e1
PUCE,Pontificia Universidad Católica del Ecuador,MATEMÁTICA,19,desarrollar modelos para la predicción meteorológica,skill/competence,cross-sector,0.8688,http://data.europa.eu/esco/skill/669edd06-1de6-4d01-8029-3e64a3754001
PUCE,Pontificia Universidad Católica del Ecuador,MATEMÁTICA,20,aplicar métodos científicos,skill/competence,cross-sector,0.8683,http://data.europa.eu/esco/skill/7a34b3d9-bd3b-4f4e-a0f6-f97439901cb7
PUCE,Pontificia Universidad Católica del Ecuador,MATEMÁTICA,21,elaborar estrategias para resolver problemas,skill/competence,cross-sector,0.8682,http://data.europa.eu/esco/skill/7a8fb784-67fa-41e9-a75c-6b491d91f800
PUCE,Pontificia Universidad Católica del Ecuador,MATEMÁTICA,22,crear soluciones para problemas informativos,skill/competence,cross-sector,0.8679,http://data.europa.eu/esco/skill/4539aeca-b56f-4d03-ba86-8f675a7f2536
PUCE,Pontificia Universidad Católica del Ecuador,MATEMÁTICA,23,analizar datos de carácter ecológico,skill/competence,cross-sector,0.867,http://data.europa.eu/esco/skill/5354a726-ee64-4f34-90f8-8436f9f374b8
PUCE,Pontificia Universidad Católica del Ecuador,MATEMÁTICA,24,trabajar con sustancias químicas,skill/competence,cross-sector,0.8666,http://data.europa.eu/esco/skill/929a997b-d56c-4383-b36d-6de9fa0e1721
PUCE,Pontificia Universidad Católica del Ecuador,MATEMÁTICA,25,realizar un análisis de datos,skill/competence,cross-sector,0.8665,http://data.europa.eu/esco/skill/2b92a5b2-6758-4ee3-9fb4-b6387a55cc8f
PUCE,Pontificia Universidad Católica del Ecuador,INGENIERÍA AMBIENTAL,1,evaluar el impacto ambiental de yacimientos y zonas industriales,skill/competence,cross-sector,0.8984,http://data.europa.eu/esco/skill/f12f094b-492f-4e88-b36b-50b8e58b7500
PUCE,Pontificia Universidad Católica del Ecuador,INGENIERÍA AMBIENTAL,2,gestionar el impacto medioambiental de las operaciones,skill/competence,cross-sector,0.8979,http://data.europa.eu/esco/skill/d86babea-bf8b-4552-81a8-daf706066ad6
PUCE,Pontificia Universidad Católica del Ecuador,INGENIERÍA AMBIENTAL,3,realizar auditorías ambientales,skill/competence,cross-sector,0.8953,http://data.europa.eu/esco/skill/60ab2bf7-c812-4a88-86c0-7c81a9b2f77c
PUCE,Pontificia Universidad Católica del Ecuador,INGENIERÍA AMBIENTAL,4,diseñar escombreras de minas,skill/competence,cross-sector,0.8923,http://data.europa.eu/esco/skill/cfbe1cdb-1738-45a1-b442-75cbda1fff06
PUCE,Pontificia Universidad Católica del Ecuador,INGENIERÍA AMBIENTAL,5,supervisar sistemas de gestión ambiental,skill/competence,cross-sector,0.8856,http://data.europa.eu/esco/skill/b13e0689-636d-42d0-86c3-df9d6f85a882
PUCE,Pontificia Universidad Católica del Ecuador,INGENIERÍA AMBIENTAL,6,asesorar sobre políticas de gestión sostenible,skill/competence,cross-sector,0.8855,http://data.europa.eu/esco/skill/6742977a-aa00-4c8c-9861-898b0373907e
PUCE,Pontificia Universidad Católica del Ecuador,INGENIERÍA AMBIENTAL,7,gestionar impacto ambiental,skill/competence,cross-sector,0.8846,http://data.europa.eu/esco/skill/d3a8ef9c-8572-438c-91dc-010537070be3
PUCE,Pontificia Universidad Católica del Ecuador,INGENIERÍA AMBIENTAL,8,asesorar sobre sistemas de gestión de riesgos ambientales,skill/competence,cross-sector,0.8819,http://data.europa.eu/esco/skill/a366bfc5-8d17-4792-a9f0-db0951528dda
PUCE,Pontificia Universidad Católica del Ecuador,INGENIERÍA AMBIENTAL,9,asesorar sobre recuperación ambiental,skill/competence,cross-sector,0.8808,http://data.europa.eu/esco/skill/b422efe7-b151-4120-86ae-db11a48dd0fa
PUCE,Pontificia Universidad Católica del Ecuador,INGENIERÍA AMBIENTAL,10,asesorar sobre procedimientos de gestión de residuos,skill/competence,cross-sector,0.8788,http://data.europa.eu/esco/skill/f82b05a7-128b-4a72-a815-044ff6062f62
PUCE,Pontificia Universidad Católica del Ecuador,INGENIERÍA AMBIENTAL,11,garantizar el cumplimiento de la legislación ambiental,skill/competence,cross-sector,0.874,http://data.europa.eu/esco/skill/089ee650-297e-4716-87d1-440743b70a0d
PUCE,Pontificia Universidad Católica del Ecuador,INGENIERÍA AMBIENTAL,12,aplicar medidas de protección del medioambiente,skill/competence,cross-sector,0.8728,http://data.europa.eu/esco/skill/f6d7ba88-5234-4994-944d-843ca453c923
PUCE,Pontificia Universidad Católica del Ecuador,INGENIERÍA AMBIENTAL,13,controlar el entorno acuático de producción,skill/competence,cross-sector,0.8718,http://data.europa.eu/esco/skill/9a0c96a2-8ffb-4384-b9e8-8928e7f86e23
PUCE,Pontificia Universidad Católica del Ecuador,INGENIERÍA AMBIENTAL,14,ingeniería ambiental,knowledge,cross-sector,0.8702,http://data.europa.eu/esco/skill/b1b118c4-3291-484e-b64d-6d51fd5da8b3
PUCE,Pontificia Universidad Católica del Ecuador,INGENIERÍA AMBIENTAL,15,evaluar el impacto ambiental,skill/competence,cross-sector,0.8695,http://data.europa.eu/esco/skill/e541c69c-ea80-4b17-87cb-4001d0b9d303
PUCE,Pontificia Universidad Católica del Ecuador,INGENIERÍA AMBIENTAL,16,sensibilizar sobre el medioambiente,skill/competence,cross-sector,0.866,http://data.europa.eu/esco/skill/8abdc43c-2bfd-417c-97c2-27fcdaf53171
PUCE,Pontificia Universidad Católica del Ecuador,INGENIERÍA AMBIENTAL,17,asesorar sobre temas relacionados con la meteorología,skill/competence,cross-sector,0.8655,http://data.europa.eu/esco/skill/274ad409-c740-4e85-852b-7e3f3168b9ca
PUCE,Pontificia Universidad Católica del Ecuador,INGENIERÍA AMBIENTAL,18,garantizar el cumplimiento de las regulaciones legislativas sobre residuos,skill/competence,cross-sector,0.8652,http://data.europa.eu/esco/skill/27273605-2400-4392-a6d6-cc8161a2d445
PUCE,Pontificia Universidad Católica del Ecuador,INGENIERÍA AMBIENTAL,19,investigar quejas sobre gestiones inadecuadas de residuos,skill/competence,cross-sector,0.865,http://data.europa.eu/esco/skill/8dcdd2f0-1784-488f-9821-82a09c4f2cee
PUCE,Pontificia Universidad Católica del Ecuador,INGENIERÍA AMBIENTAL,20,informar sobre cuestiones ambientales,skill/competence,cross-sector,0.8648,http://data.europa.eu/esco/skill/f3cc52e3-a96c-4549-b841-6e41a846fa99
PUCE,Pontificia Universidad Católica del Ecuador,INGENIERÍA AMBIENTAL,21,asesorar sobre soluciones sostenibles,skill/competence,cross-sector,0.8642,http://data.europa.eu/esco/skill/dbef5042-4b99-4e6f-b2ed-1d33b07b3ed6
PUCE,Pontificia Universidad Católica del Ecuador,INGENIERÍA AMBIENTAL,22,identificar nuevas oportunidades de reciclaje,skill/competence,cross-sector,0.8638,http://data.europa.eu/esco/skill/89f5fa96-ae45-4906-902c-d50ca51009c6
PUCE,Pontificia Universidad Católica del Ecuador,INGENIERÍA AMBIENTAL,23,asesorar sobre cuestiones relativas a la energía renovable marina,skill/competence,cross-sector,0.8633,http://data.europa.eu/esco/skill/610ccf09-e9f2-4268-bb93-442dde5bf26e
PUCE,Pontificia Universidad Católica del Ecuador,INGENIERÍA AMBIENTAL,24,"realizar evaluaciones de salud, seguridad y medioambiente",skill/competence,cross-sector,0.8632,http://data.europa.eu/esco/skill/101d63ee-bb22-4a7c-9e0a-c2716063696a
PUCE,Pontificia Universidad Católica del Ecuador,INGENIERÍA AMBIENTAL,25,gestionar los programas públicos,skill/competence,cross-sector,0.8631,http://data.europa.eu/esco/skill/0761f325-13e7-49f4-a41a-ec64ba4e7b9d
PUCE,Pontificia Universidad Católica del Ecuador,SISTEMAS DE INFORMACIÓN,1,crear soluciones para problemas informativos,skill/competence,cross-sector,0.889,http://data.europa.eu/esco/skill/4539aeca-b56f-4d03-ba86-8f675a7f2536
PUCE,Pontificia Universidad Católica del Ecuador,SISTEMAS DE INFORMACIÓN,2,resolver problemas de sistemas TIC,skill/competence,cross-sector,0.8843,http://data.europa.eu/esco/skill/9e06bac6-6b91-48ca-8b7d-c1f48cdecd7c
PUCE,Pontificia Universidad Católica del Ecuador,SISTEMAS DE INFORMACIÓN,3,gestionar sistemas de instrumentación,skill/competence,cross-sector,0.8839,http://data.europa.eu/esco/skill/5d71a91f-cc72-4b66-b6e3-d75ecc05e235
PUCE,Pontificia Universidad Católica del Ecuador,SISTEMAS DE INFORMACIÓN,4,configurar textos en formato digital,skill/competence,cross-sector,0.8826,http://data.europa.eu/esco/skill/9b30c8fd-6467-4d16-99e0-32899a9ceec0
PUCE,Pontificia Universidad Católica del Ecuador,SISTEMAS DE INFORMACIÓN,5,detectar necesidades tecnológicas,skill/competence,cross-sector,0.8809,http://data.europa.eu/esco/skill/42fcf80d-7b45-40f3-bd2f-5411c4c0dfa0
PUCE,Pontificia Universidad Católica del Ecuador,SISTEMAS DE INFORMACIÓN,6,"gestionar datos, información y contenido digitales",skill/competence,cross-sector,0.8796,http://data.europa.eu/esco/skill/4d97e3c3-f335-47cc-a4ee-0d779fd42222
PUCE,Pontificia Universidad Católica del Ecuador,SISTEMAS DE INFORMACIÓN,7,montar máquinas,skill/competence,cross-sector,0.8792,http://data.europa.eu/esco/skill/87a0c0e6-c114-4ea1-b2d0-933bce1f3c5f
PUCE,Pontificia Universidad Católica del Ecuador,SISTEMAS DE INFORMACIÓN,8,detectar y corregir errores de las tecnologías de la información y de las comunicaciones,skill/competence,cross-sector,0.8786,http://data.europa.eu/esco/skill/744442ac-c157-4350-8be0-ce454df4f5c5
PUCE,Pontificia Universidad Católica del Ecuador,SISTEMAS DE INFORMACIÓN,9,diseñar sistemas de control,skill/competence,cross-sector,0.8774,http://data.europa.eu/esco/skill/d560df46-dda4-4407-bab2-b87353a96814
PUCE,Pontificia Universidad Católica del Ecuador,SISTEMAS DE INFORMACIÓN,10,ejecutar cálculos matemáticos analíticos,skill/competence,cross-sector,0.8768,http://data.europa.eu/esco/skill/31c69100-b612-4a61-8db5-fd314318854c
PUCE,Pontificia Universidad Católica del Ecuador,SISTEMAS DE INFORMACIÓN,11,realizar gestión de clientes,skill/competence,cross-sector,0.8745,http://data.europa.eu/esco/skill/91306a20-9b81-4f3d-97eb-f5368b607da7
PUCE,Pontificia Universidad Católica del Ecuador,SISTEMAS DE INFORMACIÓN,12,asesorar a la clientela acerca de las posibilidades técnicas,skill/competence,cross-sector,0.8742,http://data.europa.eu/esco/skill/7b3abd38-61ae-42a4-88bb-0884784f9ee1
PUCE,Pontificia Universidad Católica del Ecuador,SISTEMAS DE INFORMACIÓN,13,Proponer soluciones tecnológicas a problemas empresariales,skill/competence,cross-sector,0.873,http://data.europa.eu/esco/skill/07e51c60-763a-4335-b4ec-70a15f66d328
PUCE,Pontificia Universidad Católica del Ecuador,SISTEMAS DE INFORMACIÓN,14,asesorar sobre estrategias de mercado,skill/competence,cross-sector,0.8723,http://data.europa.eu/esco/skill/34d6ed30-5d35-44b9-9498-fd15badb5f28
PUCE,Pontificia Universidad Católica del Ecuador,SISTEMAS DE INFORMACIÓN,15,diseñar sistemas de transporte,skill/competence,cross-sector,0.8722,http://data.europa.eu/esco/skill/11f364dd-0814-4398-b00e-10d1be8b27af
PUCE,Pontificia Universidad Católica del Ecuador,SISTEMAS DE INFORMACIÓN,16,resolver problemas técnicos,skill/competence,cross-sector,0.872,http://data.europa.eu/esco/skill/14832d87-2f2f-4895-b290-e4760ebae42a
PUCE,Pontificia Universidad Católica del Ecuador,SISTEMAS DE INFORMACIÓN,17,supervisar sistemas de gestión ambiental,skill/competence,cross-sector,0.871,http://data.europa.eu/esco/skill/b13e0689-636d-42d0-86c3-df9d6f85a882
PUCE,Pontificia Universidad Católica del Ecuador,SISTEMAS DE INFORMACIÓN,18,gestionar empresas de producción,skill/competence,cross-sector,0.8708,http://data.europa.eu/esco/skill/435d1751-8667-41ec-8b32-865b7cd3c684
PUCE,Pontificia Universidad Católica del Ecuador,SISTEMAS DE INFORMACIÓN,19,detectar peligros en el lugar de trabajo,skill/competence,cross-sector,0.8708,http://data.europa.eu/esco/skill/5f97fac8-2001-4b81-ae8b-22f9062d921a
PUCE,Pontificia Universidad Católica del Ecuador,SISTEMAS DE INFORMACIÓN,20,elaborar estrategias para resolver problemas,skill/competence,cross-sector,0.8706,http://data.europa.eu/esco/skill/7a8fb784-67fa-41e9-a75c-6b491d91f800
PUCE,Pontificia Universidad Católica del Ecuador,SISTEMAS DE INFORMACIÓN,21,crear soluciones para problemas,skill/competence,cross-sector,0.8703,http://data.europa.eu/esco/skill/03b9b491-fc9b-4868-914a-bf7cd47b5041
PUCE,Pontificia Universidad Católica del Ecuador,SISTEMAS DE INFORMACIÓN,22,verificar unidades electrónicas,skill/competence,cross-sector,0.8697,http://data.europa.eu/esco/skill/baf501a8-f0fe-4ad7-9b69-8e920fa1a87b
PUCE,Pontificia Universidad Católica del Ecuador,SISTEMAS DE INFORMACIÓN,23,supervisar el funcionamiento de los equipos,skill/competence,cross-sector,0.8689,http://data.europa.eu/esco/skill/ca17f0df-59e4-4ed2-9360-fc5325bc7151
PUCE,Pontificia Universidad Católica del Ecuador,SISTEMAS DE INFORMACIÓN,24,analizar modelos de negocio,skill/competence,cross-sector,0.8685,http://data.europa.eu/esco/skill/3c1cbc5e-2220-4f45-bcc8-3d52c8c9cae0
PUCE,Pontificia Universidad Católica del Ecuador,SISTEMAS DE INFORMACIÓN,25,gestionar proyectos de investigación y desarrollo,skill/competence,cross-sector,0.8679,http://data.europa.eu/esco/skill/d5dbc342-8e39-4998-8237-ebbe05a381ce
UTN,Universidad Técnica del Norte,ADMINISTRACIÓN DE EMPRESAS,1,gestionar empresas de producción,skill/competence,cross-sector,0.9053,http://data.europa.eu/esco/skill/435d1751-8667-41ec-8b32-865b7cd3c684
UTN,Universidad Técnica del Norte,ADMINISTRACIÓN DE EMPRESAS,2,realizar diversas tareas organizativas en la empresa,skill/competence,cross-sector,0.8883,http://data.europa.eu/esco/skill/01755f08-4df4-4cf0-8d22-08f94cad68b5
UTN,Universidad Técnica del Norte,ADMINISTRACIÓN DE EMPRESAS,3,elaborar estrategias para resolver problemas,skill/competence,cross-sector,0.8877,http://data.europa.eu/esco/skill/7a8fb784-67fa-41e9-a75c-6b491d91f800
UTN,Universidad Técnica del Norte,ADMINISTRACIÓN DE EMPRESAS,4,gestionar recursos humanos,skill/competence,cross-sector,0.8854,http://data.europa.eu/esco/skill/339ac029-066a-4985-9f9d-b3d7c8fea0bb
UTN,Universidad Técnica del Norte,ADMINISTRACIÓN DE EMPRESAS,5,gestionar los programas públicos,skill/competence,cross-sector,0.8852,http://data.europa.eu/esco/skill/0761f325-13e7-49f4-a41a-ec64ba4e7b9d
UTN,Universidad Técnica del Norte,ADMINISTRACIÓN DE EMPRESAS,6,gestionar proyectos de investigación y desarrollo,skill/competence,cross-sector,0.8829,http://data.europa.eu/esco/skill/d5dbc342-8e39-4998-8237-ebbe05a381ce
UTN,Universidad Técnica del Norte,ADMINISTRACIÓN DE EMPRESAS,7,elaborar las estrategias empresariales,skill/competence,cross-sector,0.8813,http://data.europa.eu/esco/skill/ba2c6181-b036-40b4-8f6d-51499463ccbb
UTN,Universidad Técnica del Norte,ADMINISTRACIÓN DE EMPRESAS,8,realizar gestión de clientes,skill/competence,cross-sector,0.8809,http://data.europa.eu/esco/skill/91306a20-9b81-4f3d-97eb-f5368b607da7
UTN,Universidad Técnica del Norte,ADMINISTRACIÓN DE EMPRESAS,9,mejorar procesos empresariales,skill/competence,cross-sector,0.88,http://data.europa.eu/esco/skill/75b30aeb-34c0-40f4-b77d-271d75a98b14
UTN,Universidad Técnica del Norte,ADMINISTRACIÓN DE EMPRESAS,10,gestionar programas de formación en la empresa,skill/competence,cross-sector,0.88,http://data.europa.eu/esco/skill/6e66fa0f-4d3b-415e-9693-dc556eb5112a
UTN,Universidad Técnica del Norte,ADMINISTRACIÓN DE EMPRESAS,11,desarrollar planes comerciales de ventas en línea,skill/competence,cross-sector,0.8798,http://data.europa.eu/esco/skill/eb2ae1c7-ba57-4695-8f29-9dd41c26e01e
UTN,Universidad Técnica del Norte,ADMINISTRACIÓN DE EMPRESAS,12,ejercer el control del gasto,skill/competence,cross-sector,0.8795,http://data.europa.eu/esco/skill/b08ec8ff-1a3e-4cc3-8016-9520b21666a6
UTN,Universidad Técnica del Norte,ADMINISTRACIÓN DE EMPRESAS,13,elaborar políticas de economía,skill/competence,cross-sector,0.8782,http://data.europa.eu/esco/skill/8394fefb-f62a-48c0-a156-3117cefdb9b3
UTN,Universidad Técnica del Norte,ADMINISTRACIÓN DE EMPRESAS,14,participar en las operaciones cotidianas de la empresa,skill/competence,cross-sector,0.878,http://data.europa.eu/esco/skill/ce4cbc3a-bde0-43b4-9526-e643c4fe5b04
UTN,Universidad Técnica del Norte,ADMINISTRACIÓN DE EMPRESAS,15,formar equipos dentro de la empresa en base a las competencias,skill/competence,cross-sector,0.8778,http://data.europa.eu/esco/skill/f1155d3f-fbca-4298-a31c-f6955653bacf
UTN,Universidad Técnica del Norte,ADMINISTRACIÓN DE EMPRESAS,16,asesorar sobre gestión de conflictos,skill/competence,cross-sector,0.8777,http://data.europa.eu/esco/skill/9091c8e5-9357-4c29-bceb-ddb1792c22e8
UTN,Universidad Técnica del Norte,ADMINISTRACIÓN DE EMPRESAS,17,gestionar los aspectos financieros de una empresa,skill/competence,cross-sector,0.8774,http://data.europa.eu/esco/skill/fa6acfc3-0a4f-4192-b77d-80e94d0faf2a
UTN,Universidad Técnica del Norte,ADMINISTRACIÓN DE EMPRESAS,18,gestionar presupuestos,skill/competence,cross-sector,0.8772,http://data.europa.eu/esco/skill/21c5790c-0930-4d74-b3b0-84caf5af12ea
UTN,Universidad Técnica del Norte,ADMINISTRACIÓN DE EMPRESAS,19,gestionar nóminas,skill/competence,cross-sector,0.8768,http://data.europa.eu/esco/skill/9d916d7c-89b3-4084-a6d9-e2b0b3091404
UTN,Universidad Técnica del Norte,ADMINISTRACIÓN DE EMPRESAS,20,desarrollar estrategias de comunicación,skill/competence,cross-sector,0.8766,http://data.europa.eu/esco/skill/3c834f6e-523a-49ee-8ed1-e073e28ae6fe
UTN,Universidad Técnica del Norte,ADMINISTRACIÓN DE EMPRESAS,21,respetar las normas internas de una empresa,skill/competence,cross-sector,0.876,http://data.europa.eu/esco/skill/f5f5b244-6cea-4fbc-8a50-8f712791bc09
UTN,Universidad Técnica del Norte,ADMINISTRACIÓN DE EMPRESAS,22,trabajar de forma organizada,skill/competence,cross-sector,0.8759,http://data.europa.eu/esco/skill/1258cc12-37bb-4a12-b219-9c3d6b294533
UTN,Universidad Técnica del Norte,ADMINISTRACIÓN DE EMPRESAS,23,trabajar de forma organizada,skill/competence,cross-sector,0.8759,http://data.europa.eu/esco/skill/1258cc12-37bb-4a12-b219-9c3d6b294533
UTN,Universidad Técnica del Norte,ADMINISTRACIÓN DE EMPRESAS,24,gestionar riesgos comerciales,skill/competence,cross-sector,0.8753,http://data.europa.eu/esco/skill/80ae18bf-f3a4-4f83-b372-7c5c9d686865
UTN,Universidad Técnica del Norte,ADMINISTRACIÓN DE EMPRESAS,25,supervisar el trabajo de promoción,skill/competence,cross-sector,0.8751,http://data.europa.eu/esco/skill/f0a1db01-ffbd-4366-8120-add9bd134ffd
UTN,Universidad Técnica del Norte,AGROINDUSTRIA ALIMENTARIA,1,gestionar experimentos a gran escala para la fabricación de alimentos,skill/competence,cross-sector,0.8881,http://data.europa.eu/esco/skill/950c1106-4ea1-4fb7-a115-5dd5adcc1ea4
UTN,Universidad Técnica del Norte,AGROINDUSTRIA ALIMENTARIA,2,cuidar la presentación de los alimentos,skill/competence,cross-sector,0.8843,http://data.europa.eu/esco/skill/0eece926-f1a3-4b65-9b99-a35e4c0eb835
UTN,Universidad Técnica del Norte,AGROINDUSTRIA ALIMENTARIA,3,gestionar los ensayos de productos,skill/competence,cross-sector,0.8782,http://data.europa.eu/esco/skill/b7a03115-41c9-4167-a0b6-7e40cf0fd607
UTN,Universidad Técnica del Norte,AGROINDUSTRIA ALIMENTARIA,4,impartir formación sobre cómo supervisar la gestión de la calidad,skill/competence,cross-sector,0.8771,http://data.europa.eu/esco/skill/09e7cd13-ea36-4694-afe5-f34373759392
UTN,Universidad Técnica del Norte,AGROINDUSTRIA ALIMENTARIA,5,seguir procedimientos higiénicos en el tratamiento de alimentos,skill/competence,cross-sector,0.8767,http://data.europa.eu/esco/skill/a34f4fd4-1aff-4941-82d5-542ac94f81c3
UTN,Universidad Técnica del Norte,AGROINDUSTRIA ALIMENTARIA,6,realizar la evaluación sensorial de productos alimenticios,skill/competence,cross-sector,0.8756,http://data.europa.eu/esco/skill/2f4e1ff6-1191-4fd8-b1bf-043af19cec65
UTN,Universidad Técnica del Norte,AGROINDUSTRIA ALIMENTARIA,7,evaluar el impacto ambiental de yacimientos y zonas industriales,skill/competence,cross-sector,0.8756,http://data.europa.eu/esco/skill/f12f094b-492f-4e88-b36b-50b8e58b7500
UTN,Universidad Técnica del Norte,AGROINDUSTRIA ALIMENTARIA,8,asegurarse de que los productos cumplen los requisitos legales,skill/competence,cross-sector,0.8752,http://data.europa.eu/esco/skill/f453b1a6-c7db-4d9d-9ba3-47c45159bfe3
UTN,Universidad Técnica del Norte,AGROINDUSTRIA ALIMENTARIA,9,mejorar procesos químicos,skill/competence,cross-sector,0.872,http://data.europa.eu/esco/skill/451c8010-7dbb-4f96-b4d4-0955766d9eff
UTN,Universidad Técnica del Norte,AGROINDUSTRIA ALIMENTARIA,10,integrar productos nuevos en la cadena de fabricación,skill/competence,cross-sector,0.8716,http://data.europa.eu/esco/skill/8a753714-9a19-4418-9b37-77e79d72c705
UTN,Universidad Técnica del Norte,AGROINDUSTRIA ALIMENTARIA,11,aplicar análisis de peligros y puntos de control crítico,skill/competence,cross-sector,0.8713,http://data.europa.eu/esco/skill/5ba1d5b9-3f8d-46ca-bf9f-2e9ca65d1350
UTN,Universidad Técnica del Norte,AGROINDUSTRIA ALIMENTARIA,12,gestionar la producción de calzado y de artículos de piel y cuero,skill/competence,cross-sector,0.8712,http://data.europa.eu/esco/skill/7e71fbcf-ebf8-4164-829b-e16b68aa9432
UTN,Universidad Técnica del Norte,AGROINDUSTRIA ALIMENTARIA,13,realizar análisis fisicoquímicos en materiales alimentarios,skill/competence,cross-sector,0.8711,http://data.europa.eu/esco/skill/8ff67760-40b6-43fe-a6c5-6f1949fd0f0a
UTN,Universidad Técnica del Norte,AGROINDUSTRIA ALIMENTARIA,14,desarrollar políticas para el control de las enfermedades zoonóticas,skill/competence,cross-sector,0.8705,http://data.europa.eu/esco/skill/fc39a239-f574-4109-b280-cf1f06966bda
UTN,Universidad Técnica del Norte,AGROINDUSTRIA ALIMENTARIA,15,observar la legislación relevante sobre salud seguridad higiene y otros relativa a las comidas,skill/competence,cross-sector,0.8686,http://data.europa.eu/esco/skill/0ff99f51-40d9-42f1-a1ec-377b2bb5e15f
UTN,Universidad Técnica del Norte,AGROINDUSTRIA ALIMENTARIA,16,investigar sobre cómo prevenir el desperdicio de alimentos,skill/competence,cross-sector,0.8683,http://data.europa.eu/esco/skill/bbfb0e36-807c-492f-bed2-267224ba7bc7
UTN,Universidad Técnica del Norte,AGROINDUSTRIA ALIMENTARIA,17,planificar actividades de producción de plantas alimentarias,skill/competence,cross-sector,0.8683,http://data.europa.eu/esco/skill/de2db5d2-966c-4062-ad10-e37386c439e9
UTN,Universidad Técnica del Norte,AGROINDUSTRIA ALIMENTARIA,18,inspeccionar la calidad de los productos,skill/competence,cross-sector,0.868,http://data.europa.eu/esco/skill/1a3660c2-011c-4e96-9b1d-529afc305428
UTN,Universidad Técnica del Norte,AGROINDUSTRIA ALIMENTARIA,19,gestionar el impacto medioambiental de las operaciones,skill/competence,cross-sector,0.8678,http://data.europa.eu/esco/skill/d86babea-bf8b-4552-81a8-daf706066ad6
UTN,Universidad Técnica del Norte,AGROINDUSTRIA ALIMENTARIA,20,planificar procesos de fabricación,skill/competence,cross-sector,0.8677,http://data.europa.eu/esco/skill/7d0f33ea-e724-4d77-8b75-ee4fe66bb9ba
UTN,Universidad Técnica del Norte,AGROINDUSTRIA ALIMENTARIA,21,realizar el control de procesos en la industria de prendas de vestir,skill/competence,cross-sector,0.8675,http://data.europa.eu/esco/skill/58c080f9-71d5-429d-9476-bc9e742d460c
UTN,Universidad Técnica del Norte,AGROINDUSTRIA ALIMENTARIA,22,aconsejar sobre la preparación de alimentos de dieta,skill/competence,cross-sector,0.8663,http://data.europa.eu/esco/skill/f5584cdb-fded-4dfe-b246-ef06f442d3a7
UTN,Universidad Técnica del Norte,AGROINDUSTRIA ALIMENTARIA,23,diseñar indicadores para reducir el desperdicio de alimentos,skill/competence,cross-sector,0.8657,http://data.europa.eu/esco/skill/3936cc7d-d045-4eb0-b951-b862a072c0a2
UTN,Universidad Técnica del Norte,AGROINDUSTRIA ALIMENTARIA,24,gestionar empresas de producción,skill/competence,cross-sector,0.8643,http://data.europa.eu/esco/skill/435d1751-8667-41ec-8b32-865b7cd3c684
UTN,Universidad Técnica del Norte,AGROINDUSTRIA ALIMENTARIA,25,controlar la producción,skill/competence,cross-sector,0.8643,http://data.europa.eu/esco/skill/feceacee-d425-4e73-821a-02dfb85084db
UTN,Universidad Técnica del Norte,COMPUTACIÓN,1,montar máquinas,skill/competence,cross-sector,0.8852,http://data.europa.eu/esco/skill/87a0c0e6-c114-4ea1-b2d0-933bce1f3c5f
UTN,Universidad Técnica del Norte,COMPUTACIÓN,2,resolver problemas de sistemas TIC,skill/competence,cross-sector,0.8826,http://data.europa.eu/esco/skill/9e06bac6-6b91-48ca-8b7d-c1f48cdecd7c
UTN,Universidad Técnica del Norte,COMPUTACIÓN,3,diseñar sistemas de control,skill/competence,cross-sector,0.881,http://data.europa.eu/esco/skill/d560df46-dda4-4407-bab2-b87353a96814
UTN,Universidad Técnica del Norte,COMPUTACIÓN,4,crear soluciones para problemas informativos,skill/competence,cross-sector,0.8773,http://data.europa.eu/esco/skill/4539aeca-b56f-4d03-ba86-8f675a7f2536
UTN,Universidad Técnica del Norte,COMPUTACIÓN,5,Proponer soluciones tecnológicas a problemas empresariales,skill/competence,cross-sector,0.8762,http://data.europa.eu/esco/skill/07e51c60-763a-4335-b4ec-70a15f66d328
UTN,Universidad Técnica del Norte,COMPUTACIÓN,6,gestionar sistemas de instrumentación,skill/competence,cross-sector,0.8761,http://data.europa.eu/esco/skill/5d71a91f-cc72-4b66-b6e3-d75ecc05e235
UTN,Universidad Técnica del Norte,COMPUTACIÓN,7,gestionar los programas públicos,skill/competence,cross-sector,0.8751,http://data.europa.eu/esco/skill/0761f325-13e7-49f4-a41a-ec64ba4e7b9d
UTN,Universidad Técnica del Norte,COMPUTACIÓN,8,ejecutar cálculos matemáticos analíticos,skill/competence,cross-sector,0.8747,http://data.europa.eu/esco/skill/31c69100-b612-4a61-8db5-fd314318854c
UTN,Universidad Técnica del Norte,COMPUTACIÓN,9,resolver problemas técnicos,skill/competence,cross-sector,0.8747,http://data.europa.eu/esco/skill/14832d87-2f2f-4895-b290-e4760ebae42a
UTN,Universidad Técnica del Norte,COMPUTACIÓN,10,garantizar el cumplimiento de la legislación en materia de seguridad,skill/competence,cross-sector,0.8745,http://data.europa.eu/esco/skill/233be639-bdb5-4099-ab40-96d537d6c1f3
UTN,Universidad Técnica del Norte,COMPUTACIÓN,11,asesorar a la clientela acerca de las posibilidades técnicas,skill/competence,cross-sector,0.8745,http://data.europa.eu/esco/skill/7b3abd38-61ae-42a4-88bb-0884784f9ee1
UTN,Universidad Técnica del Norte,COMPUTACIÓN,12,configurar textos en formato digital,skill/competence,cross-sector,0.8738,http://data.europa.eu/esco/skill/9b30c8fd-6467-4d16-99e0-32899a9ceec0
UTN,Universidad Técnica del Norte,COMPUTACIÓN,13,gestionar proyectos de investigación y desarrollo,skill/competence,cross-sector,0.8738,http://data.europa.eu/esco/skill/d5dbc342-8e39-4998-8237-ebbe05a381ce
UTN,Universidad Técnica del Norte,COMPUTACIÓN,14,detectar y corregir errores de las tecnologías de la información y de las comunicaciones,skill/competence,cross-sector,0.8735,http://data.europa.eu/esco/skill/744442ac-c157-4350-8be0-ce454df4f5c5
UTN,Universidad Técnica del Norte,COMPUTACIÓN,15,elaborar estrategias para resolver problemas,skill/competence,cross-sector,0.8726,http://data.europa.eu/esco/skill/7a8fb784-67fa-41e9-a75c-6b491d91f800
UTN,Universidad Técnica del Norte,COMPUTACIÓN,16,supervisar sistemas de gestión ambiental,skill/competence,cross-sector,0.8717,http://data.europa.eu/esco/skill/b13e0689-636d-42d0-86c3-df9d6f85a882
UTN,Universidad Técnica del Norte,COMPUTACIÓN,17,gestionar empresas de producción,skill/competence,cross-sector,0.8715,http://data.europa.eu/esco/skill/435d1751-8667-41ec-8b32-865b7cd3c684
UTN,Universidad Técnica del Norte,COMPUTACIÓN,18,diseñar sistemas electromecánicos,skill/competence,cross-sector,0.8708,http://data.europa.eu/esco/skill/c5422318-3218-4ce9-9bdd-f38b93ff63a3
UTN,Universidad Técnica del Norte,COMPUTACIÓN,19,desarrollar la tecnología de cadena de bloques,skill/competence,cross-sector,0.868,http://data.europa.eu/esco/skill/93b22bbf-ece1-4e2d-8d47-0c9392c5a4fd
UTN,Universidad Técnica del Norte,COMPUTACIÓN,20,desarrollar métodos de purificación de agua,skill/competence,cross-sector,0.8678,http://data.europa.eu/esco/skill/6af000e5-a451-4f78-9feb-723971f2ad05
UTN,Universidad Técnica del Norte,COMPUTACIÓN,21,realizar gestión de clientes,skill/competence,cross-sector,0.8678,http://data.europa.eu/esco/skill/91306a20-9b81-4f3d-97eb-f5368b607da7
UTN,Universidad Técnica del Norte,COMPUTACIÓN,22,supervisar el funcionamiento de los equipos,skill/competence,cross-sector,0.8675,http://data.europa.eu/esco/skill/ca17f0df-59e4-4ed2-9360-fc5325bc7151
UTN,Universidad Técnica del Norte,COMPUTACIÓN,23,crear soluciones para problemas,skill/competence,cross-sector,0.8671,http://data.europa.eu/esco/skill/03b9b491-fc9b-4868-914a-bf7cd47b5041
UTN,Universidad Técnica del Norte,COMPUTACIÓN,24,asesorar sobre sistemas de gestión de riesgos ambientales,skill/competence,cross-sector,0.8669,http://data.europa.eu/esco/skill/a366bfc5-8d17-4792-a9f0-db0951528dda
UTN,Universidad Técnica del Norte,COMPUTACIÓN,25,trabajar de forma organizada,skill/competence,cross-sector,0.8668,http://data.europa.eu/esco/skill/1258cc12-37bb-4a12-b219-9c3d6b294533
UTN,Universidad Técnica del Norte,ELECTRÓNICA Y AUTOMATIZACIÓN,1,diseñar sistemas de control,skill/competence,cross-sector,0.897,http://data.europa.eu/esco/skill/d560df46-dda4-4407-bab2-b87353a96814
UTN,Universidad Técnica del Norte,ELECTRÓNICA Y AUTOMATIZACIÓN,2,montar máquinas,skill/competence,cross-sector,0.8889,http://data.europa.eu/esco/skill/87a0c0e6-c114-4ea1-b2d0-933bce1f3c5f
UTN,Universidad Técnica del Norte,ELECTRÓNICA Y AUTOMATIZACIÓN,3,operar el equipo de empaquetado,skill/competence,cross-sector,0.8885,http://data.europa.eu/esco/skill/f8cd217b-b870-42aa-9bbe-d36b672cbb65
UTN,Universidad Técnica del Norte,ELECTRÓNICA Y AUTOMATIZACIÓN,4,supervisar el funcionamiento de los equipos,skill/competence,cross-sector,0.8855,http://data.europa.eu/esco/skill/ca17f0df-59e4-4ed2-9360-fc5325bc7151
UTN,Universidad Técnica del Norte,ELECTRÓNICA Y AUTOMATIZACIÓN,5,planificar procesos de fabricación,skill/competence,cross-sector,0.8845,http://data.europa.eu/esco/skill/7d0f33ea-e724-4d77-8b75-ee4fe66bb9ba
UTN,Universidad Técnica del Norte,ELECTRÓNICA Y AUTOMATIZACIÓN,6,desarrollar procedimientos de prueba electrónica,skill/competence,cross-sector,0.884,http://data.europa.eu/esco/skill/0de6bca4-f3aa-452a-8e10-d355b2c1bfc4
UTN,Universidad Técnica del Norte,ELECTRÓNICA Y AUTOMATIZACIÓN,7,verificar unidades electrónicas,skill/competence,cross-sector,0.8824,http://data.europa.eu/esco/skill/baf501a8-f0fe-4ad7-9b69-8e920fa1a87b
UTN,Universidad Técnica del Norte,ELECTRÓNICA Y AUTOMATIZACIÓN,8,gestionar empresas de producción,skill/competence,cross-sector,0.8812,http://data.europa.eu/esco/skill/435d1751-8667-41ec-8b32-865b7cd3c684
UTN,Universidad Técnica del Norte,ELECTRÓNICA Y AUTOMATIZACIÓN,9,mantener equipos electrónicos,skill/competence,cross-sector,0.8795,http://data.europa.eu/esco/skill/ba45db8f-34e8-4f29-af0b-e6645e1d693f
UTN,Universidad Técnica del Norte,ELECTRÓNICA Y AUTOMATIZACIÓN,10,gestionar sistemas de instrumentación,skill/competence,cross-sector,0.8788,http://data.europa.eu/esco/skill/5d71a91f-cc72-4b66-b6e3-d75ecc05e235
UTN,Universidad Técnica del Norte,ELECTRÓNICA Y AUTOMATIZACIÓN,11,evaluar el impacto ambiental de yacimientos y zonas industriales,skill/competence,cross-sector,0.8755,http://data.europa.eu/esco/skill/f12f094b-492f-4e88-b36b-50b8e58b7500
UTN,Universidad Técnica del Norte,ELECTRÓNICA Y AUTOMATIZACIÓN,12,gestionar la instalación de estructuras para eventos,skill/competence,cross-sector,0.8753,http://data.europa.eu/esco/skill/0e503b48-5491-4529-879e-b112251f8d50
UTN,Universidad Técnica del Norte,ELECTRÓNICA Y AUTOMATIZACIÓN,13,diseñar sistemas electrónicos,skill/competence,cross-sector,0.8728,http://data.europa.eu/esco/skill/feb717ff-fba6-4a91-aa10-ee11cf2da6b4
UTN,Universidad Técnica del Norte,ELECTRÓNICA Y AUTOMATIZACIÓN,14,diseñar sistemas eléctricos,skill/competence,cross-sector,0.8726,http://data.europa.eu/esco/skill/05010f6c-0b40-4525-ac4a-057d46a2b6f4
UTN,Universidad Técnica del Norte,ELECTRÓNICA Y AUTOMATIZACIÓN,15,evaluar las necesidades energéticas,skill/competence,cross-sector,0.8724,http://data.europa.eu/esco/skill/36fccad9-1d20-4104-bcc2-a8ea9d1ce5ea
UTN,Universidad Técnica del Norte,ELECTRÓNICA Y AUTOMATIZACIÓN,16,controlar maquinaria pesada,skill/competence,cross-sector,0.8724,http://data.europa.eu/esco/skill/4853efe8-0cdd-42d1-bc5a-6ba5fa9a8b2c
UTN,Universidad Técnica del Norte,ELECTRÓNICA Y AUTOMATIZACIÓN,17,diseñar sistemas electromecánicos,skill/competence,cross-sector,0.8722,http://data.europa.eu/esco/skill/c5422318-3218-4ce9-9bdd-f38b93ff63a3
UTN,Universidad Técnica del Norte,ELECTRÓNICA Y AUTOMATIZACIÓN,18,garantizar el cumplimiento de la legislación en materia de seguridad,skill/competence,cross-sector,0.8716,http://data.europa.eu/esco/skill/233be639-bdb5-4099-ab40-96d537d6c1f3
UTN,Universidad Técnica del Norte,ELECTRÓNICA Y AUTOMATIZACIÓN,19,realizar actividades de gestión energética en instalaciones,skill/competence,cross-sector,0.8713,http://data.europa.eu/esco/skill/885808f7-f42b-406e-95f2-28efcd45ddda
UTN,Universidad Técnica del Norte,ELECTRÓNICA Y AUTOMATIZACIÓN,20,mantener motores eléctricos,skill/competence,cross-sector,0.8713,http://data.europa.eu/esco/skill/2876970d-90af-45bd-9cfd-c0af757947ea
UTN,Universidad Técnica del Norte,ELECTRÓNICA Y AUTOMATIZACIÓN,21,supervisar operaciones de ensamblado,skill/competence,cross-sector,0.8707,http://data.europa.eu/esco/skill/6b9194f0-f8bb-4b9a-96a5-2203c9c2671b
UTN,Universidad Técnica del Norte,ELECTRÓNICA Y AUTOMATIZACIÓN,22,actuar de enlace con profesionales del sector,skill/competence,cross-sector,0.8707,http://data.europa.eu/esco/skill/d1317634-ccea-44d0-9cdc-c863f9bf856b
UTN,Universidad Técnica del Norte,ELECTRÓNICA Y AUTOMATIZACIÓN,23,resolver problemas técnicos,skill/competence,cross-sector,0.8705,http://data.europa.eu/esco/skill/14832d87-2f2f-4895-b290-e4760ebae42a
UTN,Universidad Técnica del Norte,ELECTRÓNICA Y AUTOMATIZACIÓN,24,mejorar procesos químicos,skill/competence,cross-sector,0.8701,http://data.europa.eu/esco/skill/451c8010-7dbb-4f96-b4d4-0955766d9eff
UTN,Universidad Técnica del Norte,ELECTRÓNICA Y AUTOMATIZACIÓN,25,montar luces,skill/competence,cross-sector,0.87,http://data.europa.eu/esco/skill/9cc78400-9ba9-4ffd-9ef5-59e2cd657035
UTN,Universidad Técnica del Norte,INGENIERÍA CIVIL,1,gestionar los programas públicos,skill/competence,cross-sector,0.8844,http://data.europa.eu/esco/skill/0761f325-13e7-49f4-a41a-ec64ba4e7b9d
UTN,Universidad Técnica del Norte,INGENIERÍA CIVIL,2,garantizar el cumplimiento de los plazos de construcción,skill/competence,cross-sector,0.8833,http://data.europa.eu/esco/skill/6181f475-110c-497c-a46d-ed2e14e7bc90
UTN,Universidad Técnica del Norte,INGENIERÍA CIVIL,3,vigilar el cumplimiento de los parámetros de los proyectos de construcción,skill/competence,cross-sector,0.883,http://data.europa.eu/esco/skill/3dd3dfa7-51c0-40ef-af46-e2df300489f6
UTN,Universidad Técnica del Norte,INGENIERÍA CIVIL,4,supervisar obras de construcción,skill/competence,cross-sector,0.8806,http://data.europa.eu/esco/skill/fc1a75bb-70e3-4005-881f-7709bf7b0ed4
UTN,Universidad Técnica del Norte,INGENIERÍA CIVIL,5,evaluar el impacto ambiental de yacimientos y zonas industriales,skill/competence,cross-sector,0.8788,http://data.europa.eu/esco/skill/f12f094b-492f-4e88-b36b-50b8e58b7500
UTN,Universidad Técnica del Norte,INGENIERÍA CIVIL,6,supervisar el trabajo de planificación del diseño,skill/competence,cross-sector,0.8787,http://data.europa.eu/esco/skill/03227978-f839-4cc8-88a6-0a3c44d2c776
UTN,Universidad Técnica del Norte,INGENIERÍA CIVIL,7,examinar las infraestructuras civiles,skill/competence,cross-sector,0.8756,http://data.europa.eu/esco/skill/d48b3cfe-80b6-406f-b582-d959b60417f8
UTN,Universidad Técnica del Norte,INGENIERÍA CIVIL,8,revisar proyectos de construcción,skill/competence,cross-sector,0.8746,http://data.europa.eu/esco/skill/ea9fc9d9-c602-4430-a7fc-edac7429a6a8
UTN,Universidad Técnica del Norte,INGENIERÍA CIVIL,9,supervisar un proyecto de construcción,skill/competence,cross-sector,0.8726,http://data.europa.eu/esco/skill/1de548e0-9535-4d2e-9d20-d4474c1ea813
UTN,Universidad Técnica del Norte,INGENIERÍA CIVIL,10,asesorar sobre temas de construcción,skill/competence,cross-sector,0.8721,http://data.europa.eu/esco/skill/3b64ab47-a874-403a-b781-7b23c2fc3c6c
UTN,Universidad Técnica del Norte,INGENIERÍA CIVIL,11,someter a auditorías a los contratistas,skill/competence,cross-sector,0.872,http://data.europa.eu/esco/skill/0520d8ba-3c24-4f75-a8b0-f883ddeed82d
UTN,Universidad Técnica del Norte,INGENIERÍA CIVIL,12,asesorar sobre el uso de terrenos,skill/competence,cross-sector,0.8715,http://data.europa.eu/esco/skill/8b46636e-e201-4086-a8d5-049b65eaf40e
UTN,Universidad Técnica del Norte,INGENIERÍA CIVIL,13,coordinar con expertos ferroviarios,skill/competence,cross-sector,0.8715,http://data.europa.eu/esco/skill/6172948e-5d52-4f94-a617-278a9013a8ae
UTN,Universidad Técnica del Norte,INGENIERÍA CIVIL,14,supervisar sistemas de gestión ambiental,skill/competence,cross-sector,0.8703,http://data.europa.eu/esco/skill/b13e0689-636d-42d0-86c3-df9d6f85a882
UTN,Universidad Técnica del Norte,INGENIERÍA CIVIL,15,supervisar operaciones informativas diarias,skill/competence,cross-sector,0.8691,http://data.europa.eu/esco/skill/9013b46e-5a9b-4929-8918-fcadfdfd37ce
UTN,Universidad Técnica del Norte,INGENIERÍA CIVIL,16,proteger humedales en el desarrollo de proyectos,skill/competence,cross-sector,0.8687,http://data.europa.eu/esco/skill/e2028206-3060-4e81-8350-77baefabefde
UTN,Universidad Técnica del Norte,INGENIERÍA CIVIL,17,coordinar asociaciones público-privadas de turismo,skill/competence,cross-sector,0.8654,http://data.europa.eu/esco/skill/73b87890-d2ec-4842-b824-b4851ff12051
UTN,Universidad Técnica del Norte,INGENIERÍA CIVIL,18,coordinar equipos de ingeniería,skill/competence,cross-sector,0.8653,http://data.europa.eu/esco/skill/7af6e9e8-1e11-4c0b-b7c6-ac96bbbbc674
UTN,Universidad Técnica del Norte,INGENIERÍA CIVIL,19,coordinar el envío de materiales reciclables,skill/competence,cross-sector,0.8641,http://data.europa.eu/esco/skill/9d04490c-cea5-4765-a15e-99c46b543c1d
UTN,Universidad Técnica del Norte,INGENIERÍA CIVIL,20,gestionar la instalación de estructuras para eventos,skill/competence,cross-sector,0.8632,http://data.europa.eu/esco/skill/0e503b48-5491-4529-879e-b112251f8d50
UTN,Universidad Técnica del Norte,INGENIERÍA CIVIL,21,comprobar la conformidad de la construcción respecto de la normativa vigente,skill/competence,cross-sector,0.8616,http://data.europa.eu/esco/skill/1b71f0d0-8e57-44dc-aaa0-3ee6fbb59991
UTN,Universidad Técnica del Norte,INGENIERÍA CIVIL,22,elaborar planos,skill/competence,cross-sector,0.8615,http://data.europa.eu/esco/skill/bf59255e-782a-4e83-a93c-6055cfdd8e7f
UTN,Universidad Técnica del Norte,INGENIERÍA CIVIL,23,asesorar sobre temas relacionados con la meteorología,skill/competence,cross-sector,0.8614,http://data.europa.eu/esco/skill/274ad409-c740-4e85-852b-7e3f3168b9ca
UTN,Universidad Técnica del Norte,INGENIERÍA CIVIL,24,supervisar los cursos prácticos,skill/competence,cross-sector,0.8613,http://data.europa.eu/esco/skill/d2e42e14-80be-48cd-bb0e-ea2f0892f951
UTN,Universidad Técnica del Norte,INGENIERÍA CIVIL,25,supervisar el funcionamiento de los equipos,skill/competence,cross-sector,0.8609,http://data.europa.eu/esco/skill/ca17f0df-59e4-4ed2-9360-fc5325bc7151
UTN,Universidad Técnica del Norte,MECATRÓNICA,1,mecatrónica,knowledge,cross-sector,0.8879,http://data.europa.eu/esco/skill/d88cb3f1-8e02-4618-bf32-4b0488066934
UTN,Universidad Técnica del Norte,MECATRÓNICA,2,diseñar sistemas electromecánicos,skill/competence,cross-sector,0.8811,http://data.europa.eu/esco/skill/c5422318-3218-4ce9-9bdd-f38b93ff63a3
UTN,Universidad Técnica del Norte,MECATRÓNICA,3,planificar procesos de fabricación,skill/competence,cross-sector,0.8794,http://data.europa.eu/esco/skill/7d0f33ea-e724-4d77-8b75-ee4fe66bb9ba
UTN,Universidad Técnica del Norte,MECATRÓNICA,4,diseñar sistemas de control,skill/competence,cross-sector,0.8787,http://data.europa.eu/esco/skill/d560df46-dda4-4407-bab2-b87353a96814
UTN,Universidad Técnica del Norte,MECATRÓNICA,5,diseñar componentes de automatización,skill/competence,cross-sector,0.8783,http://data.europa.eu/esco/skill/f96f5aa5-6ed7-40dc-a431-68b0a09d6d4b
UTN,Universidad Técnica del Norte,MECATRÓNICA,6,integrar productos nuevos en la cadena de fabricación,skill/competence,cross-sector,0.875,http://data.europa.eu/esco/skill/8a753714-9a19-4418-9b37-77e79d72c705
UTN,Universidad Técnica del Norte,MECATRÓNICA,7,montar máquinas,skill/competence,cross-sector,0.8735,http://data.europa.eu/esco/skill/87a0c0e6-c114-4ea1-b2d0-933bce1f3c5f
UTN,Universidad Técnica del Norte,MECATRÓNICA,8,mejorar procesos químicos,skill/competence,cross-sector,0.8724,http://data.europa.eu/esco/skill/451c8010-7dbb-4f96-b4d4-0955766d9eff
UTN,Universidad Técnica del Norte,MECATRÓNICA,9,diseñar sistemas microelectromecánicos,skill/competence,cross-sector,0.8696,http://data.europa.eu/esco/skill/c022ff1b-7783-4e64-89ef-0422c81ff51f
UTN,Universidad Técnica del Norte,MECATRÓNICA,10,diseñar planos técnicos,skill/competence,cross-sector,0.8687,http://data.europa.eu/esco/skill/5c98825f-146d-4d35-97cf-207b2afd9ae2
UTN,Universidad Técnica del Norte,MECATRÓNICA,11,controlar maquinaria pesada,skill/competence,cross-sector,0.8677,http://data.europa.eu/esco/skill/4853efe8-0cdd-42d1-bc5a-6ba5fa9a8b2c
UTN,Universidad Técnica del Norte,MECATRÓNICA,12,robótica,knowledge,cross-sector,0.8664,http://data.europa.eu/esco/skill/e87ec79a-c9ff-46f5-84fa-7a0f394cdf40
UTN,Universidad Técnica del Norte,MECATRÓNICA,13,desarrollar nuevas técnicas de soldadura,skill/competence,cross-sector,0.8638,http://data.europa.eu/esco/skill/d73a88a6-6325-4c2b-887c-5d598580afad
UTN,Universidad Técnica del Norte,MECATRÓNICA,14,desarrollar sistemas de instrumentación,skill/competence,cross-sector,0.8632,http://data.europa.eu/esco/skill/d8c19849-f4cf-458d-90cd-abe735a729bf
UTN,Universidad Técnica del Norte,MECATRÓNICA,15,actuar de enlace con profesionales del sector,skill/competence,cross-sector,0.863,http://data.europa.eu/esco/skill/d1317634-ccea-44d0-9cdc-c863f9bf856b
UTN,Universidad Técnica del Norte,MECATRÓNICA,16,desarrollar normas y procedimientos de fabricación,skill/competence,cross-sector,0.8627,http://data.europa.eu/esco/skill/764db027-9063-4468-acb3-c73ecfc76f35
UTN,Universidad Técnica del Norte,MECATRÓNICA,17,diseñar circuitos mediante programas de diseño asistido por ordenador,skill/competence,cross-sector,0.8623,http://data.europa.eu/esco/skill/9ba355be-f119-42b6-a7d6-52f6ce2e4a3f
UTN,Universidad Técnica del Norte,MECATRÓNICA,18,asesorar a la clientela acerca de las posibilidades técnicas,skill/competence,cross-sector,0.862,http://data.europa.eu/esco/skill/7b3abd38-61ae-42a4-88bb-0884784f9ee1
UTN,Universidad Técnica del Norte,MECATRÓNICA,19,realizar diseños técnicos de artículos de moda,skill/competence,cross-sector,0.8613,http://data.europa.eu/esco/skill/881cd4ec-5b52-46c6-abc4-60551d58b355
UTN,Universidad Técnica del Norte,MECATRÓNICA,20,aplicar métodos de producción avanzados,skill/competence,cross-sector,0.861,http://data.europa.eu/esco/skill/4f0e579d-ca7b-427c-ace6-9e2de3eb19c7
UTN,Universidad Técnica del Norte,MECATRÓNICA,21,realizar trabajos técnicos difíciles,skill/competence,cross-sector,0.8609,http://data.europa.eu/esco/skill/2d780738-9b34-40a3-adbb-590001f6ff86
UTN,Universidad Técnica del Norte,MECATRÓNICA,22,supervisar el funcionamiento de los equipos,skill/competence,cross-sector,0.8606,http://data.europa.eu/esco/skill/ca17f0df-59e4-4ed2-9360-fc5325bc7151
UTN,Universidad Técnica del Norte,MECATRÓNICA,23,gestionar sistemas de instrumentación,skill/competence,cross-sector,0.8601,http://data.europa.eu/esco/skill/5d71a91f-cc72-4b66-b6e3-d75ecc05e235
UTN,Universidad Técnica del Norte,MECATRÓNICA,24,elaborar planos,skill/competence,cross-sector,0.8598,http://data.europa.eu/esco/skill/bf59255e-782a-4e83-a93c-6055cfdd8e7f
UTN,Universidad Técnica del Norte,MECATRÓNICA,25,gestionar proyectos de investigación y desarrollo,skill/competence,cross-sector,0.8598,http://data.europa.eu/esco/skill/d5dbc342-8e39-4998-8237-ebbe05a381ce
UTN,Universidad Técnica del Norte,SISTEMAS DE INFORMACIÓN,1,crear soluciones para problemas informativos,skill/competence,cross-sector,0.8892,http://data.europa.eu/esco/skill/4539aeca-b56f-4d03-ba86-8f675a7f2536
UTN,Universidad Técnica del Norte,SISTEMAS DE INFORMACIÓN,2,gestionar sistemas de instrumentación,skill/competence,cross-sector,0.8882,http://data.europa.eu/esco/skill/5d71a91f-cc72-4b66-b6e3-d75ecc05e235
UTN,Universidad Técnica del Norte,SISTEMAS DE INFORMACIÓN,3,resolver problemas de sistemas TIC,skill/competence,cross-sector,0.8851,http://data.europa.eu/esco/skill/9e06bac6-6b91-48ca-8b7d-c1f48cdecd7c
UTN,Universidad Técnica del Norte,SISTEMAS DE INFORMACIÓN,4,montar máquinas,skill/competence,cross-sector,0.8827,http://data.europa.eu/esco/skill/87a0c0e6-c114-4ea1-b2d0-933bce1f3c5f
UTN,Universidad Técnica del Norte,SISTEMAS DE INFORMACIÓN,5,"gestionar datos, información y contenido digitales",skill/competence,cross-sector,0.881,http://data.europa.eu/esco/skill/4d97e3c3-f335-47cc-a4ee-0d779fd42222
UTN,Universidad Técnica del Norte,SISTEMAS DE INFORMACIÓN,6,configurar textos en formato digital,skill/competence,cross-sector,0.8809,http://data.europa.eu/esco/skill/9b30c8fd-6467-4d16-99e0-32899a9ceec0
UTN,Universidad Técnica del Norte,SISTEMAS DE INFORMACIÓN,7,diseñar sistemas de control,skill/competence,cross-sector,0.8806,http://data.europa.eu/esco/skill/d560df46-dda4-4407-bab2-b87353a96814
UTN,Universidad Técnica del Norte,SISTEMAS DE INFORMACIÓN,8,detectar necesidades tecnológicas,skill/competence,cross-sector,0.8793,http://data.europa.eu/esco/skill/42fcf80d-7b45-40f3-bd2f-5411c4c0dfa0
UTN,Universidad Técnica del Norte,SISTEMAS DE INFORMACIÓN,9,resolver problemas técnicos,skill/competence,cross-sector,0.8787,http://data.europa.eu/esco/skill/14832d87-2f2f-4895-b290-e4760ebae42a
UTN,Universidad Técnica del Norte,SISTEMAS DE INFORMACIÓN,10,detectar y corregir errores de las tecnologías de la información y de las comunicaciones,skill/competence,cross-sector,0.8772,http://data.europa.eu/esco/skill/744442ac-c157-4350-8be0-ce454df4f5c5
UTN,Universidad Técnica del Norte,SISTEMAS DE INFORMACIÓN,11,ejecutar cálculos matemáticos analíticos,skill/competence,cross-sector,0.8759,http://data.europa.eu/esco/skill/31c69100-b612-4a61-8db5-fd314318854c
UTN,Universidad Técnica del Norte,SISTEMAS DE INFORMACIÓN,12,Proponer soluciones tecnológicas a problemas empresariales,skill/competence,cross-sector,0.8748,http://data.europa.eu/esco/skill/07e51c60-763a-4335-b4ec-70a15f66d328
UTN,Universidad Técnica del Norte,SISTEMAS DE INFORMACIÓN,13,asesorar a la clientela acerca de las posibilidades técnicas,skill/competence,cross-sector,0.8745,http://data.europa.eu/esco/skill/7b3abd38-61ae-42a4-88bb-0884784f9ee1
UTN,Universidad Técnica del Norte,SISTEMAS DE INFORMACIÓN,14,crear soluciones para problemas,skill/competence,cross-sector,0.8744,http://data.europa.eu/esco/skill/03b9b491-fc9b-4868-914a-bf7cd47b5041
UTN,Universidad Técnica del Norte,SISTEMAS DE INFORMACIÓN,15,gestionar proyectos de investigación y desarrollo,skill/competence,cross-sector,0.874,http://data.europa.eu/esco/skill/d5dbc342-8e39-4998-8237-ebbe05a381ce
UTN,Universidad Técnica del Norte,SISTEMAS DE INFORMACIÓN,16,asesorar sobre estrategias de mercado,skill/competence,cross-sector,0.8739,http://data.europa.eu/esco/skill/34d6ed30-5d35-44b9-9498-fd15badb5f28
UTN,Universidad Técnica del Norte,SISTEMAS DE INFORMACIÓN,17,supervisar sistemas de gestión ambiental,skill/competence,cross-sector,0.8732,http://data.europa.eu/esco/skill/b13e0689-636d-42d0-86c3-df9d6f85a882
UTN,Universidad Técnica del Norte,SISTEMAS DE INFORMACIÓN,18,realizar gestión de clientes,skill/competence,cross-sector,0.8728,http://data.europa.eu/esco/skill/91306a20-9b81-4f3d-97eb-f5368b607da7
UTN,Universidad Técnica del Norte,SISTEMAS DE INFORMACIÓN,19,verificar unidades electrónicas,skill/competence,cross-sector,0.8725,http://data.europa.eu/esco/skill/baf501a8-f0fe-4ad7-9b69-8e920fa1a87b
UTN,Universidad Técnica del Norte,SISTEMAS DE INFORMACIÓN,20,gestionar empresas de producción,skill/competence,cross-sector,0.8711,http://data.europa.eu/esco/skill/435d1751-8667-41ec-8b32-865b7cd3c684
UTN,Universidad Técnica del Norte,SISTEMAS DE INFORMACIÓN,21,"navegar, buscar y filtrar datos, información y contenido digitales",skill/competence,cross-sector,0.8704,http://data.europa.eu/esco/skill/e439742d-558d-4f52-885e-afdc740b48cf
UTN,Universidad Técnica del Norte,SISTEMAS DE INFORMACIÓN,22,asesorar sobre sistemas de gestión de riesgos ambientales,skill/competence,cross-sector,0.8695,http://data.europa.eu/esco/skill/a366bfc5-8d17-4792-a9f0-db0951528dda
UTN,Universidad Técnica del Norte,SISTEMAS DE INFORMACIÓN,23,supervisar el funcionamiento de los equipos,skill/competence,cross-sector,0.8692,http://data.europa.eu/esco/skill/ca17f0df-59e4-4ed2-9360-fc5325bc7151
UTN,Universidad Técnica del Norte,SISTEMAS DE INFORMACIÓN,24,analizar modelos de negocio,skill/competence,cross-sector,0.8691,http://data.europa.eu/esco/skill/3c1cbc5e-2220-4f45-bcc8-3d52c8c9cae0
UTN,Universidad Técnica del Norte,SISTEMAS DE INFORMACIÓN,25,elaborar estrategias para resolver problemas,skill/competence,cross-sector,0.869,http://data.europa.eu/esco/skill/7a8fb784-67fa-41e9-a75c-6b491d91f800
UTN,Universidad Técnica del Norte,TELECOMUNICACIONES,1,coordinar comunicaciones remotas,skill/competence,cross-sector,0.8823,http://data.europa.eu/esco/skill/9bafaea2-76cd-4532-ab77-8b3d21fa6235
UTN,Universidad Técnica del Norte,TELECOMUNICACIONES,2,gestionar los programas públicos,skill/competence,cross-sector,0.8757,http://data.europa.eu/esco/skill/0761f325-13e7-49f4-a41a-ec64ba4e7b9d
UTN,Universidad Técnica del Norte,TELECOMUNICACIONES,3,resolver problemas técnicos,skill/competence,cross-sector,0.875,http://data.europa.eu/esco/skill/14832d87-2f2f-4895-b290-e4760ebae42a
UTN,Universidad Técnica del Norte,TELECOMUNICACIONES,4,configurar textos en formato digital,skill/competence,cross-sector,0.8728,http://data.europa.eu/esco/skill/9b30c8fd-6467-4d16-99e0-32899a9ceec0
UTN,Universidad Técnica del Norte,TELECOMUNICACIONES,5,actuar de enlace con profesionales del sector,skill/competence,cross-sector,0.8725,http://data.europa.eu/esco/skill/d1317634-ccea-44d0-9cdc-c863f9bf856b
UTN,Universidad Técnica del Norte,TELECOMUNICACIONES,6,detectar y corregir errores de las tecnologías de la información y de las comunicaciones,skill/competence,cross-sector,0.8725,http://data.europa.eu/esco/skill/744442ac-c157-4350-8be0-ce454df4f5c5
UTN,Universidad Técnica del Norte,TELECOMUNICACIONES,7,comunicar cuestiones técnicas a los clientes,skill/competence,cross-sector,0.8694,http://data.europa.eu/esco/skill/652da95d-b336-497a-bce5-1c29a674eecb
UTN,Universidad Técnica del Norte,TELECOMUNICACIONES,8,crear soluciones para problemas informativos,skill/competence,cross-sector,0.8688,http://data.europa.eu/esco/skill/4539aeca-b56f-4d03-ba86-8f675a7f2536
UTN,Universidad Técnica del Norte,TELECOMUNICACIONES,9,gestionar las comunicaciones visuales,skill/competence,cross-sector,0.8687,http://data.europa.eu/esco/skill/50b96d21-f2eb-4f35-a8d3-77eee15ef51f
UTN,Universidad Técnica del Norte,TELECOMUNICACIONES,10,evaluar el impacto ambiental de yacimientos y zonas industriales,skill/competence,cross-sector,0.8682,http://data.europa.eu/esco/skill/f12f094b-492f-4e88-b36b-50b8e58b7500
UTN,Universidad Técnica del Norte,TELECOMUNICACIONES,11,supervisar el funcionamiento de los equipos,skill/competence,cross-sector,0.868,http://data.europa.eu/esco/skill/ca17f0df-59e4-4ed2-9360-fc5325bc7151
UTN,Universidad Técnica del Norte,TELECOMUNICACIONES,12,resolver problemas de sistemas TIC,skill/competence,cross-sector,0.8673,http://data.europa.eu/esco/skill/9e06bac6-6b91-48ca-8b7d-c1f48cdecd7c
UTN,Universidad Técnica del Norte,TELECOMUNICACIONES,13,gestionar proyectos de investigación y desarrollo,skill/competence,cross-sector,0.8673,http://data.europa.eu/esco/skill/d5dbc342-8e39-4998-8237-ebbe05a381ce
UTN,Universidad Técnica del Norte,TELECOMUNICACIONES,14,asesorar a la clientela acerca de las posibilidades técnicas,skill/competence,cross-sector,0.8664,http://data.europa.eu/esco/skill/7b3abd38-61ae-42a4-88bb-0884784f9ee1
UTN,Universidad Técnica del Norte,TELECOMUNICACIONES,15,Proponer soluciones tecnológicas a problemas empresariales,skill/competence,cross-sector,0.866,http://data.europa.eu/esco/skill/07e51c60-763a-4335-b4ec-70a15f66d328
UTN,Universidad Técnica del Norte,TELECOMUNICACIONES,16,montar máquinas,skill/competence,cross-sector,0.8657,http://data.europa.eu/esco/skill/87a0c0e6-c114-4ea1-b2d0-933bce1f3c5f
UTN,Universidad Técnica del Norte,TELECOMUNICACIONES,17,coordinar equipos de ingeniería,skill/competence,cross-sector,0.8652,http://data.europa.eu/esco/skill/7af6e9e8-1e11-4c0b-b7c6-ac96bbbbc674
UTN,Universidad Técnica del Norte,TELECOMUNICACIONES,18,detectar necesidades tecnológicas,skill/competence,cross-sector,0.8648,http://data.europa.eu/esco/skill/42fcf80d-7b45-40f3-bd2f-5411c4c0dfa0
UTN,Universidad Técnica del Norte,TELECOMUNICACIONES,19,sector de las telecomunicaciones,knowledge,cross-sector,0.8639,http://data.europa.eu/esco/skill/60b44dab-03f1-46de-be08-0e5ba8662b3d
UTN,Universidad Técnica del Norte,TELECOMUNICACIONES,20,mantenerse informado de las novedades en un sector determinado,skill/competence,cross-sector,0.8633,http://data.europa.eu/esco/skill/efda73b4-5212-40a7-b2f8-d2f754ffdf2b
UTN,Universidad Técnica del Norte,TELECOMUNICACIONES,21,garantizar el cumplimiento de la legislación en materia de seguridad,skill/competence,cross-sector,0.8629,http://data.europa.eu/esco/skill/233be639-bdb5-4099-ab40-96d537d6c1f3
UTN,Universidad Técnica del Norte,TELECOMUNICACIONES,22,desarrollar una red profesional,skill/competence,cross-sector,0.8629,http://data.europa.eu/esco/skill/bf5d77ad-e18c-48d8-83f0-bc79c011c74a
UTN,Universidad Técnica del Norte,TELECOMUNICACIONES,23,coordinar con expertos ferroviarios,skill/competence,cross-sector,0.8628,http://data.europa.eu/esco/skill/6172948e-5d52-4f94-a617-278a9013a8ae
UTN,Universidad Técnica del Norte,TELECOMUNICACIONES,24,comunicarse con los jefes y directivos,skill/competence,cross-sector,0.8624,http://data.europa.eu/esco/skill/f14ff4b7-be1e-4b55-b39b-520005f8a97e
UTN,Universidad Técnica del Norte,TELECOMUNICACIONES,25,asesorar sobre estrategias de comunicación,skill/competence,cross-sector,0.862,http://data.europa.eu/esco/skill/69f36674-440a-4fa0-89f9-1b70172ebb9d
UTM,Universidad Técnica de Manabí,ADMINISTRACIÓN DE EMPRESAS,1,gestionar empresas de producción,skill/competence,cross-sector,0.91,http://data.europa.eu/esco/skill/435d1751-8667-41ec-8b32-865b7cd3c684
UTM,Universidad Técnica de Manabí,ADMINISTRACIÓN DE EMPRESAS,2,realizar diversas tareas organizativas en la empresa,skill/competence,cross-sector,0.8977,http://data.europa.eu/esco/skill/01755f08-4df4-4cf0-8d22-08f94cad68b5
UTM,Universidad Técnica de Manabí,ADMINISTRACIÓN DE EMPRESAS,3,elaborar estrategias para resolver problemas,skill/competence,cross-sector,0.8933,http://data.europa.eu/esco/skill/7a8fb784-67fa-41e9-a75c-6b491d91f800
UTM,Universidad Técnica de Manabí,ADMINISTRACIÓN DE EMPRESAS,4,gestionar recursos humanos,skill/competence,cross-sector,0.8926,http://data.europa.eu/esco/skill/339ac029-066a-4985-9f9d-b3d7c8fea0bb
UTM,Universidad Técnica de Manabí,ADMINISTRACIÓN DE EMPRESAS,5,elaborar las estrategias empresariales,skill/competence,cross-sector,0.8885,http://data.europa.eu/esco/skill/ba2c6181-b036-40b4-8f6d-51499463ccbb
UTM,Universidad Técnica de Manabí,ADMINISTRACIÓN DE EMPRESAS,6,asesorar sobre gestión de conflictos,skill/competence,cross-sector,0.8885,http://data.europa.eu/esco/skill/9091c8e5-9357-4c29-bceb-ddb1792c22e8
UTM,Universidad Técnica de Manabí,ADMINISTRACIÓN DE EMPRESAS,7,gestionar proyectos de investigación y desarrollo,skill/competence,cross-sector,0.8866,http://data.europa.eu/esco/skill/d5dbc342-8e39-4998-8237-ebbe05a381ce
UTM,Universidad Técnica de Manabí,ADMINISTRACIÓN DE EMPRESAS,8,ejercer el control del gasto,skill/competence,cross-sector,0.8862,http://data.europa.eu/esco/skill/b08ec8ff-1a3e-4cc3-8016-9520b21666a6
UTM,Universidad Técnica de Manabí,ADMINISTRACIÓN DE EMPRESAS,9,mejorar procesos empresariales,skill/competence,cross-sector,0.8861,http://data.europa.eu/esco/skill/75b30aeb-34c0-40f4-b77d-271d75a98b14
UTM,Universidad Técnica de Manabí,ADMINISTRACIÓN DE EMPRESAS,10,participar en las operaciones cotidianas de la empresa,skill/competence,cross-sector,0.8856,http://data.europa.eu/esco/skill/ce4cbc3a-bde0-43b4-9526-e643c4fe5b04
UTM,Universidad Técnica de Manabí,ADMINISTRACIÓN DE EMPRESAS,11,realizar gestión de clientes,skill/competence,cross-sector,0.8853,http://data.europa.eu/esco/skill/91306a20-9b81-4f3d-97eb-f5368b607da7
UTM,Universidad Técnica de Manabí,ADMINISTRACIÓN DE EMPRESAS,12,gestionar los aspectos financieros de una empresa,skill/competence,cross-sector,0.8841,http://data.europa.eu/esco/skill/fa6acfc3-0a4f-4192-b77d-80e94d0faf2a
UTM,Universidad Técnica de Manabí,ADMINISTRACIÓN DE EMPRESAS,13,formar equipos dentro de la empresa en base a las competencias,skill/competence,cross-sector,0.8837,http://data.europa.eu/esco/skill/f1155d3f-fbca-4298-a31c-f6955653bacf
UTM,Universidad Técnica de Manabí,ADMINISTRACIÓN DE EMPRESAS,14,asesorar sobre estrategias de mercado,skill/competence,cross-sector,0.8837,http://data.europa.eu/esco/skill/34d6ed30-5d35-44b9-9498-fd15badb5f28
UTM,Universidad Técnica de Manabí,ADMINISTRACIÓN DE EMPRESAS,15,gestionar los programas públicos,skill/competence,cross-sector,0.8836,http://data.europa.eu/esco/skill/0761f325-13e7-49f4-a41a-ec64ba4e7b9d
UTM,Universidad Técnica de Manabí,ADMINISTRACIÓN DE EMPRESAS,16,gestionar programas de formación en la empresa,skill/competence,cross-sector,0.8835,http://data.europa.eu/esco/skill/6e66fa0f-4d3b-415e-9693-dc556eb5112a
UTM,Universidad Técnica de Manabí,ADMINISTRACIÓN DE EMPRESAS,17,gestionar presupuestos,skill/competence,cross-sector,0.883,http://data.europa.eu/esco/skill/21c5790c-0930-4d74-b3b0-84caf5af12ea
UTM,Universidad Técnica de Manabí,ADMINISTRACIÓN DE EMPRESAS,18,gestionar recursos empresariales,skill/competence,cross-sector,0.8822,http://data.europa.eu/esco/skill/911e13ee-1eec-4243-88c8-3c08a3681a19
UTM,Universidad Técnica de Manabí,ADMINISTRACIÓN DE EMPRESAS,19,elaborar políticas de economía,skill/competence,cross-sector,0.8816,http://data.europa.eu/esco/skill/8394fefb-f62a-48c0-a156-3117cefdb9b3
UTM,Universidad Técnica de Manabí,ADMINISTRACIÓN DE EMPRESAS,20,desarrollar estrategias de comunicación,skill/competence,cross-sector,0.8811,http://data.europa.eu/esco/skill/3c834f6e-523a-49ee-8ed1-e073e28ae6fe
UTM,Universidad Técnica de Manabí,ADMINISTRACIÓN DE EMPRESAS,21,tomar decisiones empresariales estratégicas,skill/competence,cross-sector,0.8808,http://data.europa.eu/esco/skill/f60c9e52-95fc-4ca1-a73c-18a491153b63
UTM,Universidad Técnica de Manabí,ADMINISTRACIÓN DE EMPRESAS,22,respetar las normas internas de una empresa,skill/competence,cross-sector,0.8799,http://data.europa.eu/esco/skill/f5f5b244-6cea-4fbc-8a50-8f712791bc09
UTM,Universidad Técnica de Manabí,ADMINISTRACIÓN DE EMPRESAS,23,asesorar sobre estrategias de comunicación,skill/competence,cross-sector,0.8798,http://data.europa.eu/esco/skill/69f36674-440a-4fa0-89f9-1b70172ebb9d
UTM,Universidad Técnica de Manabí,ADMINISTRACIÓN DE EMPRESAS,24,trabajar de forma organizada,skill/competence,cross-sector,0.8793,http://data.europa.eu/esco/skill/1258cc12-37bb-4a12-b219-9c3d6b294533
UTM,Universidad Técnica de Manabí,ADMINISTRACIÓN DE EMPRESAS,25,trabajar de forma organizada,skill/competence,cross-sector,0.8793,http://data.europa.eu/esco/skill/1258cc12-37bb-4a12-b219-9c3d6b294533
UTM,Universidad Técnica de Manabí,ECONOMÍA,1,elaborar software estadístico,skill/competence,cross-sector,0.898,http://data.europa.eu/esco/skill/bb165899-d95f-4433-95f2-173fefd716d2
UTM,Universidad Técnica de Manabí,ECONOMÍA,2,asesorar sobre el desarrollo económico,skill/competence,cross-sector,0.8896,http://data.europa.eu/esco/skill/384ed14c-bf1f-4a65-aef6-6e711f43c4ce
UTM,Universidad Técnica de Manabí,ECONOMÍA,3,realizar estudios de mercado,skill/competence,cross-sector,0.8881,http://data.europa.eu/esco/skill/fe39d4db-4cb5-4299-bb9f-896c8fd6ab13
UTM,Universidad Técnica de Manabí,ECONOMÍA,4,predecir tendencias económicas,skill/competence,cross-sector,0.8881,http://data.europa.eu/esco/skill/f2a34d6b-131a-4b8f-a110-898b9c91d18f
UTM,Universidad Técnica de Manabí,ECONOMÍA,5,asesorar sobre políticas de gestión sostenible,skill/competence,cross-sector,0.8869,http://data.europa.eu/esco/skill/6742977a-aa00-4c8c-9861-898b0373907e
UTM,Universidad Técnica de Manabí,ECONOMÍA,6,gestionar los programas públicos,skill/competence,cross-sector,0.8863,http://data.europa.eu/esco/skill/0761f325-13e7-49f4-a41a-ec64ba4e7b9d
UTM,Universidad Técnica de Manabí,ECONOMÍA,7,evaluar el impacto ambiental de yacimientos y zonas industriales,skill/competence,cross-sector,0.886,http://data.europa.eu/esco/skill/f12f094b-492f-4e88-b36b-50b8e58b7500
UTM,Universidad Técnica de Manabí,ECONOMÍA,8,analizar las tendencias económicas,skill/competence,cross-sector,0.8855,http://data.europa.eu/esco/skill/5f302d63-048e-451c-b150-97c124a5a26b
UTM,Universidad Técnica de Manabí,ECONOMÍA,9,analizar modelos de negocio,skill/competence,cross-sector,0.8844,http://data.europa.eu/esco/skill/3c1cbc5e-2220-4f45-bcc8-3d52c8c9cae0
UTM,Universidad Técnica de Manabí,ECONOMÍA,10,asesorar sobre política tributaria,skill/competence,cross-sector,0.884,http://data.europa.eu/esco/skill/b5feaf25-3975-4e74-85fd-4470e344ba2e
UTM,Universidad Técnica de Manabí,ECONOMÍA,11,analizar datos de carácter ecológico,skill/competence,cross-sector,0.8802,http://data.europa.eu/esco/skill/5354a726-ee64-4f34-90f8-8436f9f374b8
UTM,Universidad Técnica de Manabí,ECONOMÍA,12,analizar las tendencias del mercado de la energía,skill/competence,cross-sector,0.8786,http://data.europa.eu/esco/skill/28878fd9-9a17-452a-b3b8-5db5c63d7905
UTM,Universidad Técnica de Manabí,ECONOMÍA,13,elaborar políticas de economía,skill/competence,cross-sector,0.8774,http://data.europa.eu/esco/skill/8394fefb-f62a-48c0-a156-3117cefdb9b3
UTM,Universidad Técnica de Manabí,ECONOMÍA,14,observar nuevas evoluciones en países extranjeros,skill/competence,cross-sector,0.8774,http://data.europa.eu/esco/skill/2f4d68be-6e9f-46fa-9398-0573e900b5e3
UTM,Universidad Técnica de Manabí,ECONOMÍA,15,"llevar a cabo análisis de factores políticos, económicos, sociales, tecnológicos, ambientales y jurídicos",skill/competence,cross-sector,0.8766,http://data.europa.eu/esco/skill/9979e727-3104-42e0-8f41-4af2578111ea
UTM,Universidad Técnica de Manabí,ECONOMÍA,16,asesorar sobre temas relacionados con la meteorología,skill/competence,cross-sector,0.8762,http://data.europa.eu/esco/skill/274ad409-c740-4e85-852b-7e3f3168b9ca
UTM,Universidad Técnica de Manabí,ECONOMÍA,17,realizar un análisis empresarial,skill/competence,cross-sector,0.8756,http://data.europa.eu/esco/skill/27ed854c-15b8-4ba2-90e9-ae888a219703
UTM,Universidad Técnica de Manabí,ECONOMÍA,18,evaluar los programas de estudio,skill/competence,cross-sector,0.8748,http://data.europa.eu/esco/skill/3b660a83-91c3-4c9d-8f82-2d306777a42f
UTM,Universidad Técnica de Manabí,ECONOMÍA,19,evaluar presupuestos,skill/competence,cross-sector,0.8734,http://data.europa.eu/esco/skill/6556cbf1-d5c0-4f53-89a9-8707066069a6
UTM,Universidad Técnica de Manabí,ECONOMÍA,20,asesorar sobre estrategias de mercado,skill/competence,cross-sector,0.8732,http://data.europa.eu/esco/skill/34d6ed30-5d35-44b9-9498-fd15badb5f28
UTM,Universidad Técnica de Manabí,ECONOMÍA,21,asesorar sobre planificación tributaria y fiscal,skill/competence,cross-sector,0.8729,http://data.europa.eu/esco/skill/161a6c5a-593a-4977-b7b7-49c6a2a2f2a3
UTM,Universidad Técnica de Manabí,ECONOMÍA,22,mantenerse al día sobre la actualidad política,skill/competence,cross-sector,0.8725,http://data.europa.eu/esco/skill/812590e4-7108-4016-baba-957dcf8213ae
UTM,Universidad Técnica de Manabí,ECONOMÍA,23,asesorar sobre el uso de terrenos,skill/competence,cross-sector,0.8723,http://data.europa.eu/esco/skill/8b46636e-e201-4086-a8d5-049b65eaf40e
UTM,Universidad Técnica de Manabí,ECONOMÍA,24,evaluar las necesidades energéticas,skill/competence,cross-sector,0.8722,http://data.europa.eu/esco/skill/36fccad9-1d20-4104-bcc2-a8ea9d1ce5ea
UTM,Universidad Técnica de Manabí,ECONOMÍA,25,pronosticar niveles futuros de desarrollo empresarial,skill/competence,cross-sector,0.8716,http://data.europa.eu/esco/skill/ab167ae1-dfd8-4607-8dc4-d6d500622e1d
UTM,Universidad Técnica de Manabí,ELECTRICIDAD,1,evaluar las necesidades energéticas,skill/competence,cross-sector,0.8929,http://data.europa.eu/esco/skill/36fccad9-1d20-4104-bcc2-a8ea9d1ce5ea
UTM,Universidad Técnica de Manabí,ELECTRICIDAD,2,realizar actividades de gestión energética en instalaciones,skill/competence,cross-sector,0.8885,http://data.europa.eu/esco/skill/885808f7-f42b-406e-95f2-28efcd45ddda
UTM,Universidad Técnica de Manabí,ELECTRICIDAD,3,mantener motores eléctricos,skill/competence,cross-sector,0.8786,http://data.europa.eu/esco/skill/2876970d-90af-45bd-9cfd-c0af757947ea
UTM,Universidad Técnica de Manabí,ELECTRICIDAD,4,montar generadores,skill/competence,cross-sector,0.8775,http://data.europa.eu/esco/skill/942edf03-a450-4261-b65c-9b447fdddc51
UTM,Universidad Técnica de Manabí,ELECTRICIDAD,5,mantener el equipo eléctrico,skill/competence,cross-sector,0.8773,http://data.europa.eu/esco/skill/386774ac-fe5b-431a-b485-9aec0bf5c09e
UTM,Universidad Técnica de Manabí,ELECTRICIDAD,6,analizar las tendencias del mercado de la energía,skill/competence,cross-sector,0.876,http://data.europa.eu/esco/skill/28878fd9-9a17-452a-b3b8-5db5c63d7905
UTM,Universidad Técnica de Manabí,ELECTRICIDAD,7,asesorar sobre cuestiones relativas a la energía renovable marina,skill/competence,cross-sector,0.8745,http://data.europa.eu/esco/skill/610ccf09-e9f2-4268-bb93-442dde5bf26e
UTM,Universidad Técnica de Manabí,ELECTRICIDAD,8,diseñar sistemas eléctricos,skill/competence,cross-sector,0.8741,http://data.europa.eu/esco/skill/05010f6c-0b40-4525-ac4a-057d46a2b6f4
UTM,Universidad Técnica de Manabí,ELECTRICIDAD,9,gestionar la recepción de suministros eléctricos,skill/competence,cross-sector,0.8731,http://data.europa.eu/esco/skill/c796e1fa-cbbd-4639-b8d9-cbcdc130c7a2
UTM,Universidad Técnica de Manabí,ELECTRICIDAD,10,gestionar los programas públicos,skill/competence,cross-sector,0.8728,http://data.europa.eu/esco/skill/0761f325-13e7-49f4-a41a-ec64ba4e7b9d
UTM,Universidad Técnica de Manabí,ELECTRICIDAD,11,mantener sistemas de energía solar,skill/competence,cross-sector,0.872,http://data.europa.eu/esco/skill/9cf2856d-0375-4ec3-a51f-7f9c82119859
UTM,Universidad Técnica de Manabí,ELECTRICIDAD,12,garantizar el cumplimiento del plan de distribución de energía,skill/competence,cross-sector,0.87,http://data.europa.eu/esco/skill/694e1e70-3e22-4d72-a3ac-b5f92951423d
UTM,Universidad Técnica de Manabí,ELECTRICIDAD,13,montar máquinas,skill/competence,cross-sector,0.8697,http://data.europa.eu/esco/skill/87a0c0e6-c114-4ea1-b2d0-933bce1f3c5f
UTM,Universidad Técnica de Manabí,ELECTRICIDAD,14,instalar líneas de energía eléctrica,skill/competence,cross-sector,0.8688,http://data.europa.eu/esco/skill/0c627853-241e-405b-9044-aaff6bca133e
UTM,Universidad Técnica de Manabí,ELECTRICIDAD,15,evaluar el impacto ambiental de yacimientos y zonas industriales,skill/competence,cross-sector,0.8668,http://data.europa.eu/esco/skill/f12f094b-492f-4e88-b36b-50b8e58b7500
UTM,Universidad Técnica de Manabí,ELECTRICIDAD,16,supervisar el funcionamiento de los equipos,skill/competence,cross-sector,0.8656,http://data.europa.eu/esco/skill/ca17f0df-59e4-4ed2-9360-fc5325bc7151
UTM,Universidad Técnica de Manabí,ELECTRICIDAD,17,montar luces,skill/competence,cross-sector,0.8652,http://data.europa.eu/esco/skill/9cc78400-9ba9-4ffd-9ef5-59e2cd657035
UTM,Universidad Técnica de Manabí,ELECTRICIDAD,18,gestionar la instalación de estructuras para eventos,skill/competence,cross-sector,0.865,http://data.europa.eu/esco/skill/0e503b48-5491-4529-879e-b112251f8d50
UTM,Universidad Técnica de Manabí,ELECTRICIDAD,19,gestionar equipos pesados,skill/competence,cross-sector,0.8648,http://data.europa.eu/esco/skill/2a314d49-c071-403b-9cc8-75aea53e7859
UTM,Universidad Técnica de Manabí,ELECTRICIDAD,20,asesorar sobre la eficiencia energética de sistemas de calefacción,skill/competence,cross-sector,0.8641,http://data.europa.eu/esco/skill/8614b988-b907-473e-a701-47b525959dc8
UTM,Universidad Técnica de Manabí,ELECTRICIDAD,21,diseñar sistemas de control,skill/competence,cross-sector,0.8632,http://data.europa.eu/esco/skill/d560df46-dda4-4407-bab2-b87353a96814
UTM,Universidad Técnica de Manabí,ELECTRICIDAD,22,verificar unidades electrónicas,skill/competence,cross-sector,0.8621,http://data.europa.eu/esco/skill/baf501a8-f0fe-4ad7-9b69-8e920fa1a87b
UTM,Universidad Técnica de Manabí,ELECTRICIDAD,23,controlar maquinaria pesada,skill/competence,cross-sector,0.8616,http://data.europa.eu/esco/skill/4853efe8-0cdd-42d1-bc5a-6ba5fa9a8b2c
UTM,Universidad Técnica de Manabí,ELECTRICIDAD,24,procurar la distribución de electricidad,skill/competence,cross-sector,0.8616,http://data.europa.eu/esco/skill/f8b05146-5ffc-44a9-846b-63e3ad1fe187
UTM,Universidad Técnica de Manabí,ELECTRICIDAD,25,gestionar proyectos de investigación y desarrollo,skill/competence,cross-sector,0.8612,http://data.europa.eu/esco/skill/d5dbc342-8e39-4998-8237-ebbe05a381ce
UTM,Universidad Técnica de Manabí,ELECTRÓNICA Y AUTOMATIZACIÓN,1,diseñar sistemas de control,skill/competence,cross-sector,0.9032,http://data.europa.eu/esco/skill/d560df46-dda4-4407-bab2-b87353a96814
UTM,Universidad Técnica de Manabí,ELECTRÓNICA Y AUTOMATIZACIÓN,2,montar máquinas,skill/competence,cross-sector,0.892,http://data.europa.eu/esco/skill/87a0c0e6-c114-4ea1-b2d0-933bce1f3c5f
UTM,Universidad Técnica de Manabí,ELECTRÓNICA Y AUTOMATIZACIÓN,3,operar el equipo de empaquetado,skill/competence,cross-sector,0.8897,http://data.europa.eu/esco/skill/f8cd217b-b870-42aa-9bbe-d36b672cbb65
UTM,Universidad Técnica de Manabí,ELECTRÓNICA Y AUTOMATIZACIÓN,4,planificar procesos de fabricación,skill/competence,cross-sector,0.8835,http://data.europa.eu/esco/skill/7d0f33ea-e724-4d77-8b75-ee4fe66bb9ba
UTM,Universidad Técnica de Manabí,ELECTRÓNICA Y AUTOMATIZACIÓN,5,gestionar sistemas de instrumentación,skill/competence,cross-sector,0.8819,http://data.europa.eu/esco/skill/5d71a91f-cc72-4b66-b6e3-d75ecc05e235
UTM,Universidad Técnica de Manabí,ELECTRÓNICA Y AUTOMATIZACIÓN,6,verificar unidades electrónicas,skill/competence,cross-sector,0.8811,http://data.europa.eu/esco/skill/baf501a8-f0fe-4ad7-9b69-8e920fa1a87b
UTM,Universidad Técnica de Manabí,ELECTRÓNICA Y AUTOMATIZACIÓN,7,desarrollar procedimientos de prueba electrónica,skill/competence,cross-sector,0.8802,http://data.europa.eu/esco/skill/0de6bca4-f3aa-452a-8e10-d355b2c1bfc4
UTM,Universidad Técnica de Manabí,ELECTRÓNICA Y AUTOMATIZACIÓN,8,supervisar el funcionamiento de los equipos,skill/competence,cross-sector,0.8801,http://data.europa.eu/esco/skill/ca17f0df-59e4-4ed2-9360-fc5325bc7151
UTM,Universidad Técnica de Manabí,ELECTRÓNICA Y AUTOMATIZACIÓN,9,diseñar sistemas eléctricos,skill/competence,cross-sector,0.8799,http://data.europa.eu/esco/skill/05010f6c-0b40-4525-ac4a-057d46a2b6f4
UTM,Universidad Técnica de Manabí,ELECTRÓNICA Y AUTOMATIZACIÓN,10,gestionar empresas de producción,skill/competence,cross-sector,0.8797,http://data.europa.eu/esco/skill/435d1751-8667-41ec-8b32-865b7cd3c684
UTM,Universidad Técnica de Manabí,ELECTRÓNICA Y AUTOMATIZACIÓN,11,mantener equipos electrónicos,skill/competence,cross-sector,0.8787,http://data.europa.eu/esco/skill/ba45db8f-34e8-4f29-af0b-e6645e1d693f
UTM,Universidad Técnica de Manabí,ELECTRÓNICA Y AUTOMATIZACIÓN,12,diseñar sistemas electrónicos,skill/competence,cross-sector,0.878,http://data.europa.eu/esco/skill/feb717ff-fba6-4a91-aa10-ee11cf2da6b4
UTM,Universidad Técnica de Manabí,ELECTRÓNICA Y AUTOMATIZACIÓN,13,gestionar la instalación de estructuras para eventos,skill/competence,cross-sector,0.8766,http://data.europa.eu/esco/skill/0e503b48-5491-4529-879e-b112251f8d50
UTM,Universidad Técnica de Manabí,ELECTRÓNICA Y AUTOMATIZACIÓN,14,mejorar procesos químicos,skill/competence,cross-sector,0.8756,http://data.europa.eu/esco/skill/451c8010-7dbb-4f96-b4d4-0955766d9eff
UTM,Universidad Técnica de Manabí,ELECTRÓNICA Y AUTOMATIZACIÓN,15,diseñar sistemas electromecánicos,skill/competence,cross-sector,0.8754,http://data.europa.eu/esco/skill/c5422318-3218-4ce9-9bdd-f38b93ff63a3
UTM,Universidad Técnica de Manabí,ELECTRÓNICA Y AUTOMATIZACIÓN,16,diseñar componentes de automatización,skill/competence,cross-sector,0.8744,http://data.europa.eu/esco/skill/f96f5aa5-6ed7-40dc-a431-68b0a09d6d4b
UTM,Universidad Técnica de Manabí,ELECTRÓNICA Y AUTOMATIZACIÓN,17,mantener motores eléctricos,skill/competence,cross-sector,0.8743,http://data.europa.eu/esco/skill/2876970d-90af-45bd-9cfd-c0af757947ea
UTM,Universidad Técnica de Manabí,ELECTRÓNICA Y AUTOMATIZACIÓN,18,montar equipos de instrumentación,skill/competence,cross-sector,0.8741,http://data.europa.eu/esco/skill/af0b1937-7538-434f-871b-7e8f72e04117
UTM,Universidad Técnica de Manabí,ELECTRÓNICA Y AUTOMATIZACIÓN,19,evaluar las necesidades energéticas,skill/competence,cross-sector,0.8736,http://data.europa.eu/esco/skill/36fccad9-1d20-4104-bcc2-a8ea9d1ce5ea
UTM,Universidad Técnica de Manabí,ELECTRÓNICA Y AUTOMATIZACIÓN,20,instalar dispositivos electrónicos de comunicación en los trenes,skill/competence,cross-sector,0.8733,http://data.europa.eu/esco/skill/fc6cddab-c9ce-4ce6-83ac-32b6854dd6da
UTM,Universidad Técnica de Manabí,ELECTRÓNICA Y AUTOMATIZACIÓN,21,evaluar el impacto ambiental de yacimientos y zonas industriales,skill/competence,cross-sector,0.8732,http://data.europa.eu/esco/skill/f12f094b-492f-4e88-b36b-50b8e58b7500
UTM,Universidad Técnica de Manabí,ELECTRÓNICA Y AUTOMATIZACIÓN,22,montar luces,skill/competence,cross-sector,0.873,http://data.europa.eu/esco/skill/9cc78400-9ba9-4ffd-9ef5-59e2cd657035
UTM,Universidad Técnica de Manabí,ELECTRÓNICA Y AUTOMATIZACIÓN,23,diseñar circuitos mediante programas de diseño asistido por ordenador,skill/competence,cross-sector,0.8726,http://data.europa.eu/esco/skill/9ba355be-f119-42b6-a7d6-52f6ce2e4a3f
UTM,Universidad Técnica de Manabí,ELECTRÓNICA Y AUTOMATIZACIÓN,24,actuar de enlace con profesionales del sector,skill/competence,cross-sector,0.8719,http://data.europa.eu/esco/skill/d1317634-ccea-44d0-9cdc-c863f9bf856b
UTM,Universidad Técnica de Manabí,ELECTRÓNICA Y AUTOMATIZACIÓN,25,integrar productos nuevos en la cadena de fabricación,skill/competence,cross-sector,0.8701,http://data.europa.eu/esco/skill/8a753714-9a19-4418-9b37-77e79d72c705
UTM,Universidad Técnica de Manabí,INGENIERÍA AMBIENTAL,1,evaluar el impacto ambiental de yacimientos y zonas industriales,skill/competence,cross-sector,0.8923,http://data.europa.eu/esco/skill/f12f094b-492f-4e88-b36b-50b8e58b7500
UTM,Universidad Técnica de Manabí,INGENIERÍA AMBIENTAL,2,gestionar el impacto medioambiental de las operaciones,skill/competence,cross-sector,0.8837,http://data.europa.eu/esco/skill/d86babea-bf8b-4552-81a8-daf706066ad6
UTM,Universidad Técnica de Manabí,INGENIERÍA AMBIENTAL,3,realizar auditorías ambientales,skill/competence,cross-sector,0.8751,http://data.europa.eu/esco/skill/60ab2bf7-c812-4a88-86c0-7c81a9b2f77c
UTM,Universidad Técnica de Manabí,INGENIERÍA AMBIENTAL,4,supervisar sistemas de gestión ambiental,skill/competence,cross-sector,0.8735,http://data.europa.eu/esco/skill/b13e0689-636d-42d0-86c3-df9d6f85a882
UTM,Universidad Técnica de Manabí,INGENIERÍA AMBIENTAL,5,diseñar escombreras de minas,skill/competence,cross-sector,0.8728,http://data.europa.eu/esco/skill/cfbe1cdb-1738-45a1-b442-75cbda1fff06
UTM,Universidad Técnica de Manabí,INGENIERÍA AMBIENTAL,6,asesorar sobre recuperación ambiental,skill/competence,cross-sector,0.8725,http://data.europa.eu/esco/skill/b422efe7-b151-4120-86ae-db11a48dd0fa
UTM,Universidad Técnica de Manabí,INGENIERÍA AMBIENTAL,7,asesorar sobre políticas de gestión sostenible,skill/competence,cross-sector,0.8679,http://data.europa.eu/esco/skill/6742977a-aa00-4c8c-9861-898b0373907e
UTM,Universidad Técnica de Manabí,INGENIERÍA AMBIENTAL,8,gestionar impacto ambiental,skill/competence,cross-sector,0.8672,http://data.europa.eu/esco/skill/d3a8ef9c-8572-438c-91dc-010537070be3
UTM,Universidad Técnica de Manabí,INGENIERÍA AMBIENTAL,9,asesorar sobre sistemas de gestión de riesgos ambientales,skill/competence,cross-sector,0.866,http://data.europa.eu/esco/skill/a366bfc5-8d17-4792-a9f0-db0951528dda
UTM,Universidad Técnica de Manabí,INGENIERÍA AMBIENTAL,10,controlar el entorno acuático de producción,skill/competence,cross-sector,0.8659,http://data.europa.eu/esco/skill/9a0c96a2-8ffb-4384-b9e8-8928e7f86e23
UTM,Universidad Técnica de Manabí,INGENIERÍA AMBIENTAL,11,coordinar el envío de materiales reciclables,skill/competence,cross-sector,0.8596,http://data.europa.eu/esco/skill/9d04490c-cea5-4765-a15e-99c46b543c1d
UTM,Universidad Técnica de Manabí,INGENIERÍA AMBIENTAL,12,aplicar medidas de protección del medioambiente,skill/competence,cross-sector,0.8596,http://data.europa.eu/esco/skill/f6d7ba88-5234-4994-944d-843ca453c923
UTM,Universidad Técnica de Manabí,INGENIERÍA AMBIENTAL,13,asesorar sobre cuestiones relativas a la energía renovable marina,skill/competence,cross-sector,0.8595,http://data.europa.eu/esco/skill/610ccf09-e9f2-4268-bb93-442dde5bf26e
UTM,Universidad Técnica de Manabí,INGENIERÍA AMBIENTAL,14,asesorar sobre procedimientos de gestión de residuos,skill/competence,cross-sector,0.8586,http://data.europa.eu/esco/skill/f82b05a7-128b-4a72-a815-044ff6062f62
UTM,Universidad Técnica de Manabí,INGENIERÍA AMBIENTAL,15,gestionar hábitats,skill/competence,cross-sector,0.8577,http://data.europa.eu/esco/skill/a28c96cd-a43d-4143-b992-903356d0923e
UTM,Universidad Técnica de Manabí,INGENIERÍA AMBIENTAL,16,evaluar el impacto ambiental,skill/competence,cross-sector,0.8572,http://data.europa.eu/esco/skill/e541c69c-ea80-4b17-87cb-4001d0b9d303
UTM,Universidad Técnica de Manabí,INGENIERÍA AMBIENTAL,17,garantizar el cumplimiento de la legislación ambiental,skill/competence,cross-sector,0.8569,http://data.europa.eu/esco/skill/089ee650-297e-4716-87d1-440743b70a0d
UTM,Universidad Técnica de Manabí,INGENIERÍA AMBIENTAL,18,impartir formación sobre cuestiones ambientales,skill/competence,cross-sector,0.856,http://data.europa.eu/esco/skill/2cb27e30-2be7-4a09-9502-fdd2102c046b
UTM,Universidad Técnica de Manabí,INGENIERÍA AMBIENTAL,19,sensibilizar sobre el medioambiente,skill/competence,cross-sector,0.8558,http://data.europa.eu/esco/skill/8abdc43c-2bfd-417c-97c2-27fcdaf53171
UTM,Universidad Técnica de Manabí,INGENIERÍA AMBIENTAL,20,"realizar evaluaciones de salud, seguridad y medioambiente",skill/competence,cross-sector,0.853,http://data.europa.eu/esco/skill/101d63ee-bb22-4a7c-9e0a-c2716063696a
UTM,Universidad Técnica de Manabí,INGENIERÍA AMBIENTAL,21,evaluar el impacto ambiental de la conducta personal,skill/competence,transversal,0.8527,http://data.europa.eu/esco/skill/2aaad52d-599e-4e77-a681-bbc236825821
UTM,Universidad Técnica de Manabí,INGENIERÍA AMBIENTAL,22,evaluar la contaminación,skill/competence,cross-sector,0.8524,http://data.europa.eu/esco/skill/3727f0d3-da1b-4ce3-a9cb-efe6130fe41f
UTM,Universidad Técnica de Manabí,INGENIERÍA AMBIENTAL,23,gestionar los programas públicos,skill/competence,cross-sector,0.8523,http://data.europa.eu/esco/skill/0761f325-13e7-49f4-a41a-ec64ba4e7b9d
UTM,Universidad Técnica de Manabí,INGENIERÍA AMBIENTAL,24,supervisar el funcionamiento de los equipos,skill/competence,cross-sector,0.8512,http://data.europa.eu/esco/skill/ca17f0df-59e4-4ed2-9360-fc5325bc7151
UTM,Universidad Técnica de Manabí,INGENIERÍA AMBIENTAL,25,asesorar sobre soluciones sostenibles,skill/competence,cross-sector,0.8508,http://data.europa.eu/esco/skill/dbef5042-4b99-4e6f-b2ed-1d33b07b3ed6
UTM,Universidad Técnica de Manabí,INGENIERÍA CIVIL,1,garantizar el cumplimiento de los plazos de construcción,skill/competence,cross-sector,0.8735,http://data.europa.eu/esco/skill/6181f475-110c-497c-a46d-ed2e14e7bc90
UTM,Universidad Técnica de Manabí,INGENIERÍA CIVIL,2,examinar las infraestructuras civiles,skill/competence,cross-sector,0.8712,http://data.europa.eu/esco/skill/d48b3cfe-80b6-406f-b582-d959b60417f8
UTM,Universidad Técnica de Manabí,INGENIERÍA CIVIL,3,vigilar el cumplimiento de los parámetros de los proyectos de construcción,skill/competence,cross-sector,0.869,http://data.europa.eu/esco/skill/3dd3dfa7-51c0-40ef-af46-e2df300489f6
UTM,Universidad Técnica de Manabí,INGENIERÍA CIVIL,4,evaluar el impacto ambiental de yacimientos y zonas industriales,skill/competence,cross-sector,0.8683,http://data.europa.eu/esco/skill/f12f094b-492f-4e88-b36b-50b8e58b7500
UTM,Universidad Técnica de Manabí,INGENIERÍA CIVIL,5,supervisar obras de construcción,skill/competence,cross-sector,0.8638,http://data.europa.eu/esco/skill/fc1a75bb-70e3-4005-881f-7709bf7b0ed4
UTM,Universidad Técnica de Manabí,INGENIERÍA CIVIL,6,supervisar el trabajo de planificación del diseño,skill/competence,cross-sector,0.8628,http://data.europa.eu/esco/skill/03227978-f839-4cc8-88a6-0a3c44d2c776
UTM,Universidad Técnica de Manabí,INGENIERÍA CIVIL,7,coordinar con expertos ferroviarios,skill/competence,cross-sector,0.8626,http://data.europa.eu/esco/skill/6172948e-5d52-4f94-a617-278a9013a8ae
UTM,Universidad Técnica de Manabí,INGENIERÍA CIVIL,8,someter a auditorías a los contratistas,skill/competence,cross-sector,0.8611,http://data.europa.eu/esco/skill/0520d8ba-3c24-4f75-a8b0-f883ddeed82d
UTM,Universidad Técnica de Manabí,INGENIERÍA CIVIL,9,revisar proyectos de construcción,skill/competence,cross-sector,0.8604,http://data.europa.eu/esco/skill/ea9fc9d9-c602-4430-a7fc-edac7429a6a8
UTM,Universidad Técnica de Manabí,INGENIERÍA CIVIL,10,gestionar los programas públicos,skill/competence,cross-sector,0.8601,http://data.europa.eu/esco/skill/0761f325-13e7-49f4-a41a-ec64ba4e7b9d
UTM,Universidad Técnica de Manabí,INGENIERÍA CIVIL,11,coordinar equipos de ingeniería,skill/competence,cross-sector,0.8599,http://data.europa.eu/esco/skill/7af6e9e8-1e11-4c0b-b7c6-ac96bbbbc674
UTM,Universidad Técnica de Manabí,INGENIERÍA CIVIL,12,asesorar sobre temas de construcción,skill/competence,cross-sector,0.8595,http://data.europa.eu/esco/skill/3b64ab47-a874-403a-b781-7b23c2fc3c6c
UTM,Universidad Técnica de Manabí,INGENIERÍA CIVIL,13,supervisar un proyecto de construcción,skill/competence,cross-sector,0.8577,http://data.europa.eu/esco/skill/1de548e0-9535-4d2e-9d20-d4474c1ea813
UTM,Universidad Técnica de Manabí,INGENIERÍA CIVIL,14,proteger humedales en el desarrollo de proyectos,skill/competence,cross-sector,0.8563,http://data.europa.eu/esco/skill/e2028206-3060-4e81-8350-77baefabefde
UTM,Universidad Técnica de Manabí,INGENIERÍA CIVIL,15,elaborar planos,skill/competence,cross-sector,0.8559,http://data.europa.eu/esco/skill/bf59255e-782a-4e83-a93c-6055cfdd8e7f
UTM,Universidad Técnica de Manabí,INGENIERÍA CIVIL,16,supervisar operaciones informativas diarias,skill/competence,cross-sector,0.8544,http://data.europa.eu/esco/skill/9013b46e-5a9b-4929-8918-fcadfdfd37ce
UTM,Universidad Técnica de Manabí,INGENIERÍA CIVIL,17,supervisar sistemas de gestión ambiental,skill/competence,cross-sector,0.8543,http://data.europa.eu/esco/skill/b13e0689-636d-42d0-86c3-df9d6f85a882
UTM,Universidad Técnica de Manabí,INGENIERÍA CIVIL,18,asesorar sobre el uso de terrenos,skill/competence,cross-sector,0.8532,http://data.europa.eu/esco/skill/8b46636e-e201-4086-a8d5-049b65eaf40e
UTM,Universidad Técnica de Manabí,INGENIERÍA CIVIL,19,coordinar el envío de materiales reciclables,skill/competence,cross-sector,0.853,http://data.europa.eu/esco/skill/9d04490c-cea5-4765-a15e-99c46b543c1d
UTM,Universidad Técnica de Manabí,INGENIERÍA CIVIL,20,gestionar la instalación de estructuras para eventos,skill/competence,cross-sector,0.8528,http://data.europa.eu/esco/skill/0e503b48-5491-4529-879e-b112251f8d50
UTM,Universidad Técnica de Manabí,INGENIERÍA CIVIL,21,coordinar asociaciones público-privadas de turismo,skill/competence,cross-sector,0.8525,http://data.europa.eu/esco/skill/73b87890-d2ec-4842-b824-b4851ff12051
UTM,Universidad Técnica de Manabí,INGENIERÍA CIVIL,22,planificar procesos de fabricación,skill/competence,cross-sector,0.8522,http://data.europa.eu/esco/skill/7d0f33ea-e724-4d77-8b75-ee4fe66bb9ba
UTM,Universidad Técnica de Manabí,INGENIERÍA CIVIL,23,comprobar la conformidad de la construcción respecto de la normativa vigente,skill/competence,cross-sector,0.8513,http://data.europa.eu/esco/skill/1b71f0d0-8e57-44dc-aaa0-3ee6fbb59991
UTM,Universidad Técnica de Manabí,INGENIERÍA CIVIL,24,inspeccionar los pozos de agua,skill/competence,cross-sector,0.8513,http://data.europa.eu/esco/skill/3a560dc4-ee2e-4437-b94f-c076a2b5f25e
UTM,Universidad Técnica de Manabí,INGENIERÍA CIVIL,25,gestionar equipos pesados,skill/competence,cross-sector,0.85,http://data.europa.eu/esco/skill/2a314d49-c071-403b-9cc8-75aea53e7859
UTM,Universidad Técnica de Manabí,INGENIERÍA DE LA PRODUCCIÓN,1,planificar procesos de fabricación,skill/competence,cross-sector,0.8855,http://data.europa.eu/esco/skill/7d0f33ea-e724-4d77-8b75-ee4fe66bb9ba
UTM,Universidad Técnica de Manabí,INGENIERÍA DE LA PRODUCCIÓN,2,analizar estrategias de gestión de la cadena de suministro,skill/competence,cross-sector,0.8848,http://data.europa.eu/esco/skill/96d549bb-3e62-4c45-92a7-f114df089581
UTM,Universidad Técnica de Manabí,INGENIERÍA DE LA PRODUCCIÓN,3,integrar productos nuevos en la cadena de fabricación,skill/competence,cross-sector,0.8815,http://data.europa.eu/esco/skill/8a753714-9a19-4418-9b37-77e79d72c705
UTM,Universidad Técnica de Manabí,INGENIERÍA DE LA PRODUCCIÓN,4,gestionar la producción de calzado y de artículos de piel y cuero,skill/competence,cross-sector,0.8775,http://data.europa.eu/esco/skill/7e71fbcf-ebf8-4164-829b-e16b68aa9432
UTM,Universidad Técnica de Manabí,INGENIERÍA DE LA PRODUCCIÓN,5,gestionar empresas de producción,skill/competence,cross-sector,0.8764,http://data.europa.eu/esco/skill/435d1751-8667-41ec-8b32-865b7cd3c684
UTM,Universidad Técnica de Manabí,INGENIERÍA DE LA PRODUCCIÓN,6,gestionar la calidad,skill/competence,transversal,0.8709,http://data.europa.eu/esco/skill/35ebe444-9ece-4fbc-a55d-e99ea37267ae
UTM,Universidad Técnica de Manabí,INGENIERÍA DE LA PRODUCCIÓN,7,gestionar la cadena de suministros sanitarios,skill/competence,cross-sector,0.8695,http://data.europa.eu/esco/skill/71d441c3-163a-41b6-b713-074d69362c27
UTM,Universidad Técnica de Manabí,INGENIERÍA DE LA PRODUCCIÓN,8,realizar diversas tareas organizativas en la empresa,skill/competence,cross-sector,0.868,http://data.europa.eu/esco/skill/01755f08-4df4-4cf0-8d22-08f94cad68b5
UTM,Universidad Técnica de Manabí,INGENIERÍA DE LA PRODUCCIÓN,9,verificar las exigencias de fabricación,skill/competence,cross-sector,0.8677,http://data.europa.eu/esco/skill/277f489c-7a47-4791-bd87-61ca01737f96
UTM,Universidad Técnica de Manabí,INGENIERÍA DE LA PRODUCCIÓN,10,garantizar la salud y la seguridad en procesos de producción,skill/competence,cross-sector,0.8671,http://data.europa.eu/esco/skill/60ccdd6a-c100-43cf-9797-543a5c42b922
UTM,Universidad Técnica de Manabí,INGENIERÍA DE LA PRODUCCIÓN,11,mejorar procesos químicos,skill/competence,cross-sector,0.8669,http://data.europa.eu/esco/skill/451c8010-7dbb-4f96-b4d4-0955766d9eff
UTM,Universidad Técnica de Manabí,INGENIERÍA DE LA PRODUCCIÓN,12,gestionar el impacto medioambiental de las operaciones,skill/competence,cross-sector,0.8659,http://data.europa.eu/esco/skill/d86babea-bf8b-4552-81a8-daf706066ad6
UTM,Universidad Técnica de Manabí,INGENIERÍA DE LA PRODUCCIÓN,13,establecer normas para plantas de producción,skill/competence,cross-sector,0.8657,http://data.europa.eu/esco/skill/d154e48f-95b4-4ce6-907e-4a44d50129fe
UTM,Universidad Técnica de Manabí,INGENIERÍA DE LA PRODUCCIÓN,14,evaluar el impacto ambiental de yacimientos y zonas industriales,skill/competence,cross-sector,0.8656,http://data.europa.eu/esco/skill/f12f094b-492f-4e88-b36b-50b8e58b7500
UTM,Universidad Técnica de Manabí,INGENIERÍA DE LA PRODUCCIÓN,15,gestionar sistemas de instrumentación,skill/competence,cross-sector,0.8646,http://data.europa.eu/esco/skill/5d71a91f-cc72-4b66-b6e3-d75ecc05e235
UTM,Universidad Técnica de Manabí,INGENIERÍA DE LA PRODUCCIÓN,16,supervisar operaciones de ensamblado,skill/competence,cross-sector,0.8645,http://data.europa.eu/esco/skill/6b9194f0-f8bb-4b9a-96a5-2203c9c2671b
UTM,Universidad Técnica de Manabí,INGENIERÍA DE LA PRODUCCIÓN,17,gestionar los ensayos de productos,skill/competence,cross-sector,0.8641,http://data.europa.eu/esco/skill/b7a03115-41c9-4167-a0b6-7e40cf0fd607
UTM,Universidad Técnica de Manabí,INGENIERÍA DE LA PRODUCCIÓN,18,supervisar la producción de la fábrica,skill/competence,cross-sector,0.8639,http://data.europa.eu/esco/skill/c09dce1b-e198-487e-b63f-934e10a4c181
UTM,Universidad Técnica de Manabí,INGENIERÍA DE LA PRODUCCIÓN,19,garantizar la seguridad en el zona de producción,skill/competence,cross-sector,0.8634,http://data.europa.eu/esco/skill/ab239c75-dfcc-4f6c-9d11-75bb78049afc
UTM,Universidad Técnica de Manabí,INGENIERÍA DE LA PRODUCCIÓN,20,administrar la logística multimodal,skill/competence,cross-sector,0.8628,http://data.europa.eu/esco/skill/52f6fca4-1ab6-4588-983d-15a278148961
UTM,Universidad Técnica de Manabí,INGENIERÍA DE LA PRODUCCIÓN,21,redactar informes de producción,skill/competence,cross-sector,0.8627,http://data.europa.eu/esco/skill/7f18c3a2-f1ce-4db2-a354-9417691b5a43
UTM,Universidad Técnica de Manabí,INGENIERÍA DE LA PRODUCCIÓN,22,mejorar procesos empresariales,skill/competence,cross-sector,0.8623,http://data.europa.eu/esco/skill/75b30aeb-34c0-40f4-b77d-271d75a98b14
UTM,Universidad Técnica de Manabí,INGENIERÍA DE LA PRODUCCIÓN,23,gestionar equipos pesados,skill/competence,cross-sector,0.862,http://data.europa.eu/esco/skill/2a314d49-c071-403b-9cc8-75aea53e7859
UTM,Universidad Técnica de Manabí,INGENIERÍA DE LA PRODUCCIÓN,24,desarrollar normas y procedimientos de fabricación,skill/competence,cross-sector,0.8619,http://data.europa.eu/esco/skill/764db027-9063-4468-acb3-c73ecfc76f35
UTM,Universidad Técnica de Manabí,INGENIERÍA DE LA PRODUCCIÓN,25,montar máquinas,skill/competence,cross-sector,0.8617,http://data.europa.eu/esco/skill/87a0c0e6-c114-4ea1-b2d0-933bce1f3c5f
UTM,Universidad Técnica de Manabí,INGENIERÍA INDUSTRIAL,1,planificar procesos de fabricación,skill/competence,cross-sector,0.8814,http://data.europa.eu/esco/skill/7d0f33ea-e724-4d77-8b75-ee4fe66bb9ba
UTM,Universidad Técnica de Manabí,INGENIERÍA INDUSTRIAL,2,integrar productos nuevos en la cadena de fabricación,skill/competence,cross-sector,0.8761,http://data.europa.eu/esco/skill/8a753714-9a19-4418-9b37-77e79d72c705
UTM,Universidad Técnica de Manabí,INGENIERÍA INDUSTRIAL,3,garantizar la seguridad en el zona de producción,skill/competence,cross-sector,0.8739,http://data.europa.eu/esco/skill/ab239c75-dfcc-4f6c-9d11-75bb78049afc
UTM,Universidad Técnica de Manabí,INGENIERÍA INDUSTRIAL,4,garantizar la salud y la seguridad en procesos de producción,skill/competence,cross-sector,0.8735,http://data.europa.eu/esco/skill/60ccdd6a-c100-43cf-9797-543a5c42b922
UTM,Universidad Técnica de Manabí,INGENIERÍA INDUSTRIAL,5,mejorar procesos químicos,skill/competence,cross-sector,0.8731,http://data.europa.eu/esco/skill/451c8010-7dbb-4f96-b4d4-0955766d9eff
UTM,Universidad Técnica de Manabí,INGENIERÍA INDUSTRIAL,6,establecer normas para plantas de producción,skill/competence,cross-sector,0.8728,http://data.europa.eu/esco/skill/d154e48f-95b4-4ce6-907e-4a44d50129fe
UTM,Universidad Técnica de Manabí,INGENIERÍA INDUSTRIAL,7,analizar estrategias de gestión de la cadena de suministro,skill/competence,cross-sector,0.8723,http://data.europa.eu/esco/skill/96d549bb-3e62-4c45-92a7-f114df089581
UTM,Universidad Técnica de Manabí,INGENIERÍA INDUSTRIAL,8,gestionar empresas de producción,skill/competence,cross-sector,0.8723,http://data.europa.eu/esco/skill/435d1751-8667-41ec-8b32-865b7cd3c684
UTM,Universidad Técnica de Manabí,INGENIERÍA INDUSTRIAL,9,evaluar el impacto ambiental de yacimientos y zonas industriales,skill/competence,cross-sector,0.872,http://data.europa.eu/esco/skill/f12f094b-492f-4e88-b36b-50b8e58b7500
UTM,Universidad Técnica de Manabí,INGENIERÍA INDUSTRIAL,10,asesorar sobre cuestiones relacionadas con problemas de fabricación,skill/competence,cross-sector,0.8712,http://data.europa.eu/esco/skill/6c80c47c-3d08-4356-aa82-46f6ec82c898
UTM,Universidad Técnica de Manabí,INGENIERÍA INDUSTRIAL,11,gestionar los ensayos de productos,skill/competence,cross-sector,0.8702,http://data.europa.eu/esco/skill/b7a03115-41c9-4167-a0b6-7e40cf0fd607
UTM,Universidad Técnica de Manabí,INGENIERÍA INDUSTRIAL,12,mantener equipos industriales,skill/competence,cross-sector,0.8687,http://data.europa.eu/esco/skill/3e4cdaee-740c-4754-9135-466362bbd22e
UTM,Universidad Técnica de Manabí,INGENIERÍA INDUSTRIAL,13,supervisar la producción de la fábrica,skill/competence,cross-sector,0.8685,http://data.europa.eu/esco/skill/c09dce1b-e198-487e-b63f-934e10a4c181
UTM,Universidad Técnica de Manabí,INGENIERÍA INDUSTRIAL,14,redactar informes de producción,skill/competence,cross-sector,0.8675,http://data.europa.eu/esco/skill/7f18c3a2-f1ce-4db2-a354-9417691b5a43
UTM,Universidad Técnica de Manabí,INGENIERÍA INDUSTRIAL,15,programar la producción,skill/competence,cross-sector,0.867,http://data.europa.eu/esco/skill/2a778aeb-f246-4f03-9a96-c60183001037
UTM,Universidad Técnica de Manabí,INGENIERÍA INDUSTRIAL,16,impartir formación sobre cómo supervisar la gestión de la calidad,skill/competence,cross-sector,0.8668,http://data.europa.eu/esco/skill/09e7cd13-ea36-4694-afe5-f34373759392
UTM,Universidad Técnica de Manabí,INGENIERÍA INDUSTRIAL,17,desarrollar normas y procedimientos de fabricación,skill/competence,cross-sector,0.866,http://data.europa.eu/esco/skill/764db027-9063-4468-acb3-c73ecfc76f35
UTM,Universidad Técnica de Manabí,INGENIERÍA INDUSTRIAL,18,realizar diversas tareas organizativas en la empresa,skill/competence,cross-sector,0.8659,http://data.europa.eu/esco/skill/01755f08-4df4-4cf0-8d22-08f94cad68b5
UTM,Universidad Técnica de Manabí,INGENIERÍA INDUSTRIAL,19,supervisar operaciones de ensamblado,skill/competence,cross-sector,0.8659,http://data.europa.eu/esco/skill/6b9194f0-f8bb-4b9a-96a5-2203c9c2671b
UTM,Universidad Técnica de Manabí,INGENIERÍA INDUSTRIAL,20,gestionar la producción de calzado y de artículos de piel y cuero,skill/competence,cross-sector,0.8656,http://data.europa.eu/esco/skill/7e71fbcf-ebf8-4164-829b-e16b68aa9432
UTM,Universidad Técnica de Manabí,INGENIERÍA INDUSTRIAL,21,verificar las exigencias de fabricación,skill/competence,cross-sector,0.8655,http://data.europa.eu/esco/skill/277f489c-7a47-4791-bd87-61ca01737f96
UTM,Universidad Técnica de Manabí,INGENIERÍA INDUSTRIAL,22,gestionar el impacto medioambiental de las operaciones,skill/competence,cross-sector,0.8651,http://data.europa.eu/esco/skill/d86babea-bf8b-4552-81a8-daf706066ad6
UTM,Universidad Técnica de Manabí,INGENIERÍA INDUSTRIAL,23,gestionar la calidad,skill/competence,transversal,0.8649,http://data.europa.eu/esco/skill/35ebe444-9ece-4fbc-a55d-e99ea37267ae
UTM,Universidad Técnica de Manabí,INGENIERÍA INDUSTRIAL,24,gestionar recursos empresariales,skill/competence,cross-sector,0.8636,http://data.europa.eu/esco/skill/911e13ee-1eec-4243-88c8-3c08a3681a19
UTM,Universidad Técnica de Manabí,INGENIERÍA INDUSTRIAL,25,apoyar la puesta en marcha de sistemas de gestión de la calidad,skill/competence,cross-sector,0.8632,http://data.europa.eu/esco/skill/ccbd0898-e225-4abc-8992-57a23b0e2eec
UTM,Universidad Técnica de Manabí,INGENIERÍA QUÍMICA,1,mejorar procesos químicos,skill/competence,cross-sector,0.8914,http://data.europa.eu/esco/skill/451c8010-7dbb-4f96-b4d4-0955766d9eff
UTM,Universidad Técnica de Manabí,INGENIERÍA QUÍMICA,2,evaluar el impacto ambiental de yacimientos y zonas industriales,skill/competence,cross-sector,0.8844,http://data.europa.eu/esco/skill/f12f094b-492f-4e88-b36b-50b8e58b7500
UTM,Universidad Técnica de Manabí,INGENIERÍA QUÍMICA,3,trabajar con sustancias químicas,skill/competence,cross-sector,0.8805,http://data.europa.eu/esco/skill/929a997b-d56c-4383-b36d-6de9fa0e1721
UTM,Universidad Técnica de Manabí,INGENIERÍA QUÍMICA,4,planificar procesos de fabricación,skill/competence,cross-sector,0.8762,http://data.europa.eu/esco/skill/7d0f33ea-e724-4d77-8b75-ee4fe66bb9ba
UTM,Universidad Técnica de Manabí,INGENIERÍA QUÍMICA,5,elaborar fórmulas de fabricación,skill/competence,cross-sector,0.873,http://data.europa.eu/esco/skill/b2ad4e50-cb82-4a34-ab3e-5b5f6c4f9b65
UTM,Universidad Técnica de Manabí,INGENIERÍA QUÍMICA,6,gestionar los ensayos de productos,skill/competence,cross-sector,0.8712,http://data.europa.eu/esco/skill/b7a03115-41c9-4167-a0b6-7e40cf0fd607
UTM,Universidad Técnica de Manabí,INGENIERÍA QUÍMICA,7,manipular productos químicos,skill/competence,cross-sector,0.8694,http://data.europa.eu/esco/skill/2416dc09-6384-409e-8b1d-80bb7a2e7369
UTM,Universidad Técnica de Manabí,INGENIERÍA QUÍMICA,8,impartir formación sobre cómo supervisar la gestión de la calidad,skill/competence,cross-sector,0.8684,http://data.europa.eu/esco/skill/09e7cd13-ea36-4694-afe5-f34373759392
UTM,Universidad Técnica de Manabí,INGENIERÍA QUÍMICA,9,gestionar empresas de producción,skill/competence,cross-sector,0.8675,http://data.europa.eu/esco/skill/435d1751-8667-41ec-8b32-865b7cd3c684
UTM,Universidad Técnica de Manabí,INGENIERÍA QUÍMICA,10,inspeccionar la calidad de los productos,skill/competence,cross-sector,0.8667,http://data.europa.eu/esco/skill/1a3660c2-011c-4e96-9b1d-529afc305428
UTM,Universidad Técnica de Manabí,INGENIERÍA QUÍMICA,11,gestionar el impacto medioambiental de las operaciones,skill/competence,cross-sector,0.8666,http://data.europa.eu/esco/skill/d86babea-bf8b-4552-81a8-daf706066ad6
UTM,Universidad Técnica de Manabí,INGENIERÍA QUÍMICA,12,seguir fórmulas de coloración,skill/competence,cross-sector,0.8662,http://data.europa.eu/esco/skill/8779e8a1-45a8-4f51-b42a-2ea07ee4e8cd
UTM,Universidad Técnica de Manabí,INGENIERÍA QUÍMICA,13,verificar las exigencias de fabricación,skill/competence,cross-sector,0.8657,http://data.europa.eu/esco/skill/277f489c-7a47-4791-bd87-61ca01737f96
UTM,Universidad Técnica de Manabí,INGENIERÍA QUÍMICA,14,integrar productos nuevos en la cadena de fabricación,skill/competence,cross-sector,0.8654,http://data.europa.eu/esco/skill/8a753714-9a19-4418-9b37-77e79d72c705
UTM,Universidad Técnica de Manabí,INGENIERÍA QUÍMICA,15,realizar todas las actividades de ingeniería de procesos,skill/competence,cross-sector,0.8637,http://data.europa.eu/esco/skill/8b9d609a-6d62-4d5c-9133-01d41979cfac
UTM,Universidad Técnica de Manabí,INGENIERÍA QUÍMICA,16,supervisar la producción de la fábrica,skill/competence,cross-sector,0.8629,http://data.europa.eu/esco/skill/c09dce1b-e198-487e-b63f-934e10a4c181
UTM,Universidad Técnica de Manabí,INGENIERÍA QUÍMICA,17,gestionar la producción de calzado y de artículos de piel y cuero,skill/competence,cross-sector,0.8626,http://data.europa.eu/esco/skill/7e71fbcf-ebf8-4164-829b-e16b68aa9432
UTM,Universidad Técnica de Manabí,INGENIERÍA QUÍMICA,18,coordinar equipos de ingeniería,skill/competence,cross-sector,0.8622,http://data.europa.eu/esco/skill/7af6e9e8-1e11-4c0b-b7c6-ac96bbbbc674
UTM,Universidad Técnica de Manabí,INGENIERÍA QUÍMICA,19,desarrollar medicamentos,skill/competence,cross-sector,0.8611,http://data.europa.eu/esco/skill/d8aa87e2-bbe4-45ac-a1e4-f48b6f63952e
UTM,Universidad Técnica de Manabí,INGENIERÍA QUÍMICA,20,bombear productos,skill/competence,cross-sector,0.861,http://data.europa.eu/esco/skill/b957409c-1eef-43bd-8795-3bc5d1743ea4
UTM,Universidad Técnica de Manabí,INGENIERÍA QUÍMICA,21,controlar la producción,skill/competence,cross-sector,0.8609,http://data.europa.eu/esco/skill/feceacee-d425-4e73-821a-02dfb85084db
UTM,Universidad Técnica de Manabí,INGENIERÍA QUÍMICA,22,coordinar las actividades de producción,skill/competence,cross-sector,0.8607,http://data.europa.eu/esco/skill/05c00631-b864-4842-b47e-06710c197c7a
UTM,Universidad Técnica de Manabí,INGENIERÍA QUÍMICA,23,coordinar el envío de materiales reciclables,skill/competence,cross-sector,0.8603,http://data.europa.eu/esco/skill/9d04490c-cea5-4765-a15e-99c46b543c1d
UTM,Universidad Técnica de Manabí,INGENIERÍA QUÍMICA,24,gestionar la inspección de procesos químicos,skill/competence,cross-sector,0.8598,http://data.europa.eu/esco/skill/624b124f-6d1d-4d50-b775-f7c81c4f0cb5
UTM,Universidad Técnica de Manabí,INGENIERÍA QUÍMICA,25,controlar desarrollos de producción,skill/competence,cross-sector,0.8598,http://data.europa.eu/esco/skill/9148c1e4-beae-433c-bd72-e4a009440744
UTM,Universidad Técnica de Manabí,MECÁNICA,1,planificar procesos de fabricación,skill/competence,cross-sector,0.8812,http://data.europa.eu/esco/skill/7d0f33ea-e724-4d77-8b75-ee4fe66bb9ba
UTM,Universidad Técnica de Manabí,MECÁNICA,2,evaluar el impacto ambiental de yacimientos y zonas industriales,skill/competence,cross-sector,0.8757,http://data.europa.eu/esco/skill/f12f094b-492f-4e88-b36b-50b8e58b7500
UTM,Universidad Técnica de Manabí,MECÁNICA,3,montar máquinas,skill/competence,cross-sector,0.8725,http://data.europa.eu/esco/skill/87a0c0e6-c114-4ea1-b2d0-933bce1f3c5f
UTM,Universidad Técnica de Manabí,MECÁNICA,4,diseñar escombreras de minas,skill/competence,cross-sector,0.8701,http://data.europa.eu/esco/skill/cfbe1cdb-1738-45a1-b442-75cbda1fff06
UTM,Universidad Técnica de Manabí,MECÁNICA,5,gestionar equipos pesados,skill/competence,cross-sector,0.8696,http://data.europa.eu/esco/skill/2a314d49-c071-403b-9cc8-75aea53e7859
UTM,Universidad Técnica de Manabí,MECÁNICA,6,diseñar sistemas de control,skill/competence,cross-sector,0.8695,http://data.europa.eu/esco/skill/d560df46-dda4-4407-bab2-b87353a96814
UTM,Universidad Técnica de Manabí,MECÁNICA,7,actuar de enlace con profesionales del sector,skill/competence,cross-sector,0.8677,http://data.europa.eu/esco/skill/d1317634-ccea-44d0-9cdc-c863f9bf856b
UTM,Universidad Técnica de Manabí,MECÁNICA,8,elaborar planos,skill/competence,cross-sector,0.8649,http://data.europa.eu/esco/skill/bf59255e-782a-4e83-a93c-6055cfdd8e7f
UTM,Universidad Técnica de Manabí,MECÁNICA,9,supervisar el funcionamiento de los equipos,skill/competence,cross-sector,0.8648,http://data.europa.eu/esco/skill/ca17f0df-59e4-4ed2-9360-fc5325bc7151
UTM,Universidad Técnica de Manabí,MECÁNICA,10,coordinar equipos de ingeniería,skill/competence,cross-sector,0.8647,http://data.europa.eu/esco/skill/7af6e9e8-1e11-4c0b-b7c6-ac96bbbbc674
UTM,Universidad Técnica de Manabí,MECÁNICA,11,gestionar el impacto medioambiental de las operaciones,skill/competence,cross-sector,0.8645,http://data.europa.eu/esco/skill/d86babea-bf8b-4552-81a8-daf706066ad6
UTM,Universidad Técnica de Manabí,MECÁNICA,12,gestionar empresas de producción,skill/competence,cross-sector,0.8641,http://data.europa.eu/esco/skill/435d1751-8667-41ec-8b32-865b7cd3c684
UTM,Universidad Técnica de Manabí,MECÁNICA,13,mejorar procesos químicos,skill/competence,cross-sector,0.8636,http://data.europa.eu/esco/skill/451c8010-7dbb-4f96-b4d4-0955766d9eff
UTM,Universidad Técnica de Manabí,MECÁNICA,14,coordinar el envío de materiales reciclables,skill/competence,cross-sector,0.8618,http://data.europa.eu/esco/skill/9d04490c-cea5-4765-a15e-99c46b543c1d
UTM,Universidad Técnica de Manabí,MECÁNICA,15,realizar todas las actividades de ingeniería de procesos,skill/competence,cross-sector,0.8618,http://data.europa.eu/esco/skill/8b9d609a-6d62-4d5c-9133-01d41979cfac
UTM,Universidad Técnica de Manabí,MECÁNICA,16,manipular mercancía,skill/competence,cross-sector,0.8612,http://data.europa.eu/esco/skill/bf7e427d-b354-4e11-bd16-4da590d3dcec
UTM,Universidad Técnica de Manabí,MECÁNICA,17,trabajar con sustancias químicas,skill/competence,cross-sector,0.8607,http://data.europa.eu/esco/skill/929a997b-d56c-4383-b36d-6de9fa0e1721
UTM,Universidad Técnica de Manabí,MECÁNICA,18,mantener maquinaria de a bordo,skill/competence,cross-sector,0.8605,http://data.europa.eu/esco/skill/26c60178-5d93-4ded-93d7-c58e0ed92388
UTM,Universidad Técnica de Manabí,MECÁNICA,19,manipular madera,skill/competence,cross-sector,0.8604,http://data.europa.eu/esco/skill/c8186be4-15d4-4347-b34a-53bee7015f79
UTM,Universidad Técnica de Manabí,MECÁNICA,20,gestionar experimentos a gran escala para la fabricación de alimentos,skill/competence,cross-sector,0.86,http://data.europa.eu/esco/skill/950c1106-4ea1-4fb7-a115-5dd5adcc1ea4
UTM,Universidad Técnica de Manabí,MECÁNICA,21,controlar maquinaria pesada,skill/competence,cross-sector,0.8599,http://data.europa.eu/esco/skill/4853efe8-0cdd-42d1-bc5a-6ba5fa9a8b2c
UTM,Universidad Técnica de Manabí,MECÁNICA,22,sensibilizar sobre el medioambiente,skill/competence,cross-sector,0.8597,http://data.europa.eu/esco/skill/8abdc43c-2bfd-417c-97c2-27fcdaf53171
UTM,Universidad Técnica de Manabí,MECÁNICA,23,integrar productos nuevos en la cadena de fabricación,skill/competence,cross-sector,0.8597,http://data.europa.eu/esco/skill/8a753714-9a19-4418-9b37-77e79d72c705
UTM,Universidad Técnica de Manabí,MECÁNICA,24,manejar equipos de extracción de hidrógeno,skill/competence,cross-sector,0.8591,http://data.europa.eu/esco/skill/d2fd219f-5cb1-4f67-8db5-be6c5fc865c7
UTM,Universidad Técnica de Manabí,MECÁNICA,25,asistir en el mantenimiento de barcos,skill/competence,cross-sector,0.8588,http://data.europa.eu/esco/skill/a31c8047-8715-4484-aa32-c974127bcc69
UTM,Universidad Técnica de Manabí,SISTEMAS DE INFORMACIÓN,1,gestionar sistemas de instrumentación,skill/competence,cross-sector,0.8591,http://data.europa.eu/esco/skill/5d71a91f-cc72-4b66-b6e3-d75ecc05e235
UTM,Universidad Técnica de Manabí,SISTEMAS DE INFORMACIÓN,2,resolver problemas de sistemas TIC,skill/competence,cross-sector,0.8402,http://data.europa.eu/esco/skill/9e06bac6-6b91-48ca-8b7d-c1f48cdecd7c
UTM,Universidad Técnica de Manabí,SISTEMAS DE INFORMACIÓN,3,ingeniería de datos,knowledge,cross-sector,0.84,http://data.europa.eu/esco/skill/48db96bf-3314-45c6-bad8-fdb6e20e5639
UTM,Universidad Técnica de Manabí,SISTEMAS DE INFORMACIÓN,4,diseñar sistemas de control,skill/competence,cross-sector,0.8397,http://data.europa.eu/esco/skill/d560df46-dda4-4407-bab2-b87353a96814
UTM,Universidad Técnica de Manabí,SISTEMAS DE INFORMACIÓN,5,montar máquinas,skill/competence,cross-sector,0.839,http://data.europa.eu/esco/skill/87a0c0e6-c114-4ea1-b2d0-933bce1f3c5f
UTM,Universidad Técnica de Manabí,SISTEMAS DE INFORMACIÓN,6,crear soluciones para problemas informativos,skill/competence,cross-sector,0.8373,http://data.europa.eu/esco/skill/4539aeca-b56f-4d03-ba86-8f675a7f2536
UTM,Universidad Técnica de Manabí,SISTEMAS DE INFORMACIÓN,7,realizar una evaluación de la incidencia de los procesos de las TIC en las empresas,skill/competence,cross-sector,0.8346,http://data.europa.eu/esco/skill/17c9a790-5664-4673-8237-c4cf3c5a8da5
UTM,Universidad Técnica de Manabí,SISTEMAS DE INFORMACIÓN,8,tecnología informática,knowledge,cross-sector,0.834,http://data.europa.eu/esco/skill/ddc3119d-1d6e-4324-9125-a3380d299ac5
UTM,Universidad Técnica de Manabí,SISTEMAS DE INFORMACIÓN,9,reparar equipos in situ,skill/competence,cross-sector,0.8338,http://data.europa.eu/esco/skill/b928ae44-b19f-49c7-a823-b09094de1063
UTM,Universidad Técnica de Manabí,SISTEMAS DE INFORMACIÓN,10,gestionar publicaciones abiertas,skill/competence,cross-sector,0.8324,http://data.europa.eu/esco/skill/da930e2f-6047-4616-a598-bba8ecef3039
UTM,Universidad Técnica de Manabí,SISTEMAS DE INFORMACIÓN,11,supervisar operaciones informativas diarias,skill/competence,cross-sector,0.8321,http://data.europa.eu/esco/skill/9013b46e-5a9b-4929-8918-fcadfdfd37ce
UTM,Universidad Técnica de Manabí,SISTEMAS DE INFORMACIÓN,12,coordinar equipos de ingeniería,skill/competence,cross-sector,0.8321,http://data.europa.eu/esco/skill/7af6e9e8-1e11-4c0b-b7c6-ac96bbbbc674
UTM,Universidad Técnica de Manabí,SISTEMAS DE INFORMACIÓN,13,verificar unidades electrónicas,skill/competence,cross-sector,0.8319,http://data.europa.eu/esco/skill/baf501a8-f0fe-4ad7-9b69-8e920fa1a87b
UTM,Universidad Técnica de Manabí,SISTEMAS DE INFORMACIÓN,14,ingeniería de telecomunicaciones,knowledge,cross-sector,0.8317,http://data.europa.eu/esco/skill/14764a75-3104-4875-ba1d-57c059b9b013
UTM,Universidad Técnica de Manabí,SISTEMAS DE INFORMACIÓN,15,gestionar proyectos de ingeniería,skill/competence,cross-sector,0.8315,http://data.europa.eu/esco/skill/6a899482-8bcf-40ca-ae67-579a1cc467ab
UTM,Universidad Técnica de Manabí,SISTEMAS DE INFORMACIÓN,16,gestionar bases de datos,skill/competence,cross-sector,0.8312,http://data.europa.eu/esco/skill/29fb0fb5-dfc4-4098-ac9b-3a712000f48f
UTM,Universidad Técnica de Manabí,SISTEMAS DE INFORMACIÓN,17,configurar textos en formato digital,skill/competence,cross-sector,0.8312,http://data.europa.eu/esco/skill/9b30c8fd-6467-4d16-99e0-32899a9ceec0
UTM,Universidad Técnica de Manabí,SISTEMAS DE INFORMACIÓN,18,"gestionar datos, información y contenido digitales",skill/competence,cross-sector,0.8311,http://data.europa.eu/esco/skill/4d97e3c3-f335-47cc-a4ee-0d779fd42222
UTM,Universidad Técnica de Manabí,SISTEMAS DE INFORMACIÓN,19,ingeniería informática,knowledge,cross-sector,0.8311,http://data.europa.eu/esco/skill/89f6560b-2194-45c9-9ece-d33049a73eef
UTM,Universidad Técnica de Manabí,SISTEMAS DE INFORMACIÓN,20,ingeniería industrial,knowledge,cross-sector,0.83,http://data.europa.eu/esco/skill/a1816dfd-dbdc-4499-bef3-ff81dd895b33
UTM,Universidad Técnica de Manabí,SISTEMAS DE INFORMACIÓN,21,asesorar sobre averías de máquinas,skill/competence,cross-sector,0.8299,http://data.europa.eu/esco/skill/8c474534-707f-46f3-b356-810bbfe8b693
UTM,Universidad Técnica de Manabí,SISTEMAS DE INFORMACIÓN,22,gestionar proyectos de investigación y desarrollo,skill/competence,cross-sector,0.8295,http://data.europa.eu/esco/skill/d5dbc342-8e39-4998-8237-ebbe05a381ce
UTM,Universidad Técnica de Manabí,SISTEMAS DE INFORMACIÓN,23,diseñar componentes de ingeniería,skill/competence,cross-sector,0.829,http://data.europa.eu/esco/skill/87434439-c07d-48be-af34-b0cdd03121c4
UTM,Universidad Técnica de Manabí,SISTEMAS DE INFORMACIÓN,24,ejecutar cálculos matemáticos analíticos,skill/competence,cross-sector,0.8287,http://data.europa.eu/esco/skill/31c69100-b612-4a61-8db5-fd314318854c
UTM,Universidad Técnica de Manabí,SISTEMAS DE INFORMACIÓN,25,montar equipos de instrumentación,skill/competence,cross-sector,0.8284,http://data.europa.eu/esco/skill/af0b1937-7538-434f-871b-7e8f72e04117
UTM,Universidad Técnica de Manabí,TELECOMUNICACIONES,1,coordinar comunicaciones remotas,skill/competence,cross-sector,0.8716,http://data.europa.eu/esco/skill/9bafaea2-76cd-4532-ab77-8b3d21fa6235
UTM,Universidad Técnica de Manabí,TELECOMUNICACIONES,2,coordinar equipos de ingeniería,skill/competence,cross-sector,0.869,http://data.europa.eu/esco/skill/7af6e9e8-1e11-4c0b-b7c6-ac96bbbbc674
UTM,Universidad Técnica de Manabí,TELECOMUNICACIONES,3,gestionar proyectos de investigación y desarrollo,skill/competence,cross-sector,0.8683,http://data.europa.eu/esco/skill/d5dbc342-8e39-4998-8237-ebbe05a381ce
UTM,Universidad Técnica de Manabí,TELECOMUNICACIONES,4,evaluar el impacto ambiental de yacimientos y zonas industriales,skill/competence,cross-sector,0.8676,http://data.europa.eu/esco/skill/f12f094b-492f-4e88-b36b-50b8e58b7500
UTM,Universidad Técnica de Manabí,TELECOMUNICACIONES,5,montar máquinas,skill/competence,cross-sector,0.8647,http://data.europa.eu/esco/skill/87a0c0e6-c114-4ea1-b2d0-933bce1f3c5f
UTM,Universidad Técnica de Manabí,TELECOMUNICACIONES,6,actuar de enlace con profesionales del sector,skill/competence,cross-sector,0.8646,http://data.europa.eu/esco/skill/d1317634-ccea-44d0-9cdc-c863f9bf856b
UTM,Universidad Técnica de Manabí,TELECOMUNICACIONES,7,supervisar el funcionamiento de los equipos,skill/competence,cross-sector,0.8638,http://data.europa.eu/esco/skill/ca17f0df-59e4-4ed2-9360-fc5325bc7151
UTM,Universidad Técnica de Manabí,TELECOMUNICACIONES,8,gestionar los programas públicos,skill/competence,cross-sector,0.8633,http://data.europa.eu/esco/skill/0761f325-13e7-49f4-a41a-ec64ba4e7b9d
UTM,Universidad Técnica de Manabí,TELECOMUNICACIONES,9,comunicar cuestiones técnicas a los clientes,skill/competence,cross-sector,0.8632,http://data.europa.eu/esco/skill/652da95d-b336-497a-bce5-1c29a674eecb
UTM,Universidad Técnica de Manabí,TELECOMUNICACIONES,10,gestionar las comunicaciones visuales,skill/competence,cross-sector,0.8625,http://data.europa.eu/esco/skill/50b96d21-f2eb-4f35-a8d3-77eee15ef51f
UTM,Universidad Técnica de Manabí,TELECOMUNICACIONES,11,operar sistemas de coordinación por radio para taxis,skill/competence,cross-sector,0.862,http://data.europa.eu/esco/skill/57093d18-25bd-4805-8202-168430c6a967
UTM,Universidad Técnica de Manabí,TELECOMUNICACIONES,12,resolver problemas de sistemas TIC,skill/competence,cross-sector,0.8613,http://data.europa.eu/esco/skill/9e06bac6-6b91-48ca-8b7d-c1f48cdecd7c
UTM,Universidad Técnica de Manabí,TELECOMUNICACIONES,13,gestionar sistemas de instrumentación,skill/competence,cross-sector,0.8593,http://data.europa.eu/esco/skill/5d71a91f-cc72-4b66-b6e3-d75ecc05e235
UTM,Universidad Técnica de Manabí,TELECOMUNICACIONES,14,coordinar comunicaciones en situaciones de emergencia en operaciones mineras,skill/competence,cross-sector,0.8588,http://data.europa.eu/esco/skill/707ff33d-d130-4e61-8a2a-6e8b023be9fc
UTM,Universidad Técnica de Manabí,TELECOMUNICACIONES,15,detectar y corregir errores de las tecnologías de la información y de las comunicaciones,skill/competence,cross-sector,0.8585,http://data.europa.eu/esco/skill/744442ac-c157-4350-8be0-ce454df4f5c5
UTM,Universidad Técnica de Manabí,TELECOMUNICACIONES,16,gestionar los procesos de licitación,skill/competence,cross-sector,0.8585,http://data.europa.eu/esco/skill/4b2c4de9-43d7-4905-9d58-bc2e7d84b2e1
UTM,Universidad Técnica de Manabí,TELECOMUNICACIONES,17,coordinar el envío de materiales reciclables,skill/competence,cross-sector,0.8583,http://data.europa.eu/esco/skill/9d04490c-cea5-4765-a15e-99c46b543c1d
UTM,Universidad Técnica de Manabí,TELECOMUNICACIONES,18,Proponer soluciones tecnológicas a problemas empresariales,skill/competence,cross-sector,0.8581,http://data.europa.eu/esco/skill/07e51c60-763a-4335-b4ec-70a15f66d328
UTM,Universidad Técnica de Manabí,TELECOMUNICACIONES,19,planificar procesos de fabricación,skill/competence,cross-sector,0.8575,http://data.europa.eu/esco/skill/7d0f33ea-e724-4d77-8b75-ee4fe66bb9ba
UTM,Universidad Técnica de Manabí,TELECOMUNICACIONES,20,comunicarse con los jefes y directivos,skill/competence,cross-sector,0.8571,http://data.europa.eu/esco/skill/f14ff4b7-be1e-4b55-b39b-520005f8a97e
UTM,Universidad Técnica de Manabí,TELECOMUNICACIONES,21,desarrollar sistemas de instrumentación,skill/competence,cross-sector,0.8568,http://data.europa.eu/esco/skill/d8c19849-f4cf-458d-90cd-abe735a729bf
UTM,Universidad Técnica de Manabí,TELECOMUNICACIONES,22,diseñar sistemas de control,skill/competence,cross-sector,0.8559,http://data.europa.eu/esco/skill/d560df46-dda4-4407-bab2-b87353a96814
UTM,Universidad Técnica de Manabí,TELECOMUNICACIONES,23,sector de las telecomunicaciones,knowledge,cross-sector,0.8557,http://data.europa.eu/esco/skill/60b44dab-03f1-46de-be08-0e5ba8662b3d
UTM,Universidad Técnica de Manabí,TELECOMUNICACIONES,24,garantizar el cumplimiento de la legislación en materia de seguridad,skill/competence,cross-sector,0.8549,http://data.europa.eu/esco/skill/233be639-bdb5-4099-ab40-96d537d6c1f3
UTM,Universidad Técnica de Manabí,TELECOMUNICACIONES,25,analizar las tendencias en el rendimiento de las llamadas,skill/competence,cross-sector,0.8546,http://data.europa.eu/esco/skill/3a585818-03f1-434c-b41b-9d3c4ceedfaa
UTM,Universidad Técnica de Manabí,COMPUTACIÓN,1,montar máquinas,skill/competence,cross-sector,0.874,http://data.europa.eu/esco/skill/87a0c0e6-c114-4ea1-b2d0-933bce1f3c5f
UTM,Universidad Técnica de Manabí,COMPUTACIÓN,2,resolver problemas de sistemas TIC,skill/competence,cross-sector,0.8735,http://data.europa.eu/esco/skill/9e06bac6-6b91-48ca-8b7d-c1f48cdecd7c
UTM,Universidad Técnica de Manabí,COMPUTACIÓN,3,diseñar sistemas de control,skill/competence,cross-sector,0.8718,http://data.europa.eu/esco/skill/d560df46-dda4-4407-bab2-b87353a96814
UTM,Universidad Técnica de Manabí,COMPUTACIÓN,4,ejecutar cálculos matemáticos analíticos,skill/competence,cross-sector,0.8717,http://data.europa.eu/esco/skill/31c69100-b612-4a61-8db5-fd314318854c
UTM,Universidad Técnica de Manabí,COMPUTACIÓN,5,gestionar sistemas de instrumentación,skill/competence,cross-sector,0.8698,http://data.europa.eu/esco/skill/5d71a91f-cc72-4b66-b6e3-d75ecc05e235
UTM,Universidad Técnica de Manabí,COMPUTACIÓN,6,planificar procesos de fabricación,skill/competence,cross-sector,0.868,http://data.europa.eu/esco/skill/7d0f33ea-e724-4d77-8b75-ee4fe66bb9ba
UTM,Universidad Técnica de Manabí,COMPUTACIÓN,7,Proponer soluciones tecnológicas a problemas empresariales,skill/competence,cross-sector,0.8673,http://data.europa.eu/esco/skill/07e51c60-763a-4335-b4ec-70a15f66d328
UTM,Universidad Técnica de Manabí,COMPUTACIÓN,8,supervisar sistemas de gestión ambiental,skill/competence,cross-sector,0.8656,http://data.europa.eu/esco/skill/b13e0689-636d-42d0-86c3-df9d6f85a882
UTM,Universidad Técnica de Manabí,COMPUTACIÓN,9,configurar textos en formato digital,skill/competence,cross-sector,0.8653,http://data.europa.eu/esco/skill/9b30c8fd-6467-4d16-99e0-32899a9ceec0
UTM,Universidad Técnica de Manabí,COMPUTACIÓN,10,analizar datos de carácter ecológico,skill/competence,cross-sector,0.8648,http://data.europa.eu/esco/skill/5354a726-ee64-4f34-90f8-8436f9f374b8
UTM,Universidad Técnica de Manabí,COMPUTACIÓN,11,elaborar software estadístico,skill/competence,cross-sector,0.8648,http://data.europa.eu/esco/skill/bb165899-d95f-4433-95f2-173fefd716d2
UTM,Universidad Técnica de Manabí,COMPUTACIÓN,12,gestionar datos cuantitativos,skill/competence,cross-sector,0.8638,http://data.europa.eu/esco/skill/57231a22-4da7-49c8-97b8-75672feadf1e
UTM,Universidad Técnica de Manabí,COMPUTACIÓN,13,asesorar a la clientela acerca de las posibilidades técnicas,skill/competence,cross-sector,0.8636,http://data.europa.eu/esco/skill/7b3abd38-61ae-42a4-88bb-0884784f9ee1
UTM,Universidad Técnica de Manabí,COMPUTACIÓN,14,supervisar el funcionamiento de los equipos,skill/competence,cross-sector,0.8635,http://data.europa.eu/esco/skill/ca17f0df-59e4-4ed2-9360-fc5325bc7151
UTM,Universidad Técnica de Manabí,COMPUTACIÓN,15,diseñar sistemas electromecánicos,skill/competence,cross-sector,0.8634,http://data.europa.eu/esco/skill/c5422318-3218-4ce9-9bdd-f38b93ff63a3
UTM,Universidad Técnica de Manabí,COMPUTACIÓN,16,gestionar empresas de producción,skill/competence,cross-sector,0.8633,http://data.europa.eu/esco/skill/435d1751-8667-41ec-8b32-865b7cd3c684
UTM,Universidad Técnica de Manabí,COMPUTACIÓN,17,verificar unidades electrónicas,skill/competence,cross-sector,0.8629,http://data.europa.eu/esco/skill/baf501a8-f0fe-4ad7-9b69-8e920fa1a87b
UTM,Universidad Técnica de Manabí,COMPUTACIÓN,18,crear soluciones para problemas informativos,skill/competence,cross-sector,0.8627,http://data.europa.eu/esco/skill/4539aeca-b56f-4d03-ba86-8f675a7f2536
UTM,Universidad Técnica de Manabí,COMPUTACIÓN,19,elaborar estrategias para resolver problemas,skill/competence,cross-sector,0.8626,http://data.europa.eu/esco/skill/7a8fb784-67fa-41e9-a75c-6b491d91f800
UTM,Universidad Técnica de Manabí,COMPUTACIÓN,20,garantizar el cumplimiento de la legislación en materia de seguridad,skill/competence,cross-sector,0.8625,http://data.europa.eu/esco/skill/233be639-bdb5-4099-ab40-96d537d6c1f3
UTM,Universidad Técnica de Manabí,COMPUTACIÓN,21,diseñar escombreras de minas,skill/competence,cross-sector,0.862,http://data.europa.eu/esco/skill/cfbe1cdb-1738-45a1-b442-75cbda1fff06
UTM,Universidad Técnica de Manabí,COMPUTACIÓN,22,mantener equipos electrónicos,skill/competence,cross-sector,0.8618,http://data.europa.eu/esco/skill/ba45db8f-34e8-4f29-af0b-e6645e1d693f
UTM,Universidad Técnica de Manabí,COMPUTACIÓN,23,gestionar los programas públicos,skill/competence,cross-sector,0.8614,http://data.europa.eu/esco/skill/0761f325-13e7-49f4-a41a-ec64ba4e7b9d
UTM,Universidad Técnica de Manabí,COMPUTACIÓN,24,detectar y corregir errores de las tecnologías de la información y de las comunicaciones,skill/competence,cross-sector,0.8613,http://data.europa.eu/esco/skill/744442ac-c157-4350-8be0-ce454df4f5c5
UTM,Universidad Técnica de Manabí,COMPUTACIÓN,25,gestionar proyectos de investigación y desarrollo,skill/competence,cross-sector,0.8613,http://data.europa.eu/esco/skill/d5dbc342-8e39-4998-8237-ebbe05a381ce
