siglas,universidad,nombre,rank,skill_label,skill_type,reuse_level,score,skill_uri
EPN,Escuela Politécnica Nacional,Licenciatura Administracion De Empresas,1,gestionar un equipo,skill/competence,cross-sector,0.6988,http://data.europa.eu/esco/skill/cb668e89-6ef5-4ff3-ab4a-506010e7e70b
EPN,Escuela Politécnica Nacional,Licenciatura Administracion De Empresas,2,crear soluciones para problemas,skill/competence,cross-sector,0.6737,http://data.europa.eu/esco/skill/03b9b491-fc9b-4868-914a-bf7cd47b5041
EPN,Escuela Politécnica Nacional,Licenciatura Administracion De Empresas,3,preparar informes sobre asuntos relacionados con el trabajo,skill/competence,cross-sector,0.6612,http://data.europa.eu/esco/skill/918f5211-b99f-4b29-9a34-6e475583ef55
EPN,Escuela Politécnica Nacional,Licenciatura Administracion De Empresas,4,informar sobre la gestión general de una empresa,skill/competence,cross-sector,0.6563,http://data.europa.eu/esco/skill/307ffd2d-8fb3-43ff-8ad8-4052382f8f83
EPN,Escuela Politécnica Nacional,Licenciatura Administracion De Empresas,5,construir redes,skill/competence,transversal,0.6558,http://data.europa.eu/esco/skill/bf983f2a-e941-4646-811d-cc81060cb53f
EPN,Escuela Politécnica Nacional,Licenciatura Administracion De Empresas,6,tener competencias informáticas,skill/competence,cross-sector,0.6543,http://data.europa.eu/esco/skill/d15ce60f-ddab-41ce-ba56-398451b77b60
EPN,Escuela Politécnica Nacional,Licenciatura Administracion De Empresas,7,gestionar recursos humanos,skill/competence,cross-sector,0.6537,http://data.europa.eu/esco/skill/279a4b1d-21df-4d78-9f4d-324c73fd7536
EPN,Escuela Politécnica Nacional,Licenciatura Administracion De Empresas,8,evaluar el rendimiento del personal y los gestores de la empresa,skill/competence,cross-sector,0.6525,http://data.europa.eu/esco/skill/5cfd2ec5-ef34-4e3b-9397-e580b903d716
EPN,Escuela Politécnica Nacional,Licenciatura Administracion De Empresas,9,desarrollar normas de información,skill/competence,cross-sector,0.6521,http://data.europa.eu/esco/skill/1b3fc0e0-c6f9-45fc-9c6e-14bbba662979
EPN,Escuela Politécnica Nacional,Licenciatura Administracion De Empresas,10,enseñar principios de gestión empresarial,skill/competence,cross-sector,0.6499,http://data.europa.eu/esco/skill/29d3663f-348a-4b67-a8db-b94fd3912385
EPN,Escuela Politécnica Nacional,Licenciatura Administracion De Empresas,11,gestionar el impacto medioambiental de las operaciones,skill/competence,cross-sector,0.6481,http://data.europa.eu/esco/skill/d86babea-bf8b-4552-81a8-daf706066ad6
EPN,Escuela Politécnica Nacional,Licenciatura Administracion De Empresas,12,gestionar sistemas administrativos,skill/competence,cross-sector,0.6477,http://data.europa.eu/esco/skill/6ae8306a-4f9d-4410-ac82-6406f3cbd16a
EPN,Escuela Politécnica Nacional,Licenciatura Administracion De Empresas,13,guiar a los gestores de los diferentes departamentos de la empresa,skill/competence,cross-sector,0.6474,http://data.europa.eu/esco/skill/3e61ee41-2bd9-466f-b313-00ce04072410
EPN,Escuela Politécnica Nacional,Licenciatura Administracion De Empresas,14,realizar gestión de clientes,skill/competence,cross-sector,0.6454,http://data.europa.eu/esco/skill/91306a20-9b81-4f3d-97eb-f5368b607da7
EPN,Escuela Politécnica Nacional,Licenciatura Administracion De Empresas,15,gestionar conocimientos empresariales,skill/competence,cross-sector,0.6442,http://data.europa.eu/esco/skill/41bf7ede-fc84-4a57-8c89-b548d11b0ba1
EPN,Escuela Politécnica Nacional,Licenciatura Administracion De Empresas,16,tener espíritu emprendedor,skill/competence,transversal,0.644,http://data.europa.eu/esco/skill/bdcf429c-5ccf-4c3d-bb61-4c987573a35e
EPN,Escuela Politécnica Nacional,Licenciatura Administracion De Empresas,17,gestionar conocimientos para repercutir en las políticas,skill/competence,cross-sector,0.6426,http://data.europa.eu/esco/skill/4d39b27a-b34f-4c89-8d46-df844d42f728
EPN,Escuela Politécnica Nacional,Licenciatura Administracion De Empresas,18,gestionar publicaciones abiertas,skill/competence,cross-sector,0.6424,http://data.europa.eu/esco/skill/da930e2f-6047-4616-a598-bba8ecef3039
EPN,Escuela Politécnica Nacional,Licenciatura Administracion De Empresas,19,tomar decisiones empresariales estratégicas,skill/competence,cross-sector,0.6424,http://data.europa.eu/esco/skill/f60c9e52-95fc-4ca1-a73c-18a491153b63
EPN,Escuela Politécnica Nacional,Licenciatura Administracion De Empresas,20,gestionar programas de formación en la empresa,skill/competence,cross-sector,0.642,http://data.europa.eu/esco/skill/6e66fa0f-4d3b-415e-9693-dc556eb5112a
EPN,Escuela Politécnica Nacional,Licenciatura Administracion De Empresas,21,interactuar con el consejo de administración,skill/competence,cross-sector,0.6413,http://data.europa.eu/esco/skill/28f637e1-15fc-462d-ba10-5908fd438a0e
EPN,Escuela Politécnica Nacional,Licenciatura Administracion De Empresas,22,participar en las operaciones cotidianas de la empresa,skill/competence,cross-sector,0.6412,http://data.europa.eu/esco/skill/ce4cbc3a-bde0-43b4-9526-e643c4fe5b04
EPN,Escuela Politécnica Nacional,Licenciatura Administracion De Empresas,23,evaluar la formación,skill/competence,cross-sector,0.641,http://data.europa.eu/esco/skill/728ad40d-4a79-4b4d-b77b-a48d094d73fa
EPN,Escuela Politécnica Nacional,Licenciatura Administracion De Empresas,24,proporcionar orientación profesional,skill/competence,cross-sector,0.6374,http://data.europa.eu/esco/skill/fd88851f-4d1d-4de8-aee1-4464c3012969
EPN,Escuela Politécnica Nacional,Licenciatura Administracion De Empresas,25,tomar decisiones basadas en datos,skill/competence,cross-sector,0.6371,http://data.europa.eu/esco/skill/be20d05c-f6b4-4580-9fcf-f00f4baab562
EPN,Escuela Politécnica Nacional,Ingenieria Agroindustria,1,demostrar conocimientos especializados sobre una disciplina,skill/competence,cross-sector,0.6451,http://data.europa.eu/esco/skill/4134622c-c3fb-4a41-beb6-6d58ba5107db
EPN,Escuela Politécnica Nacional,Ingenieria Agroindustria,2,determinar viabilidad de producción,skill/competence,cross-sector,0.6047,http://data.europa.eu/esco/skill/c79a6989-a73c-496b-997f-c706e1c5c52b
EPN,Escuela Politécnica Nacional,Ingenieria Agroindustria,3,demostrar competencia en las normas de envasado,skill/competence,cross-sector,0.6016,http://data.europa.eu/esco/skill/07197605-141a-4c85-8995-00614de16c87
EPN,Escuela Politécnica Nacional,Ingenieria Agroindustria,4,desarrollar procedimientos de ensayo de materiales,skill/competence,cross-sector,0.6007,http://data.europa.eu/esco/skill/658b6ea0-79f5-451d-a037-7593a4416c85
EPN,Escuela Politécnica Nacional,Ingenieria Agroindustria,5,ingeniería ambiental,knowledge,cross-sector,0.5989,http://data.europa.eu/esco/skill/b1b118c4-3291-484e-b64d-6d51fd5da8b3
EPN,Escuela Politécnica Nacional,Ingenieria Agroindustria,6,examinar principios de ingeniería,skill/competence,cross-sector,0.5977,http://data.europa.eu/esco/skill/8bc1c7da-c832-4896-a441-30d087c46aad
EPN,Escuela Politécnica Nacional,Ingenieria Agroindustria,7,"aplicar conocimientos científicos, tecnológicos y de ingeniería",skill/competence,transversal,0.5886,http://data.europa.eu/esco/skill/5c3ab99d-a3f1-4620-9602-d12d2151a03d
EPN,Escuela Politécnica Nacional,Ingenieria Agroindustria,8,ofrecer formación técnica,skill/competence,cross-sector,0.5877,http://data.europa.eu/esco/skill/d54a1355-05c8-45eb-9c42-267d2cfcdf44
EPN,Escuela Politécnica Nacional,Ingenieria Agroindustria,9,construir redes,skill/competence,transversal,0.5864,http://data.europa.eu/esco/skill/bf983f2a-e941-4646-811d-cc81060cb53f
EPN,Escuela Politécnica Nacional,Ingenieria Agroindustria,10,principios de ingeniería,knowledge,cross-sector,0.5864,http://data.europa.eu/esco/skill/209a5498-3449-4689-8ed9-bd08cab4fd78
EPN,Escuela Politécnica Nacional,Ingenieria Agroindustria,11,realizar pruebas de rendimiento,skill/competence,cross-sector,0.5835,http://data.europa.eu/esco/skill/bbd57056-80e0-45bb-a2c1-658ed99a1251
EPN,Escuela Politécnica Nacional,Ingenieria Agroindustria,12,garantizar que el producto final cumpla con las exigencias,skill/competence,cross-sector,0.5814,http://data.europa.eu/esco/skill/68269b0a-35c5-4867-bc17-a0b0230fe60c
EPN,Escuela Politécnica Nacional,Ingenieria Agroindustria,13,aplicar métodos de producción avanzados,skill/competence,cross-sector,0.581,http://data.europa.eu/esco/skill/4f0e579d-ca7b-427c-ace6-9e2de3eb19c7
EPN,Escuela Politécnica Nacional,Ingenieria Agroindustria,14,desarrollar procedimientos de prueba,skill/competence,cross-sector,0.5807,http://data.europa.eu/esco/skill/f10142ce-d522-49c3-9fd1-054fb63529d4
EPN,Escuela Politécnica Nacional,Ingenieria Agroindustria,15,proporcionar experiencia técnica,skill/competence,cross-sector,0.5802,http://data.europa.eu/esco/skill/c69587b4-05d3-45bb-b79b-9b85e6603fc2
EPN,Escuela Politécnica Nacional,Ingenieria Agroindustria,16,evaluar la formación,skill/competence,cross-sector,0.579,http://data.europa.eu/esco/skill/728ad40d-4a79-4b4d-b77b-a48d094d73fa
EPN,Escuela Politécnica Nacional,Ingenieria Agroindustria,17,gestionar el impacto medioambiental de las operaciones,skill/competence,cross-sector,0.5788,http://data.europa.eu/esco/skill/d86babea-bf8b-4552-81a8-daf706066ad6
EPN,Escuela Politécnica Nacional,Ingenieria Agroindustria,18,informar sobre resultados de pruebas,skill/competence,cross-sector,0.5757,http://data.europa.eu/esco/skill/561c2525-5bd8-4d86-8f45-820f4be7db93
EPN,Escuela Politécnica Nacional,Ingenieria Agroindustria,19,tener conciencia de los riesgos sanitarios,skill/competence,transversal,0.5749,http://data.europa.eu/esco/skill/c4180af3-befd-4bd8-9a65-6a496f9d9f15
EPN,Escuela Politécnica Nacional,Ingenieria Agroindustria,20,gestionar residuos,skill/competence,cross-sector,0.5748,http://data.europa.eu/esco/skill/73a9561d-112c-4d8a-9d5f-b2c11c5bbd5f
EPN,Escuela Politécnica Nacional,Ingenieria Agroindustria,21,elaborar políticas de agricultura,skill/competence,cross-sector,0.5745,http://data.europa.eu/esco/skill/108320f7-c8a1-4386-aed9-91054ab05619
EPN,Escuela Politécnica Nacional,Ingenieria Agroindustria,22,Interactuar de manera profesional en entornos de investigación y profesionales,skill/competence,cross-sector,0.5742,http://data.europa.eu/esco/skill/20a8fe89-d4eb-4698-8521-8881c13377e0
EPN,Escuela Politécnica Nacional,Ingenieria Agroindustria,23,tener competencias informáticas,skill/competence,cross-sector,0.574,http://data.europa.eu/esco/skill/d15ce60f-ddab-41ce-ba56-398451b77b60
EPN,Escuela Politécnica Nacional,Ingenieria Agroindustria,24,adoptar vías para reducir el impacto negativo del consumo,skill/competence,transversal,0.5736,http://data.europa.eu/esco/skill/4c3ab565-747c-4db3-8c47-79e8d6f98cf4
EPN,Escuela Politécnica Nacional,Ingenieria Agroindustria,25,pensar de manera abstracta,skill/competence,cross-sector,0.5728,http://data.europa.eu/esco/skill/9a58cd26-58eb-4a1c-b1b6-64037fe9cfa1
EPN,Escuela Politécnica Nacional,Ingenieria Ambiental,1,ingeniería ambiental,knowledge,cross-sector,0.7117,http://data.europa.eu/esco/skill/b1b118c4-3291-484e-b64d-6d51fd5da8b3
EPN,Escuela Politécnica Nacional,Ingenieria Ambiental,2,asesorar sobre sistemas de gestión de riesgos ambientales,skill/competence,cross-sector,0.7062,http://data.europa.eu/esco/skill/a366bfc5-8d17-4792-a9f0-db0951528dda
EPN,Escuela Politécnica Nacional,Ingenieria Ambiental,3,gestionar el impacto medioambiental de las operaciones,skill/competence,cross-sector,0.7034,http://data.europa.eu/esco/skill/d86babea-bf8b-4552-81a8-daf706066ad6
EPN,Escuela Politécnica Nacional,Ingenieria Ambiental,4,supervisar sistemas de gestión ambiental,skill/competence,cross-sector,0.6691,http://data.europa.eu/esco/skill/b13e0689-636d-42d0-86c3-df9d6f85a882
EPN,Escuela Politécnica Nacional,Ingenieria Ambiental,5,coordinar esfuerzos ambientales,skill/competence,cross-sector,0.6642,http://data.europa.eu/esco/skill/bd70f004-e1d6-43f0-96f1-59c014a4ea01
EPN,Escuela Politécnica Nacional,Ingenieria Ambiental,6,desarrollar estrategias de recuperación ambiental,skill/competence,cross-sector,0.6634,http://data.europa.eu/esco/skill/e4ff825c-7376-4135-93cd-3892fd67b7c1
EPN,Escuela Politécnica Nacional,Ingenieria Ambiental,7,evaluar el impacto ambiental,skill/competence,cross-sector,0.6608,http://data.europa.eu/esco/skill/e541c69c-ea80-4b17-87cb-4001d0b9d303
EPN,Escuela Politécnica Nacional,Ingenieria Ambiental,8,gestionar impacto ambiental,skill/competence,cross-sector,0.6585,http://data.europa.eu/esco/skill/d3a8ef9c-8572-438c-91dc-010537070be3
EPN,Escuela Politécnica Nacional,Ingenieria Ambiental,9,gestionar residuos,skill/competence,cross-sector,0.6445,http://data.europa.eu/esco/skill/73a9561d-112c-4d8a-9d5f-b2c11c5bbd5f
EPN,Escuela Politécnica Nacional,Ingenieria Ambiental,10,impartir formación sobre cuestiones ambientales,skill/competence,cross-sector,0.6427,http://data.europa.eu/esco/skill/2cb27e30-2be7-4a09-9502-fdd2102c046b
EPN,Escuela Politécnica Nacional,Ingenieria Ambiental,11,asesorar sobre políticas de gestión sostenible,skill/competence,cross-sector,0.6381,http://data.europa.eu/esco/skill/6742977a-aa00-4c8c-9861-898b0373907e
EPN,Escuela Politécnica Nacional,Ingenieria Ambiental,12,realizar auditorías ambientales,skill/competence,cross-sector,0.6375,http://data.europa.eu/esco/skill/60ab2bf7-c812-4a88-86c0-7c81a9b2f77c
EPN,Escuela Politécnica Nacional,Ingenieria Ambiental,13,informar sobre cuestiones ambientales,skill/competence,cross-sector,0.6357,http://data.europa.eu/esco/skill/f3cc52e3-a96c-4549-b841-6e41a846fa99
EPN,Escuela Politécnica Nacional,Ingenieria Ambiental,14,asesorar sobre recuperación ambiental,skill/competence,cross-sector,0.6331,http://data.europa.eu/esco/skill/b422efe7-b151-4120-86ae-db11a48dd0fa
EPN,Escuela Politécnica Nacional,Ingenieria Ambiental,15,garantizar el cumplimiento de la legislación ambiental,skill/competence,cross-sector,0.6258,http://data.europa.eu/esco/skill/089ee650-297e-4716-87d1-440743b70a0d
EPN,Escuela Politécnica Nacional,Ingenieria Ambiental,16,ocuparse del tratamiento de aguas residuales,skill/competence,cross-sector,0.6254,http://data.europa.eu/esco/skill/5206a9b8-8337-4f0b-ae00-163a2f55d8cf
EPN,Escuela Politécnica Nacional,Ingenieria Ambiental,17,evaluar el impacto ambiental de yacimientos y zonas industriales,skill/competence,cross-sector,0.6227,http://data.europa.eu/esco/skill/f12f094b-492f-4e88-b36b-50b8e58b7500
EPN,Escuela Politécnica Nacional,Ingenieria Ambiental,18,aplicar medidas de protección del medioambiente,skill/competence,cross-sector,0.6148,http://data.europa.eu/esco/skill/f6d7ba88-5234-4994-944d-843ca453c923
EPN,Escuela Politécnica Nacional,Ingenieria Ambiental,19,garantizar el cumplimiento de las regulaciones legislativas sobre residuos,skill/competence,cross-sector,0.6147,http://data.europa.eu/esco/skill/27273605-2400-4392-a6d6-cc8161a2d445
EPN,Escuela Politécnica Nacional,Ingenieria Ambiental,20,asesorar sobre procedimientos de gestión de residuos,skill/competence,cross-sector,0.614,http://data.europa.eu/esco/skill/f82b05a7-128b-4a72-a815-044ff6062f62
EPN,Escuela Politécnica Nacional,Ingenieria Ambiental,21,observar el impacto de la maquinaria de fabricación,skill/competence,cross-sector,0.6138,http://data.europa.eu/esco/skill/3d69b305-4051-4c1d-ba1e-d8c5b35e22db
EPN,Escuela Politécnica Nacional,Ingenieria Ambiental,22,gestionar proyectos de ingeniería,skill/competence,cross-sector,0.6128,http://data.europa.eu/esco/skill/6a899482-8bcf-40ca-ae67-579a1cc467ab
EPN,Escuela Politécnica Nacional,Ingenieria Ambiental,23,evaluar los planes medioambientales cotejándolos con los costes financieros,skill/competence,cross-sector,0.6113,http://data.europa.eu/esco/skill/192e12e7-6bf0-42e6-bfc3-70c08551f12a
EPN,Escuela Politécnica Nacional,Ingenieria Ambiental,24,adoptar vías para reducir el impacto negativo del consumo,skill/competence,transversal,0.6104,http://data.europa.eu/esco/skill/4c3ab565-747c-4db3-8c47-79e8d6f98cf4
EPN,Escuela Politécnica Nacional,Ingenieria Ambiental,25,coordinar equipos de ingeniería,skill/competence,cross-sector,0.6054,http://data.europa.eu/esco/skill/7af6e9e8-1e11-4c0b-b7c6-ac96bbbbc674
EPN,Escuela Politécnica Nacional,Ciencias De Datos E Inteligencia Artificial,1,gestionar datos de investigación,skill/competence,cross-sector,0.6475,http://data.europa.eu/esco/skill/08b04e53-ed25-41a2-9f90-0b9cd939ba3d
EPN,Escuela Politécnica Nacional,Ciencias De Datos E Inteligencia Artificial,2,ciencia de datos,knowledge,cross-sector,0.6324,http://data.europa.eu/esco/skill/edebd83d-35f6-4ed5-a940-6c203d178c01
EPN,Escuela Politécnica Nacional,Ciencias De Datos E Inteligencia Artificial,3,"gestionar datos localizables, accesibles, interoperables y reutilizables",skill/competence,cross-sector,0.6282,http://data.europa.eu/esco/skill/4f5c1208-62fd-4e5a-a51e-306c06947e11
EPN,Escuela Politécnica Nacional,Ciencias De Datos E Inteligencia Artificial,4,demostrar conocimientos especializados sobre una disciplina,skill/competence,cross-sector,0.6279,http://data.europa.eu/esco/skill/4134622c-c3fb-4a41-beb6-6d58ba5107db
EPN,Escuela Politécnica Nacional,Ciencias De Datos E Inteligencia Artificial,5,tomar decisiones basadas en datos,skill/competence,cross-sector,0.6262,http://data.europa.eu/esco/skill/be20d05c-f6b4-4580-9fcf-f00f4baab562
EPN,Escuela Politécnica Nacional,Ciencias De Datos E Inteligencia Artificial,6,ingeniería de datos,knowledge,cross-sector,0.6208,http://data.europa.eu/esco/skill/48db96bf-3314-45c6-bad8-fdb6e20e5639
EPN,Escuela Politécnica Nacional,Ciencias De Datos E Inteligencia Artificial,7,análisis de datos,knowledge,cross-sector,0.6062,http://data.europa.eu/esco/skill/97bd1c21-66b2-4b7e-ad0f-e3cda590e378
EPN,Escuela Politécnica Nacional,Ciencias De Datos E Inteligencia Artificial,8,gestionar conocimientos para repercutir en las políticas,skill/competence,cross-sector,0.6062,http://data.europa.eu/esco/skill/4d39b27a-b34f-4c89-8d46-df844d42f728
EPN,Escuela Politécnica Nacional,Ciencias De Datos E Inteligencia Artificial,9,analizar datos científicos,skill/competence,cross-sector,0.6006,http://data.europa.eu/esco/skill/36ff57b0-637d-4a83-a0e8-d14f86f9f078
EPN,Escuela Politécnica Nacional,Ciencias De Datos E Inteligencia Artificial,10,informática,knowledge,cross-sector,0.6006,http://data.europa.eu/esco/skill/7b5cce4d-c7fe-4119-b48f-70aa05391787
EPN,Escuela Politécnica Nacional,Ciencias De Datos E Inteligencia Artificial,11,preparar informes sobre asuntos relacionados con el trabajo,skill/competence,cross-sector,0.5984,http://data.europa.eu/esco/skill/918f5211-b99f-4b29-9a34-6e475583ef55
EPN,Escuela Politécnica Nacional,Ciencias De Datos E Inteligencia Artificial,12,proporcionar experiencia técnica,skill/competence,cross-sector,0.5978,http://data.europa.eu/esco/skill/c69587b4-05d3-45bb-b79b-9b85e6603fc2
EPN,Escuela Politécnica Nacional,Ciencias De Datos E Inteligencia Artificial,13,"gestionar datos, información y contenido digitales",skill/competence,cross-sector,0.5955,http://data.europa.eu/esco/skill/4d97e3c3-f335-47cc-a4ee-0d779fd42222
EPN,Escuela Politécnica Nacional,Ciencias De Datos E Inteligencia Artificial,14,crear soluciones para problemas informativos,skill/competence,cross-sector,0.5942,http://data.europa.eu/esco/skill/4539aeca-b56f-4d03-ba86-8f675a7f2536
EPN,Escuela Politécnica Nacional,Ciencias De Datos E Inteligencia Artificial,15,identificar requisitos del cliente,skill/competence,cross-sector,0.592,http://data.europa.eu/esco/skill/0e0c9c11-b39e-43cf-ba95-2fe646f5de64
EPN,Escuela Politécnica Nacional,Ciencias De Datos E Inteligencia Artificial,16,elaborar software estadístico,skill/competence,cross-sector,0.5915,http://data.europa.eu/esco/skill/bb165899-d95f-4433-95f2-173fefd716d2
EPN,Escuela Politécnica Nacional,Ciencias De Datos E Inteligencia Artificial,17,evaluar la fiabilidad de los datos,skill/competence,cross-sector,0.5907,http://data.europa.eu/esco/skill/b74fd765-e1ae-4f56-a188-45cd782bca01
EPN,Escuela Politécnica Nacional,Ciencias De Datos E Inteligencia Artificial,18,crear una red profesional con investigadores y científicos,skill/competence,cross-sector,0.5905,http://data.europa.eu/esco/skill/cc61f9e5-d4fc-470e-8606-1ce865ff8386
EPN,Escuela Politécnica Nacional,Ciencias De Datos E Inteligencia Artificial,19,"aplicar conocimientos científicos, tecnológicos y de ingeniería",skill/competence,transversal,0.5901,http://data.europa.eu/esco/skill/5c3ab99d-a3f1-4620-9602-d12d2151a03d
EPN,Escuela Politécnica Nacional,Ciencias De Datos E Inteligencia Artificial,20,tener competencias informáticas,skill/competence,cross-sector,0.5881,http://data.europa.eu/esco/skill/d15ce60f-ddab-41ce-ba56-398451b77b60
EPN,Escuela Politécnica Nacional,Ciencias De Datos E Inteligencia Artificial,21,preparar informes científicos,skill/competence,cross-sector,0.5877,http://data.europa.eu/esco/skill/99fc129e-360c-4174-9553-5c666a64a395
EPN,Escuela Politécnica Nacional,Ciencias De Datos E Inteligencia Artificial,22,proyecto,knowledge,cross-sector,0.5869,http://data.europa.eu/esco/skill/d1072655-88ce-4445-8803-e6273da273e7
EPN,Escuela Politécnica Nacional,Ciencias De Datos E Inteligencia Artificial,23,realizar una limpieza de datos,skill/competence,cross-sector,0.5869,http://data.europa.eu/esco/skill/50b100ea-74fd-4706-99db-3e4ca55e51b8
EPN,Escuela Politécnica Nacional,Ciencias De Datos E Inteligencia Artificial,24,gestionar publicaciones abiertas,skill/competence,cross-sector,0.586,http://data.europa.eu/esco/skill/da930e2f-6047-4616-a598-bba8ecef3039
EPN,Escuela Politécnica Nacional,Ciencias De Datos E Inteligencia Artificial,25,gestionar datos cuantitativos,skill/competence,cross-sector,0.5852,http://data.europa.eu/esco/skill/57231a22-4da7-49c8-97b8-75672feadf1e
EPN,Escuela Politécnica Nacional,Ingenieria En Ciencias De La Computacion,1,promover la transferencia de conocimientos,skill/competence,cross-sector,0.6372,http://data.europa.eu/esco/skill/988f4ac3-a37c-4b0a-a40f-4e0e56b5919e
EPN,Escuela Politécnica Nacional,Ingenieria En Ciencias De La Computacion,2,utilizar las tecnologías digitales con creatividad,skill/competence,cross-sector,0.6308,http://data.europa.eu/esco/skill/1a4cc54f-1e53-442b-a6d2-1682dc8ef8f9
EPN,Escuela Politécnica Nacional,Ingenieria En Ciencias De La Computacion,3,"gestionar datos localizables, accesibles, interoperables y reutilizables",skill/competence,cross-sector,0.63,http://data.europa.eu/esco/skill/4f5c1208-62fd-4e5a-a51e-306c06947e11
EPN,Escuela Politécnica Nacional,Ingenieria En Ciencias De La Computacion,4,realizar una evaluación de la incidencia de los procesos de las TIC en las empresas,skill/competence,cross-sector,0.6273,http://data.europa.eu/esco/skill/17c9a790-5664-4673-8237-c4cf3c5a8da5
EPN,Escuela Politécnica Nacional,Ingenieria En Ciencias De La Computacion,5,tener competencias informáticas,skill/competence,cross-sector,0.6263,http://data.europa.eu/esco/skill/d15ce60f-ddab-41ce-ba56-398451b77b60
EPN,Escuela Politécnica Nacional,Ingenieria En Ciencias De La Computacion,6,detectar y corregir errores de las tecnologías de la información y de las comunicaciones,skill/competence,cross-sector,0.6219,http://data.europa.eu/esco/skill/744442ac-c157-4350-8be0-ce454df4f5c5
EPN,Escuela Politécnica Nacional,Ingenieria En Ciencias De La Computacion,7,tecnologías eficientes en el uso de los recursos,knowledge,cross-sector,0.6219,http://data.europa.eu/esco/skill/d1f73ae9-d348-4aac-b5d5-9b6d508401d3
EPN,Escuela Politécnica Nacional,Ingenieria En Ciencias De La Computacion,8,aplicar políticas organizativas del sistema,skill/competence,cross-sector,0.6217,http://data.europa.eu/esco/skill/07e47d58-dd0e-4302-9e68-70a188e89065
EPN,Escuela Politécnica Nacional,Ingenieria En Ciencias De La Computacion,9,crear soluciones para problemas,skill/competence,cross-sector,0.616,http://data.europa.eu/esco/skill/03b9b491-fc9b-4868-914a-bf7cd47b5041
EPN,Escuela Politécnica Nacional,Ingenieria En Ciencias De La Computacion,10,gestionar conocimientos para repercutir en las políticas,skill/competence,cross-sector,0.6157,http://data.europa.eu/esco/skill/4d39b27a-b34f-4c89-8d46-df844d42f728
EPN,Escuela Politécnica Nacional,Ingenieria En Ciencias De La Computacion,11,crear soluciones para problemas informativos,skill/competence,cross-sector,0.6121,http://data.europa.eu/esco/skill/4539aeca-b56f-4d03-ba86-8f675a7f2536
EPN,Escuela Politécnica Nacional,Ingenieria En Ciencias De La Computacion,12,Proponer soluciones tecnológicas a problemas empresariales,skill/competence,cross-sector,0.6092,http://data.europa.eu/esco/skill/07e51c60-763a-4335-b4ec-70a15f66d328
EPN,Escuela Politécnica Nacional,Ingenieria En Ciencias De La Computacion,13,utilizar herramientas informáticas,skill/competence,cross-sector,0.609,http://data.europa.eu/esco/skill/f632251a-4078-4546-b19f-7ef528d08325
EPN,Escuela Politécnica Nacional,Ingenieria En Ciencias De La Computacion,14,tecnologías sostenibles,knowledge,cross-sector,0.6082,http://data.europa.eu/esco/skill/103f7814-d262-4df6-a1b6-759bc51f76cb
EPN,Escuela Politécnica Nacional,Ingenieria En Ciencias De La Computacion,15,informática,knowledge,cross-sector,0.6058,http://data.europa.eu/esco/skill/7b5cce4d-c7fe-4119-b48f-70aa05391787
EPN,Escuela Politécnica Nacional,Ingenieria En Ciencias De La Computacion,16,detectar necesidades tecnológicas,skill/competence,cross-sector,0.6055,http://data.europa.eu/esco/skill/42fcf80d-7b45-40f3-bd2f-5411c4c0dfa0
EPN,Escuela Politécnica Nacional,Ingenieria En Ciencias De La Computacion,17,resolver problemas técnicos,skill/competence,cross-sector,0.6022,http://data.europa.eu/esco/skill/14832d87-2f2f-4895-b290-e4760ebae42a
EPN,Escuela Politécnica Nacional,Ingenieria En Ciencias De La Computacion,18,demostrar conocimientos especializados sobre una disciplina,skill/competence,cross-sector,0.6018,http://data.europa.eu/esco/skill/4134622c-c3fb-4a41-beb6-6d58ba5107db
EPN,Escuela Politécnica Nacional,Ingenieria En Ciencias De La Computacion,19,gestionar un equipo,skill/competence,cross-sector,0.6012,http://data.europa.eu/esco/skill/cb668e89-6ef5-4ff3-ab4a-506010e7e70b
EPN,Escuela Politécnica Nacional,Ingenieria En Ciencias De La Computacion,20,aplicar métodos de producción avanzados,skill/competence,cross-sector,0.601,http://data.europa.eu/esco/skill/4f0e579d-ca7b-427c-ace6-9e2de3eb19c7
EPN,Escuela Politécnica Nacional,Ingenieria En Ciencias De La Computacion,21,asesorar sobre soluciones sostenibles,skill/competence,cross-sector,0.5998,http://data.europa.eu/esco/skill/dbef5042-4b99-4e6f-b2ed-1d33b07b3ed6
EPN,Escuela Politécnica Nacional,Ingenieria En Ciencias De La Computacion,22,gestionar datos de investigación,skill/competence,cross-sector,0.5989,http://data.europa.eu/esco/skill/08b04e53-ed25-41a2-9f90-0b9cd939ba3d
EPN,Escuela Politécnica Nacional,Ingenieria En Ciencias De La Computacion,23,aplicar pensamiento estratégico,skill/competence,cross-sector,0.5973,http://data.europa.eu/esco/skill/6c870993-9341-438b-91c0-c7fe4f96d8f5
EPN,Escuela Politécnica Nacional,Ingenieria En Ciencias De La Computacion,24,adoptar vías para reducir el impacto negativo del consumo,skill/competence,transversal,0.5968,http://data.europa.eu/esco/skill/4c3ab565-747c-4db3-8c47-79e8d6f98cf4
EPN,Escuela Politécnica Nacional,Ingenieria En Ciencias De La Computacion,25,resolver problemas de sistemas TIC,skill/competence,cross-sector,0.5964,http://data.europa.eu/esco/skill/9e06bac6-6b91-48ca-8b7d-c1f48cdecd7c
EPN,Escuela Politécnica Nacional,Economia,1,tener en cuenta los criterios económicos en la toma de decisiones,skill/competence,cross-sector,0.6375,http://data.europa.eu/esco/skill/d41262ae-eca1-4ede-89a8-46d2d99a7a31
EPN,Escuela Politécnica Nacional,Economia,2,elaborar políticas de economía,skill/competence,cross-sector,0.6356,http://data.europa.eu/esco/skill/8394fefb-f62a-48c0-a156-3117cefdb9b3
EPN,Escuela Politécnica Nacional,Economia,3,aplicar conocimientos de ciencias sociales y humanidades,skill/competence,transversal,0.603,http://data.europa.eu/esco/skill/deb3c1bc-d48a-42e6-b0cc-cb238534ec28
EPN,Escuela Politécnica Nacional,Economia,4,gestionar conocimientos para repercutir en las políticas,skill/competence,cross-sector,0.6008,http://data.europa.eu/esco/skill/4d39b27a-b34f-4c89-8d46-df844d42f728
EPN,Escuela Politécnica Nacional,Economia,5,realizar cálculos,skill/competence,transversal,0.5943,http://data.europa.eu/esco/skill/19ba11f3-9c99-41fd-a7c9-f77e6a026186
EPN,Escuela Politécnica Nacional,Economia,6,establecer la justificación económica para un proyecto determinado,skill/competence,cross-sector,0.5862,http://data.europa.eu/esco/skill/a4bbd0d9-a6be-4472-b05d-291e60cf6b4b
EPN,Escuela Politécnica Nacional,Economia,7,analizar el sistema educativo,skill/competence,cross-sector,0.586,http://data.europa.eu/esco/skill/8215234e-d2eb-45cf-8a1a-c57c2ebef1b7
EPN,Escuela Politécnica Nacional,Economia,8,adaptar la formación al mercado laboral,skill/competence,cross-sector,0.5843,http://data.europa.eu/esco/skill/b4832996-b36c-40b2-b54e-780325b2546e
EPN,Escuela Politécnica Nacional,Economia,9,gestionar el desarrollo profesional personal,skill/competence,cross-sector,0.5827,http://data.europa.eu/esco/skill/a8d24a95-47b3-4f88-92e7-06600bcd3612
EPN,Escuela Politécnica Nacional,Economia,10,crear soluciones para problemas,skill/competence,cross-sector,0.5824,http://data.europa.eu/esco/skill/03b9b491-fc9b-4868-914a-bf7cd47b5041
EPN,Escuela Politécnica Nacional,Economia,11,desarrollar un plan de estudios de aprendizaje,skill/competence,cross-sector,0.5815,http://data.europa.eu/esco/skill/7ee872de-db39-4ae3-8e19-75d1a2cdf697
EPN,Escuela Politécnica Nacional,Economia,12,realizar planificación de recursos,skill/competence,cross-sector,0.5814,http://data.europa.eu/esco/skill/f5dd06b8-5d17-4932-9d03-957d0c4f5051
EPN,Escuela Politécnica Nacional,Economia,13,economía,knowledge,cross-sector,0.5811,http://data.europa.eu/esco/skill/88af9294-b697-4687-ae19-aefbb6234dfa
EPN,Escuela Politécnica Nacional,Economia,14,asesorar al alumnado,skill/competence,cross-sector,0.5808,http://data.europa.eu/esco/skill/f7940b22-764a-43f0-9642-f60f5897109b
EPN,Escuela Politécnica Nacional,Economia,15,realizar investigación estratégica,skill/competence,cross-sector,0.5807,http://data.europa.eu/esco/skill/0aa02c52-077d-45f8-8c2d-7132c11ac16e
EPN,Escuela Politécnica Nacional,Economia,16,tener conciencia de los riesgos sanitarios,skill/competence,transversal,0.5788,http://data.europa.eu/esco/skill/c4180af3-befd-4bd8-9a65-6a496f9d9f15
EPN,Escuela Politécnica Nacional,Economia,17,asesorar sobre el desarrollo económico,skill/competence,cross-sector,0.5787,http://data.europa.eu/esco/skill/384ed14c-bf1f-4a65-aef6-6e711f43c4ce
EPN,Escuela Politécnica Nacional,Economia,18,adoptar vías para reducir el impacto negativo del consumo,skill/competence,transversal,0.5783,http://data.europa.eu/esco/skill/4c3ab565-747c-4db3-8c47-79e8d6f98cf4
EPN,Escuela Politécnica Nacional,Economia,19,evaluar la formación,skill/competence,cross-sector,0.5749,http://data.europa.eu/esco/skill/728ad40d-4a79-4b4d-b77b-a48d094d73fa
EPN,Escuela Politécnica Nacional,Economia,20,evaluar al alumnado,skill/competence,cross-sector,0.5743,http://data.europa.eu/esco/skill/6fe019dd-027f-45f3-b19c-d27f7ae00980
EPN,Escuela Politécnica Nacional,Economia,21,analizar las tendencias económicas,skill/competence,cross-sector,0.5737,http://data.europa.eu/esco/skill/5f302d63-048e-451c-b150-97c124a5a26b
EPN,Escuela Politécnica Nacional,Economia,22,elaborar software estadístico,skill/competence,cross-sector,0.573,http://data.europa.eu/esco/skill/bb165899-d95f-4433-95f2-173fefd716d2
EPN,Escuela Politécnica Nacional,Economia,23,demostrar conocimientos especializados sobre una disciplina,skill/competence,cross-sector,0.5705,http://data.europa.eu/esco/skill/4134622c-c3fb-4a41-beb6-6d58ba5107db
EPN,Escuela Politécnica Nacional,Economia,24,predecir tendencias económicas,skill/competence,cross-sector,0.57,http://data.europa.eu/esco/skill/f2a34d6b-131a-4b8f-a110-898b9c91d18f
EPN,Escuela Politécnica Nacional,Economia,25,prestar asistencia en el aprendizaje del alumnado,skill/competence,cross-sector,0.5698,http://data.europa.eu/esco/skill/d5e1e30e-44ab-4aba-abab-b8263e801b7a
EPN,Escuela Politécnica Nacional,Ingenieria En Electricidad,1,evaluar las necesidades energéticas,skill/competence,cross-sector,0.6557,http://data.europa.eu/esco/skill/36fccad9-1d20-4104-bcc2-a8ea9d1ce5ea
EPN,Escuela Politécnica Nacional,Ingenieria En Electricidad,2,ingeniería ambiental,knowledge,cross-sector,0.632,http://data.europa.eu/esco/skill/b1b118c4-3291-484e-b64d-6d51fd5da8b3
EPN,Escuela Politécnica Nacional,Ingenieria En Electricidad,3,realizar auditorías energéticas de instalaciones,skill/competence,cross-sector,0.6307,http://data.europa.eu/esco/skill/09473fea-69ea-40dc-9ff4-bbaaff10840e
EPN,Escuela Politécnica Nacional,Ingenieria En Electricidad,4,examinar principios de ingeniería,skill/competence,cross-sector,0.6238,http://data.europa.eu/esco/skill/8bc1c7da-c832-4896-a441-30d087c46aad
EPN,Escuela Politécnica Nacional,Ingenieria En Electricidad,5,crear soluciones para problemas,skill/competence,cross-sector,0.6214,http://data.europa.eu/esco/skill/03b9b491-fc9b-4868-914a-bf7cd47b5041
EPN,Escuela Politécnica Nacional,Ingenieria En Electricidad,6,realizar actividades de gestión energética en instalaciones,skill/competence,cross-sector,0.6175,http://data.europa.eu/esco/skill/885808f7-f42b-406e-95f2-28efcd45ddda
EPN,Escuela Politécnica Nacional,Ingenieria En Electricidad,7,crear especificaciones de proyectos,skill/competence,cross-sector,0.6148,http://data.europa.eu/esco/skill/21fecc8a-392e-49ce-ac26-fb0696ccfead
EPN,Escuela Politécnica Nacional,Ingenieria En Electricidad,8,desarrollar estrategias de recuperación ambiental,skill/competence,cross-sector,0.6136,http://data.europa.eu/esco/skill/e4ff825c-7376-4135-93cd-3892fd67b7c1
EPN,Escuela Politécnica Nacional,Ingenieria En Electricidad,9,asesorar sobre sistemas de gestión de riesgos ambientales,skill/competence,cross-sector,0.6116,http://data.europa.eu/esco/skill/a366bfc5-8d17-4792-a9f0-db0951528dda
EPN,Escuela Politécnica Nacional,Ingenieria En Electricidad,10,desarrollar estrategias de rehabilitación tras inundaciones,skill/competence,cross-sector,0.61,http://data.europa.eu/esco/skill/6b5d032a-b85a-44ea-9dad-5201048d2dd2
EPN,Escuela Politécnica Nacional,Ingenieria En Electricidad,11,elaborar una evaluación de riesgos,skill/competence,cross-sector,0.608,http://data.europa.eu/esco/skill/594bd121-9614-4e87-9ecf-6ccb95507efe
EPN,Escuela Politécnica Nacional,Ingenieria En Electricidad,12,principios de ingeniería,knowledge,cross-sector,0.6072,http://data.europa.eu/esco/skill/209a5498-3449-4689-8ed9-bd08cab4fd78
EPN,Escuela Politécnica Nacional,Ingenieria En Electricidad,13,desarrollar procedimientos de ensayo de materiales,skill/competence,cross-sector,0.6046,http://data.europa.eu/esco/skill/658b6ea0-79f5-451d-a037-7593a4416c85
EPN,Escuela Politécnica Nacional,Ingenieria En Electricidad,14,eficiencia energética de los edificios,knowledge,cross-sector,0.6031,http://data.europa.eu/esco/skill/4e09e2d2-e317-47d2-bf5e-1d6c66be3efc
EPN,Escuela Politécnica Nacional,Ingenieria En Electricidad,15,establecer la justificación económica para un proyecto determinado,skill/competence,cross-sector,0.6031,http://data.europa.eu/esco/skill/a4bbd0d9-a6be-4472-b05d-291e60cf6b4b
EPN,Escuela Politécnica Nacional,Ingenieria En Electricidad,16,realizar investigación estratégica,skill/competence,cross-sector,0.6006,http://data.europa.eu/esco/skill/0aa02c52-077d-45f8-8c2d-7132c11ac16e
EPN,Escuela Politécnica Nacional,Ingenieria En Electricidad,17,desarrollar sistemas de instrumentación,skill/competence,cross-sector,0.6001,http://data.europa.eu/esco/skill/d8c19849-f4cf-458d-90cd-abe735a729bf
EPN,Escuela Politécnica Nacional,Ingenieria En Electricidad,18,gestionar proyectos de ingeniería,skill/competence,cross-sector,0.5992,http://data.europa.eu/esco/skill/6a899482-8bcf-40ca-ae67-579a1cc467ab
EPN,Escuela Politécnica Nacional,Ingenieria En Electricidad,19,"aplicar conocimientos científicos, tecnológicos y de ingeniería",skill/competence,transversal,0.599,http://data.europa.eu/esco/skill/5c3ab99d-a3f1-4620-9602-d12d2151a03d
EPN,Escuela Politécnica Nacional,Ingenieria En Electricidad,20,recopilar información técnica,skill/competence,cross-sector,0.5984,http://data.europa.eu/esco/skill/0b8da079-f587-403f-a6ad-cd18b8150044
EPN,Escuela Politécnica Nacional,Ingenieria En Electricidad,21,desarrollar conceptos de ahorro de energía,skill/competence,cross-sector,0.5967,http://data.europa.eu/esco/skill/0037c821-2898-4919-b96e-7ed1cd89554c
EPN,Escuela Politécnica Nacional,Ingenieria En Electricidad,22,realizar planificación de recursos,skill/competence,cross-sector,0.5959,http://data.europa.eu/esco/skill/f5dd06b8-5d17-4932-9d03-957d0c4f5051
EPN,Escuela Politécnica Nacional,Ingenieria En Electricidad,23,gestionar el impacto medioambiental de las operaciones,skill/competence,cross-sector,0.5956,http://data.europa.eu/esco/skill/d86babea-bf8b-4552-81a8-daf706066ad6
EPN,Escuela Politécnica Nacional,Ingenieria En Electricidad,24,realizar todas las actividades de ingeniería de procesos,skill/competence,cross-sector,0.5955,http://data.europa.eu/esco/skill/8b9d609a-6d62-4d5c-9133-01d41979cfac
EPN,Escuela Politécnica Nacional,Ingenieria En Electricidad,25,preparar informes de riesgo,skill/competence,cross-sector,0.5954,http://data.europa.eu/esco/skill/bd832a82-b079-4001-80d1-f59efed33688
EPN,Escuela Politécnica Nacional,Ingenieria En Electronica Y Automatizacion,1,demostrar conocimientos especializados sobre una disciplina,skill/competence,cross-sector,0.6458,http://data.europa.eu/esco/skill/4134622c-c3fb-4a41-beb6-6d58ba5107db
EPN,Escuela Politécnica Nacional,Ingenieria En Electronica Y Automatizacion,2,gestionar un equipo,skill/competence,cross-sector,0.6268,http://data.europa.eu/esco/skill/cb668e89-6ef5-4ff3-ab4a-506010e7e70b
EPN,Escuela Politécnica Nacional,Ingenieria En Electronica Y Automatizacion,3,tener conciencia de los riesgos sanitarios,skill/competence,transversal,0.6166,http://data.europa.eu/esco/skill/c4180af3-befd-4bd8-9a65-6a496f9d9f15
EPN,Escuela Politécnica Nacional,Ingenieria En Electronica Y Automatizacion,4,adoptar vías para reducir el impacto negativo del consumo,skill/competence,transversal,0.6139,http://data.europa.eu/esco/skill/4c3ab565-747c-4db3-8c47-79e8d6f98cf4
EPN,Escuela Politécnica Nacional,Ingenieria En Electronica Y Automatizacion,5,Interactuar de manera profesional en entornos de investigación y profesionales,skill/competence,cross-sector,0.6127,http://data.europa.eu/esco/skill/20a8fe89-d4eb-4698-8521-8881c13377e0
EPN,Escuela Politécnica Nacional,Ingenieria En Electronica Y Automatizacion,6,crear un ambiente de trabajo de mejora continua,skill/competence,cross-sector,0.6119,http://data.europa.eu/esco/skill/9d59f4e5-20a5-428e-b8b3-645043500457
EPN,Escuela Politécnica Nacional,Ingenieria En Electronica Y Automatizacion,7,asesorar sobre sistemas de gestión de riesgos ambientales,skill/competence,cross-sector,0.6093,http://data.europa.eu/esco/skill/a366bfc5-8d17-4792-a9f0-db0951528dda
EPN,Escuela Politécnica Nacional,Ingenieria En Electronica Y Automatizacion,8,proporcionar experiencia técnica,skill/competence,cross-sector,0.6085,http://data.europa.eu/esco/skill/c69587b4-05d3-45bb-b79b-9b85e6603fc2
EPN,Escuela Politécnica Nacional,Ingenieria En Electronica Y Automatizacion,9,desarrollar procedimientos de prueba electrónica,skill/competence,cross-sector,0.6077,http://data.europa.eu/esco/skill/0de6bca4-f3aa-452a-8e10-d355b2c1bfc4
EPN,Escuela Politécnica Nacional,Ingenieria En Electronica Y Automatizacion,10,desarrollar procedimientos de ensayo de materiales,skill/competence,cross-sector,0.6065,http://data.europa.eu/esco/skill/658b6ea0-79f5-451d-a037-7593a4416c85
EPN,Escuela Politécnica Nacional,Ingenieria En Electronica Y Automatizacion,11,gestionar el impacto medioambiental de las operaciones,skill/competence,cross-sector,0.6039,http://data.europa.eu/esco/skill/d86babea-bf8b-4552-81a8-daf706066ad6
EPN,Escuela Politécnica Nacional,Ingenieria En Electronica Y Automatizacion,12,aplicar métodos de producción avanzados,skill/competence,cross-sector,0.6036,http://data.europa.eu/esco/skill/4f0e579d-ca7b-427c-ace6-9e2de3eb19c7
EPN,Escuela Politécnica Nacional,Ingenieria En Electronica Y Automatizacion,13,desarrollar procedimientos de prueba,skill/competence,cross-sector,0.6007,http://data.europa.eu/esco/skill/f10142ce-d522-49c3-9fd1-054fb63529d4
EPN,Escuela Politécnica Nacional,Ingenieria En Electronica Y Automatizacion,14,tener competencias informáticas,skill/competence,cross-sector,0.5984,http://data.europa.eu/esco/skill/d15ce60f-ddab-41ce-ba56-398451b77b60
EPN,Escuela Politécnica Nacional,Ingenieria En Electronica Y Automatizacion,15,mostrar responsabilidad profesional,skill/competence,cross-sector,0.5978,http://data.europa.eu/esco/skill/59ad10b1-6f71-4dd4-ad1f-a1fdf68bc2fb
EPN,Escuela Politécnica Nacional,Ingenieria En Electronica Y Automatizacion,16,ofrecer formación técnica,skill/competence,cross-sector,0.5971,http://data.europa.eu/esco/skill/d54a1355-05c8-45eb-9c42-267d2cfcdf44
EPN,Escuela Politécnica Nacional,Ingenieria En Electronica Y Automatizacion,17,desarrollar sistemas de instrumentación,skill/competence,cross-sector,0.5965,http://data.europa.eu/esco/skill/d8c19849-f4cf-458d-90cd-abe735a729bf
EPN,Escuela Politécnica Nacional,Ingenieria En Electronica Y Automatizacion,18,hacer comentarios a los trabajadores sobre su rendimiento,skill/competence,cross-sector,0.5949,http://data.europa.eu/esco/skill/4012e28f-1826-4024-9772-7a4183d63b7f
EPN,Escuela Politécnica Nacional,Ingenieria En Electronica Y Automatizacion,19,crear soluciones para problemas,skill/competence,cross-sector,0.5948,http://data.europa.eu/esco/skill/03b9b491-fc9b-4868-914a-bf7cd47b5041
EPN,Escuela Politécnica Nacional,Ingenieria En Electronica Y Automatizacion,20,actuar de enlace con los ingenieros,skill/competence,cross-sector,0.5947,http://data.europa.eu/esco/skill/c5c51528-ccfc-4c53-b409-c200aaa44222
EPN,Escuela Politécnica Nacional,Ingenieria En Electronica Y Automatizacion,21,gestionar el desarrollo profesional personal,skill/competence,cross-sector,0.594,http://data.europa.eu/esco/skill/a8d24a95-47b3-4f88-92e7-06600bcd3612
EPN,Escuela Politécnica Nacional,Ingenieria En Electronica Y Automatizacion,22,"aplicar conocimientos científicos, tecnológicos y de ingeniería",skill/competence,transversal,0.5928,http://data.europa.eu/esco/skill/5c3ab99d-a3f1-4620-9602-d12d2151a03d
EPN,Escuela Politécnica Nacional,Ingenieria En Electronica Y Automatizacion,23,procurar la igualdad de género en el lugar de trabajo,skill/competence,cross-sector,0.5928,http://data.europa.eu/esco/skill/f0b45409-42ca-42bc-a701-041e594d0657
EPN,Escuela Politécnica Nacional,Ingenieria En Electronica Y Automatizacion,24,detectar y corregir errores de las tecnologías de la información y de las comunicaciones,skill/competence,cross-sector,0.5918,http://data.europa.eu/esco/skill/744442ac-c157-4350-8be0-ce454df4f5c5
EPN,Escuela Politécnica Nacional,Ingenieria En Electronica Y Automatizacion,25,crear una red profesional con investigadores y científicos,skill/competence,cross-sector,0.5903,http://data.europa.eu/esco/skill/cc61f9e5-d4fc-470e-8606-1ce865ff8386
EPN,Escuela Politécnica Nacional,Fisica,1,"aplicar conocimientos científicos, tecnológicos y de ingeniería",skill/competence,transversal,0.6702,http://data.europa.eu/esco/skill/5c3ab99d-a3f1-4620-9602-d12d2151a03d
EPN,Escuela Politécnica Nacional,Fisica,2,enseñar física,skill/competence,cross-sector,0.6411,http://data.europa.eu/esco/skill/2bc7884c-0d04-4ae9-a4e5-dccd77701ba3
EPN,Escuela Politécnica Nacional,Fisica,3,física,knowledge,cross-sector,0.623,http://data.europa.eu/esco/skill/692ace70-7f97-4214-92bd-88f7637d8a44
EPN,Escuela Politécnica Nacional,Fisica,4,proporcionar experiencia técnica,skill/competence,cross-sector,0.6088,http://data.europa.eu/esco/skill/c69587b4-05d3-45bb-b79b-9b85e6603fc2
EPN,Escuela Politécnica Nacional,Fisica,5,geofísica,knowledge,cross-sector,0.5971,http://data.europa.eu/esco/skill/82fc3feb-752b-4d49-803d-c08a717917aa
EPN,Escuela Politécnica Nacional,Fisica,6,desarrollar procedimientos de ensayo de materiales,skill/competence,cross-sector,0.5964,http://data.europa.eu/esco/skill/658b6ea0-79f5-451d-a037-7593a4416c85
EPN,Escuela Politécnica Nacional,Fisica,7,modelización científica,knowledge,cross-sector,0.5961,http://data.europa.eu/esco/skill/cb304338-3a44-4b6f-802b-dfc6c64de109
EPN,Escuela Politécnica Nacional,Fisica,8,demostrar conocimientos especializados sobre una disciplina,skill/competence,cross-sector,0.5955,http://data.europa.eu/esco/skill/4134622c-c3fb-4a41-beb6-6d58ba5107db
EPN,Escuela Politécnica Nacional,Fisica,9,aplicar la toma de decisiones científica a la asistencia sanitaria,skill/competence,cross-sector,0.5954,http://data.europa.eu/esco/skill/8e0bfbba-6e9d-48e0-b152-2cc949e5022a
EPN,Escuela Politécnica Nacional,Fisica,10,realizar cálculos,skill/competence,transversal,0.5946,http://data.europa.eu/esco/skill/19ba11f3-9c99-41fd-a7c9-f77e6a026186
EPN,Escuela Politécnica Nacional,Fisica,11,contactar con científicos,skill/competence,cross-sector,0.5928,http://data.europa.eu/esco/skill/3c6cd54b-e206-47a4-90c8-d19ff4523f34
EPN,Escuela Politécnica Nacional,Fisica,12,fisiología laboral,knowledge,cross-sector,0.592,http://data.europa.eu/esco/skill/1bd24c22-f065-4ef9-adf4-068f01581987
EPN,Escuela Politécnica Nacional,Fisica,13,mecánica,knowledge,cross-sector,0.5913,http://data.europa.eu/esco/skill/efa141df-f382-418f-9121-bd88fd735669
EPN,Escuela Politécnica Nacional,Fisica,14,gestionar conocimientos para repercutir en las políticas,skill/competence,cross-sector,0.5911,http://data.europa.eu/esco/skill/4d39b27a-b34f-4c89-8d46-df844d42f728
EPN,Escuela Politécnica Nacional,Fisica,15,técnicas del movimiento,knowledge,cross-sector,0.5846,http://data.europa.eu/esco/skill/f150e743-1313-48e5-9948-4179a3c7ad95
EPN,Escuela Politécnica Nacional,Fisica,16,realizar mediciones relacionadas con el trabajo,skill/competence,cross-sector,0.583,http://data.europa.eu/esco/skill/ab75d510-ac75-482d-b671-bb3bad741f07
EPN,Escuela Politécnica Nacional,Fisica,17,mecánica de fluidos,knowledge,cross-sector,0.5824,http://data.europa.eu/esco/skill/87b1c959-236d-4761-b3be-b1c729497f75
EPN,Escuela Politécnica Nacional,Fisica,18,ajustarse a las exigencias físicas,skill/competence,transversal,0.581,http://data.europa.eu/esco/skill/13b4a3d2-abdf-4442-8e52-d7464a58ecbc
EPN,Escuela Politécnica Nacional,Fisica,19,biofísica,knowledge,cross-sector,0.5799,http://data.europa.eu/esco/skill/81d1da98-f00d-45f0-a908-327b50a631b9
EPN,Escuela Politécnica Nacional,Fisica,20,reaccionar a cambios o riesgos físicos,skill/competence,transversal,0.5772,http://data.europa.eu/esco/skill/ef7562b2-f176-4d7c-a0b2-27ae8cce0b7d
EPN,Escuela Politécnica Nacional,Fisica,21,ofrecer formación técnica,skill/competence,cross-sector,0.577,http://data.europa.eu/esco/skill/d54a1355-05c8-45eb-9c42-267d2cfcdf44
EPN,Escuela Politécnica Nacional,Fisica,22,resolver problemas,skill/competence,transversal,0.576,http://data.europa.eu/esco/skill/adc6dc11-3376-467b-96c5-9b0a21edc869
EPN,Escuela Politécnica Nacional,Fisica,23,informar sobre resultados de pruebas,skill/competence,cross-sector,0.5759,http://data.europa.eu/esco/skill/561c2525-5bd8-4d86-8f45-820f4be7db93
EPN,Escuela Politécnica Nacional,Fisica,24,gestionar un equipo,skill/competence,cross-sector,0.5753,http://data.europa.eu/esco/skill/cb668e89-6ef5-4ff3-ab4a-506010e7e70b
EPN,Escuela Politécnica Nacional,Fisica,25,comunicar hallazgos científicos,skill/competence,cross-sector,0.5746,http://data.europa.eu/esco/skill/ff64e9fc-36dd-4035-872a-83aa41dc1ad9
EPN,Escuela Politécnica Nacional,Ingenieria En Geologia,1,asesorar sobre sistemas de gestión de riesgos ambientales,skill/competence,cross-sector,0.6144,http://data.europa.eu/esco/skill/a366bfc5-8d17-4792-a9f0-db0951528dda
EPN,Escuela Politécnica Nacional,Ingenieria En Geologia,2,"aplicar conocimientos científicos, tecnológicos y de ingeniería",skill/competence,transversal,0.6117,http://data.europa.eu/esco/skill/5c3ab99d-a3f1-4620-9602-d12d2151a03d
EPN,Escuela Politécnica Nacional,Ingenieria En Geologia,3,gestionar conocimientos para repercutir en las políticas,skill/competence,cross-sector,0.6111,http://data.europa.eu/esco/skill/4d39b27a-b34f-4c89-8d46-df844d42f728
EPN,Escuela Politécnica Nacional,Ingenieria En Geologia,4,desarrollar estrategias de recuperación ambiental,skill/competence,cross-sector,0.608,http://data.europa.eu/esco/skill/e4ff825c-7376-4135-93cd-3892fd67b7c1
EPN,Escuela Politécnica Nacional,Ingenieria En Geologia,5,geología,knowledge,cross-sector,0.6036,http://data.europa.eu/esco/skill/8bdd25f8-4b6e-40fe-a2cf-c1badc594114
EPN,Escuela Politécnica Nacional,Ingenieria En Geologia,6,aplicar conocimientos de ciencias sociales y humanidades,skill/competence,transversal,0.5992,http://data.europa.eu/esco/skill/deb3c1bc-d48a-42e6-b0cc-cb238534ec28
EPN,Escuela Politécnica Nacional,Ingenieria En Geologia,7,recopilar información técnica,skill/competence,cross-sector,0.5989,http://data.europa.eu/esco/skill/0b8da079-f587-403f-a6ad-cd18b8150044
EPN,Escuela Politécnica Nacional,Ingenieria En Geologia,8,informar sobre resultados de pruebas,skill/competence,cross-sector,0.598,http://data.europa.eu/esco/skill/561c2525-5bd8-4d86-8f45-820f4be7db93
EPN,Escuela Politécnica Nacional,Ingenieria En Geologia,9,comunicar hallazgos científicos,skill/competence,cross-sector,0.5975,http://data.europa.eu/esco/skill/ff64e9fc-36dd-4035-872a-83aa41dc1ad9
EPN,Escuela Politécnica Nacional,Ingenieria En Geologia,10,enseñar geografía,skill/competence,cross-sector,0.5934,http://data.europa.eu/esco/skill/be040651-f357-45d0-9e1a-d98245be6546
EPN,Escuela Politécnica Nacional,Ingenieria En Geologia,11,preparar informes de riesgo,skill/competence,cross-sector,0.5929,http://data.europa.eu/esco/skill/bd832a82-b079-4001-80d1-f59efed33688
EPN,Escuela Politécnica Nacional,Ingenieria En Geologia,12,preparar informes sobre asuntos relacionados con el trabajo,skill/competence,cross-sector,0.5906,http://data.europa.eu/esco/skill/918f5211-b99f-4b29-9a34-6e475583ef55
EPN,Escuela Politécnica Nacional,Ingenieria En Geologia,13,demostrar conocimientos especializados sobre una disciplina,skill/competence,cross-sector,0.5904,http://data.europa.eu/esco/skill/4134622c-c3fb-4a41-beb6-6d58ba5107db
EPN,Escuela Politécnica Nacional,Ingenieria En Geologia,14,educar sobre gestión de emergencias,skill/competence,cross-sector,0.5858,http://data.europa.eu/esco/skill/6a66039e-0580-473b-a605-eedfdab85a2d
EPN,Escuela Politécnica Nacional,Ingenieria En Geologia,15,realizar investigaciones cualitativas,skill/competence,cross-sector,0.585,http://data.europa.eu/esco/skill/fa465db3-56e8-4b5d-a781-e2a313a4ed2d
EPN,Escuela Politécnica Nacional,Ingenieria En Geologia,16,ingeniería ambiental,knowledge,cross-sector,0.5849,http://data.europa.eu/esco/skill/b1b118c4-3291-484e-b64d-6d51fd5da8b3
EPN,Escuela Politécnica Nacional,Ingenieria En Geologia,17,integrar la dimensión de género en la investigació,skill/competence,cross-sector,0.5844,http://data.europa.eu/esco/skill/cd50d616-1f8b-481e-983f-68d2674ff82d
EPN,Escuela Politécnica Nacional,Ingenieria En Geologia,18,desarrollar estrategias de rehabilitación tras inundaciones,skill/competence,cross-sector,0.5842,http://data.europa.eu/esco/skill/6b5d032a-b85a-44ea-9dad-5201048d2dd2
EPN,Escuela Politécnica Nacional,Ingenieria En Geologia,19,crear soluciones para problemas,skill/competence,cross-sector,0.5833,http://data.europa.eu/esco/skill/03b9b491-fc9b-4868-914a-bf7cd47b5041
EPN,Escuela Politécnica Nacional,Ingenieria En Geologia,20,desarrollar procedimientos de ensayo de materiales,skill/competence,cross-sector,0.5816,http://data.europa.eu/esco/skill/658b6ea0-79f5-451d-a037-7593a4416c85
EPN,Escuela Politécnica Nacional,Ingenieria En Geologia,21,identificar problemas con sistemas de información geográfica,skill/competence,cross-sector,0.5814,http://data.europa.eu/esco/skill/d52426a8-e84f-4652-a655-7a6195381fcd
EPN,Escuela Politécnica Nacional,Ingenieria En Geologia,22,evaluar el impacto ambiental de yacimientos y zonas industriales,skill/competence,cross-sector,0.5814,http://data.europa.eu/esco/skill/f12f094b-492f-4e88-b36b-50b8e58b7500
EPN,Escuela Politécnica Nacional,Ingenieria En Geologia,23,"gestionar datos localizables, accesibles, interoperables y reutilizables",skill/competence,cross-sector,0.5804,http://data.europa.eu/esco/skill/4f5c1208-62fd-4e5a-a51e-306c06947e11
EPN,Escuela Politécnica Nacional,Ingenieria En Geologia,24,difundir resultados entre la comunidad científica,skill/competence,cross-sector,0.5799,http://data.europa.eu/esco/skill/2b1e2927-3542-48da-9063-02925e7562c1
EPN,Escuela Politécnica Nacional,Ingenieria En Geologia,25,realizar investigaciones ecológicas,skill/competence,cross-sector,0.5795,http://data.europa.eu/esco/skill/55a4ae74-45e3-4f5c-8646-17149edfbddb
EPN,Escuela Politécnica Nacional,Ingenieria De La Produccion,1,enseñar principios de gestión empresarial,skill/competence,cross-sector,0.6837,http://data.europa.eu/esco/skill/29d3663f-348a-4b67-a8db-b94fd3912385
EPN,Escuela Politécnica Nacional,Ingenieria De La Produccion,2,gestionar un equipo,skill/competence,cross-sector,0.6797,http://data.europa.eu/esco/skill/cb668e89-6ef5-4ff3-ab4a-506010e7e70b
EPN,Escuela Politécnica Nacional,Ingenieria De La Produccion,3,crear soluciones para problemas,skill/competence,cross-sector,0.674,http://data.europa.eu/esco/skill/03b9b491-fc9b-4868-914a-bf7cd47b5041
EPN,Escuela Politécnica Nacional,Ingenieria De La Produccion,4,gestionar conocimientos empresariales,skill/competence,cross-sector,0.6694,http://data.europa.eu/esco/skill/41bf7ede-fc84-4a57-8c89-b548d11b0ba1
EPN,Escuela Politécnica Nacional,Ingenieria De La Produccion,5,gestionar conocimientos para repercutir en las políticas,skill/competence,cross-sector,0.6639,http://data.europa.eu/esco/skill/4d39b27a-b34f-4c89-8d46-df844d42f728
EPN,Escuela Politécnica Nacional,Ingenieria De La Produccion,6,gestionar el impacto medioambiental de las operaciones,skill/competence,cross-sector,0.6586,http://data.europa.eu/esco/skill/d86babea-bf8b-4552-81a8-daf706066ad6
EPN,Escuela Politécnica Nacional,Ingenieria De La Produccion,7,tomar decisiones basadas en datos,skill/competence,cross-sector,0.6568,http://data.europa.eu/esco/skill/be20d05c-f6b4-4580-9fcf-f00f4baab562
EPN,Escuela Politécnica Nacional,Ingenieria De La Produccion,8,tomar decisiones empresariales estratégicas,skill/competence,cross-sector,0.6548,http://data.europa.eu/esco/skill/f60c9e52-95fc-4ca1-a73c-18a491153b63
EPN,Escuela Politécnica Nacional,Ingenieria De La Produccion,9,evaluar la formación,skill/competence,cross-sector,0.6505,http://data.europa.eu/esco/skill/728ad40d-4a79-4b4d-b77b-a48d094d73fa
EPN,Escuela Politécnica Nacional,Ingenieria De La Produccion,10,gestionar recursos humanos,skill/competence,cross-sector,0.6495,http://data.europa.eu/esco/skill/279a4b1d-21df-4d78-9f4d-324c73fd7536
EPN,Escuela Politécnica Nacional,Ingenieria De La Produccion,11,gestionar programas de formación en la empresa,skill/competence,cross-sector,0.6491,http://data.europa.eu/esco/skill/6e66fa0f-4d3b-415e-9693-dc556eb5112a
EPN,Escuela Politécnica Nacional,Ingenieria De La Produccion,12,formar a empleados,skill/competence,cross-sector,0.6484,http://data.europa.eu/esco/skill/0cc9c234-f817-4f4c-908a-4d28fe3b0f4a
EPN,Escuela Politécnica Nacional,Ingenieria De La Produccion,13,evaluar el rendimiento del personal y los gestores de la empresa,skill/competence,cross-sector,0.644,http://data.europa.eu/esco/skill/5cfd2ec5-ef34-4e3b-9397-e580b903d716
EPN,Escuela Politécnica Nacional,Ingenieria De La Produccion,14,utilizar estrategias de aprendizaje,skill/competence,cross-sector,0.6422,http://data.europa.eu/esco/skill/a44c0ed6-68b1-457a-9c6d-ea8487bdfeb2
EPN,Escuela Politécnica Nacional,Ingenieria De La Produccion,15,elaborar programas de formación corporativos,skill/competence,cross-sector,0.6412,http://data.europa.eu/esco/skill/ebff1a39-7261-49cd-9cb2-88f565e8dc26
EPN,Escuela Politécnica Nacional,Ingenieria De La Produccion,16,informar sobre la gestión general de una empresa,skill/competence,cross-sector,0.6412,http://data.europa.eu/esco/skill/307ffd2d-8fb3-43ff-8ad8-4052382f8f83
EPN,Escuela Politécnica Nacional,Ingenieria De La Produccion,17,guiar a los gestores de los diferentes departamentos de la empresa,skill/competence,cross-sector,0.6408,http://data.europa.eu/esco/skill/3e61ee41-2bd9-466f-b313-00ce04072410
EPN,Escuela Politécnica Nacional,Ingenieria De La Produccion,18,mejorar procesos empresariales,skill/competence,cross-sector,0.6399,http://data.europa.eu/esco/skill/75b30aeb-34c0-40f4-b77d-271d75a98b14
EPN,Escuela Politécnica Nacional,Ingenieria De La Produccion,19,desarrollar normas de información,skill/competence,cross-sector,0.6394,http://data.europa.eu/esco/skill/1b3fc0e0-c6f9-45fc-9c6e-14bbba662979
EPN,Escuela Politécnica Nacional,Ingenieria De La Produccion,20,desarrollar un plan de estudios de aprendizaje,skill/competence,cross-sector,0.6389,http://data.europa.eu/esco/skill/7ee872de-db39-4ae3-8e19-75d1a2cdf697
EPN,Escuela Politécnica Nacional,Ingenieria De La Produccion,21,elaborar las estrategias empresariales,skill/competence,cross-sector,0.6382,http://data.europa.eu/esco/skill/ba2c6181-b036-40b4-8f6d-51499463ccbb
EPN,Escuela Politécnica Nacional,Ingenieria De La Produccion,22,preparar informes sobre asuntos relacionados con el trabajo,skill/competence,cross-sector,0.6381,http://data.europa.eu/esco/skill/918f5211-b99f-4b29-9a34-6e475583ef55
EPN,Escuela Politécnica Nacional,Ingenieria De La Produccion,23,realizar gestión de clientes,skill/competence,cross-sector,0.6373,http://data.europa.eu/esco/skill/91306a20-9b81-4f3d-97eb-f5368b607da7
EPN,Escuela Politécnica Nacional,Ingenieria De La Produccion,24,interactuar con el consejo de administración,skill/competence,cross-sector,0.637,http://data.europa.eu/esco/skill/28f637e1-15fc-462d-ba10-5908fd438a0e
EPN,Escuela Politécnica Nacional,Ingenieria De La Produccion,25,educar sobre gestión de emergencias,skill/competence,cross-sector,0.6367,http://data.europa.eu/esco/skill/6a66039e-0580-473b-a605-eedfdab85a2d
EPN,Escuela Politécnica Nacional,Matematica,1,matemáticas,knowledge,cross-sector,0.7106,http://data.europa.eu/esco/skill/4339176e-3acd-4f7f-a5d9-445bee3d23f2
EPN,Escuela Politécnica Nacional,Matematica,2,realizar cálculos,skill/competence,transversal,0.6806,http://data.europa.eu/esco/skill/19ba11f3-9c99-41fd-a7c9-f77e6a026186
EPN,Escuela Politécnica Nacional,Matematica,3,ejecutar cálculos matemáticos analíticos,skill/competence,cross-sector,0.6656,http://data.europa.eu/esco/skill/31c69100-b612-4a61-8db5-fd314318854c
EPN,Escuela Politécnica Nacional,Matematica,4,interpretar información matemática,skill/competence,transversal,0.6563,http://data.europa.eu/esco/skill/6fc6f757-6baa-49fe-9a82-6ba6a52f2e13
EPN,Escuela Politécnica Nacional,Matematica,5,modelación matemática,knowledge,cross-sector,0.6317,http://data.europa.eu/esco/skill/0760bfac-9a03-427a-ad84-ccd33a2f2ae8
EPN,Escuela Politécnica Nacional,Matematica,6,elaborar software estadístico,skill/competence,cross-sector,0.6252,http://data.europa.eu/esco/skill/bb165899-d95f-4433-95f2-173fefd716d2
EPN,Escuela Politécnica Nacional,Matematica,7,prestar asistencia en investigaciones científicas,skill/competence,cross-sector,0.6236,http://data.europa.eu/esco/skill/d6179c4b-ff5a-4bbb-a3c8-e0acf0de1f56
EPN,Escuela Politécnica Nacional,Matematica,8,Interactuar de manera profesional en entornos de investigación y profesionales,skill/competence,cross-sector,0.6204,http://data.europa.eu/esco/skill/20a8fe89-d4eb-4698-8521-8881c13377e0
EPN,Escuela Politécnica Nacional,Matematica,9,informática,knowledge,cross-sector,0.6182,http://data.europa.eu/esco/skill/7b5cce4d-c7fe-4119-b48f-70aa05391787
EPN,Escuela Politécnica Nacional,Matematica,10,redactar propuestas de investigación,skill/competence,cross-sector,0.6182,http://data.europa.eu/esco/skill/0ee7b0d6-db98-4785-9948-f2ef415d155a
EPN,Escuela Politécnica Nacional,Matematica,11,enseñar en contextos académicos o profesionales,skill/competence,cross-sector,0.6178,http://data.europa.eu/esco/skill/4cd85845-f31c-4306-994d-e12d45114d83
EPN,Escuela Politécnica Nacional,Matematica,12,informática científica,knowledge,cross-sector,0.6148,http://data.europa.eu/esco/skill/5b26f08b-88bc-45f0-b901-530d7786466b
EPN,Escuela Politécnica Nacional,Matematica,13,resolver problemas,skill/competence,transversal,0.6144,http://data.europa.eu/esco/skill/adc6dc11-3376-467b-96c5-9b0a21edc869
EPN,Escuela Politécnica Nacional,Matematica,14,análisis empresarial,knowledge,cross-sector,0.6126,http://data.europa.eu/esco/skill/633a3637-2c6b-40ae-ac38-289eb2a62aa6
EPN,Escuela Politécnica Nacional,Matematica,15,controlar los avances en el campo de especialidad,skill/competence,cross-sector,0.6088,http://data.europa.eu/esco/skill/23ac233d-84ad-4517-b0f5-8ca19ba2614e
EPN,Escuela Politécnica Nacional,Matematica,16,realizar un análisis empresarial,skill/competence,cross-sector,0.6085,http://data.europa.eu/esco/skill/27ed854c-15b8-4ba2-90e9-ae888a219703
EPN,Escuela Politécnica Nacional,Matematica,17,comunicar información matemática,skill/competence,cross-sector,0.6073,http://data.europa.eu/esco/skill/a5826fe3-8df6-4fa8-adad-b7116864588f
EPN,Escuela Politécnica Nacional,Matematica,18,realizar investigaciones de laboratorio,skill/competence,cross-sector,0.6069,http://data.europa.eu/esco/skill/9e8863fc-e8de-4df1-9bc6-3d5dd85b8070
EPN,Escuela Politécnica Nacional,Matematica,19,llevar a cabo investigaciones científicas,skill/competence,cross-sector,0.6024,http://data.europa.eu/esco/skill/4fabca9a-7435-4f33-b1da-3cdb00340fdc
EPN,Escuela Politécnica Nacional,Matematica,20,crear soluciones para problemas informativos,skill/competence,cross-sector,0.5985,http://data.europa.eu/esco/skill/4539aeca-b56f-4d03-ba86-8f675a7f2536
EPN,Escuela Politécnica Nacional,Matematica,21,proporcionar experiencia técnica,skill/competence,cross-sector,0.5983,http://data.europa.eu/esco/skill/c69587b4-05d3-45bb-b79b-9b85e6603fc2
EPN,Escuela Politécnica Nacional,Matematica,22,aplicar competencias matemáticas,skill/competence,cross-sector,0.5965,http://data.europa.eu/esco/skill/5dd01a1e-7ba0-4b7f-a76c-ed811c12bfde
EPN,Escuela Politécnica Nacional,Matematica,23,"aplicar conocimientos científicos, tecnológicos y de ingeniería",skill/competence,transversal,0.5963,http://data.europa.eu/esco/skill/5c3ab99d-a3f1-4620-9602-d12d2151a03d
EPN,Escuela Politécnica Nacional,Matematica,24,análisis de datos,knowledge,cross-sector,0.5961,http://data.europa.eu/esco/skill/97bd1c21-66b2-4b7e-ad0f-e3cda590e378
EPN,Escuela Politécnica Nacional,Matematica,25,realizar investigaciones cuantitativas,skill/competence,cross-sector,0.5909,http://data.europa.eu/esco/skill/8316979b-df5a-4dc7-98ef-61ec6a10df84
EPN,Escuela Politécnica Nacional,Matematica Aplicada,1,utilizar estrategias de aprendizaje,skill/competence,cross-sector,0.631,http://data.europa.eu/esco/skill/a44c0ed6-68b1-457a-9c6d-ea8487bdfeb2
EPN,Escuela Politécnica Nacional,Matematica Aplicada,2,realizar cálculos,skill/competence,transversal,0.629,http://data.europa.eu/esco/skill/19ba11f3-9c99-41fd-a7c9-f77e6a026186
EPN,Escuela Politécnica Nacional,Matematica Aplicada,3,desarrollar un plan de estudios de aprendizaje,skill/competence,cross-sector,0.6242,http://data.europa.eu/esco/skill/7ee872de-db39-4ae3-8e19-75d1a2cdf697
EPN,Escuela Politécnica Nacional,Matematica Aplicada,4,interpretar información matemática,skill/competence,transversal,0.623,http://data.europa.eu/esco/skill/6fc6f757-6baa-49fe-9a82-6ba6a52f2e13
EPN,Escuela Politécnica Nacional,Matematica Aplicada,5,"aplicar conocimientos científicos, tecnológicos y de ingeniería",skill/competence,transversal,0.6153,http://data.europa.eu/esco/skill/5c3ab99d-a3f1-4620-9602-d12d2151a03d
EPN,Escuela Politécnica Nacional,Matematica Aplicada,6,informar sobre resultados de pruebas,skill/competence,cross-sector,0.609,http://data.europa.eu/esco/skill/561c2525-5bd8-4d86-8f45-820f4be7db93
EPN,Escuela Politécnica Nacional,Matematica Aplicada,7,ejecutar cálculos matemáticos analíticos,skill/competence,cross-sector,0.6035,http://data.europa.eu/esco/skill/31c69100-b612-4a61-8db5-fd314318854c
EPN,Escuela Politécnica Nacional,Matematica Aplicada,8,evaluar la formación,skill/competence,cross-sector,0.6015,http://data.europa.eu/esco/skill/728ad40d-4a79-4b4d-b77b-a48d094d73fa
EPN,Escuela Politécnica Nacional,Matematica Aplicada,9,aplicar estrategias de enseñanza,skill/competence,cross-sector,0.6006,http://data.europa.eu/esco/skill/59eb177a-2f30-4943-8b30-5f87dd51a80d
EPN,Escuela Politécnica Nacional,Matematica Aplicada,10,principios de ingeniería,knowledge,cross-sector,0.598,http://data.europa.eu/esco/skill/209a5498-3449-4689-8ed9-bd08cab4fd78
EPN,Escuela Politécnica Nacional,Matematica Aplicada,11,comunicar información matemática,skill/competence,cross-sector,0.5966,http://data.europa.eu/esco/skill/a5826fe3-8df6-4fa8-adad-b7116864588f
EPN,Escuela Politécnica Nacional,Matematica Aplicada,12,aplicar métodos de producción avanzados,skill/competence,cross-sector,0.596,http://data.europa.eu/esco/skill/4f0e579d-ca7b-427c-ace6-9e2de3eb19c7
EPN,Escuela Politécnica Nacional,Matematica Aplicada,13,ingeniería de seguridad,knowledge,cross-sector,0.5947,http://data.europa.eu/esco/skill/47d491a9-f7c0-4b13-a10f-983d3aa0113e
EPN,Escuela Politécnica Nacional,Matematica Aplicada,14,crear soluciones para problemas,skill/competence,cross-sector,0.5898,http://data.europa.eu/esco/skill/03b9b491-fc9b-4868-914a-bf7cd47b5041
EPN,Escuela Politécnica Nacional,Matematica Aplicada,15,consultar al alumnado sobre el contenido del aprendizaje,skill/competence,cross-sector,0.589,http://data.europa.eu/esco/skill/1be68ecc-7263-4118-8ca5-254e444f3bc0
EPN,Escuela Politécnica Nacional,Matematica Aplicada,16,objetivos del plan de estudios,knowledge,cross-sector,0.5882,http://data.europa.eu/esco/skill/edff6d20-660d-4d33-b412-9a5b664a14be
EPN,Escuela Politécnica Nacional,Matematica Aplicada,17,aplicar competencias matemáticas,skill/competence,cross-sector,0.5877,http://data.europa.eu/esco/skill/5dd01a1e-7ba0-4b7f-a76c-ed811c12bfde
EPN,Escuela Politécnica Nacional,Matematica Aplicada,18,gestionar conocimientos para repercutir en las políticas,skill/competence,cross-sector,0.587,http://data.europa.eu/esco/skill/4d39b27a-b34f-4c89-8d46-df844d42f728
EPN,Escuela Politécnica Nacional,Matematica Aplicada,19,indicadores del rendimiento de un aparato,knowledge,cross-sector,0.5867,http://data.europa.eu/esco/skill/69fe6624-bc7f-412e-ad6d-35c7b0df842e
EPN,Escuela Politécnica Nacional,Matematica Aplicada,20,elaborar programas de aprendizaje individual,skill/competence,cross-sector,0.5861,http://data.europa.eu/esco/skill/29ca8fd4-40c1-494c-85ea-525f1ab4aa8c
EPN,Escuela Politécnica Nacional,Matematica Aplicada,21,proporcionar experiencia técnica,skill/competence,cross-sector,0.585,http://data.europa.eu/esco/skill/c69587b4-05d3-45bb-b79b-9b85e6603fc2
EPN,Escuela Politécnica Nacional,Matematica Aplicada,22,tomar decisiones basadas en datos,skill/competence,cross-sector,0.5845,http://data.europa.eu/esco/skill/be20d05c-f6b4-4580-9fcf-f00f4baab562
EPN,Escuela Politécnica Nacional,Matematica Aplicada,23,adaptar la enseñanza a las capacidades del alumnado,skill/competence,cross-sector,0.5843,http://data.europa.eu/esco/skill/573d3f91-c81c-407e-a56d-0f3a63272b43
EPN,Escuela Politécnica Nacional,Matematica Aplicada,24,enseñar estrategias de lectura,skill/competence,cross-sector,0.584,http://data.europa.eu/esco/skill/2b87f4e6-c4cf-4b4c-8157-e2794d136617
EPN,Escuela Politécnica Nacional,Matematica Aplicada,25,examinar principios de ingeniería,skill/competence,cross-sector,0.583,http://data.europa.eu/esco/skill/8bc1c7da-c832-4896-a441-30d087c46aad
EPN,Escuela Politécnica Nacional,Ingenieria En Materiales,1,realizar cálculos,skill/competence,transversal,0.6161,http://data.europa.eu/esco/skill/19ba11f3-9c99-41fd-a7c9-f77e6a026186
EPN,Escuela Politécnica Nacional,Ingenieria En Materiales,2,desarrollar procedimientos de ensayo de materiales,skill/competence,cross-sector,0.6068,http://data.europa.eu/esco/skill/658b6ea0-79f5-451d-a037-7593a4416c85
EPN,Escuela Politécnica Nacional,Ingenieria En Materiales,3,ejecutar cálculos matemáticos analíticos,skill/competence,cross-sector,0.6059,http://data.europa.eu/esco/skill/31c69100-b612-4a61-8db5-fd314318854c
EPN,Escuela Politécnica Nacional,Ingenieria En Materiales,4,comunicar información matemática,skill/competence,cross-sector,0.6042,http://data.europa.eu/esco/skill/a5826fe3-8df6-4fa8-adad-b7116864588f
EPN,Escuela Politécnica Nacional,Ingenieria En Materiales,5,interpretar información matemática,skill/competence,transversal,0.5989,http://data.europa.eu/esco/skill/6fc6f757-6baa-49fe-9a82-6ba6a52f2e13
EPN,Escuela Politécnica Nacional,Ingenieria En Materiales,6,desarrollar estrategias de recuperación ambiental,skill/competence,cross-sector,0.591,http://data.europa.eu/esco/skill/e4ff825c-7376-4135-93cd-3892fd67b7c1
EPN,Escuela Politécnica Nacional,Ingenieria En Materiales,7,aplicar competencias matemáticas,skill/competence,cross-sector,0.5819,http://data.europa.eu/esco/skill/5dd01a1e-7ba0-4b7f-a76c-ed811c12bfde
EPN,Escuela Politécnica Nacional,Ingenieria En Materiales,8,preparar materias primas,skill/competence,cross-sector,0.5785,http://data.europa.eu/esco/skill/34dc9e73-c35e-46a4-a35d-4417b721437c
EPN,Escuela Politécnica Nacional,Ingenieria En Materiales,9,aplicar métodos de producción avanzados,skill/competence,cross-sector,0.5776,http://data.europa.eu/esco/skill/4f0e579d-ca7b-427c-ace6-9e2de3eb19c7
EPN,Escuela Politécnica Nacional,Ingenieria En Materiales,10,crear soluciones para problemas,skill/competence,cross-sector,0.5771,http://data.europa.eu/esco/skill/03b9b491-fc9b-4868-914a-bf7cd47b5041
EPN,Escuela Politécnica Nacional,Ingenieria En Materiales,11,matemáticas,knowledge,cross-sector,0.5758,http://data.europa.eu/esco/skill/4339176e-3acd-4f7f-a5d9-445bee3d23f2
EPN,Escuela Politécnica Nacional,Ingenieria En Materiales,12,gestionar conocimientos para repercutir en las políticas,skill/competence,cross-sector,0.572,http://data.europa.eu/esco/skill/4d39b27a-b34f-4c89-8d46-df844d42f728
EPN,Escuela Politécnica Nacional,Ingenieria En Materiales,13,comprobar la calidad de la materia prima,skill/competence,cross-sector,0.5706,http://data.europa.eu/esco/skill/a93011ca-e6ab-4182-8a05-4d4b282cff27
EPN,Escuela Politécnica Nacional,Ingenieria En Materiales,14,promover la transferencia de conocimientos,skill/competence,cross-sector,0.5705,http://data.europa.eu/esco/skill/988f4ac3-a37c-4b0a-a40f-4e0e56b5919e
EPN,Escuela Politécnica Nacional,Ingenieria En Materiales,15,tecnologías eficientes en el uso de los recursos,knowledge,cross-sector,0.57,http://data.europa.eu/esco/skill/d1f73ae9-d348-4aac-b5d5-9b6d508401d3
EPN,Escuela Politécnica Nacional,Ingenieria En Materiales,16,procesos de fabricación,knowledge,cross-sector,0.5699,http://data.europa.eu/esco/skill/12c7b323-d870-4f5b-9d7d-d9f525206d77
EPN,Escuela Politécnica Nacional,Ingenieria En Materiales,17,realizar mediciones relacionadas con el trabajo,skill/competence,cross-sector,0.5694,http://data.europa.eu/esco/skill/ab75d510-ac75-482d-b671-bb3bad741f07
EPN,Escuela Politécnica Nacional,Ingenieria En Materiales,18,elaborar fórmulas de fabricación,skill/competence,cross-sector,0.5694,http://data.europa.eu/esco/skill/b2ad4e50-cb82-4a34-ab3e-5b5f6c4f9b65
EPN,Escuela Politécnica Nacional,Ingenieria En Materiales,19,ofrecer formación técnica,skill/competence,cross-sector,0.5692,http://data.europa.eu/esco/skill/d54a1355-05c8-45eb-9c42-267d2cfcdf44
EPN,Escuela Politécnica Nacional,Ingenieria En Materiales,20,enseñar principios de marketing,skill/competence,cross-sector,0.5684,http://data.europa.eu/esco/skill/8ccbc13b-2856-4363-ba61-8a47be4d2eca
EPN,Escuela Politécnica Nacional,Ingenieria En Materiales,21,enseñar técnicas de negociación,skill/competence,cross-sector,0.5679,http://data.europa.eu/esco/skill/05338a70-1ea1-4c33-a886-1c4f0c7d7241
EPN,Escuela Politécnica Nacional,Ingenieria En Materiales,22,adoptar vías para reducir el impacto negativo del consumo,skill/competence,transversal,0.5675,http://data.europa.eu/esco/skill/4c3ab565-747c-4db3-8c47-79e8d6f98cf4
EPN,Escuela Politécnica Nacional,Ingenieria En Materiales,23,gestionar residuos,skill/competence,cross-sector,0.567,http://data.europa.eu/esco/skill/73a9561d-112c-4d8a-9d5f-b2c11c5bbd5f
EPN,Escuela Politécnica Nacional,Ingenieria En Materiales,24,ingeniería de materiales,knowledge,cross-sector,0.5658,http://data.europa.eu/esco/skill/614fdb7f-637f-4501-a80a-53c14a9804e5
EPN,Escuela Politécnica Nacional,Ingenieria En Materiales,25,desarrollar normas y procedimientos de fabricación,skill/competence,cross-sector,0.5656,http://data.europa.eu/esco/skill/764db027-9063-4468-acb3-c73ecfc76f35
EPN,Escuela Politécnica Nacional,Ingenieria En Mecanica,1,gestionar un equipo,skill/competence,cross-sector,0.6324,http://data.europa.eu/esco/skill/cb668e89-6ef5-4ff3-ab4a-506010e7e70b
EPN,Escuela Politécnica Nacional,Ingenieria En Mecanica,2,desarrollar procedimientos de ensayo de materiales,skill/competence,cross-sector,0.631,http://data.europa.eu/esco/skill/658b6ea0-79f5-451d-a037-7593a4416c85
EPN,Escuela Politécnica Nacional,Ingenieria En Mecanica,3,ingeniería de seguridad,knowledge,cross-sector,0.6203,http://data.europa.eu/esco/skill/47d491a9-f7c0-4b13-a10f-983d3aa0113e
EPN,Escuela Politécnica Nacional,Ingenieria En Mecanica,4,demostrar conocimientos especializados sobre una disciplina,skill/competence,cross-sector,0.6189,http://data.europa.eu/esco/skill/4134622c-c3fb-4a41-beb6-6d58ba5107db
EPN,Escuela Politécnica Nacional,Ingenieria En Mecanica,5,desarrollar procedimientos de prueba,skill/competence,cross-sector,0.6189,http://data.europa.eu/esco/skill/f10142ce-d522-49c3-9fd1-054fb63529d4
EPN,Escuela Politécnica Nacional,Ingenieria En Mecanica,6,recopilar información técnica,skill/competence,cross-sector,0.6167,http://data.europa.eu/esco/skill/0b8da079-f587-403f-a6ad-cd18b8150044
EPN,Escuela Politécnica Nacional,Ingenieria En Mecanica,7,proporcionar experiencia técnica,skill/competence,cross-sector,0.6163,http://data.europa.eu/esco/skill/c69587b4-05d3-45bb-b79b-9b85e6603fc2
EPN,Escuela Politécnica Nacional,Ingenieria En Mecanica,8,coordinar equipos de ingeniería,skill/competence,cross-sector,0.6142,http://data.europa.eu/esco/skill/7af6e9e8-1e11-4c0b-b7c6-ac96bbbbc674
EPN,Escuela Politécnica Nacional,Ingenieria En Mecanica,9,crear soluciones para problemas,skill/competence,cross-sector,0.6137,http://data.europa.eu/esco/skill/03b9b491-fc9b-4868-914a-bf7cd47b5041
EPN,Escuela Politécnica Nacional,Ingenieria En Mecanica,10,examinar principios de ingeniería,skill/competence,cross-sector,0.6131,http://data.europa.eu/esco/skill/8bc1c7da-c832-4896-a441-30d087c46aad
EPN,Escuela Politécnica Nacional,Ingenieria En Mecanica,11,tener conciencia de los riesgos sanitarios,skill/competence,transversal,0.6121,http://data.europa.eu/esco/skill/c4180af3-befd-4bd8-9a65-6a496f9d9f15
EPN,Escuela Politécnica Nacional,Ingenieria En Mecanica,12,informar de posibles riesgos en los equipos,skill/competence,cross-sector,0.6103,http://data.europa.eu/esco/skill/34a80161-73fd-4a45-b135-ead89d4f37ee
EPN,Escuela Politécnica Nacional,Ingenieria En Mecanica,13,"aplicar conocimientos científicos, tecnológicos y de ingeniería",skill/competence,transversal,0.6066,http://data.europa.eu/esco/skill/5c3ab99d-a3f1-4620-9602-d12d2151a03d
EPN,Escuela Politécnica Nacional,Ingenieria En Mecanica,14,principios de ingeniería,knowledge,cross-sector,0.6042,http://data.europa.eu/esco/skill/209a5498-3449-4689-8ed9-bd08cab4fd78
EPN,Escuela Politécnica Nacional,Ingenieria En Mecanica,15,desarrollar normas y procedimientos de fabricación,skill/competence,cross-sector,0.6037,http://data.europa.eu/esco/skill/764db027-9063-4468-acb3-c73ecfc76f35
EPN,Escuela Politécnica Nacional,Ingenieria En Mecanica,16,comunicar y colaborar con ingenieros sobre diseño de productos y desarrollo de productos nuevos,skill/competence,cross-sector,0.6017,http://data.europa.eu/esco/skill/94b2c46e-6338-4a1d-950a-d44eef018c53
EPN,Escuela Politécnica Nacional,Ingenieria En Mecanica,17,trabajar de forma organizada,skill/competence,cross-sector,0.6013,http://data.europa.eu/esco/skill/1258cc12-37bb-4a12-b219-9c3d6b294533
EPN,Escuela Politécnica Nacional,Ingenieria En Mecanica,18,trabajar de forma organizada,skill/competence,cross-sector,0.6013,http://data.europa.eu/esco/skill/1258cc12-37bb-4a12-b219-9c3d6b294533
EPN,Escuela Politécnica Nacional,Ingenieria En Mecanica,19,llevar a cabo investigaciones multidisciplinarias,skill/competence,cross-sector,0.6009,http://data.europa.eu/esco/skill/f7b071bf-4882-4cfc-ae0a-7e0e0ab94c61
EPN,Escuela Politécnica Nacional,Ingenieria En Mecanica,20,crear un ambiente de trabajo de mejora continua,skill/competence,cross-sector,0.6009,http://data.europa.eu/esco/skill/9d59f4e5-20a5-428e-b8b3-645043500457
EPN,Escuela Politécnica Nacional,Ingenieria En Mecanica,21,informar sobre resultados de pruebas,skill/competence,cross-sector,0.5988,http://data.europa.eu/esco/skill/561c2525-5bd8-4d86-8f45-820f4be7db93
EPN,Escuela Politécnica Nacional,Ingenieria En Mecanica,22,aplicar técnicas organizativas,skill/competence,cross-sector,0.5987,http://data.europa.eu/esco/skill/d3eccb86-f02d-4950-bfbd-20b9510774a1
EPN,Escuela Politécnica Nacional,Ingenieria En Mecanica,23,gestionar conocimientos para repercutir en las políticas,skill/competence,cross-sector,0.596,http://data.europa.eu/esco/skill/4d39b27a-b34f-4c89-8d46-df844d42f728
EPN,Escuela Politécnica Nacional,Ingenieria En Mecanica,24,actuar de enlace con los ingenieros,skill/competence,cross-sector,0.5954,http://data.europa.eu/esco/skill/c5c51528-ccfc-4c53-b409-c200aaa44222
EPN,Escuela Politécnica Nacional,Ingenieria En Mecanica,25,aplicar métodos de producción avanzados,skill/competence,cross-sector,0.5951,http://data.europa.eu/esco/skill/4f0e579d-ca7b-427c-ace6-9e2de3eb19c7
EPN,Escuela Politécnica Nacional,Ingenieria En Mecatronica,1,mecatrónica,knowledge,cross-sector,0.6964,http://data.europa.eu/esco/skill/d88cb3f1-8e02-4618-bf32-4b0488066934
EPN,Escuela Politécnica Nacional,Ingenieria En Mecatronica,2,proporcionar experiencia técnica,skill/competence,cross-sector,0.6186,http://data.europa.eu/esco/skill/c69587b4-05d3-45bb-b79b-9b85e6603fc2
EPN,Escuela Politécnica Nacional,Ingenieria En Mecatronica,3,diseñar sistemas microelectromecánicos,skill/competence,cross-sector,0.6124,http://data.europa.eu/esco/skill/c022ff1b-7783-4e64-89ef-0422c81ff51f
EPN,Escuela Politécnica Nacional,Ingenieria En Mecatronica,4,sistemas mecánicos,knowledge,cross-sector,0.6037,http://data.europa.eu/esco/skill/69bece91-c806-42ad-bde4-db28c7f8fc4b
EPN,Escuela Politécnica Nacional,Ingenieria En Mecatronica,5,desarrollar procedimientos de ensayo de materiales,skill/competence,cross-sector,0.603,http://data.europa.eu/esco/skill/658b6ea0-79f5-451d-a037-7593a4416c85
EPN,Escuela Politécnica Nacional,Ingenieria En Mecatronica,6,actuar de enlace con los ingenieros,skill/competence,cross-sector,0.5943,http://data.europa.eu/esco/skill/c5c51528-ccfc-4c53-b409-c200aaa44222
EPN,Escuela Politécnica Nacional,Ingenieria En Mecatronica,7,"aplicar conocimientos científicos, tecnológicos y de ingeniería",skill/competence,transversal,0.594,http://data.europa.eu/esco/skill/5c3ab99d-a3f1-4620-9602-d12d2151a03d
EPN,Escuela Politécnica Nacional,Ingenieria En Mecatronica,8,desarrollar procedimientos de prueba electrónica,skill/competence,cross-sector,0.5913,http://data.europa.eu/esco/skill/0de6bca4-f3aa-452a-8e10-d355b2c1bfc4
EPN,Escuela Politécnica Nacional,Ingenieria En Mecatronica,9,diseñar sistemas de control,skill/competence,cross-sector,0.5912,http://data.europa.eu/esco/skill/d560df46-dda4-4407-bab2-b87353a96814
EPN,Escuela Politécnica Nacional,Ingenieria En Mecatronica,10,gestionar un equipo,skill/competence,cross-sector,0.589,http://data.europa.eu/esco/skill/cb668e89-6ef5-4ff3-ab4a-506010e7e70b
EPN,Escuela Politécnica Nacional,Ingenieria En Mecatronica,11,mecánica de los trenes,knowledge,cross-sector,0.5868,http://data.europa.eu/esco/skill/af0bbc31-b54d-4e8d-82b1-2e91a1115523
EPN,Escuela Politécnica Nacional,Ingenieria En Mecatronica,12,mecanografiar en dispositivos electrónicos,skill/competence,cross-sector,0.5849,http://data.europa.eu/esco/skill/d181042e-c531-4461-af7c-4071c53418fe
EPN,Escuela Politécnica Nacional,Ingenieria En Mecatronica,13,electromecánica,knowledge,cross-sector,0.583,http://data.europa.eu/esco/skill/2bbdea06-a265-42b5-bb4f-7241b661f069
EPN,Escuela Politécnica Nacional,Ingenieria En Mecatronica,14,comunicar y colaborar con ingenieros sobre diseño de productos y desarrollo de productos nuevos,skill/competence,cross-sector,0.5829,http://data.europa.eu/esco/skill/94b2c46e-6338-4a1d-950a-d44eef018c53
EPN,Escuela Politécnica Nacional,Ingenieria En Mecatronica,15,desarrollar procedimientos de prueba,skill/competence,cross-sector,0.5819,http://data.europa.eu/esco/skill/f10142ce-d522-49c3-9fd1-054fb63529d4
EPN,Escuela Politécnica Nacional,Ingenieria En Mecatronica,16,robótica,knowledge,cross-sector,0.58,http://data.europa.eu/esco/skill/e87ec79a-c9ff-46f5-84fa-7a0f394cdf40
EPN,Escuela Politécnica Nacional,Ingenieria En Mecatronica,17,diseñar sistemas electromecánicos,skill/competence,cross-sector,0.5797,http://data.europa.eu/esco/skill/c5422318-3218-4ce9-9bdd-f38b93ff63a3
EPN,Escuela Politécnica Nacional,Ingenieria En Mecatronica,18,gestionar el impacto medioambiental de las operaciones,skill/competence,cross-sector,0.5783,http://data.europa.eu/esco/skill/d86babea-bf8b-4552-81a8-daf706066ad6
EPN,Escuela Politécnica Nacional,Ingenieria En Mecatronica,19,diseñar componentes de ingeniería,skill/competence,cross-sector,0.5782,http://data.europa.eu/esco/skill/87434439-c07d-48be-af34-b0cdd03121c4
EPN,Escuela Politécnica Nacional,Ingenieria En Mecatronica,20,desarrollar sistemas de instrumentación,skill/competence,cross-sector,0.5777,http://data.europa.eu/esco/skill/d8c19849-f4cf-458d-90cd-abe735a729bf
EPN,Escuela Politécnica Nacional,Ingenieria En Mecatronica,21,mecanografiar documentos sin errores,skill/competence,cross-sector,0.5732,http://data.europa.eu/esco/skill/130d8246-5d34-4cbf-93c6-c02990a26532
EPN,Escuela Politécnica Nacional,Ingenieria En Mecatronica,22,programar controles de equipos,skill/competence,cross-sector,0.573,http://data.europa.eu/esco/skill/5fc0d7d8-bb81-4c1e-b420-e0f1ef8c2743
EPN,Escuela Politécnica Nacional,Ingenieria En Mecatronica,23,diseñar sistemas electrónicos,skill/competence,cross-sector,0.5722,http://data.europa.eu/esco/skill/feb717ff-fba6-4a91-aa10-ee11cf2da6b4
EPN,Escuela Politécnica Nacional,Ingenieria En Mecatronica,24,coordinar equipos de ingeniería,skill/competence,cross-sector,0.5717,http://data.europa.eu/esco/skill/7af6e9e8-1e11-4c0b-b7c6-ac96bbbbc674
EPN,Escuela Politécnica Nacional,Ingenieria En Mecatronica,25,controlar maquinaria pesada,skill/competence,cross-sector,0.5716,http://data.europa.eu/esco/skill/4853efe8-0cdd-42d1-bc5a-6ba5fa9a8b2c
EPN,Escuela Politécnica Nacional,Ingenieria En Petroleos,1,demostrar conocimientos especializados sobre una disciplina,skill/competence,cross-sector,0.6181,http://data.europa.eu/esco/skill/4134622c-c3fb-4a41-beb6-6d58ba5107db
EPN,Escuela Politécnica Nacional,Ingenieria En Petroleos,2,preparar informes sobre asuntos relacionados con el trabajo,skill/competence,cross-sector,0.617,http://data.europa.eu/esco/skill/918f5211-b99f-4b29-9a34-6e475583ef55
EPN,Escuela Politécnica Nacional,Ingenieria En Petroleos,3,proporcionar experiencia técnica,skill/competence,cross-sector,0.614,http://data.europa.eu/esco/skill/c69587b4-05d3-45bb-b79b-9b85e6603fc2
EPN,Escuela Politécnica Nacional,Ingenieria En Petroleos,4,evaluar el impacto ambiental de yacimientos y zonas industriales,skill/competence,cross-sector,0.612,http://data.europa.eu/esco/skill/f12f094b-492f-4e88-b36b-50b8e58b7500
EPN,Escuela Politécnica Nacional,Ingenieria En Petroleos,5,Interactuar de manera profesional en entornos de investigación y profesionales,skill/competence,cross-sector,0.6115,http://data.europa.eu/esco/skill/20a8fe89-d4eb-4698-8521-8881c13377e0
EPN,Escuela Politécnica Nacional,Ingenieria En Petroleos,6,crear soluciones para problemas,skill/competence,cross-sector,0.6099,http://data.europa.eu/esco/skill/03b9b491-fc9b-4868-914a-bf7cd47b5041
EPN,Escuela Politécnica Nacional,Ingenieria En Petroleos,7,reaccionar ante emergencias mineras,skill/competence,cross-sector,0.6051,http://data.europa.eu/esco/skill/3938da70-dd7a-4092-b039-10c2218867fd
EPN,Escuela Politécnica Nacional,Ingenieria En Petroleos,8,gestionar el impacto medioambiental de las operaciones,skill/competence,cross-sector,0.5981,http://data.europa.eu/esco/skill/d86babea-bf8b-4552-81a8-daf706066ad6
EPN,Escuela Politécnica Nacional,Ingenieria En Petroleos,9,gestionar un equipo,skill/competence,cross-sector,0.5976,http://data.europa.eu/esco/skill/cb668e89-6ef5-4ff3-ab4a-506010e7e70b
EPN,Escuela Politécnica Nacional,Ingenieria En Petroleos,10,realizar investigaciones cualitativas,skill/competence,cross-sector,0.595,http://data.europa.eu/esco/skill/fa465db3-56e8-4b5d-a781-e2a313a4ed2d
EPN,Escuela Politécnica Nacional,Ingenieria En Petroleos,11,"aplicar conocimientos científicos, tecnológicos y de ingeniería",skill/competence,transversal,0.595,http://data.europa.eu/esco/skill/5c3ab99d-a3f1-4620-9602-d12d2151a03d
EPN,Escuela Politécnica Nacional,Ingenieria En Petroleos,12,trabajar con sustancias químicas,skill/competence,cross-sector,0.5936,http://data.europa.eu/esco/skill/929a997b-d56c-4383-b36d-6de9fa0e1721
EPN,Escuela Politécnica Nacional,Ingenieria En Petroleos,13,desarrollar procedimientos de ensayo de materiales,skill/competence,cross-sector,0.5928,http://data.europa.eu/esco/skill/658b6ea0-79f5-451d-a037-7593a4416c85
EPN,Escuela Politécnica Nacional,Ingenieria En Petroleos,14,recopilar información técnica,skill/competence,cross-sector,0.5916,http://data.europa.eu/esco/skill/0b8da079-f587-403f-a6ad-cd18b8150044
EPN,Escuela Politécnica Nacional,Ingenieria En Petroleos,15,realizar entrevistas de investigación,skill/competence,cross-sector,0.5905,http://data.europa.eu/esco/skill/896563fc-6255-4419-89c2-ffed30159ad6
EPN,Escuela Politécnica Nacional,Ingenieria En Petroleos,16,coordinar comunicaciones en situaciones de emergencia en operaciones mineras,skill/competence,cross-sector,0.5901,http://data.europa.eu/esco/skill/707ff33d-d130-4e61-8a2a-6e8b023be9fc
EPN,Escuela Politécnica Nacional,Ingenieria En Petroleos,17,desarrollar estrategias de recuperación ambiental,skill/competence,cross-sector,0.5895,http://data.europa.eu/esco/skill/e4ff825c-7376-4135-93cd-3892fd67b7c1
EPN,Escuela Politécnica Nacional,Ingenieria En Petroleos,18,asesorar sobre mejoras de seguridad,skill/competence,cross-sector,0.5831,http://data.europa.eu/esco/skill/37838e04-ac5f-43a5-82d0-35f42351fd60
EPN,Escuela Politécnica Nacional,Ingenieria En Petroleos,19,desarrollar protocolos de investigación científica,skill/competence,cross-sector,0.5822,http://data.europa.eu/esco/skill/9b9662e0-100a-4314-9bdc-8146a7105c3d
EPN,Escuela Politécnica Nacional,Ingenieria En Petroleos,20,mejorar procesos químicos,skill/competence,cross-sector,0.5818,http://data.europa.eu/esco/skill/451c8010-7dbb-4f96-b4d4-0955766d9eff
EPN,Escuela Politécnica Nacional,Ingenieria En Petroleos,21,redactar propuestas de investigación,skill/competence,cross-sector,0.5816,http://data.europa.eu/esco/skill/0ee7b0d6-db98-4785-9948-f2ef415d155a
EPN,Escuela Politécnica Nacional,Ingenieria En Petroleos,22,preparar un informe del estudio,skill/competence,cross-sector,0.5809,http://data.europa.eu/esco/skill/f23ced50-862a-49d8-b7f6-a5c4bd6b49af
EPN,Escuela Politécnica Nacional,Ingenieria En Petroleos,23,hacer comentarios a los trabajadores sobre su rendimiento,skill/competence,cross-sector,0.5807,http://data.europa.eu/esco/skill/4012e28f-1826-4024-9772-7a4183d63b7f
EPN,Escuela Politécnica Nacional,Ingenieria En Petroleos,24,asesorar sobre sistemas de gestión de riesgos ambientales,skill/competence,cross-sector,0.5806,http://data.europa.eu/esco/skill/a366bfc5-8d17-4792-a9f0-db0951528dda
EPN,Escuela Politécnica Nacional,Ingenieria En Petroleos,25,gestionar datos de investigación,skill/competence,cross-sector,0.5798,http://data.europa.eu/esco/skill/08b04e53-ed25-41a2-9f90-0b9cd939ba3d
EPN,Escuela Politécnica Nacional,Ingenieria Quimica,1,demostrar conocimientos especializados sobre una disciplina,skill/competence,cross-sector,0.6444,http://data.europa.eu/esco/skill/4134622c-c3fb-4a41-beb6-6d58ba5107db
EPN,Escuela Politécnica Nacional,Ingenieria Quimica,2,desarrollar procedimientos de ensayo de materiales,skill/competence,cross-sector,0.6246,http://data.europa.eu/esco/skill/658b6ea0-79f5-451d-a037-7593a4416c85
EPN,Escuela Politécnica Nacional,Ingenieria Quimica,3,gestionar procedimientos de ensayos de sustancias químicas,skill/competence,cross-sector,0.6044,http://data.europa.eu/esco/skill/abcfd4de-3b3d-48ed-a002-36071bad8d46
EPN,Escuela Politécnica Nacional,Ingenieria Quimica,4,química,knowledge,cross-sector,0.5922,http://data.europa.eu/esco/skill/cde9911c-f92e-4de1-811f-336e177ac4ce
EPN,Escuela Politécnica Nacional,Ingenieria Quimica,5,trabajar con sustancias químicas,skill/competence,cross-sector,0.5892,http://data.europa.eu/esco/skill/929a997b-d56c-4383-b36d-6de9fa0e1721
EPN,Escuela Politécnica Nacional,Ingenieria Quimica,6,demostrar competencia en las normas de envasado,skill/competence,cross-sector,0.5876,http://data.europa.eu/esco/skill/07197605-141a-4c85-8995-00614de16c87
EPN,Escuela Politécnica Nacional,Ingenieria Quimica,7,ingeniería ambiental,knowledge,cross-sector,0.5872,http://data.europa.eu/esco/skill/b1b118c4-3291-484e-b64d-6d51fd5da8b3
EPN,Escuela Politécnica Nacional,Ingenieria Quimica,8,"aplicar conocimientos científicos, tecnológicos y de ingeniería",skill/competence,transversal,0.5854,http://data.europa.eu/esco/skill/5c3ab99d-a3f1-4620-9602-d12d2151a03d
EPN,Escuela Politécnica Nacional,Ingenieria Quimica,9,examinar principios de ingeniería,skill/competence,cross-sector,0.5826,http://data.europa.eu/esco/skill/8bc1c7da-c832-4896-a441-30d087c46aad
EPN,Escuela Politécnica Nacional,Ingenieria Quimica,10,tener conciencia de los riesgos sanitarios,skill/competence,transversal,0.5791,http://data.europa.eu/esco/skill/c4180af3-befd-4bd8-9a65-6a496f9d9f15
EPN,Escuela Politécnica Nacional,Ingenieria Quimica,11,coordinar equipos de ingeniería,skill/competence,cross-sector,0.5787,http://data.europa.eu/esco/skill/7af6e9e8-1e11-4c0b-b7c6-ac96bbbbc674
EPN,Escuela Politécnica Nacional,Ingenieria Quimica,12,mejorar procesos químicos,skill/competence,cross-sector,0.578,http://data.europa.eu/esco/skill/451c8010-7dbb-4f96-b4d4-0955766d9eff
EPN,Escuela Politécnica Nacional,Ingenieria Quimica,13,Interactuar de manera profesional en entornos de investigación y profesionales,skill/competence,cross-sector,0.5768,http://data.europa.eu/esco/skill/20a8fe89-d4eb-4698-8521-8881c13377e0
EPN,Escuela Politécnica Nacional,Ingenieria Quimica,14,informar sobre resultados de pruebas,skill/competence,cross-sector,0.5762,http://data.europa.eu/esco/skill/561c2525-5bd8-4d86-8f45-820f4be7db93
EPN,Escuela Politécnica Nacional,Ingenieria Quimica,15,evaluar la formación,skill/competence,cross-sector,0.5751,http://data.europa.eu/esco/skill/728ad40d-4a79-4b4d-b77b-a48d094d73fa
EPN,Escuela Politécnica Nacional,Ingenieria Quimica,16,determinar viabilidad de producción,skill/competence,cross-sector,0.5749,http://data.europa.eu/esco/skill/c79a6989-a73c-496b-997f-c706e1c5c52b
EPN,Escuela Politécnica Nacional,Ingenieria Quimica,17,desarrollar procedimientos de prueba,skill/competence,cross-sector,0.5746,http://data.europa.eu/esco/skill/f10142ce-d522-49c3-9fd1-054fb63529d4
EPN,Escuela Politécnica Nacional,Ingenieria Quimica,18,realizar experimentos químicos,skill/competence,cross-sector,0.5736,http://data.europa.eu/esco/skill/50f8b1de-747c-4967-9732-3db89c365261
EPN,Escuela Politécnica Nacional,Ingenieria Quimica,19,proporcionar experiencia técnica,skill/competence,cross-sector,0.5725,http://data.europa.eu/esco/skill/c69587b4-05d3-45bb-b79b-9b85e6603fc2
EPN,Escuela Politécnica Nacional,Ingenieria Quimica,20,realizar todas las actividades de ingeniería de procesos,skill/competence,cross-sector,0.5715,http://data.europa.eu/esco/skill/8b9d609a-6d62-4d5c-9133-01d41979cfac
EPN,Escuela Politécnica Nacional,Ingenieria Quimica,21,principios de ingeniería,knowledge,cross-sector,0.5693,http://data.europa.eu/esco/skill/209a5498-3449-4689-8ed9-bd08cab4fd78
EPN,Escuela Politécnica Nacional,Ingenieria Quimica,22,elaborar fórmulas de fabricación,skill/competence,cross-sector,0.5679,http://data.europa.eu/esco/skill/b2ad4e50-cb82-4a34-ab3e-5b5f6c4f9b65
EPN,Escuela Politécnica Nacional,Ingenieria Quimica,23,ingeniería de seguridad,knowledge,cross-sector,0.5673,http://data.europa.eu/esco/skill/47d491a9-f7c0-4b13-a10f-983d3aa0113e
EPN,Escuela Politécnica Nacional,Ingenieria Quimica,24,diferenciar los matices de color,skill/competence,cross-sector,0.5669,http://data.europa.eu/esco/skill/c1b3bd5d-7631-43af-93d4-a5f251e94570
EPN,Escuela Politécnica Nacional,Ingenieria Quimica,25,proyecto,knowledge,cross-sector,0.566,http://data.europa.eu/esco/skill/d1072655-88ce-4445-8803-e6273da273e7
EPN,Escuela Politécnica Nacional,Ingenieria En Sistemas De Informacion,1,asesorar sobre sistemas de gestión de riesgos ambientales,skill/competence,cross-sector,0.6912,http://data.europa.eu/esco/skill/a366bfc5-8d17-4792-a9f0-db0951528dda
EPN,Escuela Politécnica Nacional,Ingenieria En Sistemas De Informacion,2,ingeniería ambiental,knowledge,cross-sector,0.6804,http://data.europa.eu/esco/skill/b1b118c4-3291-484e-b64d-6d51fd5da8b3
EPN,Escuela Politécnica Nacional,Ingenieria En Sistemas De Informacion,3,gestionar el impacto medioambiental de las operaciones,skill/competence,cross-sector,0.653,http://data.europa.eu/esco/skill/d86babea-bf8b-4552-81a8-daf706066ad6
EPN,Escuela Politécnica Nacional,Ingenieria En Sistemas De Informacion,4,desarrollar estrategias de recuperación ambiental,skill/competence,cross-sector,0.65,http://data.europa.eu/esco/skill/e4ff825c-7376-4135-93cd-3892fd67b7c1
EPN,Escuela Politécnica Nacional,Ingenieria En Sistemas De Informacion,5,supervisar sistemas de gestión ambiental,skill/competence,cross-sector,0.6468,http://data.europa.eu/esco/skill/b13e0689-636d-42d0-86c3-df9d6f85a882
EPN,Escuela Politécnica Nacional,Ingenieria En Sistemas De Informacion,6,evaluar el impacto ambiental,skill/competence,cross-sector,0.6348,http://data.europa.eu/esco/skill/e541c69c-ea80-4b17-87cb-4001d0b9d303
EPN,Escuela Politécnica Nacional,Ingenieria En Sistemas De Informacion,7,adoptar vías para reducir el impacto negativo del consumo,skill/competence,transversal,0.6342,http://data.europa.eu/esco/skill/4c3ab565-747c-4db3-8c47-79e8d6f98cf4
EPN,Escuela Politécnica Nacional,Ingenieria En Sistemas De Informacion,8,asesorar sobre políticas de gestión sostenible,skill/competence,cross-sector,0.6326,http://data.europa.eu/esco/skill/6742977a-aa00-4c8c-9861-898b0373907e
EPN,Escuela Politécnica Nacional,Ingenieria En Sistemas De Informacion,9,impartir formación sobre cuestiones ambientales,skill/competence,cross-sector,0.6317,http://data.europa.eu/esco/skill/2cb27e30-2be7-4a09-9502-fdd2102c046b
EPN,Escuela Politécnica Nacional,Ingenieria En Sistemas De Informacion,10,coordinar esfuerzos ambientales,skill/competence,cross-sector,0.6302,http://data.europa.eu/esco/skill/bd70f004-e1d6-43f0-96f1-59c014a4ea01
EPN,Escuela Politécnica Nacional,Ingenieria En Sistemas De Informacion,11,asesorar sobre procedimientos de gestión de residuos,skill/competence,cross-sector,0.6298,http://data.europa.eu/esco/skill/f82b05a7-128b-4a72-a815-044ff6062f62
EPN,Escuela Politécnica Nacional,Ingenieria En Sistemas De Informacion,12,informar sobre cuestiones ambientales,skill/competence,cross-sector,0.627,http://data.europa.eu/esco/skill/f3cc52e3-a96c-4549-b841-6e41a846fa99
EPN,Escuela Politécnica Nacional,Ingenieria En Sistemas De Informacion,13,gestionar residuos,skill/competence,cross-sector,0.6219,http://data.europa.eu/esco/skill/73a9561d-112c-4d8a-9d5f-b2c11c5bbd5f
EPN,Escuela Politécnica Nacional,Ingenieria En Sistemas De Informacion,14,"aplicar conocimientos científicos, tecnológicos y de ingeniería",skill/competence,transversal,0.6219,http://data.europa.eu/esco/skill/5c3ab99d-a3f1-4620-9602-d12d2151a03d
EPN,Escuela Politécnica Nacional,Ingenieria En Sistemas De Informacion,15,crear soluciones para problemas,skill/competence,cross-sector,0.6198,http://data.europa.eu/esco/skill/03b9b491-fc9b-4868-914a-bf7cd47b5041
EPN,Escuela Politécnica Nacional,Ingenieria En Sistemas De Informacion,16,tecnologías sostenibles,knowledge,cross-sector,0.6198,http://data.europa.eu/esco/skill/103f7814-d262-4df6-a1b6-759bc51f76cb
EPN,Escuela Politécnica Nacional,Ingenieria En Sistemas De Informacion,17,aplicar medidas de protección del medioambiente,skill/competence,cross-sector,0.6149,http://data.europa.eu/esco/skill/f6d7ba88-5234-4994-944d-843ca453c923
EPN,Escuela Politécnica Nacional,Ingenieria En Sistemas De Informacion,18,analizar datos de carácter ecológico,skill/competence,cross-sector,0.6146,http://data.europa.eu/esco/skill/5354a726-ee64-4f34-90f8-8436f9f374b8
EPN,Escuela Politécnica Nacional,Ingenieria En Sistemas De Informacion,19,gestionar impacto ambiental,skill/competence,cross-sector,0.6136,http://data.europa.eu/esco/skill/d3a8ef9c-8572-438c-91dc-010537070be3
EPN,Escuela Politécnica Nacional,Ingenieria En Sistemas De Informacion,20,realizar auditorías ambientales,skill/competence,cross-sector,0.6132,http://data.europa.eu/esco/skill/60ab2bf7-c812-4a88-86c0-7c81a9b2f77c
EPN,Escuela Politécnica Nacional,Ingenieria En Sistemas De Informacion,21,desarrollar normas de información,skill/competence,cross-sector,0.613,http://data.europa.eu/esco/skill/1b3fc0e0-c6f9-45fc-9c6e-14bbba662979
EPN,Escuela Politécnica Nacional,Ingenieria En Sistemas De Informacion,22,garantizar el cumplimiento de la legislación ambiental,skill/competence,cross-sector,0.6121,http://data.europa.eu/esco/skill/089ee650-297e-4716-87d1-440743b70a0d
EPN,Escuela Politécnica Nacional,Ingenieria En Sistemas De Informacion,23,tecnologías eficientes en el uso de los recursos,knowledge,cross-sector,0.6113,http://data.europa.eu/esco/skill/d1f73ae9-d348-4aac-b5d5-9b6d508401d3
EPN,Escuela Politécnica Nacional,Ingenieria En Sistemas De Informacion,24,asesorar sobre recuperación ambiental,skill/competence,cross-sector,0.6099,http://data.europa.eu/esco/skill/b422efe7-b151-4120-86ae-db11a48dd0fa
EPN,Escuela Politécnica Nacional,Ingenieria En Sistemas De Informacion,25,tener competencias informáticas,skill/competence,cross-sector,0.6098,http://data.europa.eu/esco/skill/d15ce60f-ddab-41ce-ba56-398451b77b60
EPN,Escuela Politécnica Nacional,Ingenieria En Software,1,demostrar conocimientos especializados sobre una disciplina,skill/competence,cross-sector,0.6296,http://data.europa.eu/esco/skill/4134622c-c3fb-4a41-beb6-6d58ba5107db
EPN,Escuela Politécnica Nacional,Ingenieria En Software,2,detectar necesidades tecnológicas,skill/competence,cross-sector,0.6251,http://data.europa.eu/esco/skill/42fcf80d-7b45-40f3-bd2f-5411c4c0dfa0
EPN,Escuela Politécnica Nacional,Ingenieria En Software,3,aplicar métodos de producción avanzados,skill/competence,cross-sector,0.6227,http://data.europa.eu/esco/skill/4f0e579d-ca7b-427c-ace6-9e2de3eb19c7
EPN,Escuela Politécnica Nacional,Ingenieria En Software,4,crear soluciones para problemas,skill/competence,cross-sector,0.6205,http://data.europa.eu/esco/skill/03b9b491-fc9b-4868-914a-bf7cd47b5041
EPN,Escuela Politécnica Nacional,Ingenieria En Software,5,gestionar un equipo,skill/competence,cross-sector,0.6199,http://data.europa.eu/esco/skill/cb668e89-6ef5-4ff3-ab4a-506010e7e70b
EPN,Escuela Politécnica Nacional,Ingenieria En Software,6,crear soluciones para problemas informativos,skill/competence,cross-sector,0.6183,http://data.europa.eu/esco/skill/4539aeca-b56f-4d03-ba86-8f675a7f2536
EPN,Escuela Politécnica Nacional,Ingenieria En Software,7,detectar y corregir errores de las tecnologías de la información y de las comunicaciones,skill/competence,cross-sector,0.6177,http://data.europa.eu/esco/skill/744442ac-c157-4350-8be0-ce454df4f5c5
EPN,Escuela Politécnica Nacional,Ingenieria En Software,8,desarrollar procedimientos de prueba,skill/competence,cross-sector,0.6164,http://data.europa.eu/esco/skill/f10142ce-d522-49c3-9fd1-054fb63529d4
EPN,Escuela Politécnica Nacional,Ingenieria En Software,9,proponer estrategias de mejora,skill/competence,cross-sector,0.6162,http://data.europa.eu/esco/skill/d4cc5022-7801-4885-bcff-166552788d35
EPN,Escuela Politécnica Nacional,Ingenieria En Software,10,promover el desarrollo del personal,skill/competence,cross-sector,0.6128,http://data.europa.eu/esco/skill/714eebcb-569a-4f1b-b592-28f70b59a9ba
EPN,Escuela Politécnica Nacional,Ingenieria En Software,11,elaborar software estadístico,skill/competence,cross-sector,0.6123,http://data.europa.eu/esco/skill/bb165899-d95f-4433-95f2-173fefd716d2
EPN,Escuela Politécnica Nacional,Ingenieria En Software,12,realizar investigación estratégica,skill/competence,cross-sector,0.6115,http://data.europa.eu/esco/skill/0aa02c52-077d-45f8-8c2d-7132c11ac16e
EPN,Escuela Politécnica Nacional,Ingenieria En Software,13,tener competencias informáticas,skill/competence,cross-sector,0.6083,http://data.europa.eu/esco/skill/d15ce60f-ddab-41ce-ba56-398451b77b60
EPN,Escuela Politécnica Nacional,Ingenieria En Software,14,crear un ambiente de trabajo de mejora continua,skill/competence,cross-sector,0.6051,http://data.europa.eu/esco/skill/9d59f4e5-20a5-428e-b8b3-645043500457
EPN,Escuela Politécnica Nacional,Ingenieria En Software,15,garantizar que el producto final cumpla con las exigencias,skill/competence,cross-sector,0.6047,http://data.europa.eu/esco/skill/68269b0a-35c5-4867-bc17-a0b0230fe60c
EPN,Escuela Politécnica Nacional,Ingenieria En Software,16,tomar decisiones basadas en datos,skill/competence,cross-sector,0.6039,http://data.europa.eu/esco/skill/be20d05c-f6b4-4580-9fcf-f00f4baab562
EPN,Escuela Politécnica Nacional,Ingenieria En Software,17,programar la producción,skill/competence,cross-sector,0.6029,http://data.europa.eu/esco/skill/2a778aeb-f246-4f03-9a96-c60183001037
EPN,Escuela Politécnica Nacional,Ingenieria En Software,18,identificar requisitos del cliente,skill/competence,cross-sector,0.6022,http://data.europa.eu/esco/skill/0e0c9c11-b39e-43cf-ba95-2fe646f5de64
EPN,Escuela Politécnica Nacional,Ingenieria En Software,19,utilizar software de diseño especializado,skill/competence,cross-sector,0.6002,http://data.europa.eu/esco/skill/3c1af34b-4562-4c39-a30e-0812b84a147e
EPN,Escuela Politécnica Nacional,Ingenieria En Software,20,evaluar los programas de estudio,skill/competence,cross-sector,0.5985,http://data.europa.eu/esco/skill/3b660a83-91c3-4c9d-8f82-2d306777a42f
EPN,Escuela Politécnica Nacional,Ingenieria En Software,21,utilizar las tecnologías digitales con creatividad,skill/competence,cross-sector,0.598,http://data.europa.eu/esco/skill/1a4cc54f-1e53-442b-a6d2-1682dc8ef8f9
EPN,Escuela Politécnica Nacional,Ingenieria En Software,22,innovar las prácticas actuales,skill/competence,cross-sector,0.5977,http://data.europa.eu/esco/skill/f975091a-e5a5-4472-ac17-11680e53e98f
EPN,Escuela Politécnica Nacional,Ingenieria En Software,23,gestionar la calidad,skill/competence,transversal,0.5974,http://data.europa.eu/esco/skill/35ebe444-9ece-4fbc-a55d-e99ea37267ae
EPN,Escuela Politécnica Nacional,Ingenieria En Software,24,evaluar la viabilidad de la implementación de desarrollos,skill/competence,cross-sector,0.5967,http://data.europa.eu/esco/skill/21056f6a-8a85-4eb0-b709-468578b809e0
EPN,Escuela Politécnica Nacional,Ingenieria En Software,25,realizar una evaluación de la incidencia de los procesos de las TIC en las empresas,skill/competence,cross-sector,0.5947,http://data.europa.eu/esco/skill/17c9a790-5664-4673-8237-c4cf3c5a8da5
EPN,Escuela Politécnica Nacional,Ingenieria En Telecomunicacion De La Informacion,1,desarrollar normas de información,skill/competence,cross-sector,0.6694,http://data.europa.eu/esco/skill/1b3fc0e0-c6f9-45fc-9c6e-14bbba662979
EPN,Escuela Politécnica Nacional,Ingenieria En Telecomunicacion De La Informacion,2,detectar necesidades tecnológicas,skill/competence,cross-sector,0.6622,http://data.europa.eu/esco/skill/42fcf80d-7b45-40f3-bd2f-5411c4c0dfa0
EPN,Escuela Politécnica Nacional,Ingenieria En Telecomunicacion De La Informacion,3,crear soluciones para problemas,skill/competence,cross-sector,0.658,http://data.europa.eu/esco/skill/03b9b491-fc9b-4868-914a-bf7cd47b5041
EPN,Escuela Politécnica Nacional,Ingenieria En Telecomunicacion De La Informacion,4,detectar y corregir errores de las tecnologías de la información y de las comunicaciones,skill/competence,cross-sector,0.6531,http://data.europa.eu/esco/skill/744442ac-c157-4350-8be0-ce454df4f5c5
EPN,Escuela Politécnica Nacional,Ingenieria En Telecomunicacion De La Informacion,5,gestionar un equipo,skill/competence,cross-sector,0.651,http://data.europa.eu/esco/skill/cb668e89-6ef5-4ff3-ab4a-506010e7e70b
EPN,Escuela Politécnica Nacional,Ingenieria En Telecomunicacion De La Informacion,6,crear soluciones para problemas informativos,skill/competence,cross-sector,0.6467,http://data.europa.eu/esco/skill/4539aeca-b56f-4d03-ba86-8f675a7f2536
EPN,Escuela Politécnica Nacional,Ingenieria En Telecomunicacion De La Informacion,7,tener competencias informáticas,skill/competence,cross-sector,0.6459,http://data.europa.eu/esco/skill/d15ce60f-ddab-41ce-ba56-398451b77b60
EPN,Escuela Politécnica Nacional,Ingenieria En Telecomunicacion De La Informacion,8,gestionar publicaciones abiertas,skill/competence,cross-sector,0.6421,http://data.europa.eu/esco/skill/da930e2f-6047-4616-a598-bba8ecef3039
EPN,Escuela Politécnica Nacional,Ingenieria En Telecomunicacion De La Informacion,9,demostrar conocimientos especializados sobre una disciplina,skill/competence,cross-sector,0.6421,http://data.europa.eu/esco/skill/4134622c-c3fb-4a41-beb6-6d58ba5107db
EPN,Escuela Politécnica Nacional,Ingenieria En Telecomunicacion De La Informacion,10,identificar oportunidades de reestructuración,skill/competence,cross-sector,0.6413,http://data.europa.eu/esco/skill/553ad092-b799-44c9-a94c-65a84fdc7526
EPN,Escuela Politécnica Nacional,Ingenieria En Telecomunicacion De La Informacion,11,aplicar técnicas organizativas,skill/competence,cross-sector,0.6389,http://data.europa.eu/esco/skill/d3eccb86-f02d-4950-bfbd-20b9510774a1
EPN,Escuela Politécnica Nacional,Ingenieria En Telecomunicacion De La Informacion,12,resolver problemas de sistemas TIC,skill/competence,cross-sector,0.6379,http://data.europa.eu/esco/skill/9e06bac6-6b91-48ca-8b7d-c1f48cdecd7c
EPN,Escuela Politécnica Nacional,Ingenieria En Telecomunicacion De La Informacion,13,identificar requisitos del cliente,skill/competence,cross-sector,0.6377,http://data.europa.eu/esco/skill/0e0c9c11-b39e-43cf-ba95-2fe646f5de64
EPN,Escuela Politécnica Nacional,Ingenieria En Telecomunicacion De La Informacion,14,recopilar información técnica,skill/competence,cross-sector,0.636,http://data.europa.eu/esco/skill/0b8da079-f587-403f-a6ad-cd18b8150044
EPN,Escuela Politécnica Nacional,Ingenieria En Telecomunicacion De La Informacion,15,utilizar las tecnologías digitales con creatividad,skill/competence,cross-sector,0.6332,http://data.europa.eu/esco/skill/1a4cc54f-1e53-442b-a6d2-1682dc8ef8f9
EPN,Escuela Politécnica Nacional,Ingenieria En Telecomunicacion De La Informacion,16,crear una red profesional con investigadores y científicos,skill/competence,cross-sector,0.6319,http://data.europa.eu/esco/skill/cc61f9e5-d4fc-470e-8606-1ce865ff8386
EPN,Escuela Politécnica Nacional,Ingenieria En Telecomunicacion De La Informacion,17,realizar una evaluación de la incidencia de los procesos de las TIC en las empresas,skill/competence,cross-sector,0.6303,http://data.europa.eu/esco/skill/17c9a790-5664-4673-8237-c4cf3c5a8da5
EPN,Escuela Politécnica Nacional,Ingenieria En Telecomunicacion De La Informacion,18,resolver problemas técnicos,skill/competence,cross-sector,0.6296,http://data.europa.eu/esco/skill/14832d87-2f2f-4895-b290-e4760ebae42a
EPN,Escuela Politécnica Nacional,Ingenieria En Telecomunicacion De La Informacion,19,asesorar sobre sistemas de gestión de riesgos ambientales,skill/competence,cross-sector,0.6273,http://data.europa.eu/esco/skill/a366bfc5-8d17-4792-a9f0-db0951528dda
EPN,Escuela Politécnica Nacional,Ingenieria En Telecomunicacion De La Informacion,20,preparar informes sobre asuntos relacionados con el trabajo,skill/competence,cross-sector,0.6271,http://data.europa.eu/esco/skill/918f5211-b99f-4b29-9a34-6e475583ef55
EPN,Escuela Politécnica Nacional,Ingenieria En Telecomunicacion De La Informacion,21,tomar decisiones basadas en datos,skill/competence,cross-sector,0.6269,http://data.europa.eu/esco/skill/be20d05c-f6b4-4580-9fcf-f00f4baab562
EPN,Escuela Politécnica Nacional,Ingenieria En Telecomunicacion De La Informacion,22,gestionar conocimientos para repercutir en las políticas,skill/competence,cross-sector,0.6225,http://data.europa.eu/esco/skill/4d39b27a-b34f-4c89-8d46-df844d42f728
EPN,Escuela Politécnica Nacional,Ingenieria En Telecomunicacion De La Informacion,23,"organizar información, objetos y recursos",skill/competence,transversal,0.6218,http://data.europa.eu/esco/skill/6b305973-8993-475f-bd8a-daf037c61401
EPN,Escuela Politécnica Nacional,Ingenieria En Telecomunicacion De La Informacion,24,aplicar políticas organizativas del sistema,skill/competence,cross-sector,0.62,http://data.europa.eu/esco/skill/07e47d58-dd0e-4302-9e68-70a188e89065
EPN,Escuela Politécnica Nacional,Ingenieria En Telecomunicacion De La Informacion,25,tener conciencia de los riesgos sanitarios,skill/competence,transversal,0.6195,http://data.europa.eu/esco/skill/c4180af3-befd-4bd8-9a65-6a496f9d9f15
EPN,Escuela Politécnica Nacional,Ingenieria En Telecomunicaciones,1,desarrollar normas de información,skill/competence,cross-sector,0.6701,http://data.europa.eu/esco/skill/1b3fc0e0-c6f9-45fc-9c6e-14bbba662979
EPN,Escuela Politécnica Nacional,Ingenieria En Telecomunicaciones,2,detectar necesidades tecnológicas,skill/competence,cross-sector,0.657,http://data.europa.eu/esco/skill/42fcf80d-7b45-40f3-bd2f-5411c4c0dfa0
EPN,Escuela Politécnica Nacional,Ingenieria En Telecomunicaciones,3,crear soluciones para problemas informativos,skill/competence,cross-sector,0.6534,http://data.europa.eu/esco/skill/4539aeca-b56f-4d03-ba86-8f675a7f2536
EPN,Escuela Politécnica Nacional,Ingenieria En Telecomunicaciones,4,crear soluciones para problemas,skill/competence,cross-sector,0.6471,http://data.europa.eu/esco/skill/03b9b491-fc9b-4868-914a-bf7cd47b5041
EPN,Escuela Politécnica Nacional,Ingenieria En Telecomunicaciones,5,detectar y corregir errores de las tecnologías de la información y de las comunicaciones,skill/competence,cross-sector,0.6468,http://data.europa.eu/esco/skill/744442ac-c157-4350-8be0-ce454df4f5c5
EPN,Escuela Politécnica Nacional,Ingenieria En Telecomunicaciones,6,tener competencias informáticas,skill/competence,cross-sector,0.6421,http://data.europa.eu/esco/skill/d15ce60f-ddab-41ce-ba56-398451b77b60
EPN,Escuela Politécnica Nacional,Ingenieria En Telecomunicaciones,7,tomar decisiones basadas en datos,skill/competence,cross-sector,0.6395,http://data.europa.eu/esco/skill/be20d05c-f6b4-4580-9fcf-f00f4baab562
EPN,Escuela Politécnica Nacional,Ingenieria En Telecomunicaciones,8,identificar requisitos del cliente,skill/competence,cross-sector,0.6392,http://data.europa.eu/esco/skill/0e0c9c11-b39e-43cf-ba95-2fe646f5de64
EPN,Escuela Politécnica Nacional,Ingenieria En Telecomunicaciones,9,recopilar información técnica,skill/competence,cross-sector,0.6332,http://data.europa.eu/esco/skill/0b8da079-f587-403f-a6ad-cd18b8150044
EPN,Escuela Politécnica Nacional,Ingenieria En Telecomunicaciones,10,gestionar conocimientos para repercutir en las políticas,skill/competence,cross-sector,0.6321,http://data.europa.eu/esco/skill/4d39b27a-b34f-4c89-8d46-df844d42f728
EPN,Escuela Politécnica Nacional,Ingenieria En Telecomunicaciones,11,utilizar las tecnologías digitales con creatividad,skill/competence,cross-sector,0.6319,http://data.europa.eu/esco/skill/1a4cc54f-1e53-442b-a6d2-1682dc8ef8f9
EPN,Escuela Politécnica Nacional,Ingenieria En Telecomunicaciones,12,resolver problemas de sistemas TIC,skill/competence,cross-sector,0.6312,http://data.europa.eu/esco/skill/9e06bac6-6b91-48ca-8b7d-c1f48cdecd7c
EPN,Escuela Politécnica Nacional,Ingenieria En Telecomunicaciones,13,gestionar un equipo,skill/competence,cross-sector,0.6303,http://data.europa.eu/esco/skill/cb668e89-6ef5-4ff3-ab4a-506010e7e70b
EPN,Escuela Politécnica Nacional,Ingenieria En Telecomunicaciones,14,gestionar publicaciones abiertas,skill/competence,cross-sector,0.6291,http://data.europa.eu/esco/skill/da930e2f-6047-4616-a598-bba8ecef3039
EPN,Escuela Politécnica Nacional,Ingenieria En Telecomunicaciones,15,desarrollar un plan de estudios de aprendizaje,skill/competence,cross-sector,0.629,http://data.europa.eu/esco/skill/7ee872de-db39-4ae3-8e19-75d1a2cdf697
EPN,Escuela Politécnica Nacional,Ingenieria En Telecomunicaciones,16,aplicar técnicas organizativas,skill/competence,cross-sector,0.6261,http://data.europa.eu/esco/skill/d3eccb86-f02d-4950-bfbd-20b9510774a1
EPN,Escuela Politécnica Nacional,Ingenieria En Telecomunicaciones,17,evaluar la formación,skill/competence,cross-sector,0.6255,http://data.europa.eu/esco/skill/728ad40d-4a79-4b4d-b77b-a48d094d73fa
EPN,Escuela Politécnica Nacional,Ingenieria En Telecomunicaciones,18,demostrar conocimientos especializados sobre una disciplina,skill/competence,cross-sector,0.6252,http://data.europa.eu/esco/skill/4134622c-c3fb-4a41-beb6-6d58ba5107db
EPN,Escuela Politécnica Nacional,Ingenieria En Telecomunicaciones,19,identificar oportunidades de reestructuración,skill/competence,cross-sector,0.6251,http://data.europa.eu/esco/skill/553ad092-b799-44c9-a94c-65a84fdc7526
EPN,Escuela Politécnica Nacional,Ingenieria En Telecomunicaciones,20,asesorar sobre mejoras de seguridad,skill/competence,cross-sector,0.6246,http://data.europa.eu/esco/skill/37838e04-ac5f-43a5-82d0-35f42351fd60
EPN,Escuela Politécnica Nacional,Ingenieria En Telecomunicaciones,21,formar a empleados,skill/competence,cross-sector,0.6231,http://data.europa.eu/esco/skill/0cc9c234-f817-4f4c-908a-4d28fe3b0f4a
EPN,Escuela Politécnica Nacional,Ingenieria En Telecomunicaciones,22,preparar informes sobre asuntos relacionados con el trabajo,skill/competence,cross-sector,0.6219,http://data.europa.eu/esco/skill/918f5211-b99f-4b29-9a34-6e475583ef55
EPN,Escuela Politécnica Nacional,Ingenieria En Telecomunicaciones,23,desarrollar un plan de formación en línea,skill/competence,cross-sector,0.6191,http://data.europa.eu/esco/skill/8a6394d1-f44f-4b0d-81d5-7201fc025ba8
EPN,Escuela Politécnica Nacional,Ingenieria En Telecomunicaciones,24,utilizar estrategias de aprendizaje,skill/competence,cross-sector,0.619,http://data.europa.eu/esco/skill/a44c0ed6-68b1-457a-9c6d-ea8487bdfeb2
EPN,Escuela Politécnica Nacional,Ingenieria En Telecomunicaciones,25,resolver problemas técnicos,skill/competence,cross-sector,0.6166,http://data.europa.eu/esco/skill/14832d87-2f2f-4895-b290-e4760ebae42a
EPN,Escuela Politécnica Nacional,Ingenieria Civil,1,ingeniería civil,knowledge,cross-sector,0.672,http://data.europa.eu/esco/skill/82887396-e5bf-4306-af51-3fe8d82790b2
EPN,Escuela Politécnica Nacional,Ingenieria Civil,2,desarrollar estrategias de rehabilitación tras inundaciones,skill/competence,cross-sector,0.6494,http://data.europa.eu/esco/skill/6b5d032a-b85a-44ea-9dad-5201048d2dd2
EPN,Escuela Politécnica Nacional,Ingenieria Civil,3,ingeniería ambiental,knowledge,cross-sector,0.6473,http://data.europa.eu/esco/skill/b1b118c4-3291-484e-b64d-6d51fd5da8b3
EPN,Escuela Politécnica Nacional,Ingenieria Civil,4,integrar los principios de la ingeniería en el diseño arquitectónico,skill/competence,cross-sector,0.6331,http://data.europa.eu/esco/skill/ee239d14-bfc8-4939-91ff-824b5814ff67
EPN,Escuela Politécnica Nacional,Ingenieria Civil,5,coordinar equipos de ingeniería,skill/competence,cross-sector,0.6253,http://data.europa.eu/esco/skill/7af6e9e8-1e11-4c0b-b7c6-ac96bbbbc674
EPN,Escuela Politécnica Nacional,Ingenieria Civil,6,principios de ingeniería,knowledge,cross-sector,0.6249,http://data.europa.eu/esco/skill/209a5498-3449-4689-8ed9-bd08cab4fd78
EPN,Escuela Politécnica Nacional,Ingenieria Civil,7,examinar las infraestructuras civiles,skill/competence,cross-sector,0.624,http://data.europa.eu/esco/skill/d48b3cfe-80b6-406f-b582-d959b60417f8
EPN,Escuela Politécnica Nacional,Ingenieria Civil,8,gestionar proyectos de ingeniería,skill/competence,cross-sector,0.6185,http://data.europa.eu/esco/skill/6a899482-8bcf-40ca-ae67-579a1cc467ab
EPN,Escuela Politécnica Nacional,Ingenieria Civil,9,proporcionar experiencia técnica,skill/competence,cross-sector,0.615,http://data.europa.eu/esco/skill/c69587b4-05d3-45bb-b79b-9b85e6603fc2
EPN,Escuela Politécnica Nacional,Ingenieria Civil,10,"aplicar conocimientos científicos, tecnológicos y de ingeniería",skill/competence,transversal,0.6124,http://data.europa.eu/esco/skill/5c3ab99d-a3f1-4620-9602-d12d2151a03d
EPN,Escuela Politécnica Nacional,Ingenieria Civil,11,desarrollar estrategias de recuperación ambiental,skill/competence,cross-sector,0.6121,http://data.europa.eu/esco/skill/e4ff825c-7376-4135-93cd-3892fd67b7c1
EPN,Escuela Politécnica Nacional,Ingenieria Civil,12,examinar principios de ingeniería,skill/competence,cross-sector,0.6098,http://data.europa.eu/esco/skill/8bc1c7da-c832-4896-a441-30d087c46aad
EPN,Escuela Politécnica Nacional,Ingenieria Civil,13,ingeniería del transporte,knowledge,cross-sector,0.608,http://data.europa.eu/esco/skill/ec410a76-f890-4012-8863-b82f2c75527c
EPN,Escuela Politécnica Nacional,Ingenieria Civil,14,ingeniería del tráfico,knowledge,cross-sector,0.6078,http://data.europa.eu/esco/skill/dda26251-7331-41fd-871f-1106ca468189
EPN,Escuela Politécnica Nacional,Ingenieria Civil,15,asesorar sobre temas de construcción,skill/competence,cross-sector,0.6077,http://data.europa.eu/esco/skill/3b64ab47-a874-403a-b781-7b23c2fc3c6c
EPN,Escuela Politécnica Nacional,Ingenieria Civil,16,realizar auditorías energéticas de instalaciones,skill/competence,cross-sector,0.6017,http://data.europa.eu/esco/skill/09473fea-69ea-40dc-9ff4-bbaaff10840e
EPN,Escuela Politécnica Nacional,Ingenieria Civil,17,crear soluciones para problemas,skill/competence,cross-sector,0.6002,http://data.europa.eu/esco/skill/03b9b491-fc9b-4868-914a-bf7cd47b5041
EPN,Escuela Politécnica Nacional,Ingenieria Civil,18,aplicar capacidades de comunicación técnica,skill/competence,cross-sector,0.5987,http://data.europa.eu/esco/skill/c32ad607-0c4d-4e34-b73f-668298f7bf13
EPN,Escuela Politécnica Nacional,Ingenieria Civil,19,desarrollar métodos de purificación de agua,skill/competence,cross-sector,0.5982,http://data.europa.eu/esco/skill/6af000e5-a451-4f78-9feb-723971f2ad05
EPN,Escuela Politécnica Nacional,Ingenieria Civil,20,ingeniería de seguridad,knowledge,cross-sector,0.5974,http://data.europa.eu/esco/skill/47d491a9-f7c0-4b13-a10f-983d3aa0113e
EPN,Escuela Politécnica Nacional,Ingenieria Civil,21,asesorar sobre soluciones sostenibles,skill/competence,cross-sector,0.5965,http://data.europa.eu/esco/skill/dbef5042-4b99-4e6f-b2ed-1d33b07b3ed6
EPN,Escuela Politécnica Nacional,Ingenieria Civil,22,sensibilizar sobre el medioambiente,skill/competence,cross-sector,0.5924,http://data.europa.eu/esco/skill/8abdc43c-2bfd-417c-97c2-27fcdaf53171
EPN,Escuela Politécnica Nacional,Ingenieria Civil,23,seguir las prioridades de gestión de la integridad de la línea de tuberías,skill/competence,cross-sector,0.5907,http://data.europa.eu/esco/skill/eb6b7a26-69ab-43f5-9ab4-d09f8904f8e0
EPN,Escuela Politécnica Nacional,Ingenieria Civil,24,resolver problemas de sistemas TIC,skill/competence,cross-sector,0.5901,http://data.europa.eu/esco/skill/9e06bac6-6b91-48ca-8b7d-c1f48cdecd7c
EPN,Escuela Politécnica Nacional,Ingenieria Civil,25,crear soluciones para problemas informativos,skill/competence,cross-sector,0.5898,http://data.europa.eu/esco/skill/4539aeca-b56f-4d03-ba86-8f675a7f2536
EPN,Escuela Politécnica Nacional,Seguridad De Redes De Informacion,1,detectar y corregir errores de las tecnologías de la información y de las comunicaciones,skill/competence,cross-sector,0.6369,http://data.europa.eu/esco/skill/744442ac-c157-4350-8be0-ce454df4f5c5
EPN,Escuela Politécnica Nacional,Seguridad De Redes De Informacion,2,tener competencias informáticas,skill/competence,cross-sector,0.6336,http://data.europa.eu/esco/skill/d15ce60f-ddab-41ce-ba56-398451b77b60
EPN,Escuela Politécnica Nacional,Seguridad De Redes De Informacion,3,proteger dispositivos de Tic,skill/competence,cross-sector,0.6292,http://data.europa.eu/esco/skill/df329d70-87b0-466b-a214-3431f36e2a5e
EPN,Escuela Politécnica Nacional,Seguridad De Redes De Informacion,4,ingeniería de seguridad,knowledge,cross-sector,0.6291,http://data.europa.eu/esco/skill/47d491a9-f7c0-4b13-a10f-983d3aa0113e
EPN,Escuela Politécnica Nacional,Seguridad De Redes De Informacion,5,evaluación de los riesgos y las amenazas,knowledge,cross-sector,0.629,http://data.europa.eu/esco/skill/7f27f1ff-2e17-4b69-990e-c23334478313
EPN,Escuela Politécnica Nacional,Seguridad De Redes De Informacion,6,resolver problemas de sistemas TIC,skill/competence,cross-sector,0.6256,http://data.europa.eu/esco/skill/9e06bac6-6b91-48ca-8b7d-c1f48cdecd7c
EPN,Escuela Politécnica Nacional,Seguridad De Redes De Informacion,7,ingeniería de protección,knowledge,cross-sector,0.6234,http://data.europa.eu/esco/skill/6f1edc19-191f-4ba5-a048-ee69aff05bab
EPN,Escuela Politécnica Nacional,Seguridad De Redes De Informacion,8,preparar informes sobre asuntos relacionados con el trabajo,skill/competence,cross-sector,0.618,http://data.europa.eu/esco/skill/918f5211-b99f-4b29-9a34-6e475583ef55
EPN,Escuela Politécnica Nacional,Seguridad De Redes De Informacion,9,desarrollar normas de información,skill/competence,cross-sector,0.6179,http://data.europa.eu/esco/skill/1b3fc0e0-c6f9-45fc-9c6e-14bbba662979
EPN,Escuela Politécnica Nacional,Seguridad De Redes De Informacion,10,gestionar publicaciones abiertas,skill/competence,cross-sector,0.6136,http://data.europa.eu/esco/skill/da930e2f-6047-4616-a598-bba8ecef3039
EPN,Escuela Politécnica Nacional,Seguridad De Redes De Informacion,11,asesorar sobre mejoras de seguridad,skill/competence,cross-sector,0.6118,http://data.europa.eu/esco/skill/37838e04-ac5f-43a5-82d0-35f42351fd60
EPN,Escuela Politécnica Nacional,Seguridad De Redes De Informacion,12,tener conciencia de los riesgos sanitarios,skill/competence,transversal,0.6098,http://data.europa.eu/esco/skill/c4180af3-befd-4bd8-9a65-6a496f9d9f15
EPN,Escuela Politécnica Nacional,Seguridad De Redes De Informacion,13,informar de posibles riesgos en los equipos,skill/competence,cross-sector,0.6088,http://data.europa.eu/esco/skill/34a80161-73fd-4a45-b135-ead89d4f37ee
EPN,Escuela Politécnica Nacional,Seguridad De Redes De Informacion,14,trabajar atendiendo a la propia seguridad,skill/competence,cross-sector,0.6086,http://data.europa.eu/esco/skill/b73035a9-bf06-412c-9796-db579f85995c
EPN,Escuela Politécnica Nacional,Seguridad De Redes De Informacion,15,proteger la salud y el bienestar mediante tecnologías digitales,skill/competence,cross-sector,0.6063,http://data.europa.eu/esco/skill/d1ed5b3a-cab5-4c5d-baf8-0214998b58fb
EPN,Escuela Politécnica Nacional,Seguridad De Redes De Informacion,16,mantener el hardware de la red de información,skill/competence,cross-sector,0.6062,http://data.europa.eu/esco/skill/19c0e68e-6e6c-4698-85dc-ef66a9de2c37
EPN,Escuela Politécnica Nacional,Seguridad De Redes De Informacion,17,garantizar el cumplimiento de la legislación en materia de seguridad,skill/competence,cross-sector,0.6059,http://data.europa.eu/esco/skill/233be639-bdb5-4099-ab40-96d537d6c1f3
EPN,Escuela Politécnica Nacional,Seguridad De Redes De Informacion,18,evaluar la información y sus fuentes de una manera crítica,skill/competence,transversal,0.6046,http://data.europa.eu/esco/skill/db33c0f3-43ee-4ba3-ba47-9269ac837697
EPN,Escuela Politécnica Nacional,Seguridad De Redes De Informacion,19,elaborar una evaluación de riesgos,skill/competence,cross-sector,0.6037,http://data.europa.eu/esco/skill/594bd121-9614-4e87-9ecf-6ccb95507efe
EPN,Escuela Politécnica Nacional,Seguridad De Redes De Informacion,20,ingeniería de telecomunicaciones,knowledge,cross-sector,0.6019,http://data.europa.eu/esco/skill/14764a75-3104-4875-ba1d-57c059b9b013
EPN,Escuela Politécnica Nacional,Seguridad De Redes De Informacion,21,demostrar conocimientos especializados sobre una disciplina,skill/competence,cross-sector,0.6018,http://data.europa.eu/esco/skill/4134622c-c3fb-4a41-beb6-6d58ba5107db
EPN,Escuela Politécnica Nacional,Seguridad De Redes De Informacion,22,identificar riesgos para la seguridad en el aeropuerto,skill/competence,cross-sector,0.6018,http://data.europa.eu/esco/skill/94c24e4a-cc9a-4a49-b623-bc00bb5aa1a3
EPN,Escuela Politécnica Nacional,Seguridad De Redes De Informacion,23,crear soluciones para problemas informativos,skill/competence,cross-sector,0.6009,http://data.europa.eu/esco/skill/4539aeca-b56f-4d03-ba86-8f675a7f2536
EPN,Escuela Politécnica Nacional,Seguridad De Redes De Informacion,24,garantizar el cumplimiento de las políticas,skill/competence,cross-sector,0.6006,http://data.europa.eu/esco/skill/bda0d115-f315-453e-99dc-f8b0e5862db3
EPN,Escuela Politécnica Nacional,Seguridad De Redes De Informacion,25,garantizar la seguridad de la información,skill/competence,cross-sector,0.5995,http://data.europa.eu/esco/skill/6833e58b-eceb-4599-9375-1b7e6ec64087
ESPOL,Escuela Superior Politécnica del Litoral,COMPUTACIÓN,1,tener competencias informáticas,skill/competence,cross-sector,0.715,http://data.europa.eu/esco/skill/d15ce60f-ddab-41ce-ba56-398451b77b60
ESPOL,Escuela Superior Politécnica del Litoral,COMPUTACIÓN,2,crear soluciones para problemas,skill/competence,cross-sector,0.7073,http://data.europa.eu/esco/skill/03b9b491-fc9b-4868-914a-bf7cd47b5041
ESPOL,Escuela Superior Politécnica del Litoral,COMPUTACIÓN,3,resolver problemas,skill/competence,transversal,0.7024,http://data.europa.eu/esco/skill/adc6dc11-3376-467b-96c5-9b0a21edc869
ESPOL,Escuela Superior Politécnica del Litoral,COMPUTACIÓN,4,crear soluciones para problemas informativos,skill/competence,cross-sector,0.7011,http://data.europa.eu/esco/skill/4539aeca-b56f-4d03-ba86-8f675a7f2536
ESPOL,Escuela Superior Politécnica del Litoral,COMPUTACIÓN,5,resolver problemas técnicos,skill/competence,cross-sector,0.6973,http://data.europa.eu/esco/skill/14832d87-2f2f-4895-b290-e4760ebae42a
ESPOL,Escuela Superior Politécnica del Litoral,COMPUTACIÓN,6,proyecto,knowledge,cross-sector,0.6962,http://data.europa.eu/esco/skill/d1072655-88ce-4445-8803-e6273da273e7
ESPOL,Escuela Superior Politécnica del Litoral,COMPUTACIÓN,7,resolver problemas de sistemas TIC,skill/competence,cross-sector,0.6882,http://data.europa.eu/esco/skill/9e06bac6-6b91-48ca-8b7d-c1f48cdecd7c
ESPOL,Escuela Superior Politécnica del Litoral,COMPUTACIÓN,8,Proponer soluciones tecnológicas a problemas empresariales,skill/competence,cross-sector,0.6881,http://data.europa.eu/esco/skill/07e51c60-763a-4335-b4ec-70a15f66d328
ESPOL,Escuela Superior Politécnica del Litoral,COMPUTACIÓN,9,utilizar las tecnologías digitales con creatividad,skill/competence,cross-sector,0.6832,http://data.europa.eu/esco/skill/1a4cc54f-1e53-442b-a6d2-1682dc8ef8f9
ESPOL,Escuela Superior Politécnica del Litoral,COMPUTACIÓN,10,detectar necesidades tecnológicas,skill/competence,cross-sector,0.6824,http://data.europa.eu/esco/skill/42fcf80d-7b45-40f3-bd2f-5411c4c0dfa0
ESPOL,Escuela Superior Politécnica del Litoral,COMPUTACIÓN,11,detectar y corregir errores de las tecnologías de la información y de las comunicaciones,skill/competence,cross-sector,0.6756,http://data.europa.eu/esco/skill/744442ac-c157-4350-8be0-ce454df4f5c5
ESPOL,Escuela Superior Politécnica del Litoral,COMPUTACIÓN,12,diseñar procesos,skill/competence,cross-sector,0.6712,http://data.europa.eu/esco/skill/2c28fc20-8a60-4311-8899-5ef8729c05b3
ESPOL,Escuela Superior Politécnica del Litoral,COMPUTACIÓN,13,programación informática,knowledge,cross-sector,0.6708,http://data.europa.eu/esco/skill/21d2f96d-35f7-4e3f-9745-c533d2dd6e97
ESPOL,Escuela Superior Politécnica del Litoral,COMPUTACIÓN,14,realizar cálculos,skill/competence,transversal,0.6705,http://data.europa.eu/esco/skill/19ba11f3-9c99-41fd-a7c9-f77e6a026186
ESPOL,Escuela Superior Politécnica del Litoral,COMPUTACIÓN,15,interpretar información matemática,skill/competence,transversal,0.669,http://data.europa.eu/esco/skill/6fc6f757-6baa-49fe-9a82-6ba6a52f2e13
ESPOL,Escuela Superior Politécnica del Litoral,COMPUTACIÓN,16,Interactuar de manera profesional en entornos de investigación y profesionales,skill/competence,cross-sector,0.668,http://data.europa.eu/esco/skill/20a8fe89-d4eb-4698-8521-8881c13377e0
ESPOL,Escuela Superior Politécnica del Litoral,COMPUTACIÓN,17,proporcionar experiencia técnica,skill/competence,cross-sector,0.668,http://data.europa.eu/esco/skill/c69587b4-05d3-45bb-b79b-9b85e6603fc2
ESPOL,Escuela Superior Politécnica del Litoral,COMPUTACIÓN,18,informática,knowledge,cross-sector,0.6655,http://data.europa.eu/esco/skill/7b5cce4d-c7fe-4119-b48f-70aa05391787
ESPOL,Escuela Superior Politécnica del Litoral,COMPUTACIÓN,19,afrontar problemas con actitud crítica,skill/competence,cross-sector,0.6629,http://data.europa.eu/esco/skill/b9f16465-56a9-426b-a047-0f9f1f95ec92
ESPOL,Escuela Superior Politécnica del Litoral,COMPUTACIÓN,20,pensar de forma analítica,skill/competence,transversal,0.662,http://data.europa.eu/esco/skill/4707da90-9cfc-46ca-8de0-38a0b7bfb137
ESPOL,Escuela Superior Politécnica del Litoral,COMPUTACIÓN,21,innovar las prácticas actuales,skill/competence,cross-sector,0.6617,http://data.europa.eu/esco/skill/f975091a-e5a5-4472-ac17-11680e53e98f
ESPOL,Escuela Superior Politécnica del Litoral,COMPUTACIÓN,22,realizar gestión de clientes,skill/competence,cross-sector,0.6615,http://data.europa.eu/esco/skill/91306a20-9b81-4f3d-97eb-f5368b607da7
ESPOL,Escuela Superior Politécnica del Litoral,COMPUTACIÓN,23,hacer uso de capacidades de programación básicas,skill/competence,transversal,0.6612,http://data.europa.eu/esco/skill/bf4d884f-c848-402a-b130-69c266b04164
ESPOL,Escuela Superior Politécnica del Litoral,COMPUTACIÓN,24,identificar requisitos del cliente,skill/competence,cross-sector,0.6593,http://data.europa.eu/esco/skill/0e0c9c11-b39e-43cf-ba95-2fe646f5de64
ESPOL,Escuela Superior Politécnica del Litoral,COMPUTACIÓN,25,elaborar documentación de conformidad con los requisitos legales,skill/competence,cross-sector,0.6585,http://data.europa.eu/esco/skill/695c3249-18e7-4435-bdb8-54a16011159d
ESPOL,Escuela Superior Politécnica del Litoral,ELECTRICIDAD,1,evaluar las necesidades energéticas,skill/competence,cross-sector,0.7351,http://data.europa.eu/esco/skill/36fccad9-1d20-4104-bcc2-a8ea9d1ce5ea
ESPOL,Escuela Superior Politécnica del Litoral,ELECTRICIDAD,2,realizar actividades de gestión energética en instalaciones,skill/competence,cross-sector,0.6981,http://data.europa.eu/esco/skill/885808f7-f42b-406e-95f2-28efcd45ddda
ESPOL,Escuela Superior Politécnica del Litoral,ELECTRICIDAD,3,gestionar la recepción de suministros eléctricos,skill/competence,cross-sector,0.6764,http://data.europa.eu/esco/skill/c796e1fa-cbbd-4639-b8d9-cbcdc130c7a2
ESPOL,Escuela Superior Politécnica del Litoral,ELECTRICIDAD,4,gestionar empresas de producción,skill/competence,cross-sector,0.6741,http://data.europa.eu/esco/skill/435d1751-8667-41ec-8b32-865b7cd3c684
ESPOL,Escuela Superior Politécnica del Litoral,ELECTRICIDAD,5,garantizar el cumplimiento del plan de distribución de energía,skill/competence,cross-sector,0.6705,http://data.europa.eu/esco/skill/694e1e70-3e22-4d72-a3ac-b5f92951423d
ESPOL,Escuela Superior Politécnica del Litoral,ELECTRICIDAD,6,gestionar proyectos de ingeniería,skill/competence,cross-sector,0.6685,http://data.europa.eu/esco/skill/6a899482-8bcf-40ca-ae67-579a1cc467ab
ESPOL,Escuela Superior Politécnica del Litoral,ELECTRICIDAD,7,realizar todas las actividades de ingeniería de procesos,skill/competence,cross-sector,0.6581,http://data.europa.eu/esco/skill/8b9d609a-6d62-4d5c-9133-01d41979cfac
ESPOL,Escuela Superior Politécnica del Litoral,ELECTRICIDAD,8,mantener motores eléctricos,skill/competence,cross-sector,0.6562,http://data.europa.eu/esco/skill/2876970d-90af-45bd-9cfd-c0af757947ea
ESPOL,Escuela Superior Politécnica del Litoral,ELECTRICIDAD,9,gestionar proyectos de investigación y desarrollo,skill/competence,cross-sector,0.6537,http://data.europa.eu/esco/skill/d5dbc342-8e39-4998-8237-ebbe05a381ce
ESPOL,Escuela Superior Politécnica del Litoral,ELECTRICIDAD,10,gestionar proyectos,skill/competence,cross-sector,0.653,http://data.europa.eu/esco/skill/cd5efa8c-e44d-4cbc-91c6-796018dbed68
ESPOL,Escuela Superior Politécnica del Litoral,ELECTRICIDAD,11,gestionar sistemas de instrumentación,skill/competence,cross-sector,0.6519,http://data.europa.eu/esco/skill/5d71a91f-cc72-4b66-b6e3-d75ecc05e235
ESPOL,Escuela Superior Politécnica del Litoral,ELECTRICIDAD,12,instalar líneas de energía eléctrica,skill/competence,cross-sector,0.6512,http://data.europa.eu/esco/skill/0c627853-241e-405b-9044-aaff6bca133e
ESPOL,Escuela Superior Politécnica del Litoral,ELECTRICIDAD,13,interpretar esquemas eléctricos,skill/competence,cross-sector,0.6492,http://data.europa.eu/esco/skill/fe96f581-4905-4282-819c-922c68bda989
ESPOL,Escuela Superior Politécnica del Litoral,ELECTRICIDAD,14,instalar equipos eléctricos y electrónicos,skill/competence,cross-sector,0.6473,http://data.europa.eu/esco/skill/52797dce-911c-4e6d-b0cb-491f6469014f
ESPOL,Escuela Superior Politécnica del Litoral,ELECTRICIDAD,15,gestionar los programas públicos,skill/competence,cross-sector,0.6472,http://data.europa.eu/esco/skill/0761f325-13e7-49f4-a41a-ec64ba4e7b9d
ESPOL,Escuela Superior Politécnica del Litoral,ELECTRICIDAD,16,garantizar la seguridad de las operaciones en sistemas de suministro de energía eléctrica,skill/competence,cross-sector,0.6448,http://data.europa.eu/esco/skill/2b76cbbf-eddc-4a12-a120-f4ea370820a5
ESPOL,Escuela Superior Politécnica del Litoral,ELECTRICIDAD,17,normas de seguridad para trabajos con energía eléctrica,knowledge,cross-sector,0.644,http://data.europa.eu/esco/skill/6360d655-3494-45f6-bfc6-d5f63afc355b
ESPOL,Escuela Superior Politécnica del Litoral,ELECTRICIDAD,18,electrónica de potencia,knowledge,cross-sector,0.6416,http://data.europa.eu/esco/skill/86ff9a65-66eb-4c8f-93d8-22e0a467fc08
ESPOL,Escuela Superior Politécnica del Litoral,ELECTRICIDAD,19,gestionar la instalación de estructuras para eventos,skill/competence,cross-sector,0.6412,http://data.europa.eu/esco/skill/0e503b48-5491-4529-879e-b112251f8d50
ESPOL,Escuela Superior Politécnica del Litoral,ELECTRICIDAD,20,montar generadores,skill/competence,cross-sector,0.6393,http://data.europa.eu/esco/skill/942edf03-a450-4261-b65c-9b447fdddc51
ESPOL,Escuela Superior Politécnica del Litoral,ELECTRICIDAD,21,analizar las tendencias del mercado de la energía,skill/competence,cross-sector,0.6368,http://data.europa.eu/esco/skill/28878fd9-9a17-452a-b3b8-5db5c63d7905
ESPOL,Escuela Superior Politécnica del Litoral,ELECTRICIDAD,22,coordinar equipos de ingeniería,skill/competence,cross-sector,0.6367,http://data.europa.eu/esco/skill/7af6e9e8-1e11-4c0b-b7c6-ac96bbbbc674
ESPOL,Escuela Superior Politécnica del Litoral,ELECTRICIDAD,23,desarrollar conceptos de ahorro de energía,skill/competence,cross-sector,0.6366,http://data.europa.eu/esco/skill/0037c821-2898-4919-b96e-7ed1cd89554c
ESPOL,Escuela Superior Politécnica del Litoral,ELECTRICIDAD,24,diseñar sistemas eléctricos,skill/competence,cross-sector,0.6357,http://data.europa.eu/esco/skill/05010f6c-0b40-4525-ac4a-057d46a2b6f4
ESPOL,Escuela Superior Politécnica del Litoral,ELECTRICIDAD,25,proyecto,knowledge,cross-sector,0.635,http://data.europa.eu/esco/skill/d1072655-88ce-4445-8803-e6273da273e7
ESPOL,Escuela Superior Politécnica del Litoral,ELECTRÓNICA Y AUTOMATIZACIÓN,1,desarrollar procedimientos de prueba electrónica,skill/competence,cross-sector,0.7225,http://data.europa.eu/esco/skill/0de6bca4-f3aa-452a-8e10-d355b2c1bfc4
ESPOL,Escuela Superior Politécnica del Litoral,ELECTRÓNICA Y AUTOMATIZACIÓN,2,asistir a usuarios de instrumentos eléctricos,skill/competence,cross-sector,0.7135,http://data.europa.eu/esco/skill/520f01d1-91a9-44cb-a3e6-b803e18f439c
ESPOL,Escuela Superior Politécnica del Litoral,ELECTRÓNICA Y AUTOMATIZACIÓN,3,diseñar sistemas de control,skill/competence,cross-sector,0.7092,http://data.europa.eu/esco/skill/d560df46-dda4-4407-bab2-b87353a96814
ESPOL,Escuela Superior Politécnica del Litoral,ELECTRÓNICA Y AUTOMATIZACIÓN,4,montar equipos de instrumentación,skill/competence,cross-sector,0.7059,http://data.europa.eu/esco/skill/af0b1937-7538-434f-871b-7e8f72e04117
ESPOL,Escuela Superior Politécnica del Litoral,ELECTRÓNICA Y AUTOMATIZACIÓN,5,asesorar sobre cuestiones relacionadas con problemas de fabricación,skill/competence,cross-sector,0.7034,http://data.europa.eu/esco/skill/6c80c47c-3d08-4356-aa82-46f6ec82c898
ESPOL,Escuela Superior Politécnica del Litoral,ELECTRÓNICA Y AUTOMATIZACIÓN,6,resolver problemas técnicos,skill/competence,cross-sector,0.7007,http://data.europa.eu/esco/skill/14832d87-2f2f-4895-b290-e4760ebae42a
ESPOL,Escuela Superior Politécnica del Litoral,ELECTRÓNICA Y AUTOMATIZACIÓN,7,desarrollar sistemas de instrumentación,skill/competence,cross-sector,0.6996,http://data.europa.eu/esco/skill/d8c19849-f4cf-458d-90cd-abe735a729bf
ESPOL,Escuela Superior Politécnica del Litoral,ELECTRÓNICA Y AUTOMATIZACIÓN,8,diseñar componentes de automatización,skill/competence,cross-sector,0.6991,http://data.europa.eu/esco/skill/f96f5aa5-6ed7-40dc-a431-68b0a09d6d4b
ESPOL,Escuela Superior Politécnica del Litoral,ELECTRÓNICA Y AUTOMATIZACIÓN,9,gestionar sistemas de instrumentación,skill/competence,cross-sector,0.6981,http://data.europa.eu/esco/skill/5d71a91f-cc72-4b66-b6e3-d75ecc05e235
ESPOL,Escuela Superior Politécnica del Litoral,ELECTRÓNICA Y AUTOMATIZACIÓN,10,mantener equipos electrónicos,skill/competence,cross-sector,0.6937,http://data.europa.eu/esco/skill/ba45db8f-34e8-4f29-af0b-e6645e1d693f
ESPOL,Escuela Superior Politécnica del Litoral,ELECTRÓNICA Y AUTOMATIZACIÓN,11,controlar las operaciones de las máquinas,skill/competence,cross-sector,0.6906,http://data.europa.eu/esco/skill/188048ff-18bf-43c4-a1a0-7adb6e68f421
ESPOL,Escuela Superior Politécnica del Litoral,ELECTRÓNICA Y AUTOMATIZACIÓN,12,diseñar sistemas eléctricos,skill/competence,cross-sector,0.6879,http://data.europa.eu/esco/skill/05010f6c-0b40-4525-ac4a-057d46a2b6f4
ESPOL,Escuela Superior Politécnica del Litoral,ELECTRÓNICA Y AUTOMATIZACIÓN,13,electrónica,knowledge,cross-sector,0.6876,http://data.europa.eu/esco/skill/95c35c3a-035f-47c2-90cf-7e934d20fc08
ESPOL,Escuela Superior Politécnica del Litoral,ELECTRÓNICA Y AUTOMATIZACIÓN,14,resolver problemas de sistemas TIC,skill/competence,cross-sector,0.6872,http://data.europa.eu/esco/skill/9e06bac6-6b91-48ca-8b7d-c1f48cdecd7c
ESPOL,Escuela Superior Politécnica del Litoral,ELECTRÓNICA Y AUTOMATIZACIÓN,15,detectar y corregir errores de las tecnologías de la información y de las comunicaciones,skill/competence,cross-sector,0.687,http://data.europa.eu/esco/skill/744442ac-c157-4350-8be0-ce454df4f5c5
ESPOL,Escuela Superior Politécnica del Litoral,ELECTRÓNICA Y AUTOMATIZACIÓN,16,mantener equipos electromecánicos,skill/competence,cross-sector,0.6867,http://data.europa.eu/esco/skill/e0ded9a1-372d-46c8-80b5-ad994d606ef2
ESPOL,Escuela Superior Politécnica del Litoral,ELECTRÓNICA Y AUTOMATIZACIÓN,17,supervisar el funcionamiento de los equipos,skill/competence,cross-sector,0.6863,http://data.europa.eu/esco/skill/ca17f0df-59e4-4ed2-9360-fc5325bc7151
ESPOL,Escuela Superior Politécnica del Litoral,ELECTRÓNICA Y AUTOMATIZACIÓN,18,asegurarse de que los productos cumplen los requisitos legales,skill/competence,cross-sector,0.6826,http://data.europa.eu/esco/skill/f453b1a6-c7db-4d9d-9ba3-47c45159bfe3
ESPOL,Escuela Superior Politécnica del Litoral,ELECTRÓNICA Y AUTOMATIZACIÓN,19,mantener sistemas electrónicos,skill/competence,cross-sector,0.6825,http://data.europa.eu/esco/skill/89bb44dc-9f4c-400b-86cd-dcd0bd599a58
ESPOL,Escuela Superior Politécnica del Litoral,ELECTRÓNICA Y AUTOMATIZACIÓN,20,operar sistemas de control informatizados,skill/competence,cross-sector,0.6824,http://data.europa.eu/esco/skill/b916d60e-38e9-4241-914a-4e2144bda711
ESPOL,Escuela Superior Politécnica del Litoral,ELECTRÓNICA Y AUTOMATIZACIÓN,21,Proponer soluciones tecnológicas a problemas empresariales,skill/competence,cross-sector,0.6812,http://data.europa.eu/esco/skill/07e51c60-763a-4335-b4ec-70a15f66d328
ESPOL,Escuela Superior Politécnica del Litoral,ELECTRÓNICA Y AUTOMATIZACIÓN,22,resolver averías de equipos,skill/competence,cross-sector,0.6811,http://data.europa.eu/esco/skill/1de6b87b-2c7d-49aa-bcc0-3b2ef75f064f
ESPOL,Escuela Superior Politécnica del Litoral,ELECTRÓNICA Y AUTOMATIZACIÓN,23,software para procesos industriales,knowledge,cross-sector,0.6808,http://data.europa.eu/esco/skill/41ec47dd-08b3-464a-9c45-c706f3e74467
ESPOL,Escuela Superior Politécnica del Litoral,ELECTRÓNICA Y AUTOMATIZACIÓN,24,crear soluciones para problemas informativos,skill/competence,cross-sector,0.68,http://data.europa.eu/esco/skill/4539aeca-b56f-4d03-ba86-8f675a7f2536
ESPOL,Escuela Superior Politécnica del Litoral,ELECTRÓNICA Y AUTOMATIZACIÓN,25,crear soluciones para problemas,skill/competence,cross-sector,0.6797,http://data.europa.eu/esco/skill/03b9b491-fc9b-4868-914a-bf7cd47b5041
ESPOL,Escuela Superior Politécnica del Litoral,TELECOMUNICACIONES,1,detectar y corregir errores de las tecnologías de la información y de las comunicaciones,skill/competence,cross-sector,0.6798,http://data.europa.eu/esco/skill/744442ac-c157-4350-8be0-ce454df4f5c5
ESPOL,Escuela Superior Politécnica del Litoral,TELECOMUNICACIONES,2,desarrollar estrategias de comunicación,skill/competence,cross-sector,0.6647,http://data.europa.eu/esco/skill/3c834f6e-523a-49ee-8ed1-e073e28ae6fe
ESPOL,Escuela Superior Politécnica del Litoral,TELECOMUNICACIONES,3,detectar necesidades tecnológicas,skill/competence,cross-sector,0.6558,http://data.europa.eu/esco/skill/42fcf80d-7b45-40f3-bd2f-5411c4c0dfa0
ESPOL,Escuela Superior Politécnica del Litoral,TELECOMUNICACIONES,4,resolver problemas de sistemas TIC,skill/competence,cross-sector,0.6541,http://data.europa.eu/esco/skill/9e06bac6-6b91-48ca-8b7d-c1f48cdecd7c
ESPOL,Escuela Superior Politécnica del Litoral,TELECOMUNICACIONES,5,gestionar las comunicaciones visuales,skill/competence,cross-sector,0.6462,http://data.europa.eu/esco/skill/50b96d21-f2eb-4f35-a8d3-77eee15ef51f
ESPOL,Escuela Superior Politécnica del Litoral,TELECOMUNICACIONES,6,crear soluciones para problemas informativos,skill/competence,cross-sector,0.6437,http://data.europa.eu/esco/skill/4539aeca-b56f-4d03-ba86-8f675a7f2536
ESPOL,Escuela Superior Politécnica del Litoral,TELECOMUNICACIONES,7,asesorar sobre estrategias de comunicación,skill/competence,cross-sector,0.6371,http://data.europa.eu/esco/skill/69f36674-440a-4fa0-89f9-1b70172ebb9d
ESPOL,Escuela Superior Politécnica del Litoral,TELECOMUNICACIONES,8,diseñar sistemas eléctricos,skill/competence,cross-sector,0.6368,http://data.europa.eu/esco/skill/05010f6c-0b40-4525-ac4a-057d46a2b6f4
ESPOL,Escuela Superior Politécnica del Litoral,TELECOMUNICACIONES,9,ingeniería de telecomunicaciones,knowledge,cross-sector,0.632,http://data.europa.eu/esco/skill/14764a75-3104-4875-ba1d-57c059b9b013
ESPOL,Escuela Superior Politécnica del Litoral,TELECOMUNICACIONES,10,coordinar comunicaciones remotas,skill/competence,cross-sector,0.6294,http://data.europa.eu/esco/skill/9bafaea2-76cd-4532-ab77-8b3d21fa6235
ESPOL,Escuela Superior Politécnica del Litoral,TELECOMUNICACIONES,11,coordinar equipos de ingeniería,skill/competence,cross-sector,0.6292,http://data.europa.eu/esco/skill/7af6e9e8-1e11-4c0b-b7c6-ac96bbbbc674
ESPOL,Escuela Superior Politécnica del Litoral,TELECOMUNICACIONES,12,identificar requisitos del cliente,skill/competence,cross-sector,0.6291,http://data.europa.eu/esco/skill/0e0c9c11-b39e-43cf-ba95-2fe646f5de64
ESPOL,Escuela Superior Politécnica del Litoral,TELECOMUNICACIONES,13,resolver problemas técnicos,skill/competence,cross-sector,0.6285,http://data.europa.eu/esco/skill/14832d87-2f2f-4895-b290-e4760ebae42a
ESPOL,Escuela Superior Politécnica del Litoral,TELECOMUNICACIONES,14,elaborar las estrategias empresariales,skill/competence,cross-sector,0.6267,http://data.europa.eu/esco/skill/ba2c6181-b036-40b4-8f6d-51499463ccbb
ESPOL,Escuela Superior Politécnica del Litoral,TELECOMUNICACIONES,15,coordinar campañas publicitarias,skill/competence,cross-sector,0.6259,http://data.europa.eu/esco/skill/ae6af2c6-890d-40a7-9849-326a8c21df76
ESPOL,Escuela Superior Politécnica del Litoral,TELECOMUNICACIONES,16,gestionar proyectos de ingeniería,skill/competence,cross-sector,0.624,http://data.europa.eu/esco/skill/6a899482-8bcf-40ca-ae67-579a1cc467ab
ESPOL,Escuela Superior Politécnica del Litoral,TELECOMUNICACIONES,17,"utilizar tecnologías digitales para compartir datos, información y contenido digitales",skill/competence,cross-sector,0.6236,http://data.europa.eu/esco/skill/40001d93-8937-4859-89d5-2dca53290ff4
ESPOL,Escuela Superior Politécnica del Litoral,TELECOMUNICACIONES,18,diseñar circuitos integrados,skill/competence,cross-sector,0.6227,http://data.europa.eu/esco/skill/6d12ac9b-5ec0-49b9-bd70-5a19352585cb
ESPOL,Escuela Superior Politécnica del Litoral,TELECOMUNICACIONES,19,comunicarse con los jefes y directivos,skill/competence,cross-sector,0.6226,http://data.europa.eu/esco/skill/f14ff4b7-be1e-4b55-b39b-520005f8a97e
ESPOL,Escuela Superior Politécnica del Litoral,TELECOMUNICACIONES,20,realizar gestión de clientes,skill/competence,cross-sector,0.6224,http://data.europa.eu/esco/skill/91306a20-9b81-4f3d-97eb-f5368b607da7
ESPOL,Escuela Superior Politécnica del Litoral,TELECOMUNICACIONES,21,instalar líneas de energía eléctrica,skill/competence,cross-sector,0.6205,http://data.europa.eu/esco/skill/0c627853-241e-405b-9044-aaff6bca133e
ESPOL,Escuela Superior Politécnica del Litoral,TELECOMUNICACIONES,22,diseñar sistemas electrónicos,skill/competence,cross-sector,0.6198,http://data.europa.eu/esco/skill/feb717ff-fba6-4a91-aa10-ee11cf2da6b4
ESPOL,Escuela Superior Politécnica del Litoral,TELECOMUNICACIONES,23,interpretar las interfaces de comunicación gráfica,skill/competence,cross-sector,0.6193,http://data.europa.eu/esco/skill/ea99e1f2-ad03-4bb3-8960-1227fc76bb2a
ESPOL,Escuela Superior Politécnica del Litoral,TELECOMUNICACIONES,24,desarrollar planes comerciales de ventas en línea,skill/competence,cross-sector,0.6182,http://data.europa.eu/esco/skill/eb2ae1c7-ba57-4695-8f29-9dd41c26e01e
ESPOL,Escuela Superior Politécnica del Litoral,TELECOMUNICACIONES,25,desarrollar procedimientos de prueba electrónica,skill/competence,cross-sector,0.6174,http://data.europa.eu/esco/skill/0de6bca4-f3aa-452a-8e10-d355b2c1bfc4
ESPOL,Escuela Superior Politécnica del Litoral,MECATRÓNICA,1,mecatrónica,knowledge,cross-sector,0.7628,http://data.europa.eu/esco/skill/d88cb3f1-8e02-4618-bf32-4b0488066934
ESPOL,Escuela Superior Politécnica del Litoral,MECATRÓNICA,2,electromecánica,knowledge,cross-sector,0.6915,http://data.europa.eu/esco/skill/2bbdea06-a265-42b5-bb4f-7241b661f069
ESPOL,Escuela Superior Politécnica del Litoral,MECATRÓNICA,3,diseñar componentes de automatización,skill/competence,cross-sector,0.6796,http://data.europa.eu/esco/skill/f96f5aa5-6ed7-40dc-a431-68b0a09d6d4b
ESPOL,Escuela Superior Politécnica del Litoral,MECATRÓNICA,4,diseñar sistemas electromecánicos,skill/competence,cross-sector,0.677,http://data.europa.eu/esco/skill/c5422318-3218-4ce9-9bdd-f38b93ff63a3
ESPOL,Escuela Superior Politécnica del Litoral,MECATRÓNICA,5,realizar todas las actividades de ingeniería de procesos,skill/competence,cross-sector,0.6694,http://data.europa.eu/esco/skill/8b9d609a-6d62-4d5c-9133-01d41979cfac
ESPOL,Escuela Superior Politécnica del Litoral,MECATRÓNICA,6,sistemas mecánicos,knowledge,cross-sector,0.6677,http://data.europa.eu/esco/skill/69bece91-c806-42ad-bde4-db28c7f8fc4b
ESPOL,Escuela Superior Politécnica del Litoral,MECATRÓNICA,7,diseñar sistemas de control,skill/competence,cross-sector,0.6677,http://data.europa.eu/esco/skill/d560df46-dda4-4407-bab2-b87353a96814
ESPOL,Escuela Superior Politécnica del Litoral,MECATRÓNICA,8,robótica,knowledge,cross-sector,0.6617,http://data.europa.eu/esco/skill/e87ec79a-c9ff-46f5-84fa-7a0f394cdf40
ESPOL,Escuela Superior Politécnica del Litoral,MECATRÓNICA,9,operar sistemas de control informatizados,skill/competence,cross-sector,0.6604,http://data.europa.eu/esco/skill/b916d60e-38e9-4241-914a-4e2144bda711
ESPOL,Escuela Superior Politécnica del Litoral,MECATRÓNICA,10,desarrollar sistemas de instrumentación,skill/competence,cross-sector,0.66,http://data.europa.eu/esco/skill/d8c19849-f4cf-458d-90cd-abe735a729bf
ESPOL,Escuela Superior Politécnica del Litoral,MECATRÓNICA,11,proporcionar experiencia técnica,skill/competence,cross-sector,0.6595,http://data.europa.eu/esco/skill/c69587b4-05d3-45bb-b79b-9b85e6603fc2
ESPOL,Escuela Superior Politécnica del Litoral,MECATRÓNICA,12,diseñar sistemas eléctricos,skill/competence,cross-sector,0.6585,http://data.europa.eu/esco/skill/05010f6c-0b40-4525-ac4a-057d46a2b6f4
ESPOL,Escuela Superior Politécnica del Litoral,MECATRÓNICA,13,instalar sistemas hidráulicos,skill/competence,cross-sector,0.6579,http://data.europa.eu/esco/skill/753b1781-ea44-4eea-b84a-f8a76fbd6c4d
ESPOL,Escuela Superior Politécnica del Litoral,MECATRÓNICA,14,instalar sistemas neumáticos,skill/competence,cross-sector,0.6577,http://data.europa.eu/esco/skill/82da5835-1759-4eeb-9d58-a834ee80384e
ESPOL,Escuela Superior Politécnica del Litoral,MECATRÓNICA,15,realizar trabajos técnicos difíciles,skill/competence,cross-sector,0.6576,http://data.europa.eu/esco/skill/2d780738-9b34-40a3-adbb-590001f6ff86
ESPOL,Escuela Superior Politécnica del Litoral,MECATRÓNICA,16,diseñar componentes de ingeniería,skill/competence,cross-sector,0.6576,http://data.europa.eu/esco/skill/87434439-c07d-48be-af34-b0cdd03121c4
ESPOL,Escuela Superior Politécnica del Litoral,MECATRÓNICA,17,diseñar circuitos integrados,skill/competence,cross-sector,0.6571,http://data.europa.eu/esco/skill/6d12ac9b-5ec0-49b9-bd70-5a19352585cb
ESPOL,Escuela Superior Politécnica del Litoral,MECATRÓNICA,18,diseñar sistemas microelectromecánicos,skill/competence,cross-sector,0.6571,http://data.europa.eu/esco/skill/c022ff1b-7783-4e64-89ef-0422c81ff51f
ESPOL,Escuela Superior Politécnica del Litoral,MECATRÓNICA,19,montar equipos de instrumentación,skill/competence,cross-sector,0.6544,http://data.europa.eu/esco/skill/af0b1937-7538-434f-871b-7e8f72e04117
ESPOL,Escuela Superior Politécnica del Litoral,MECATRÓNICA,20,planificar procesos de fabricación,skill/competence,cross-sector,0.6539,http://data.europa.eu/esco/skill/7d0f33ea-e724-4d77-8b75-ee4fe66bb9ba
ESPOL,Escuela Superior Politécnica del Litoral,MECATRÓNICA,21,gestionar proyectos de ingeniería,skill/competence,cross-sector,0.6524,http://data.europa.eu/esco/skill/6a899482-8bcf-40ca-ae67-579a1cc467ab
ESPOL,Escuela Superior Politécnica del Litoral,MECATRÓNICA,22,gestionar sistemas de instrumentación,skill/competence,cross-sector,0.6515,http://data.europa.eu/esco/skill/5d71a91f-cc72-4b66-b6e3-d75ecc05e235
ESPOL,Escuela Superior Politécnica del Litoral,MECATRÓNICA,23,mantener equipos electromecánicos,skill/competence,cross-sector,0.6497,http://data.europa.eu/esco/skill/e0ded9a1-372d-46c8-80b5-ad994d606ef2
ESPOL,Escuela Superior Politécnica del Litoral,MECATRÓNICA,24,diseñar planos técnicos,skill/competence,cross-sector,0.6497,http://data.europa.eu/esco/skill/5c98825f-146d-4d35-97cf-207b2afd9ae2
ESPOL,Escuela Superior Politécnica del Litoral,MECATRÓNICA,25,manejar equipos industriales,skill/competence,cross-sector,0.6483,http://data.europa.eu/esco/skill/7c632656-361e-4db1-8d69-b9f85d6be0d0
ESPOL,Escuela Superior Politécnica del Litoral,INGENIERÍA CIVIL,1,ingeniería civil,knowledge,cross-sector,0.7012,http://data.europa.eu/esco/skill/82887396-e5bf-4306-af51-3fe8d82790b2
ESPOL,Escuela Superior Politécnica del Litoral,INGENIERÍA CIVIL,2,"aplicar conocimientos científicos, tecnológicos y de ingeniería",skill/competence,transversal,0.694,http://data.europa.eu/esco/skill/5c3ab99d-a3f1-4620-9602-d12d2151a03d
ESPOL,Escuela Superior Politécnica del Litoral,INGENIERÍA CIVIL,3,asesorar sobre temas de construcción,skill/competence,cross-sector,0.6642,http://data.europa.eu/esco/skill/3b64ab47-a874-403a-b781-7b23c2fc3c6c
ESPOL,Escuela Superior Politécnica del Litoral,INGENIERÍA CIVIL,4,integrar los principios de la ingeniería en el diseño arquitectónico,skill/competence,cross-sector,0.6535,http://data.europa.eu/esco/skill/ee239d14-bfc8-4939-91ff-824b5814ff67
ESPOL,Escuela Superior Politécnica del Litoral,INGENIERÍA CIVIL,5,calcular duración del trabajo,skill/competence,cross-sector,0.6519,http://data.europa.eu/esco/skill/e207163b-7963-4c3e-9494-7a4bb000211b
ESPOL,Escuela Superior Politécnica del Litoral,INGENIERÍA CIVIL,6,coordinar equipos de ingeniería,skill/competence,cross-sector,0.6508,http://data.europa.eu/esco/skill/7af6e9e8-1e11-4c0b-b7c6-ac96bbbbc674
ESPOL,Escuela Superior Politécnica del Litoral,INGENIERÍA CIVIL,7,garantizar el cumplimiento de los plazos de construcción,skill/competence,cross-sector,0.6504,http://data.europa.eu/esco/skill/6181f475-110c-497c-a46d-ed2e14e7bc90
ESPOL,Escuela Superior Politécnica del Litoral,INGENIERÍA CIVIL,8,aplicar conocimientos de ciencias sociales y humanidades,skill/competence,transversal,0.6469,http://data.europa.eu/esco/skill/deb3c1bc-d48a-42e6-b0cc-cb238534ec28
ESPOL,Escuela Superior Politécnica del Litoral,INGENIERÍA CIVIL,9,proporcionar experiencia técnica,skill/competence,cross-sector,0.643,http://data.europa.eu/esco/skill/c69587b4-05d3-45bb-b79b-9b85e6603fc2
ESPOL,Escuela Superior Politécnica del Litoral,INGENIERÍA CIVIL,10,examinar las infraestructuras civiles,skill/competence,cross-sector,0.6423,http://data.europa.eu/esco/skill/d48b3cfe-80b6-406f-b582-d959b60417f8
ESPOL,Escuela Superior Politécnica del Litoral,INGENIERÍA CIVIL,11,gestionar proyectos de ingeniería,skill/competence,cross-sector,0.6422,http://data.europa.eu/esco/skill/6a899482-8bcf-40ca-ae67-579a1cc467ab
ESPOL,Escuela Superior Politécnica del Litoral,INGENIERÍA CIVIL,12,cumplir la normativa de construcción,skill/competence,cross-sector,0.6389,http://data.europa.eu/esco/skill/4ccf7d02-764c-4129-a1df-fa1dd2e12647
ESPOL,Escuela Superior Politécnica del Litoral,INGENIERÍA CIVIL,13,proyecto,knowledge,cross-sector,0.6379,http://data.europa.eu/esco/skill/d1072655-88ce-4445-8803-e6273da273e7
ESPOL,Escuela Superior Politécnica del Litoral,INGENIERÍA CIVIL,14,ingeniería del tráfico,knowledge,cross-sector,0.6368,http://data.europa.eu/esco/skill/dda26251-7331-41fd-871f-1106ca468189
ESPOL,Escuela Superior Politécnica del Litoral,INGENIERÍA CIVIL,15,supervisar un proyecto de construcción,skill/competence,cross-sector,0.635,http://data.europa.eu/esco/skill/1de548e0-9535-4d2e-9d20-d4474c1ea813
ESPOL,Escuela Superior Politécnica del Litoral,INGENIERÍA CIVIL,16,interpretar información matemática,skill/competence,transversal,0.6343,http://data.europa.eu/esco/skill/6fc6f757-6baa-49fe-9a82-6ba6a52f2e13
ESPOL,Escuela Superior Politécnica del Litoral,INGENIERÍA CIVIL,17,vigilar el cumplimiento de los parámetros de los proyectos de construcción,skill/competence,cross-sector,0.633,http://data.europa.eu/esco/skill/3dd3dfa7-51c0-40ef-af46-e2df300489f6
ESPOL,Escuela Superior Politécnica del Litoral,INGENIERÍA CIVIL,18,desarrollar procedimientos de ensayo de materiales,skill/competence,cross-sector,0.6321,http://data.europa.eu/esco/skill/658b6ea0-79f5-451d-a037-7593a4416c85
ESPOL,Escuela Superior Politécnica del Litoral,INGENIERÍA CIVIL,19,realizar cálculos,skill/competence,transversal,0.6293,http://data.europa.eu/esco/skill/19ba11f3-9c99-41fd-a7c9-f77e6a026186
ESPOL,Escuela Superior Politécnica del Litoral,INGENIERÍA CIVIL,20,coordinar con expertos ferroviarios,skill/competence,cross-sector,0.6291,http://data.europa.eu/esco/skill/6172948e-5d52-4f94-a617-278a9013a8ae
ESPOL,Escuela Superior Politécnica del Litoral,INGENIERÍA CIVIL,21,construir redes,skill/competence,transversal,0.6265,http://data.europa.eu/esco/skill/bf983f2a-e941-4646-811d-cc81060cb53f
ESPOL,Escuela Superior Politécnica del Litoral,INGENIERÍA CIVIL,22,afrontar problemas con actitud crítica,skill/competence,cross-sector,0.6256,http://data.europa.eu/esco/skill/b9f16465-56a9-426b-a047-0f9f1f95ec92
ESPOL,Escuela Superior Politécnica del Litoral,INGENIERÍA CIVIL,23,realizar trabajos técnicos difíciles,skill/competence,cross-sector,0.6249,http://data.europa.eu/esco/skill/2d780738-9b34-40a3-adbb-590001f6ff86
ESPOL,Escuela Superior Politécnica del Litoral,INGENIERÍA CIVIL,24,enseñar ciencias políticas,skill/competence,cross-sector,0.6234,http://data.europa.eu/esco/skill/87fb4119-bbe1-46b0-8023-f24d7d74a6f2
ESPOL,Escuela Superior Politécnica del Litoral,INGENIERÍA CIVIL,25,utilizar modelos informáticos especializados para predecir el tiempo,skill/competence,cross-sector,0.6231,http://data.europa.eu/esco/skill/206f5738-e91f-4390-84a2-fcb864bc11b1
ESPOL,Escuela Superior Politécnica del Litoral,INGENIERÍA QUÍMICA,1,mejorar procesos químicos,skill/competence,cross-sector,0.7027,http://data.europa.eu/esco/skill/451c8010-7dbb-4f96-b4d4-0955766d9eff
ESPOL,Escuela Superior Politécnica del Litoral,INGENIERÍA QUÍMICA,2,desarrollar procedimientos de ensayo de materiales,skill/competence,cross-sector,0.697,http://data.europa.eu/esco/skill/658b6ea0-79f5-451d-a037-7593a4416c85
ESPOL,Escuela Superior Politécnica del Litoral,INGENIERÍA QUÍMICA,3,elaborar fórmulas de fabricación,skill/competence,cross-sector,0.6761,http://data.europa.eu/esco/skill/b2ad4e50-cb82-4a34-ab3e-5b5f6c4f9b65
ESPOL,Escuela Superior Politécnica del Litoral,INGENIERÍA QUÍMICA,4,trabajar con sustancias químicas,skill/competence,cross-sector,0.6735,http://data.europa.eu/esco/skill/929a997b-d56c-4383-b36d-6de9fa0e1721
ESPOL,Escuela Superior Politécnica del Litoral,INGENIERÍA QUÍMICA,5,química,knowledge,cross-sector,0.6695,http://data.europa.eu/esco/skill/cde9911c-f92e-4de1-811f-336e177ac4ce
ESPOL,Escuela Superior Politécnica del Litoral,INGENIERÍA QUÍMICA,6,fabricar productos químicos,skill/competence,cross-sector,0.6657,http://data.europa.eu/esco/skill/4309a39d-af97-4e56-8d0e-5351b7b8dd01
ESPOL,Escuela Superior Politécnica del Litoral,INGENIERÍA QUÍMICA,7,ingeniería ambiental,knowledge,cross-sector,0.6639,http://data.europa.eu/esco/skill/b1b118c4-3291-484e-b64d-6d51fd5da8b3
ESPOL,Escuela Superior Politécnica del Litoral,INGENIERÍA QUÍMICA,8,realizar todas las actividades de ingeniería de procesos,skill/competence,cross-sector,0.6639,http://data.europa.eu/esco/skill/8b9d609a-6d62-4d5c-9133-01d41979cfac
ESPOL,Escuela Superior Politécnica del Litoral,INGENIERÍA QUÍMICA,9,"aplicar conocimientos científicos, tecnológicos y de ingeniería",skill/competence,transversal,0.6632,http://data.europa.eu/esco/skill/5c3ab99d-a3f1-4620-9602-d12d2151a03d
ESPOL,Escuela Superior Politécnica del Litoral,INGENIERÍA QUÍMICA,10,gestionar procedimientos de ensayos de sustancias químicas,skill/competence,cross-sector,0.6609,http://data.europa.eu/esco/skill/abcfd4de-3b3d-48ed-a002-36071bad8d46
ESPOL,Escuela Superior Politécnica del Litoral,INGENIERÍA QUÍMICA,11,gestionar el impacto medioambiental de las operaciones,skill/competence,cross-sector,0.6525,http://data.europa.eu/esco/skill/d86babea-bf8b-4552-81a8-daf706066ad6
ESPOL,Escuela Superior Politécnica del Litoral,INGENIERÍA QUÍMICA,12,prestar asistencia en investigaciones científicas,skill/competence,cross-sector,0.6449,http://data.europa.eu/esco/skill/d6179c4b-ff5a-4bbb-a3c8-e0acf0de1f56
ESPOL,Escuela Superior Politécnica del Litoral,INGENIERÍA QUÍMICA,13,gestionar experimentos a gran escala para la fabricación de alimentos,skill/competence,cross-sector,0.6446,http://data.europa.eu/esco/skill/950c1106-4ea1-4fb7-a115-5dd5adcc1ea4
ESPOL,Escuela Superior Politécnica del Litoral,INGENIERÍA QUÍMICA,14,coordinar equipos de ingeniería,skill/competence,cross-sector,0.6444,http://data.europa.eu/esco/skill/7af6e9e8-1e11-4c0b-b7c6-ac96bbbbc674
ESPOL,Escuela Superior Politécnica del Litoral,INGENIERÍA QUÍMICA,15,inspeccionar la calidad de los productos,skill/competence,cross-sector,0.6423,http://data.europa.eu/esco/skill/1a3660c2-011c-4e96-9b1d-529afc305428
ESPOL,Escuela Superior Politécnica del Litoral,INGENIERÍA QUÍMICA,16,Interactuar de manera profesional en entornos de investigación y profesionales,skill/competence,cross-sector,0.6413,http://data.europa.eu/esco/skill/20a8fe89-d4eb-4698-8521-8881c13377e0
ESPOL,Escuela Superior Politécnica del Litoral,INGENIERÍA QUÍMICA,17,gestionar proyectos de investigación y desarrollo,skill/competence,cross-sector,0.6406,http://data.europa.eu/esco/skill/d5dbc342-8e39-4998-8237-ebbe05a381ce
ESPOL,Escuela Superior Politécnica del Litoral,INGENIERÍA QUÍMICA,18,llevar a cabo investigaciones científicas,skill/competence,cross-sector,0.6387,http://data.europa.eu/esco/skill/4fabca9a-7435-4f33-b1da-3cdb00340fdc
ESPOL,Escuela Superior Politécnica del Litoral,INGENIERÍA QUÍMICA,19,desarrollar normas y procedimientos de fabricación,skill/competence,cross-sector,0.6386,http://data.europa.eu/esco/skill/764db027-9063-4468-acb3-c73ecfc76f35
ESPOL,Escuela Superior Politécnica del Litoral,INGENIERÍA QUÍMICA,20,integrar productos nuevos en la cadena de fabricación,skill/competence,cross-sector,0.6383,http://data.europa.eu/esco/skill/8a753714-9a19-4418-9b37-77e79d72c705
ESPOL,Escuela Superior Politécnica del Litoral,INGENIERÍA QUÍMICA,21,desarrollar estrategias de recuperación ambiental,skill/competence,cross-sector,0.6363,http://data.europa.eu/esco/skill/e4ff825c-7376-4135-93cd-3892fd67b7c1
ESPOL,Escuela Superior Politécnica del Litoral,INGENIERÍA QUÍMICA,22,proporcionar experiencia técnica,skill/competence,cross-sector,0.6362,http://data.europa.eu/esco/skill/c69587b4-05d3-45bb-b79b-9b85e6603fc2
ESPOL,Escuela Superior Politécnica del Litoral,INGENIERÍA QUÍMICA,23,evaluar el impacto ambiental de yacimientos y zonas industriales,skill/competence,cross-sector,0.6361,http://data.europa.eu/esco/skill/f12f094b-492f-4e88-b36b-50b8e58b7500
ESPOL,Escuela Superior Politécnica del Litoral,INGENIERÍA QUÍMICA,24,ingeniería de materiales,knowledge,cross-sector,0.635,http://data.europa.eu/esco/skill/614fdb7f-637f-4501-a80a-53c14a9804e5
ESPOL,Escuela Superior Politécnica del Litoral,INGENIERÍA QUÍMICA,25,coordinar esfuerzos ambientales,skill/competence,cross-sector,0.6337,http://data.europa.eu/esco/skill/bd70f004-e1d6-43f0-96f1-59c014a4ea01
ESPOL,Escuela Superior Politécnica del Litoral,INGENIERÍA INDUSTRIAL,1,crear soluciones para problemas,skill/competence,cross-sector,0.7242,http://data.europa.eu/esco/skill/03b9b491-fc9b-4868-914a-bf7cd47b5041
ESPOL,Escuela Superior Politécnica del Litoral,INGENIERÍA INDUSTRIAL,2,mejorar procesos químicos,skill/competence,cross-sector,0.7054,http://data.europa.eu/esco/skill/451c8010-7dbb-4f96-b4d4-0955766d9eff
ESPOL,Escuela Superior Politécnica del Litoral,INGENIERÍA INDUSTRIAL,3,analizar procesos de producción para introducir mejoras,skill/competence,cross-sector,0.7039,http://data.europa.eu/esco/skill/f1b5800e-b763-4740-9586-3fef30568e81
ESPOL,Escuela Superior Politécnica del Litoral,INGENIERÍA INDUSTRIAL,4,analizar estrategias de gestión de la cadena de suministro,skill/competence,cross-sector,0.6996,http://data.europa.eu/esco/skill/96d549bb-3e62-4c45-92a7-f114df089581
ESPOL,Escuela Superior Politécnica del Litoral,INGENIERÍA INDUSTRIAL,5,aplicar métodos de producción avanzados,skill/competence,cross-sector,0.6961,http://data.europa.eu/esco/skill/4f0e579d-ca7b-427c-ace6-9e2de3eb19c7
ESPOL,Escuela Superior Politécnica del Litoral,INGENIERÍA INDUSTRIAL,6,diseñar procesos,skill/competence,cross-sector,0.6955,http://data.europa.eu/esco/skill/2c28fc20-8a60-4311-8899-5ef8729c05b3
ESPOL,Escuela Superior Politécnica del Litoral,INGENIERÍA INDUSTRIAL,7,identificar requisitos del cliente,skill/competence,cross-sector,0.6936,http://data.europa.eu/esco/skill/0e0c9c11-b39e-43cf-ba95-2fe646f5de64
ESPOL,Escuela Superior Politécnica del Litoral,INGENIERÍA INDUSTRIAL,8,planificar procesos de fabricación,skill/competence,cross-sector,0.6901,http://data.europa.eu/esco/skill/7d0f33ea-e724-4d77-8b75-ee4fe66bb9ba
ESPOL,Escuela Superior Politécnica del Litoral,INGENIERÍA INDUSTRIAL,9,ejecutar cálculos matemáticos analíticos,skill/competence,cross-sector,0.6892,http://data.europa.eu/esco/skill/31c69100-b612-4a61-8db5-fd314318854c
ESPOL,Escuela Superior Politécnica del Litoral,INGENIERÍA INDUSTRIAL,10,elaborar software estadístico,skill/competence,cross-sector,0.6874,http://data.europa.eu/esco/skill/bb165899-d95f-4433-95f2-173fefd716d2
ESPOL,Escuela Superior Politécnica del Litoral,INGENIERÍA INDUSTRIAL,11,utilizar métodos de análisis de datos logísticos,skill/competence,cross-sector,0.6864,http://data.europa.eu/esco/skill/6f993130-082b-4732-b62f-52cdf2096ad9
ESPOL,Escuela Superior Politécnica del Litoral,INGENIERÍA INDUSTRIAL,12,realizar todas las actividades de ingeniería de procesos,skill/competence,cross-sector,0.6842,http://data.europa.eu/esco/skill/8b9d609a-6d62-4d5c-9133-01d41979cfac
ESPOL,Escuela Superior Politécnica del Litoral,INGENIERÍA INDUSTRIAL,13,desarrollar sistemas de instrumentación,skill/competence,cross-sector,0.6831,http://data.europa.eu/esco/skill/d8c19849-f4cf-458d-90cd-abe735a729bf
ESPOL,Escuela Superior Politécnica del Litoral,INGENIERÍA INDUSTRIAL,14,desarrollar procedimientos de ensayo de materiales,skill/competence,cross-sector,0.6822,http://data.europa.eu/esco/skill/658b6ea0-79f5-451d-a037-7593a4416c85
ESPOL,Escuela Superior Politécnica del Litoral,INGENIERÍA INDUSTRIAL,15,investigar necesidades de equipos,skill/competence,cross-sector,0.6818,http://data.europa.eu/esco/skill/8dee09d8-07da-493a-a171-d2d7737498ff
ESPOL,Escuela Superior Politécnica del Litoral,INGENIERÍA INDUSTRIAL,16,utilizar técnicas de tratamiento de datos,skill/competence,cross-sector,0.6818,http://data.europa.eu/esco/skill/1b70a55d-b8a4-49fc-96c6-15ab4cff2522
ESPOL,Escuela Superior Politécnica del Litoral,INGENIERÍA INDUSTRIAL,17,gestionar sistemas de instrumentación,skill/competence,cross-sector,0.6795,http://data.europa.eu/esco/skill/5d71a91f-cc72-4b66-b6e3-d75ecc05e235
ESPOL,Escuela Superior Politécnica del Litoral,INGENIERÍA INDUSTRIAL,18,desarrollar normas y procedimientos de fabricación,skill/competence,cross-sector,0.6783,http://data.europa.eu/esco/skill/764db027-9063-4468-acb3-c73ecfc76f35
ESPOL,Escuela Superior Politécnica del Litoral,INGENIERÍA INDUSTRIAL,19,integrar productos nuevos en la cadena de fabricación,skill/competence,cross-sector,0.6782,http://data.europa.eu/esco/skill/8a753714-9a19-4418-9b37-77e79d72c705
ESPOL,Escuela Superior Politécnica del Litoral,INGENIERÍA INDUSTRIAL,20,realizar investigación estratégica,skill/competence,cross-sector,0.6772,http://data.europa.eu/esco/skill/0aa02c52-077d-45f8-8c2d-7132c11ac16e
ESPOL,Escuela Superior Politécnica del Litoral,INGENIERÍA INDUSTRIAL,21,resolver problemas de sistemas TIC,skill/competence,cross-sector,0.6765,http://data.europa.eu/esco/skill/9e06bac6-6b91-48ca-8b7d-c1f48cdecd7c
ESPOL,Escuela Superior Politécnica del Litoral,INGENIERÍA INDUSTRIAL,22,"aplicar conocimientos científicos, tecnológicos y de ingeniería",skill/competence,transversal,0.6761,http://data.europa.eu/esco/skill/5c3ab99d-a3f1-4620-9602-d12d2151a03d
ESPOL,Escuela Superior Politécnica del Litoral,INGENIERÍA INDUSTRIAL,23,gestionar objetivos a medio plazo,skill/competence,cross-sector,0.6752,http://data.europa.eu/esco/skill/f077719c-82ff-4035-9426-47c5eb554454
ESPOL,Escuela Superior Politécnica del Litoral,INGENIERÍA INDUSTRIAL,24,recopilar información técnica,skill/competence,cross-sector,0.6749,http://data.europa.eu/esco/skill/0b8da079-f587-403f-a6ad-cd18b8150044
ESPOL,Escuela Superior Politécnica del Litoral,INGENIERÍA INDUSTRIAL,25,aplicar métodos de análisis estadísticos,skill/competence,cross-sector,0.6737,http://data.europa.eu/esco/skill/382c11ed-20d5-4ae7-b60e-15fec527fa6c
ESPOL,Escuela Superior Politécnica del Litoral,MECÁNICA,1,realizar todas las actividades de ingeniería de procesos,skill/competence,cross-sector,0.6927,http://data.europa.eu/esco/skill/8b9d609a-6d62-4d5c-9133-01d41979cfac
ESPOL,Escuela Superior Politécnica del Litoral,MECÁNICA,2,desarrollar normas y procedimientos de fabricación,skill/competence,cross-sector,0.6812,http://data.europa.eu/esco/skill/764db027-9063-4468-acb3-c73ecfc76f35
ESPOL,Escuela Superior Politécnica del Litoral,MECÁNICA,3,diseñar componentes de ingeniería,skill/competence,cross-sector,0.6781,http://data.europa.eu/esco/skill/87434439-c07d-48be-af34-b0cdd03121c4
ESPOL,Escuela Superior Politécnica del Litoral,MECÁNICA,4,"aplicar conocimientos científicos, tecnológicos y de ingeniería",skill/competence,transversal,0.6762,http://data.europa.eu/esco/skill/5c3ab99d-a3f1-4620-9602-d12d2151a03d
ESPOL,Escuela Superior Politécnica del Litoral,MECÁNICA,5,aprobar un diseño técnico,skill/competence,cross-sector,0.6752,http://data.europa.eu/esco/skill/f54c10e4-630d-4e50-95e9-4e9e268e8f12
ESPOL,Escuela Superior Politécnica del Litoral,MECÁNICA,6,gestionar proyectos de ingeniería,skill/competence,cross-sector,0.6747,http://data.europa.eu/esco/skill/6a899482-8bcf-40ca-ae67-579a1cc467ab
ESPOL,Escuela Superior Politécnica del Litoral,MECÁNICA,7,proporcionar experiencia técnica,skill/competence,cross-sector,0.6734,http://data.europa.eu/esco/skill/c69587b4-05d3-45bb-b79b-9b85e6603fc2
ESPOL,Escuela Superior Politécnica del Litoral,MECÁNICA,8,desarrollar procedimientos de ensayo de materiales,skill/competence,cross-sector,0.6723,http://data.europa.eu/esco/skill/658b6ea0-79f5-451d-a037-7593a4416c85
ESPOL,Escuela Superior Politécnica del Litoral,MECÁNICA,9,gestionar empresas de producción,skill/competence,cross-sector,0.6716,http://data.europa.eu/esco/skill/435d1751-8667-41ec-8b32-865b7cd3c684
ESPOL,Escuela Superior Politécnica del Litoral,MECÁNICA,10,diseñar planos técnicos,skill/competence,cross-sector,0.6684,http://data.europa.eu/esco/skill/5c98825f-146d-4d35-97cf-207b2afd9ae2
ESPOL,Escuela Superior Politécnica del Litoral,MECÁNICA,11,realizar trabajos técnicos difíciles,skill/competence,cross-sector,0.6681,http://data.europa.eu/esco/skill/2d780738-9b34-40a3-adbb-590001f6ff86
ESPOL,Escuela Superior Politécnica del Litoral,MECÁNICA,12,planificar procesos de fabricación,skill/competence,cross-sector,0.6669,http://data.europa.eu/esco/skill/7d0f33ea-e724-4d77-8b75-ee4fe66bb9ba
ESPOL,Escuela Superior Politécnica del Litoral,MECÁNICA,13,diseñar componentes de automatización,skill/competence,cross-sector,0.6606,http://data.europa.eu/esco/skill/f96f5aa5-6ed7-40dc-a431-68b0a09d6d4b
ESPOL,Escuela Superior Politécnica del Litoral,MECÁNICA,14,ensamblar el producto final,skill/competence,cross-sector,0.6558,http://data.europa.eu/esco/skill/66f088b3-85d5-458e-8c6a-a7d7b678d16d
ESPOL,Escuela Superior Politécnica del Litoral,MECÁNICA,15,calcular duración del trabajo,skill/competence,cross-sector,0.6539,http://data.europa.eu/esco/skill/e207163b-7963-4c3e-9494-7a4bb000211b
ESPOL,Escuela Superior Politécnica del Litoral,MECÁNICA,16,elaborar fórmulas de fabricación,skill/competence,cross-sector,0.6526,http://data.europa.eu/esco/skill/b2ad4e50-cb82-4a34-ab3e-5b5f6c4f9b65
ESPOL,Escuela Superior Politécnica del Litoral,MECÁNICA,17,participar en las operaciones cotidianas de la empresa,skill/competence,cross-sector,0.6509,http://data.europa.eu/esco/skill/ce4cbc3a-bde0-43b4-9526-e643c4fe5b04
ESPOL,Escuela Superior Politécnica del Litoral,MECÁNICA,18,coordinar equipos de ingeniería,skill/competence,cross-sector,0.6502,http://data.europa.eu/esco/skill/7af6e9e8-1e11-4c0b-b7c6-ac96bbbbc674
ESPOL,Escuela Superior Politécnica del Litoral,MECÁNICA,19,proporcionar orientación profesional,skill/competence,cross-sector,0.6499,http://data.europa.eu/esco/skill/fd88851f-4d1d-4de8-aee1-4464c3012969
ESPOL,Escuela Superior Politécnica del Litoral,MECÁNICA,20,proyecto,knowledge,cross-sector,0.6491,http://data.europa.eu/esco/skill/d1072655-88ce-4445-8803-e6273da273e7
ESPOL,Escuela Superior Politécnica del Litoral,MECÁNICA,21,diseñar procesos,skill/competence,cross-sector,0.649,http://data.europa.eu/esco/skill/2c28fc20-8a60-4311-8899-5ef8729c05b3
ESPOL,Escuela Superior Politécnica del Litoral,MECÁNICA,22,diseñar sistemas de control,skill/competence,cross-sector,0.6469,http://data.europa.eu/esco/skill/d560df46-dda4-4407-bab2-b87353a96814
ESPOL,Escuela Superior Politécnica del Litoral,MECÁNICA,23,desarrollar sistemas de instrumentación,skill/competence,cross-sector,0.6445,http://data.europa.eu/esco/skill/d8c19849-f4cf-458d-90cd-abe735a729bf
ESPOL,Escuela Superior Politécnica del Litoral,MECÁNICA,24,escribir manuales,skill/competence,cross-sector,0.6444,http://data.europa.eu/esco/skill/cbd9cd0f-6c22-4bbc-8af2-dc9c7f5efcb5
ESPOL,Escuela Superior Politécnica del Litoral,MECÁNICA,25,realizar diseños técnicos de artículos de moda,skill/competence,cross-sector,0.6441,http://data.europa.eu/esco/skill/881cd4ec-5b52-46c6-abc4-60551d58b355
ESPOL,Escuela Superior Politécnica del Litoral,MATERIALES,1,desarrollar procedimientos de ensayo de materiales,skill/competence,cross-sector,0.7061,http://data.europa.eu/esco/skill/658b6ea0-79f5-451d-a037-7593a4416c85
ESPOL,Escuela Superior Politécnica del Litoral,MATERIALES,2,economía circular,knowledge,cross-sector,0.6915,http://data.europa.eu/esco/skill/22c45bf7-e52b-475f-847b-c32a87f65a5d
ESPOL,Escuela Superior Politécnica del Litoral,MATERIALES,3,identificar nuevas oportunidades de reciclaje,skill/competence,cross-sector,0.68,http://data.europa.eu/esco/skill/89f5fa96-ae45-4906-902c-d50ca51009c6
ESPOL,Escuela Superior Politécnica del Litoral,MATERIALES,4,fabricar productos químicos,skill/competence,cross-sector,0.6735,http://data.europa.eu/esco/skill/4309a39d-af97-4e56-8d0e-5351b7b8dd01
ESPOL,Escuela Superior Politécnica del Litoral,MATERIALES,5,producir productos sostenibles,skill/competence,cross-sector,0.6674,http://data.europa.eu/esco/skill/97725325-5287-4ebb-9f83-1ba2c38f465c
ESPOL,Escuela Superior Politécnica del Litoral,MATERIALES,6,utilizar materiales y componentes sostenibles,skill/competence,cross-sector,0.6626,http://data.europa.eu/esco/skill/73576419-31c2-4e45-8e30-ab1afec3db4e
ESPOL,Escuela Superior Politécnica del Litoral,MATERIALES,7,analizar estrategias de gestión de la cadena de suministro,skill/competence,cross-sector,0.6615,http://data.europa.eu/esco/skill/96d549bb-3e62-4c45-92a7-f114df089581
ESPOL,Escuela Superior Politécnica del Litoral,MATERIALES,8,analizar procesos de producción para introducir mejoras,skill/competence,cross-sector,0.66,http://data.europa.eu/esco/skill/f1b5800e-b763-4740-9586-3fef30568e81
ESPOL,Escuela Superior Politécnica del Litoral,MATERIALES,9,desarrollar nuevas técnicas de soldadura,skill/competence,cross-sector,0.6595,http://data.europa.eu/esco/skill/d73a88a6-6325-4c2b-887c-5d598580afad
ESPOL,Escuela Superior Politécnica del Litoral,MATERIALES,10,asesorar sobre soluciones sostenibles,skill/competence,cross-sector,0.6576,http://data.europa.eu/esco/skill/dbef5042-4b99-4e6f-b2ed-1d33b07b3ed6
ESPOL,Escuela Superior Politécnica del Litoral,MATERIALES,11,comprobar la calidad de la materia prima,skill/competence,cross-sector,0.6576,http://data.europa.eu/esco/skill/a93011ca-e6ab-4182-8a05-4d4b282cff27
ESPOL,Escuela Superior Politécnica del Litoral,MATERIALES,12,probar los materiales,skill/competence,cross-sector,0.656,http://data.europa.eu/esco/skill/0415142d-6921-4f8d-832b-6271382b8193
ESPOL,Escuela Superior Politécnica del Litoral,MATERIALES,13,desarrollar normas y procedimientos de fabricación,skill/competence,cross-sector,0.6537,http://data.europa.eu/esco/skill/764db027-9063-4468-acb3-c73ecfc76f35
ESPOL,Escuela Superior Politécnica del Litoral,MATERIALES,14,examinar principios de ingeniería,skill/competence,cross-sector,0.6512,http://data.europa.eu/esco/skill/8bc1c7da-c832-4896-a441-30d087c46aad
ESPOL,Escuela Superior Politécnica del Litoral,MATERIALES,15,adoptar vías para reducir el impacto negativo del consumo,skill/competence,transversal,0.6511,http://data.europa.eu/esco/skill/4c3ab565-747c-4db3-8c47-79e8d6f98cf4
ESPOL,Escuela Superior Politécnica del Litoral,MATERIALES,16,determinar si los materiales son idóneos,skill/competence,cross-sector,0.6509,http://data.europa.eu/esco/skill/26514334-a6b2-47d6-ae86-490f5ee972f7
ESPOL,Escuela Superior Politécnica del Litoral,MATERIALES,17,diseñar procesos,skill/competence,cross-sector,0.6479,http://data.europa.eu/esco/skill/2c28fc20-8a60-4311-8899-5ef8729c05b3
ESPOL,Escuela Superior Politécnica del Litoral,MATERIALES,18,seleccionar materiales para el proceso de transformación,skill/competence,cross-sector,0.6478,http://data.europa.eu/esco/skill/d55e3866-3ec1-4bbb-b946-2c16696d0dcb
ESPOL,Escuela Superior Politécnica del Litoral,MATERIALES,19,analizar procesos empresariales,skill/competence,cross-sector,0.6448,http://data.europa.eu/esco/skill/56042303-972b-41be-9310-58467599ff7e
ESPOL,Escuela Superior Politécnica del Litoral,MATERIALES,20,realizar el control de procesos en la industria de prendas de vestir,skill/competence,cross-sector,0.6443,http://data.europa.eu/esco/skill/58c080f9-71d5-429d-9476-bc9e742d460c
ESPOL,Escuela Superior Politécnica del Litoral,MATERIALES,21,evaluar la adecuación de metales para usos específicos,skill/competence,cross-sector,0.6438,http://data.europa.eu/esco/skill/d1041406-2c24-4177-9b64-406621a8865e
ESPOL,Escuela Superior Politécnica del Litoral,MATERIALES,22,elaborar fórmulas de fabricación,skill/competence,cross-sector,0.6412,http://data.europa.eu/esco/skill/b2ad4e50-cb82-4a34-ab3e-5b5f6c4f9b65
ESPOL,Escuela Superior Politécnica del Litoral,MATERIALES,23,ingeniería de materiales,knowledge,cross-sector,0.6411,http://data.europa.eu/esco/skill/614fdb7f-637f-4501-a80a-53c14a9804e5
ESPOL,Escuela Superior Politécnica del Litoral,MATERIALES,24,desarrollar estrategias de recuperación ambiental,skill/competence,cross-sector,0.6407,http://data.europa.eu/esco/skill/e4ff825c-7376-4135-93cd-3892fd67b7c1
ESPOL,Escuela Superior Politécnica del Litoral,MATERIALES,25,mejorar procesos químicos,skill/competence,cross-sector,0.6406,http://data.europa.eu/esco/skill/451c8010-7dbb-4f96-b4d4-0955766d9eff
ESPOL,Escuela Superior Politécnica del Litoral,PETRÓLEOS,1,desarrollar procedimientos de ensayo de materiales,skill/competence,cross-sector,0.6282,http://data.europa.eu/esco/skill/658b6ea0-79f5-451d-a037-7593a4416c85
ESPOL,Escuela Superior Politécnica del Litoral,PETRÓLEOS,2,"aplicar conocimientos científicos, tecnológicos y de ingeniería",skill/competence,transversal,0.6177,http://data.europa.eu/esco/skill/5c3ab99d-a3f1-4620-9602-d12d2151a03d
ESPOL,Escuela Superior Politécnica del Litoral,PETRÓLEOS,3,realizar todas las actividades de ingeniería de procesos,skill/competence,cross-sector,0.6141,http://data.europa.eu/esco/skill/8b9d609a-6d62-4d5c-9133-01d41979cfac
ESPOL,Escuela Superior Politécnica del Litoral,PETRÓLEOS,4,gestionar proyectos de ingeniería,skill/competence,cross-sector,0.613,http://data.europa.eu/esco/skill/6a899482-8bcf-40ca-ae67-579a1cc467ab
ESPOL,Escuela Superior Politécnica del Litoral,PETRÓLEOS,5,coordinar equipos de ingeniería,skill/competence,cross-sector,0.6105,http://data.europa.eu/esco/skill/7af6e9e8-1e11-4c0b-b7c6-ac96bbbbc674
ESPOL,Escuela Superior Politécnica del Litoral,PETRÓLEOS,6,evaluar el impacto ambiental de yacimientos y zonas industriales,skill/competence,cross-sector,0.6062,http://data.europa.eu/esco/skill/f12f094b-492f-4e88-b36b-50b8e58b7500
ESPOL,Escuela Superior Politécnica del Litoral,PETRÓLEOS,7,Interactuar de manera profesional en entornos de investigación y profesionales,skill/competence,cross-sector,0.6038,http://data.europa.eu/esco/skill/20a8fe89-d4eb-4698-8521-8881c13377e0
ESPOL,Escuela Superior Politécnica del Litoral,PETRÓLEOS,8,diseñar componentes de ingeniería,skill/competence,cross-sector,0.6012,http://data.europa.eu/esco/skill/87434439-c07d-48be-af34-b0cdd03121c4
ESPOL,Escuela Superior Politécnica del Litoral,PETRÓLEOS,9,proyecto,knowledge,cross-sector,0.5972,http://data.europa.eu/esco/skill/d1072655-88ce-4445-8803-e6273da273e7
ESPOL,Escuela Superior Politécnica del Litoral,PETRÓLEOS,10,diseñar escombreras de minas,skill/competence,cross-sector,0.5959,http://data.europa.eu/esco/skill/cfbe1cdb-1738-45a1-b442-75cbda1fff06
ESPOL,Escuela Superior Politécnica del Litoral,PETRÓLEOS,11,desarrollar procedimientos de prueba,skill/competence,cross-sector,0.5959,http://data.europa.eu/esco/skill/f10142ce-d522-49c3-9fd1-054fb63529d4
ESPOL,Escuela Superior Politécnica del Litoral,PETRÓLEOS,12,ingeniería ambiental,knowledge,cross-sector,0.5929,http://data.europa.eu/esco/skill/b1b118c4-3291-484e-b64d-6d51fd5da8b3
ESPOL,Escuela Superior Politécnica del Litoral,PETRÓLEOS,13,realizar investigaciones de laboratorio,skill/competence,cross-sector,0.5922,http://data.europa.eu/esco/skill/9e8863fc-e8de-4df1-9bc6-3d5dd85b8070
ESPOL,Escuela Superior Politécnica del Litoral,PETRÓLEOS,14,desarrollar normas y procedimientos de fabricación,skill/competence,cross-sector,0.5919,http://data.europa.eu/esco/skill/764db027-9063-4468-acb3-c73ecfc76f35
ESPOL,Escuela Superior Politécnica del Litoral,PETRÓLEOS,15,manejar equipos de extracción de hidrógeno,skill/competence,cross-sector,0.5918,http://data.europa.eu/esco/skill/d2fd219f-5cb1-4f67-8db5-be6c5fc865c7
ESPOL,Escuela Superior Politécnica del Litoral,PETRÓLEOS,16,crear especificaciones de proyectos,skill/competence,cross-sector,0.5915,http://data.europa.eu/esco/skill/21fecc8a-392e-49ce-ac26-fb0696ccfead
ESPOL,Escuela Superior Politécnica del Litoral,PETRÓLEOS,17,elaborar software estadístico,skill/competence,cross-sector,0.5911,http://data.europa.eu/esco/skill/bb165899-d95f-4433-95f2-173fefd716d2
ESPOL,Escuela Superior Politécnica del Litoral,PETRÓLEOS,18,proporcionar experiencia técnica,skill/competence,cross-sector,0.5893,http://data.europa.eu/esco/skill/c69587b4-05d3-45bb-b79b-9b85e6603fc2
ESPOL,Escuela Superior Politécnica del Litoral,PETRÓLEOS,19,mejorar procesos químicos,skill/competence,cross-sector,0.5892,http://data.europa.eu/esco/skill/451c8010-7dbb-4f96-b4d4-0955766d9eff
ESPOL,Escuela Superior Politécnica del Litoral,PETRÓLEOS,20,evaluar las necesidades energéticas,skill/competence,cross-sector,0.587,http://data.europa.eu/esco/skill/36fccad9-1d20-4104-bcc2-a8ea9d1ce5ea
ESPOL,Escuela Superior Politécnica del Litoral,PETRÓLEOS,21,calcular duración del trabajo,skill/competence,cross-sector,0.5867,http://data.europa.eu/esco/skill/e207163b-7963-4c3e-9494-7a4bb000211b
ESPOL,Escuela Superior Politécnica del Litoral,PETRÓLEOS,22,desarrollar estrategias en materia de salud y seguridad en minería,skill/competence,cross-sector,0.5862,http://data.europa.eu/esco/skill/15725b82-9608-4579-abdf-adf91982dad9
ESPOL,Escuela Superior Politécnica del Litoral,PETRÓLEOS,23,supervisar sistemas de gestión ambiental,skill/competence,cross-sector,0.5857,http://data.europa.eu/esco/skill/b13e0689-636d-42d0-86c3-df9d6f85a882
ESPOL,Escuela Superior Politécnica del Litoral,PETRÓLEOS,24,ingeniería de protección contra los incendios,knowledge,cross-sector,0.5855,http://data.europa.eu/esco/skill/6633d687-cb8d-4743-a69c-cfb963fe4f4c
ESPOL,Escuela Superior Politécnica del Litoral,PETRÓLEOS,25,diseñar procesos,skill/competence,cross-sector,0.5845,http://data.europa.eu/esco/skill/2c28fc20-8a60-4311-8899-5ef8729c05b3
ESPOL,Escuela Superior Politécnica del Litoral,GEOLOGÍA,1,evaluar el impacto ambiental de yacimientos y zonas industriales,skill/competence,cross-sector,0.6864,http://data.europa.eu/esco/skill/f12f094b-492f-4e88-b36b-50b8e58b7500
ESPOL,Escuela Superior Politécnica del Litoral,GEOLOGÍA,2,gestionar impacto ambiental,skill/competence,cross-sector,0.6395,http://data.europa.eu/esco/skill/d3a8ef9c-8572-438c-91dc-010537070be3
ESPOL,Escuela Superior Politécnica del Litoral,GEOLOGÍA,3,enseñar geografía,skill/competence,cross-sector,0.6379,http://data.europa.eu/esco/skill/be040651-f357-45d0-9e1a-d98245be6546
ESPOL,Escuela Superior Politécnica del Litoral,GEOLOGÍA,4,determinar riesgos de incendios,skill/competence,cross-sector,0.6293,http://data.europa.eu/esco/skill/2e04c512-6867-49c5-ad58-0797b8fbddf2
ESPOL,Escuela Superior Politécnica del Litoral,GEOLOGÍA,5,investigar accidentes laborales,skill/competence,cross-sector,0.6229,http://data.europa.eu/esco/skill/2cbb31ac-2403-4c31-90f3-7473623a56fc
ESPOL,Escuela Superior Politécnica del Litoral,GEOLOGÍA,6,gestionar el impacto medioambiental de las operaciones,skill/competence,cross-sector,0.6182,http://data.europa.eu/esco/skill/d86babea-bf8b-4552-81a8-daf706066ad6
ESPOL,Escuela Superior Politécnica del Litoral,GEOLOGÍA,7,"aplicar conocimientos científicos, tecnológicos y de ingeniería",skill/competence,transversal,0.6172,http://data.europa.eu/esco/skill/5c3ab99d-a3f1-4620-9602-d12d2151a03d
ESPOL,Escuela Superior Politécnica del Litoral,GEOLOGÍA,8,detectar peligros en el lugar de trabajo,skill/competence,cross-sector,0.6165,http://data.europa.eu/esco/skill/5f97fac8-2001-4b81-ae8b-22f9062d921a
ESPOL,Escuela Superior Politécnica del Litoral,GEOLOGÍA,9,realizar mediciones relacionadas con el trabajo,skill/competence,cross-sector,0.6164,http://data.europa.eu/esco/skill/ab75d510-ac75-482d-b671-bb3bad741f07
ESPOL,Escuela Superior Politécnica del Litoral,GEOLOGÍA,10,asesorar sobre sistemas de gestión de riesgos ambientales,skill/competence,cross-sector,0.6158,http://data.europa.eu/esco/skill/a366bfc5-8d17-4792-a9f0-db0951528dda
ESPOL,Escuela Superior Politécnica del Litoral,GEOLOGÍA,11,desarrollar procedimientos de ensayo de materiales,skill/competence,cross-sector,0.6156,http://data.europa.eu/esco/skill/658b6ea0-79f5-451d-a037-7593a4416c85
ESPOL,Escuela Superior Politécnica del Litoral,GEOLOGÍA,12,asesorar sobre temas relacionados con la meteorología,skill/competence,cross-sector,0.6155,http://data.europa.eu/esco/skill/274ad409-c740-4e85-852b-7e3f3168b9ca
ESPOL,Escuela Superior Politécnica del Litoral,GEOLOGÍA,13,desarrollar estrategias de rehabilitación tras inundaciones,skill/competence,cross-sector,0.6143,http://data.europa.eu/esco/skill/6b5d032a-b85a-44ea-9dad-5201048d2dd2
ESPOL,Escuela Superior Politécnica del Litoral,GEOLOGÍA,14,Interactuar de manera profesional en entornos de investigación y profesionales,skill/competence,cross-sector,0.614,http://data.europa.eu/esco/skill/20a8fe89-d4eb-4698-8521-8881c13377e0
ESPOL,Escuela Superior Politécnica del Litoral,GEOLOGÍA,15,asesorar sobre mejoras de seguridad,skill/competence,cross-sector,0.613,http://data.europa.eu/esco/skill/37838e04-ac5f-43a5-82d0-35f42351fd60
ESPOL,Escuela Superior Politécnica del Litoral,GEOLOGÍA,16,tener conciencia de los riesgos sanitarios,skill/competence,transversal,0.6129,http://data.europa.eu/esco/skill/c4180af3-befd-4bd8-9a65-6a496f9d9f15
ESPOL,Escuela Superior Politécnica del Litoral,GEOLOGÍA,17,geología,knowledge,cross-sector,0.6125,http://data.europa.eu/esco/skill/8bdd25f8-4b6e-40fe-a2cf-c1badc594114
ESPOL,Escuela Superior Politécnica del Litoral,GEOLOGÍA,18,gestionar residuos,skill/competence,cross-sector,0.6118,http://data.europa.eu/esco/skill/73a9561d-112c-4d8a-9d5f-b2c11c5bbd5f
ESPOL,Escuela Superior Politécnica del Litoral,GEOLOGÍA,19,informar a los trabajadores sobre los riesgos laborales,skill/competence,cross-sector,0.6101,http://data.europa.eu/esco/skill/ef1b72a4-7f39-47e8-985a-a541db616dcf
ESPOL,Escuela Superior Politécnica del Litoral,GEOLOGÍA,20,supervisar el funcionamiento de los equipos,skill/competence,cross-sector,0.6057,http://data.europa.eu/esco/skill/ca17f0df-59e4-4ed2-9360-fc5325bc7151
ESPOL,Escuela Superior Politécnica del Litoral,GEOLOGÍA,21,inspeccionar construcciones mar adentro,skill/competence,cross-sector,0.6056,http://data.europa.eu/esco/skill/013a64b9-5e74-4f7f-af5b-9ec76715238b
ESPOL,Escuela Superior Politécnica del Litoral,GEOLOGÍA,22,prestar asistencia en investigaciones científicas,skill/competence,cross-sector,0.6045,http://data.europa.eu/esco/skill/d6179c4b-ff5a-4bbb-a3c8-e0acf0de1f56
ESPOL,Escuela Superior Politécnica del Litoral,GEOLOGÍA,23,analizar estados de edificios,skill/competence,cross-sector,0.6043,http://data.europa.eu/esco/skill/98119761-07b9-4e27-ae16-23586ab4becb
ESPOL,Escuela Superior Politécnica del Litoral,GEOLOGÍA,24,realizar investigación estratégica,skill/competence,cross-sector,0.6036,http://data.europa.eu/esco/skill/0aa02c52-077d-45f8-8c2d-7132c11ac16e
ESPOL,Escuela Superior Politécnica del Litoral,GEOLOGÍA,25,evaluar las necesidades energéticas,skill/competence,cross-sector,0.6032,http://data.europa.eu/esco/skill/36fccad9-1d20-4104-bcc2-a8ea9d1ce5ea
ESPOL,Escuela Superior Politécnica del Litoral,MATEMÁTICA,1,realizar cálculos,skill/competence,transversal,0.7123,http://data.europa.eu/esco/skill/19ba11f3-9c99-41fd-a7c9-f77e6a026186
ESPOL,Escuela Superior Politécnica del Litoral,MATEMÁTICA,2,asesorar al alumnado,skill/competence,cross-sector,0.7099,http://data.europa.eu/esco/skill/f7940b22-764a-43f0-9642-f60f5897109b
ESPOL,Escuela Superior Politécnica del Litoral,MATEMÁTICA,3,proporcionar orientación profesional,skill/competence,cross-sector,0.6754,http://data.europa.eu/esco/skill/fd88851f-4d1d-4de8-aee1-4464c3012969
ESPOL,Escuela Superior Politécnica del Litoral,MATEMÁTICA,4,ejecutar cálculos matemáticos analíticos,skill/competence,cross-sector,0.6654,http://data.europa.eu/esco/skill/31c69100-b612-4a61-8db5-fd314318854c
ESPOL,Escuela Superior Politécnica del Litoral,MATEMÁTICA,5,asesorar sobre mejoras de seguridad,skill/competence,cross-sector,0.6645,http://data.europa.eu/esco/skill/37838e04-ac5f-43a5-82d0-35f42351fd60
ESPOL,Escuela Superior Politécnica del Litoral,MATEMÁTICA,6,Interactuar de manera profesional en entornos de investigación y profesionales,skill/competence,cross-sector,0.6639,http://data.europa.eu/esco/skill/20a8fe89-d4eb-4698-8521-8881c13377e0
ESPOL,Escuela Superior Politécnica del Litoral,MATEMÁTICA,7,resolver problemas,skill/competence,transversal,0.6541,http://data.europa.eu/esco/skill/adc6dc11-3376-467b-96c5-9b0a21edc869
ESPOL,Escuela Superior Politécnica del Litoral,MATEMÁTICA,8,elaborar políticas de economía,skill/competence,cross-sector,0.6517,http://data.europa.eu/esco/skill/8394fefb-f62a-48c0-a156-3117cefdb9b3
ESPOL,Escuela Superior Politécnica del Litoral,MATEMÁTICA,9,interpretar información matemática,skill/competence,transversal,0.6506,http://data.europa.eu/esco/skill/6fc6f757-6baa-49fe-9a82-6ba6a52f2e13
ESPOL,Escuela Superior Politécnica del Litoral,MATEMÁTICA,10,asesorar sobre el desarrollo de los planes de estudio,skill/competence,cross-sector,0.65,http://data.europa.eu/esco/skill/142a5319-60cb-42a2-891f-90ba92af18b1
ESPOL,Escuela Superior Politécnica del Litoral,MATEMÁTICA,11,crear una red profesional con investigadores y científicos,skill/competence,cross-sector,0.648,http://data.europa.eu/esco/skill/cc61f9e5-d4fc-470e-8606-1ce865ff8386
ESPOL,Escuela Superior Politécnica del Litoral,MATEMÁTICA,12,crear soluciones para problemas,skill/competence,cross-sector,0.6472,http://data.europa.eu/esco/skill/03b9b491-fc9b-4868-914a-bf7cd47b5041
ESPOL,Escuela Superior Politécnica del Litoral,MATEMÁTICA,13,evaluar los programas de estudio,skill/competence,cross-sector,0.6464,http://data.europa.eu/esco/skill/3b660a83-91c3-4c9d-8f82-2d306777a42f
ESPOL,Escuela Superior Politécnica del Litoral,MATEMÁTICA,14,asesorar sobre programas de estudio,skill/competence,cross-sector,0.6456,http://data.europa.eu/esco/skill/bd420d08-880b-43bc-a808-d46ad3115168
ESPOL,Escuela Superior Politécnica del Litoral,MATEMÁTICA,15,gestionar los aspectos financieros de una empresa,skill/competence,cross-sector,0.6447,http://data.europa.eu/esco/skill/fa6acfc3-0a4f-4192-b77d-80e94d0faf2a
ESPOL,Escuela Superior Politécnica del Litoral,MATEMÁTICA,16,desarrollar procedimientos de ensayo de materiales,skill/competence,cross-sector,0.6426,http://data.europa.eu/esco/skill/658b6ea0-79f5-451d-a037-7593a4416c85
ESPOL,Escuela Superior Politécnica del Litoral,MATEMÁTICA,17,elaborar software estadístico,skill/competence,cross-sector,0.6409,http://data.europa.eu/esco/skill/bb165899-d95f-4433-95f2-173fefd716d2
ESPOL,Escuela Superior Politécnica del Litoral,MATEMÁTICA,18,ofrecer ayuda para realizar cálculos financieros,skill/competence,cross-sector,0.6399,http://data.europa.eu/esco/skill/6bf6b5bd-6658-4338-b0ee-dc143e68e6d3
ESPOL,Escuela Superior Politécnica del Litoral,MATEMÁTICA,19,llevar a cabo investigaciones multidisciplinarias,skill/competence,cross-sector,0.6387,http://data.europa.eu/esco/skill/f7b071bf-4882-4cfc-ae0a-7e0e0ab94c61
ESPOL,Escuela Superior Politécnica del Litoral,MATEMÁTICA,20,redactar propuestas de investigación,skill/competence,cross-sector,0.6379,http://data.europa.eu/esco/skill/0ee7b0d6-db98-4785-9948-f2ef415d155a
ESPOL,Escuela Superior Politécnica del Litoral,MATEMÁTICA,21,enseñar en contextos académicos o profesionales,skill/competence,cross-sector,0.6378,http://data.europa.eu/esco/skill/4cd85845-f31c-4306-994d-e12d45114d83
ESPOL,Escuela Superior Politécnica del Litoral,MATEMÁTICA,22,desarrollar procedimientos de prueba,skill/competence,cross-sector,0.6352,http://data.europa.eu/esco/skill/f10142ce-d522-49c3-9fd1-054fb63529d4
ESPOL,Escuela Superior Politécnica del Litoral,MATEMÁTICA,23,redactar artículos científicos o académicos y documentos técnicos,skill/competence,cross-sector,0.6341,http://data.europa.eu/esco/skill/00b9a3aa-7070-4bb5-8020-f228a97cf42f
ESPOL,Escuela Superior Politécnica del Litoral,MATEMÁTICA,24,realizar estudios de mercado,skill/competence,cross-sector,0.633,http://data.europa.eu/esco/skill/fe39d4db-4cb5-4299-bb9f-896c8fd6ab13
ESPOL,Escuela Superior Politécnica del Litoral,MATEMÁTICA,25,contactar con científicos,skill/competence,cross-sector,0.6323,http://data.europa.eu/esco/skill/3c6cd54b-e206-47a4-90c8-d19ff4523f34
ESPOL,Escuela Superior Politécnica del Litoral,ECONOMÍA,1,elaborar políticas de economía,skill/competence,cross-sector,0.692,http://data.europa.eu/esco/skill/8394fefb-f62a-48c0-a156-3117cefdb9b3
ESPOL,Escuela Superior Politécnica del Litoral,ECONOMÍA,2,tener en cuenta los criterios económicos en la toma de decisiones,skill/competence,cross-sector,0.6634,http://data.europa.eu/esco/skill/d41262ae-eca1-4ede-89a8-46d2d99a7a31
ESPOL,Escuela Superior Politécnica del Litoral,ECONOMÍA,3,analizar el riesgo financiero,skill/competence,cross-sector,0.6591,http://data.europa.eu/esco/skill/eb8babfb-ab91-4937-a032-6a79f82e9b7f
ESPOL,Escuela Superior Politécnica del Litoral,ECONOMÍA,4,pronosticar niveles futuros de desarrollo empresarial,skill/competence,cross-sector,0.6571,http://data.europa.eu/esco/skill/ab167ae1-dfd8-4607-8dc4-d6d500622e1d
ESPOL,Escuela Superior Politécnica del Litoral,ECONOMÍA,5,economía,knowledge,cross-sector,0.6565,http://data.europa.eu/esco/skill/88af9294-b697-4687-ae19-aefbb6234dfa
ESPOL,Escuela Superior Politécnica del Litoral,ECONOMÍA,6,proporcionar orientación profesional,skill/competence,cross-sector,0.6534,http://data.europa.eu/esco/skill/fd88851f-4d1d-4de8-aee1-4464c3012969
ESPOL,Escuela Superior Politécnica del Litoral,ECONOMÍA,7,evaluar la información y sus fuentes de una manera crítica,skill/competence,transversal,0.6516,http://data.europa.eu/esco/skill/db33c0f3-43ee-4ba3-ba47-9269ac837697
ESPOL,Escuela Superior Politécnica del Litoral,ECONOMÍA,8,analizar las tendencias económicas,skill/competence,cross-sector,0.6501,http://data.europa.eu/esco/skill/5f302d63-048e-451c-b150-97c124a5a26b
ESPOL,Escuela Superior Politécnica del Litoral,ECONOMÍA,9,analizar los factores externos a una empresa,skill/competence,cross-sector,0.6497,http://data.europa.eu/esco/skill/ce5b1446-b5e3-4f05-a5ac-83f2ee142a44
ESPOL,Escuela Superior Politécnica del Litoral,ECONOMÍA,10,asesorar sobre el desarrollo económico,skill/competence,cross-sector,0.6483,http://data.europa.eu/esco/skill/384ed14c-bf1f-4a65-aef6-6e711f43c4ce
ESPOL,Escuela Superior Politécnica del Litoral,ECONOMÍA,11,evaluar la formación,skill/competence,cross-sector,0.6481,http://data.europa.eu/esco/skill/728ad40d-4a79-4b4d-b77b-a48d094d73fa
ESPOL,Escuela Superior Politécnica del Litoral,ECONOMÍA,12,evaluar los programas de estudio,skill/competence,cross-sector,0.647,http://data.europa.eu/esco/skill/3b660a83-91c3-4c9d-8f82-2d306777a42f
ESPOL,Escuela Superior Politécnica del Litoral,ECONOMÍA,13,"llevar a cabo análisis de factores políticos, económicos, sociales, tecnológicos, ambientales y jurídicos",skill/competence,cross-sector,0.645,http://data.europa.eu/esco/skill/9979e727-3104-42e0-8f41-4af2578111ea
ESPOL,Escuela Superior Politécnica del Litoral,ECONOMÍA,14,aconsejar sobre cursos de formación,skill/competence,cross-sector,0.6404,http://data.europa.eu/esco/skill/90267570-aad1-4c54-9c9c-5a1a5847a819
ESPOL,Escuela Superior Politécnica del Litoral,ECONOMÍA,15,realizar un análisis empresarial,skill/competence,cross-sector,0.6387,http://data.europa.eu/esco/skill/27ed854c-15b8-4ba2-90e9-ae888a219703
ESPOL,Escuela Superior Politécnica del Litoral,ECONOMÍA,16,enseñar principios de gestión empresarial,skill/competence,cross-sector,0.6365,http://data.europa.eu/esco/skill/29d3663f-348a-4b67-a8db-b94fd3912385
ESPOL,Escuela Superior Politécnica del Litoral,ECONOMÍA,17,adaptar la formación al mercado laboral,skill/competence,cross-sector,0.636,http://data.europa.eu/esco/skill/b4832996-b36c-40b2-b54e-780325b2546e
ESPOL,Escuela Superior Politécnica del Litoral,ECONOMÍA,18,aplicar conocimientos de ciencias sociales y humanidades,skill/competence,transversal,0.6343,http://data.europa.eu/esco/skill/deb3c1bc-d48a-42e6-b0cc-cb238534ec28
ESPOL,Escuela Superior Politécnica del Litoral,ECONOMÍA,19,gestionar programas de formación en la empresa,skill/competence,cross-sector,0.634,http://data.europa.eu/esco/skill/6e66fa0f-4d3b-415e-9693-dc556eb5112a
ESPOL,Escuela Superior Politécnica del Litoral,ECONOMÍA,20,gestionar recursos financieros y materiales,skill/competence,transversal,0.6335,http://data.europa.eu/esco/skill/1ddc021d-d818-4731-904f-842d7491f419
ESPOL,Escuela Superior Politécnica del Litoral,ECONOMÍA,21,afrontar problemas con actitud crítica,skill/competence,cross-sector,0.6334,http://data.europa.eu/esco/skill/b9f16465-56a9-426b-a047-0f9f1f95ec92
ESPOL,Escuela Superior Politécnica del Litoral,ECONOMÍA,22,evaluar la viabilidad financiera,skill/competence,cross-sector,0.6314,http://data.europa.eu/esco/skill/e95058a6-e139-42e7-a470-72038a606649
ESPOL,Escuela Superior Politécnica del Litoral,ECONOMÍA,23,identificar las necesidades de educación,skill/competence,cross-sector,0.6303,http://data.europa.eu/esco/skill/7c89d065-c50d-4129-b963-b73e62e58ba4
ESPOL,Escuela Superior Politécnica del Litoral,ECONOMÍA,24,asesorar sobre el desarrollo de los planes de estudio,skill/competence,cross-sector,0.629,http://data.europa.eu/esco/skill/142a5319-60cb-42a2-891f-90ba92af18b1
ESPOL,Escuela Superior Politécnica del Litoral,ECONOMÍA,25,identificar mercados potenciales para empresas,skill/competence,cross-sector,0.6286,http://data.europa.eu/esco/skill/e5635e02-2d34-4a8c-b8ca-556d45e9b20e
ESPOL,Escuela Superior Politécnica del Litoral,ADMINISTRACIÓN DE EMPRESAS,1,gestionar recursos financieros y materiales,skill/competence,transversal,0.7097,http://data.europa.eu/esco/skill/1ddc021d-d818-4731-904f-842d7491f419
ESPOL,Escuela Superior Politécnica del Litoral,ADMINISTRACIÓN DE EMPRESAS,2,realizar un análisis empresarial,skill/competence,cross-sector,0.6862,http://data.europa.eu/esco/skill/27ed854c-15b8-4ba2-90e9-ae888a219703
ESPOL,Escuela Superior Politécnica del Litoral,ADMINISTRACIÓN DE EMPRESAS,3,gestionar los aspectos financieros de una empresa,skill/competence,cross-sector,0.6858,http://data.europa.eu/esco/skill/fa6acfc3-0a4f-4192-b77d-80e94d0faf2a
ESPOL,Escuela Superior Politécnica del Litoral,ADMINISTRACIÓN DE EMPRESAS,4,elaborar políticas de economía,skill/competence,cross-sector,0.683,http://data.europa.eu/esco/skill/8394fefb-f62a-48c0-a156-3117cefdb9b3
ESPOL,Escuela Superior Politécnica del Litoral,ADMINISTRACIÓN DE EMPRESAS,5,analizar estrategias de gestión de la cadena de suministro,skill/competence,cross-sector,0.681,http://data.europa.eu/esco/skill/96d549bb-3e62-4c45-92a7-f114df089581
ESPOL,Escuela Superior Politécnica del Litoral,ADMINISTRACIÓN DE EMPRESAS,6,evaluar los programas de estudio,skill/competence,cross-sector,0.6788,http://data.europa.eu/esco/skill/3b660a83-91c3-4c9d-8f82-2d306777a42f
ESPOL,Escuela Superior Politécnica del Litoral,ADMINISTRACIÓN DE EMPRESAS,7,elaborar las estrategias empresariales,skill/competence,cross-sector,0.6757,http://data.europa.eu/esco/skill/ba2c6181-b036-40b4-8f6d-51499463ccbb
ESPOL,Escuela Superior Politécnica del Litoral,ADMINISTRACIÓN DE EMPRESAS,8,formar equipos dentro de la empresa en base a las competencias,skill/competence,cross-sector,0.6737,http://data.europa.eu/esco/skill/f1155d3f-fbca-4298-a31c-f6955653bacf
ESPOL,Escuela Superior Politécnica del Litoral,ADMINISTRACIÓN DE EMPRESAS,9,realizar investigación estratégica,skill/competence,cross-sector,0.671,http://data.europa.eu/esco/skill/0aa02c52-077d-45f8-8c2d-7132c11ac16e
ESPOL,Escuela Superior Politécnica del Litoral,ADMINISTRACIÓN DE EMPRESAS,10,gestionar programas de formación en la empresa,skill/competence,cross-sector,0.6708,http://data.europa.eu/esco/skill/6e66fa0f-4d3b-415e-9693-dc556eb5112a
ESPOL,Escuela Superior Politécnica del Litoral,ADMINISTRACIÓN DE EMPRESAS,11,evaluar la viabilidad financiera,skill/competence,cross-sector,0.6688,http://data.europa.eu/esco/skill/e95058a6-e139-42e7-a470-72038a606649
ESPOL,Escuela Superior Politécnica del Litoral,ADMINISTRACIÓN DE EMPRESAS,12,elaborar programas de formación corporativos,skill/competence,cross-sector,0.6688,http://data.europa.eu/esco/skill/ebff1a39-7261-49cd-9cb2-88f565e8dc26
ESPOL,Escuela Superior Politécnica del Litoral,ADMINISTRACIÓN DE EMPRESAS,13,gestionar objetivos a medio plazo,skill/competence,cross-sector,0.6686,http://data.europa.eu/esco/skill/f077719c-82ff-4035-9426-47c5eb554454
ESPOL,Escuela Superior Politécnica del Litoral,ADMINISTRACIÓN DE EMPRESAS,14,gestionar empresas de producción,skill/competence,cross-sector,0.6666,http://data.europa.eu/esco/skill/435d1751-8667-41ec-8b32-865b7cd3c684
ESPOL,Escuela Superior Politécnica del Litoral,ADMINISTRACIÓN DE EMPRESAS,15,desarrollar políticas de la organización,skill/competence,cross-sector,0.6647,http://data.europa.eu/esco/skill/3254275d-a1b5-4640-9481-02f38780ac35
ESPOL,Escuela Superior Politécnica del Litoral,ADMINISTRACIÓN DE EMPRESAS,16,evaluar presupuestos,skill/competence,cross-sector,0.6642,http://data.europa.eu/esco/skill/6556cbf1-d5c0-4f53-89a9-8707066069a6
ESPOL,Escuela Superior Politécnica del Litoral,ADMINISTRACIÓN DE EMPRESAS,17,crear soluciones para problemas,skill/competence,cross-sector,0.6641,http://data.europa.eu/esco/skill/03b9b491-fc9b-4868-914a-bf7cd47b5041
ESPOL,Escuela Superior Politécnica del Litoral,ADMINISTRACIÓN DE EMPRESAS,18,analizar planes de empresa,skill/competence,cross-sector,0.6628,http://data.europa.eu/esco/skill/5da3c765-10a3-49eb-934c-ec401ceb1a34
ESPOL,Escuela Superior Politécnica del Litoral,ADMINISTRACIÓN DE EMPRESAS,19,procesos de evaluación,knowledge,cross-sector,0.6613,http://data.europa.eu/esco/skill/31b67516-af16-4b97-8430-a8a8e0f84190
ESPOL,Escuela Superior Politécnica del Litoral,ADMINISTRACIÓN DE EMPRESAS,20,analizar la capacidad del personal,skill/competence,cross-sector,0.6593,http://data.europa.eu/esco/skill/d58a48d1-5b7f-4028-ae11-b051d13ee1a8
ESPOL,Escuela Superior Politécnica del Litoral,ADMINISTRACIÓN DE EMPRESAS,21,"llevar a cabo análisis de factores políticos, económicos, sociales, tecnológicos, ambientales y jurídicos",skill/competence,cross-sector,0.6586,http://data.europa.eu/esco/skill/9979e727-3104-42e0-8f41-4af2578111ea
ESPOL,Escuela Superior Politécnica del Litoral,ADMINISTRACIÓN DE EMPRESAS,22,elaborar una evaluación de riesgos,skill/competence,cross-sector,0.6585,http://data.europa.eu/esco/skill/594bd121-9614-4e87-9ecf-6ccb95507efe
ESPOL,Escuela Superior Politécnica del Litoral,ADMINISTRACIÓN DE EMPRESAS,23,definir la estructura corporativa,skill/competence,cross-sector,0.6554,http://data.europa.eu/esco/skill/72731261-d7b0-4e6d-bbde-5c76c85934d0
ESPOL,Escuela Superior Politécnica del Litoral,ADMINISTRACIÓN DE EMPRESAS,24,gestionar conocimientos empresariales,skill/competence,cross-sector,0.6551,http://data.europa.eu/esco/skill/41bf7ede-fc84-4a57-8c89-b548d11b0ba1
ESPOL,Escuela Superior Politécnica del Litoral,ADMINISTRACIÓN DE EMPRESAS,25,analizar el entorno informático de una organización,skill/competence,cross-sector,0.6548,http://data.europa.eu/esco/skill/9714735d-6f60-440b-bdbc-aaf45ebcbe78
UPS,Universidad Politécnica Salesiana,COMPUTACIÓN,1,programación informática,knowledge,cross-sector,0.6933,http://data.europa.eu/esco/skill/21d2f96d-35f7-4e3f-9745-c533d2dd6e97
UPS,Universidad Politécnica Salesiana,COMPUTACIÓN,2,crear soluciones para problemas,skill/competence,cross-sector,0.6905,http://data.europa.eu/esco/skill/03b9b491-fc9b-4868-914a-bf7cd47b5041
UPS,Universidad Politécnica Salesiana,COMPUTACIÓN,3,resolver problemas,skill/competence,transversal,0.6818,http://data.europa.eu/esco/skill/adc6dc11-3376-467b-96c5-9b0a21edc869
UPS,Universidad Politécnica Salesiana,COMPUTACIÓN,4,resolver problemas técnicos,skill/competence,cross-sector,0.6763,http://data.europa.eu/esco/skill/14832d87-2f2f-4895-b290-e4760ebae42a
UPS,Universidad Politécnica Salesiana,COMPUTACIÓN,5,tener competencias informáticas,skill/competence,cross-sector,0.6753,http://data.europa.eu/esco/skill/d15ce60f-ddab-41ce-ba56-398451b77b60
UPS,Universidad Politécnica Salesiana,COMPUTACIÓN,6,hacer uso de capacidades de programación básicas,skill/competence,transversal,0.6737,http://data.europa.eu/esco/skill/bf4d884f-c848-402a-b130-69c266b04164
UPS,Universidad Politécnica Salesiana,COMPUTACIÓN,7,informática,knowledge,cross-sector,0.6723,http://data.europa.eu/esco/skill/7b5cce4d-c7fe-4119-b48f-70aa05391787
UPS,Universidad Politécnica Salesiana,COMPUTACIÓN,8,crear soluciones para problemas informativos,skill/competence,cross-sector,0.6708,http://data.europa.eu/esco/skill/4539aeca-b56f-4d03-ba86-8f675a7f2536
UPS,Universidad Politécnica Salesiana,COMPUTACIÓN,9,diseñar procesos,skill/competence,cross-sector,0.67,http://data.europa.eu/esco/skill/2c28fc20-8a60-4311-8899-5ef8729c05b3
UPS,Universidad Politécnica Salesiana,COMPUTACIÓN,10,proporcionar documentación para el usuario,skill/competence,cross-sector,0.6627,http://data.europa.eu/esco/skill/385479b7-5da5-4367-9763-0d15b41bb65b
UPS,Universidad Politécnica Salesiana,COMPUTACIÓN,11,detectar necesidades tecnológicas,skill/competence,cross-sector,0.6621,http://data.europa.eu/esco/skill/42fcf80d-7b45-40f3-bd2f-5411c4c0dfa0
UPS,Universidad Politécnica Salesiana,COMPUTACIÓN,12,resolver problemas operativos,skill/competence,cross-sector,0.6606,http://data.europa.eu/esco/skill/334e3e49-fb02-4051-809a-f06adfdc1c40
UPS,Universidad Politécnica Salesiana,COMPUTACIÓN,13,interpretar información matemática,skill/competence,transversal,0.6564,http://data.europa.eu/esco/skill/6fc6f757-6baa-49fe-9a82-6ba6a52f2e13
UPS,Universidad Politécnica Salesiana,COMPUTACIÓN,14,resolver problemas de sistemas TIC,skill/competence,cross-sector,0.6542,http://data.europa.eu/esco/skill/9e06bac6-6b91-48ca-8b7d-c1f48cdecd7c
UPS,Universidad Politécnica Salesiana,COMPUTACIÓN,15,realizar cálculos,skill/competence,transversal,0.6536,http://data.europa.eu/esco/skill/19ba11f3-9c99-41fd-a7c9-f77e6a026186
UPS,Universidad Politécnica Salesiana,COMPUTACIÓN,16,llevar a cabo investigaciones científicas,skill/competence,cross-sector,0.6522,http://data.europa.eu/esco/skill/4fabca9a-7435-4f33-b1da-3cdb00340fdc
UPS,Universidad Politécnica Salesiana,COMPUTACIÓN,17,desarrollar normas y procedimientos de fabricación,skill/competence,cross-sector,0.6507,http://data.europa.eu/esco/skill/764db027-9063-4468-acb3-c73ecfc76f35
UPS,Universidad Politécnica Salesiana,COMPUTACIÓN,18,utilizar las tecnologías digitales con creatividad,skill/competence,cross-sector,0.6503,http://data.europa.eu/esco/skill/1a4cc54f-1e53-442b-a6d2-1682dc8ef8f9
UPS,Universidad Politécnica Salesiana,COMPUTACIÓN,19,mantener soporte físico informático,skill/competence,cross-sector,0.6482,http://data.europa.eu/esco/skill/c77db25e-bb51-4a10-b2ad-99b48b1b4a37
UPS,Universidad Politécnica Salesiana,COMPUTACIÓN,20,aplicar las políticas de la empresa,skill/competence,cross-sector,0.647,http://data.europa.eu/esco/skill/0a43729f-2a79-4dae-9faa-95520daae79f
UPS,Universidad Politécnica Salesiana,COMPUTACIÓN,21,procesar información cualitativa,skill/competence,cross-sector,0.6467,http://data.europa.eu/esco/skill/9af1bd12-01bd-4d6a-947b-69e64f23150a
UPS,Universidad Politécnica Salesiana,COMPUTACIÓN,22,detectar y corregir errores de las tecnologías de la información y de las comunicaciones,skill/competence,cross-sector,0.6452,http://data.europa.eu/esco/skill/744442ac-c157-4350-8be0-ce454df4f5c5
UPS,Universidad Politécnica Salesiana,COMPUTACIÓN,23,desarrollar normas de información,skill/competence,cross-sector,0.6433,http://data.europa.eu/esco/skill/1b3fc0e0-c6f9-45fc-9c6e-14bbba662979
UPS,Universidad Politécnica Salesiana,COMPUTACIÓN,24,aplicar competencias matemáticas,skill/competence,cross-sector,0.6433,http://data.europa.eu/esco/skill/5dd01a1e-7ba0-4b7f-a76c-ed811c12bfde
UPS,Universidad Politécnica Salesiana,COMPUTACIÓN,25,Proponer soluciones tecnológicas a problemas empresariales,skill/competence,cross-sector,0.6426,http://data.europa.eu/esco/skill/07e51c60-763a-4335-b4ec-70a15f66d328
UPS,Universidad Politécnica Salesiana,ELECTRÓNICA Y AUTOMATIZACIÓN,1,diseñar componentes de automatización,skill/competence,cross-sector,0.7378,http://data.europa.eu/esco/skill/f96f5aa5-6ed7-40dc-a431-68b0a09d6d4b
UPS,Universidad Politécnica Salesiana,ELECTRÓNICA Y AUTOMATIZACIÓN,2,montar equipos de instrumentación,skill/competence,cross-sector,0.7248,http://data.europa.eu/esco/skill/af0b1937-7538-434f-871b-7e8f72e04117
UPS,Universidad Politécnica Salesiana,ELECTRÓNICA Y AUTOMATIZACIÓN,3,integrar productos nuevos en la cadena de fabricación,skill/competence,cross-sector,0.7227,http://data.europa.eu/esco/skill/8a753714-9a19-4418-9b37-77e79d72c705
UPS,Universidad Politécnica Salesiana,ELECTRÓNICA Y AUTOMATIZACIÓN,4,desarrollar procedimientos de prueba electrónica,skill/competence,cross-sector,0.7221,http://data.europa.eu/esco/skill/0de6bca4-f3aa-452a-8e10-d355b2c1bfc4
UPS,Universidad Politécnica Salesiana,ELECTRÓNICA Y AUTOMATIZACIÓN,5,electrónica,knowledge,cross-sector,0.7193,http://data.europa.eu/esco/skill/95c35c3a-035f-47c2-90cf-7e934d20fc08
UPS,Universidad Politécnica Salesiana,ELECTRÓNICA Y AUTOMATIZACIÓN,6,operar sistemas de control informatizados,skill/competence,cross-sector,0.7156,http://data.europa.eu/esco/skill/b916d60e-38e9-4241-914a-4e2144bda711
UPS,Universidad Politécnica Salesiana,ELECTRÓNICA Y AUTOMATIZACIÓN,7,gestionar sistemas de instrumentación,skill/competence,cross-sector,0.7155,http://data.europa.eu/esco/skill/5d71a91f-cc72-4b66-b6e3-d75ecc05e235
UPS,Universidad Politécnica Salesiana,ELECTRÓNICA Y AUTOMATIZACIÓN,8,desarrollar sistemas de instrumentación,skill/competence,cross-sector,0.7115,http://data.europa.eu/esco/skill/d8c19849-f4cf-458d-90cd-abe735a729bf
UPS,Universidad Politécnica Salesiana,ELECTRÓNICA Y AUTOMATIZACIÓN,9,aplicar métodos de producción avanzados,skill/competence,cross-sector,0.7082,http://data.europa.eu/esco/skill/4f0e579d-ca7b-427c-ace6-9e2de3eb19c7
UPS,Universidad Politécnica Salesiana,ELECTRÓNICA Y AUTOMATIZACIÓN,10,software para procesos industriales,knowledge,cross-sector,0.7071,http://data.europa.eu/esco/skill/41ec47dd-08b3-464a-9c45-c706f3e74467
UPS,Universidad Politécnica Salesiana,ELECTRÓNICA Y AUTOMATIZACIÓN,11,planificar procesos de fabricación,skill/competence,cross-sector,0.7046,http://data.europa.eu/esco/skill/7d0f33ea-e724-4d77-8b75-ee4fe66bb9ba
UPS,Universidad Politécnica Salesiana,ELECTRÓNICA Y AUTOMATIZACIÓN,12,proporcionar experiencia técnica,skill/competence,cross-sector,0.7017,http://data.europa.eu/esco/skill/c69587b4-05d3-45bb-b79b-9b85e6603fc2
UPS,Universidad Politécnica Salesiana,ELECTRÓNICA Y AUTOMATIZACIÓN,13,mejorar procesos empresariales,skill/competence,cross-sector,0.7007,http://data.europa.eu/esco/skill/75b30aeb-34c0-40f4-b77d-271d75a98b14
UPS,Universidad Politécnica Salesiana,ELECTRÓNICA Y AUTOMATIZACIÓN,14,desarrollar normas y procedimientos de fabricación,skill/competence,cross-sector,0.7001,http://data.europa.eu/esco/skill/764db027-9063-4468-acb3-c73ecfc76f35
UPS,Universidad Politécnica Salesiana,ELECTRÓNICA Y AUTOMATIZACIÓN,15,verificar las exigencias de fabricación,skill/competence,cross-sector,0.6955,http://data.europa.eu/esco/skill/277f489c-7a47-4791-bd87-61ca01737f96
UPS,Universidad Politécnica Salesiana,ELECTRÓNICA Y AUTOMATIZACIÓN,16,diseñar sistemas electrónicos,skill/competence,cross-sector,0.6922,http://data.europa.eu/esco/skill/feb717ff-fba6-4a91-aa10-ee11cf2da6b4
UPS,Universidad Politécnica Salesiana,ELECTRÓNICA Y AUTOMATIZACIÓN,17,impartir formación sobre cómo supervisar la gestión de la calidad,skill/competence,cross-sector,0.692,http://data.europa.eu/esco/skill/09e7cd13-ea36-4694-afe5-f34373759392
UPS,Universidad Politécnica Salesiana,ELECTRÓNICA Y AUTOMATIZACIÓN,18,gestionar empresas de producción,skill/competence,cross-sector,0.6914,http://data.europa.eu/esco/skill/435d1751-8667-41ec-8b32-865b7cd3c684
UPS,Universidad Politécnica Salesiana,ELECTRÓNICA Y AUTOMATIZACIÓN,19,elaborar fórmulas de fabricación,skill/competence,cross-sector,0.6913,http://data.europa.eu/esco/skill/b2ad4e50-cb82-4a34-ab3e-5b5f6c4f9b65
UPS,Universidad Politécnica Salesiana,ELECTRÓNICA Y AUTOMATIZACIÓN,20,programar controles de equipos,skill/competence,cross-sector,0.6912,http://data.europa.eu/esco/skill/5fc0d7d8-bb81-4c1e-b420-e0f1ef8c2743
UPS,Universidad Politécnica Salesiana,ELECTRÓNICA Y AUTOMATIZACIÓN,21,evaluar las necesidades energéticas,skill/competence,cross-sector,0.6887,http://data.europa.eu/esco/skill/36fccad9-1d20-4104-bcc2-a8ea9d1ce5ea
UPS,Universidad Politécnica Salesiana,ELECTRÓNICA Y AUTOMATIZACIÓN,22,controlar la producción,skill/competence,cross-sector,0.6876,http://data.europa.eu/esco/skill/feceacee-d425-4e73-821a-02dfb85084db
UPS,Universidad Politécnica Salesiana,ELECTRÓNICA Y AUTOMATIZACIÓN,23,establecer normas para plantas de producción,skill/competence,cross-sector,0.6873,http://data.europa.eu/esco/skill/d154e48f-95b4-4ce6-907e-4a44d50129fe
UPS,Universidad Politécnica Salesiana,ELECTRÓNICA Y AUTOMATIZACIÓN,24,diseñar sistemas eléctricos,skill/competence,cross-sector,0.6863,http://data.europa.eu/esco/skill/05010f6c-0b40-4525-ac4a-057d46a2b6f4
UPS,Universidad Politécnica Salesiana,ELECTRÓNICA Y AUTOMATIZACIÓN,25,diseñar sistemas de control,skill/competence,cross-sector,0.6849,http://data.europa.eu/esco/skill/d560df46-dda4-4407-bab2-b87353a96814
UPS,Universidad Politécnica Salesiana,ELECTRICIDAD,1,coordinar equipos de ingeniería,skill/competence,cross-sector,0.7038,http://data.europa.eu/esco/skill/7af6e9e8-1e11-4c0b-b7c6-ac96bbbbc674
UPS,Universidad Politécnica Salesiana,ELECTRICIDAD,2,"aplicar conocimientos científicos, tecnológicos y de ingeniería",skill/competence,transversal,0.6835,http://data.europa.eu/esco/skill/5c3ab99d-a3f1-4620-9602-d12d2151a03d
UPS,Universidad Politécnica Salesiana,ELECTRICIDAD,3,proyecto,knowledge,cross-sector,0.6695,http://data.europa.eu/esco/skill/d1072655-88ce-4445-8803-e6273da273e7
UPS,Universidad Politécnica Salesiana,ELECTRICIDAD,4,proporcionar experiencia técnica,skill/competence,cross-sector,0.6682,http://data.europa.eu/esco/skill/c69587b4-05d3-45bb-b79b-9b85e6603fc2
UPS,Universidad Politécnica Salesiana,ELECTRICIDAD,5,diseñar componentes de ingeniería,skill/competence,cross-sector,0.6666,http://data.europa.eu/esco/skill/87434439-c07d-48be-af34-b0cdd03121c4
UPS,Universidad Politécnica Salesiana,ELECTRICIDAD,6,desarrollar normas y procedimientos de fabricación,skill/competence,cross-sector,0.6638,http://data.europa.eu/esco/skill/764db027-9063-4468-acb3-c73ecfc76f35
UPS,Universidad Politécnica Salesiana,ELECTRICIDAD,7,principios de ingeniería,knowledge,cross-sector,0.6634,http://data.europa.eu/esco/skill/209a5498-3449-4689-8ed9-bd08cab4fd78
UPS,Universidad Politécnica Salesiana,ELECTRICIDAD,8,ingeniería ambiental,knowledge,cross-sector,0.6613,http://data.europa.eu/esco/skill/b1b118c4-3291-484e-b64d-6d51fd5da8b3
UPS,Universidad Politécnica Salesiana,ELECTRICIDAD,9,integrar los principios de la ingeniería en el diseño arquitectónico,skill/competence,cross-sector,0.6604,http://data.europa.eu/esco/skill/ee239d14-bfc8-4939-91ff-824b5814ff67
UPS,Universidad Politécnica Salesiana,ELECTRICIDAD,10,gestionar proyectos de ingeniería,skill/competence,cross-sector,0.6598,http://data.europa.eu/esco/skill/6a899482-8bcf-40ca-ae67-579a1cc467ab
UPS,Universidad Politécnica Salesiana,ELECTRICIDAD,11,examinar principios de ingeniería,skill/competence,cross-sector,0.6588,http://data.europa.eu/esco/skill/8bc1c7da-c832-4896-a441-30d087c46aad
UPS,Universidad Politécnica Salesiana,ELECTRICIDAD,12,actuar de enlace con los ingenieros,skill/competence,cross-sector,0.6567,http://data.europa.eu/esco/skill/c5c51528-ccfc-4c53-b409-c200aaa44222
UPS,Universidad Politécnica Salesiana,ELECTRICIDAD,13,supervisar el funcionamiento de los equipos,skill/competence,cross-sector,0.6548,http://data.europa.eu/esco/skill/ca17f0df-59e4-4ed2-9360-fc5325bc7151
UPS,Universidad Politécnica Salesiana,ELECTRICIDAD,14,evaluar las necesidades energéticas,skill/competence,cross-sector,0.6522,http://data.europa.eu/esco/skill/36fccad9-1d20-4104-bcc2-a8ea9d1ce5ea
UPS,Universidad Politécnica Salesiana,ELECTRICIDAD,15,llevar a cabo investigaciones científicas,skill/competence,cross-sector,0.651,http://data.europa.eu/esco/skill/4fabca9a-7435-4f33-b1da-3cdb00340fdc
UPS,Universidad Politécnica Salesiana,ELECTRICIDAD,16,desarrollar procedimientos de ensayo de materiales,skill/competence,cross-sector,0.6495,http://data.europa.eu/esco/skill/658b6ea0-79f5-451d-a037-7593a4416c85
UPS,Universidad Politécnica Salesiana,ELECTRICIDAD,17,crear soluciones para problemas,skill/competence,cross-sector,0.649,http://data.europa.eu/esco/skill/03b9b491-fc9b-4868-914a-bf7cd47b5041
UPS,Universidad Politécnica Salesiana,ELECTRICIDAD,18,Interactuar de manera profesional en entornos de investigación y profesionales,skill/competence,cross-sector,0.6482,http://data.europa.eu/esco/skill/20a8fe89-d4eb-4698-8521-8881c13377e0
UPS,Universidad Politécnica Salesiana,ELECTRICIDAD,19,diseñar sistemas de control,skill/competence,cross-sector,0.6477,http://data.europa.eu/esco/skill/d560df46-dda4-4407-bab2-b87353a96814
UPS,Universidad Politécnica Salesiana,ELECTRICIDAD,20,comunicar y colaborar con ingenieros sobre diseño de productos y desarrollo de productos nuevos,skill/competence,cross-sector,0.6464,http://data.europa.eu/esco/skill/94b2c46e-6338-4a1d-950a-d44eef018c53
UPS,Universidad Politécnica Salesiana,ELECTRICIDAD,21,realizar todas las actividades de ingeniería de procesos,skill/competence,cross-sector,0.6462,http://data.europa.eu/esco/skill/8b9d609a-6d62-4d5c-9133-01d41979cfac
UPS,Universidad Politécnica Salesiana,ELECTRICIDAD,22,crear especificaciones de proyectos,skill/competence,cross-sector,0.6449,http://data.europa.eu/esco/skill/21fecc8a-392e-49ce-ac26-fb0696ccfead
UPS,Universidad Politécnica Salesiana,ELECTRICIDAD,23,informar de posibles riesgos en los equipos,skill/competence,cross-sector,0.6405,http://data.europa.eu/esco/skill/34a80161-73fd-4a45-b135-ead89d4f37ee
UPS,Universidad Politécnica Salesiana,ELECTRICIDAD,24,interpretar esquemas eléctricos,skill/competence,cross-sector,0.6371,http://data.europa.eu/esco/skill/fe96f581-4905-4282-819c-922c68bda989
UPS,Universidad Politécnica Salesiana,ELECTRICIDAD,25,resolver problemas,skill/competence,transversal,0.636,http://data.europa.eu/esco/skill/adc6dc11-3376-467b-96c5-9b0a21edc869
UPS,Universidad Politécnica Salesiana,TELECOMUNICACIONES,1,desarrollar estrategias de comunicación,skill/competence,cross-sector,0.755,http://data.europa.eu/esco/skill/3c834f6e-523a-49ee-8ed1-e073e28ae6fe
UPS,Universidad Politécnica Salesiana,TELECOMUNICACIONES,2,coordinar actividades de planificación comercial,skill/competence,cross-sector,0.7179,http://data.europa.eu/esco/skill/90398aca-82b7-4f56-8e0f-814d949162b4
UPS,Universidad Politécnica Salesiana,TELECOMUNICACIONES,3,elaborar las estrategias empresariales,skill/competence,cross-sector,0.7141,http://data.europa.eu/esco/skill/ba2c6181-b036-40b4-8f6d-51499463ccbb
UPS,Universidad Politécnica Salesiana,TELECOMUNICACIONES,4,gestionar proyectos de investigación y desarrollo,skill/competence,cross-sector,0.7133,http://data.europa.eu/esco/skill/d5dbc342-8e39-4998-8237-ebbe05a381ce
UPS,Universidad Politécnica Salesiana,TELECOMUNICACIONES,5,coordinar comunicaciones remotas,skill/competence,cross-sector,0.7096,http://data.europa.eu/esco/skill/9bafaea2-76cd-4532-ab77-8b3d21fa6235
UPS,Universidad Politécnica Salesiana,TELECOMUNICACIONES,6,crear una red profesional con investigadores y científicos,skill/competence,cross-sector,0.7091,http://data.europa.eu/esco/skill/cc61f9e5-d4fc-470e-8606-1ce865ff8386
UPS,Universidad Politécnica Salesiana,TELECOMUNICACIONES,7,construir redes,skill/competence,transversal,0.7076,http://data.europa.eu/esco/skill/bf983f2a-e941-4646-811d-cc81060cb53f
UPS,Universidad Politécnica Salesiana,TELECOMUNICACIONES,8,coordinar equipos de ingeniería,skill/competence,cross-sector,0.7037,http://data.europa.eu/esco/skill/7af6e9e8-1e11-4c0b-b7c6-ac96bbbbc674
UPS,Universidad Politécnica Salesiana,TELECOMUNICACIONES,9,realizar gestión de clientes,skill/competence,cross-sector,0.7029,http://data.europa.eu/esco/skill/91306a20-9b81-4f3d-97eb-f5368b607da7
UPS,Universidad Politécnica Salesiana,TELECOMUNICACIONES,10,gestionar las comunicaciones visuales,skill/competence,cross-sector,0.6961,http://data.europa.eu/esco/skill/50b96d21-f2eb-4f35-a8d3-77eee15ef51f
UPS,Universidad Politécnica Salesiana,TELECOMUNICACIONES,11,coordinar programas educativos,skill/competence,cross-sector,0.6932,http://data.europa.eu/esco/skill/9525dcdf-5085-4143-bbae-544263acd63a
UPS,Universidad Politécnica Salesiana,TELECOMUNICACIONES,12,asesorar sobre estrategias de comunicación,skill/competence,cross-sector,0.6892,http://data.europa.eu/esco/skill/69f36674-440a-4fa0-89f9-1b70172ebb9d
UPS,Universidad Politécnica Salesiana,TELECOMUNICACIONES,13,diseñar sistemas de transporte,skill/competence,cross-sector,0.6852,http://data.europa.eu/esco/skill/11f364dd-0814-4398-b00e-10d1be8b27af
UPS,Universidad Politécnica Salesiana,TELECOMUNICACIONES,14,comunicarse de forma profesional con colegas en otros campos,skill/competence,cross-sector,0.6827,http://data.europa.eu/esco/skill/574bf430-50a1-4734-9719-a823e7d80b10
UPS,Universidad Politécnica Salesiana,TELECOMUNICACIONES,15,impartir formación en empresas,skill/competence,cross-sector,0.6827,http://data.europa.eu/esco/skill/d2a9f2d0-9de7-44ce-a168-590b85234f20
UPS,Universidad Politécnica Salesiana,TELECOMUNICACIONES,16,"organizar información, objetos y recursos",skill/competence,transversal,0.6826,http://data.europa.eu/esco/skill/6b305973-8993-475f-bd8a-daf037c61401
UPS,Universidad Politécnica Salesiana,TELECOMUNICACIONES,17,detectar y corregir errores de las tecnologías de la información y de las comunicaciones,skill/competence,cross-sector,0.682,http://data.europa.eu/esco/skill/744442ac-c157-4350-8be0-ce454df4f5c5
UPS,Universidad Politécnica Salesiana,TELECOMUNICACIONES,18,coordinar campañas publicitarias,skill/competence,cross-sector,0.6792,http://data.europa.eu/esco/skill/ae6af2c6-890d-40a7-9849-326a8c21df76
UPS,Universidad Politécnica Salesiana,TELECOMUNICACIONES,19,ingeniería de telecomunicaciones,knowledge,cross-sector,0.679,http://data.europa.eu/esco/skill/14764a75-3104-4875-ba1d-57c059b9b013
UPS,Universidad Politécnica Salesiana,TELECOMUNICACIONES,20,comunicarse con los jefes y directivos,skill/competence,cross-sector,0.678,http://data.europa.eu/esco/skill/f14ff4b7-be1e-4b55-b39b-520005f8a97e
UPS,Universidad Politécnica Salesiana,TELECOMUNICACIONES,21,gestionar empresas de producción,skill/competence,cross-sector,0.6769,http://data.europa.eu/esco/skill/435d1751-8667-41ec-8b32-865b7cd3c684
UPS,Universidad Politécnica Salesiana,TELECOMUNICACIONES,22,gestionar conocimientos empresariales,skill/competence,cross-sector,0.6766,http://data.europa.eu/esco/skill/41bf7ede-fc84-4a57-8c89-b548d11b0ba1
UPS,Universidad Politécnica Salesiana,TELECOMUNICACIONES,23,crear soluciones para problemas,skill/competence,cross-sector,0.6737,http://data.europa.eu/esco/skill/03b9b491-fc9b-4868-914a-bf7cd47b5041
UPS,Universidad Politécnica Salesiana,TELECOMUNICACIONES,24,diseñar sistemas de control,skill/competence,cross-sector,0.6737,http://data.europa.eu/esco/skill/d560df46-dda4-4407-bab2-b87353a96814
UPS,Universidad Politécnica Salesiana,TELECOMUNICACIONES,25,comunicarse con los usuarios de los servicios sociales,skill/competence,cross-sector,0.6724,http://data.europa.eu/esco/skill/e8828961-9e8e-471f-bd24-0673a7e844ef
UPS,Universidad Politécnica Salesiana,MECATRÓNICA,1,mecatrónica,knowledge,cross-sector,0.7451,http://data.europa.eu/esco/skill/d88cb3f1-8e02-4618-bf32-4b0488066934
UPS,Universidad Politécnica Salesiana,MECATRÓNICA,2,diseñar componentes de automatización,skill/competence,cross-sector,0.7241,http://data.europa.eu/esco/skill/f96f5aa5-6ed7-40dc-a431-68b0a09d6d4b
UPS,Universidad Politécnica Salesiana,MECATRÓNICA,3,gestionar sistemas de instrumentación,skill/competence,cross-sector,0.7102,http://data.europa.eu/esco/skill/5d71a91f-cc72-4b66-b6e3-d75ecc05e235
UPS,Universidad Politécnica Salesiana,MECATRÓNICA,4,coordinar equipos de ingeniería,skill/competence,cross-sector,0.7093,http://data.europa.eu/esco/skill/7af6e9e8-1e11-4c0b-b7c6-ac96bbbbc674
UPS,Universidad Politécnica Salesiana,MECATRÓNICA,5,integrar productos nuevos en la cadena de fabricación,skill/competence,cross-sector,0.6999,http://data.europa.eu/esco/skill/8a753714-9a19-4418-9b37-77e79d72c705
UPS,Universidad Politécnica Salesiana,MECATRÓNICA,6,desarrollar sistemas de instrumentación,skill/competence,cross-sector,0.6982,http://data.europa.eu/esco/skill/d8c19849-f4cf-458d-90cd-abe735a729bf
UPS,Universidad Politécnica Salesiana,MECATRÓNICA,7,gestionar varios proyectos,skill/competence,cross-sector,0.6977,http://data.europa.eu/esco/skill/c881ddd2-9c0e-4743-bd24-36be650493dd
UPS,Universidad Politécnica Salesiana,MECATRÓNICA,8,desarrollar normas y procedimientos de fabricación,skill/competence,cross-sector,0.6941,http://data.europa.eu/esco/skill/764db027-9063-4468-acb3-c73ecfc76f35
UPS,Universidad Politécnica Salesiana,MECATRÓNICA,9,proporcionar experiencia técnica,skill/competence,cross-sector,0.6928,http://data.europa.eu/esco/skill/c69587b4-05d3-45bb-b79b-9b85e6603fc2
UPS,Universidad Politécnica Salesiana,MECATRÓNICA,10,gestionar empresas de producción,skill/competence,cross-sector,0.6914,http://data.europa.eu/esco/skill/435d1751-8667-41ec-8b32-865b7cd3c684
UPS,Universidad Politécnica Salesiana,MECATRÓNICA,11,montar equipos de instrumentación,skill/competence,cross-sector,0.6907,http://data.europa.eu/esco/skill/af0b1937-7538-434f-871b-7e8f72e04117
UPS,Universidad Politécnica Salesiana,MECATRÓNICA,12,realizar trabajos técnicos difíciles,skill/competence,cross-sector,0.6851,http://data.europa.eu/esco/skill/2d780738-9b34-40a3-adbb-590001f6ff86
UPS,Universidad Politécnica Salesiana,MECATRÓNICA,13,planificar procesos de fabricación,skill/competence,cross-sector,0.6847,http://data.europa.eu/esco/skill/7d0f33ea-e724-4d77-8b75-ee4fe66bb9ba
UPS,Universidad Politécnica Salesiana,MECATRÓNICA,14,diseñar componentes de ingeniería,skill/competence,cross-sector,0.6827,http://data.europa.eu/esco/skill/87434439-c07d-48be-af34-b0cdd03121c4
UPS,Universidad Politécnica Salesiana,MECATRÓNICA,15,manejar equipos industriales,skill/competence,cross-sector,0.6803,http://data.europa.eu/esco/skill/7c632656-361e-4db1-8d69-b9f85d6be0d0
UPS,Universidad Politécnica Salesiana,MECATRÓNICA,16,realizar todas las actividades de ingeniería de procesos,skill/competence,cross-sector,0.6793,http://data.europa.eu/esco/skill/8b9d609a-6d62-4d5c-9133-01d41979cfac
UPS,Universidad Politécnica Salesiana,MECATRÓNICA,17,gestionar procesos de flujo de trabajo,skill/competence,cross-sector,0.6792,http://data.europa.eu/esco/skill/7add3681-17b6-4027-8a9d-ee92d2b96a42
UPS,Universidad Politécnica Salesiana,MECATRÓNICA,18,diseñar planos técnicos,skill/competence,cross-sector,0.6788,http://data.europa.eu/esco/skill/5c98825f-146d-4d35-97cf-207b2afd9ae2
UPS,Universidad Politécnica Salesiana,MECATRÓNICA,19,gestionar proyectos de investigación y desarrollo,skill/competence,cross-sector,0.6787,http://data.europa.eu/esco/skill/d5dbc342-8e39-4998-8237-ebbe05a381ce
UPS,Universidad Politécnica Salesiana,MECATRÓNICA,20,participar en las operaciones cotidianas de la empresa,skill/competence,cross-sector,0.6783,http://data.europa.eu/esco/skill/ce4cbc3a-bde0-43b4-9526-e643c4fe5b04
UPS,Universidad Politécnica Salesiana,MECATRÓNICA,21,actuar de enlace con los ingenieros,skill/competence,cross-sector,0.6765,http://data.europa.eu/esco/skill/c5c51528-ccfc-4c53-b409-c200aaa44222
UPS,Universidad Politécnica Salesiana,MECATRÓNICA,22,establecer directrices de fabricación,skill/competence,cross-sector,0.6747,http://data.europa.eu/esco/skill/37520413-563e-4d99-a14c-1c6dca3cf833
UPS,Universidad Politécnica Salesiana,MECATRÓNICA,23,gestionar proyectos de ingeniería,skill/competence,cross-sector,0.6743,http://data.europa.eu/esco/skill/6a899482-8bcf-40ca-ae67-579a1cc467ab
UPS,Universidad Politécnica Salesiana,MECATRÓNICA,24,trabajar en equipo en líneas de ensamble,skill/competence,cross-sector,0.6734,http://data.europa.eu/esco/skill/76dc6263-a4dc-4123-9aea-25b1fead6edd
UPS,Universidad Politécnica Salesiana,MECATRÓNICA,25,operar sistemas de control informatizados,skill/competence,cross-sector,0.6731,http://data.europa.eu/esco/skill/b916d60e-38e9-4241-914a-4e2144bda711
UPS,Universidad Politécnica Salesiana,MECÁNICA,1,proporcionar experiencia técnica,skill/competence,cross-sector,0.7043,http://data.europa.eu/esco/skill/c69587b4-05d3-45bb-b79b-9b85e6603fc2
UPS,Universidad Politécnica Salesiana,MECÁNICA,2,realizar trabajos técnicos difíciles,skill/competence,cross-sector,0.7002,http://data.europa.eu/esco/skill/2d780738-9b34-40a3-adbb-590001f6ff86
UPS,Universidad Politécnica Salesiana,MECÁNICA,3,diseñar componentes de automatización,skill/competence,cross-sector,0.6949,http://data.europa.eu/esco/skill/f96f5aa5-6ed7-40dc-a431-68b0a09d6d4b
UPS,Universidad Politécnica Salesiana,MECÁNICA,4,ingeniería industrial,knowledge,cross-sector,0.6877,http://data.europa.eu/esco/skill/a1816dfd-dbdc-4499-bef3-ff81dd895b33
UPS,Universidad Politécnica Salesiana,MECÁNICA,5,mecatrónica,knowledge,cross-sector,0.6869,http://data.europa.eu/esco/skill/d88cb3f1-8e02-4618-bf32-4b0488066934
UPS,Universidad Politécnica Salesiana,MECÁNICA,6,desarrollar normas y procedimientos de fabricación,skill/competence,cross-sector,0.6861,http://data.europa.eu/esco/skill/764db027-9063-4468-acb3-c73ecfc76f35
UPS,Universidad Politécnica Salesiana,MECÁNICA,7,sistemas mecánicos,knowledge,cross-sector,0.6793,http://data.europa.eu/esco/skill/69bece91-c806-42ad-bde4-db28c7f8fc4b
UPS,Universidad Politécnica Salesiana,MECÁNICA,8,diseñar componentes de ingeniería,skill/competence,cross-sector,0.6793,http://data.europa.eu/esco/skill/87434439-c07d-48be-af34-b0cdd03121c4
UPS,Universidad Politécnica Salesiana,MECÁNICA,9,diseñar planos técnicos,skill/competence,cross-sector,0.6701,http://data.europa.eu/esco/skill/5c98825f-146d-4d35-97cf-207b2afd9ae2
UPS,Universidad Politécnica Salesiana,MECÁNICA,10,mecánica,knowledge,cross-sector,0.6696,http://data.europa.eu/esco/skill/efa141df-f382-418f-9121-bd88fd735669
UPS,Universidad Politécnica Salesiana,MECÁNICA,11,realizar todas las actividades de ingeniería de procesos,skill/competence,cross-sector,0.6684,http://data.europa.eu/esco/skill/8b9d609a-6d62-4d5c-9133-01d41979cfac
UPS,Universidad Politécnica Salesiana,MECÁNICA,12,manejar equipos industriales,skill/competence,cross-sector,0.6683,http://data.europa.eu/esco/skill/7c632656-361e-4db1-8d69-b9f85d6be0d0
UPS,Universidad Politécnica Salesiana,MECÁNICA,13,mecánica de fluidos,knowledge,cross-sector,0.6672,http://data.europa.eu/esco/skill/87b1c959-236d-4761-b3be-b1c729497f75
UPS,Universidad Politécnica Salesiana,MECÁNICA,14,planificar procesos de fabricación,skill/competence,cross-sector,0.6658,http://data.europa.eu/esco/skill/7d0f33ea-e724-4d77-8b75-ee4fe66bb9ba
UPS,Universidad Politécnica Salesiana,MECÁNICA,15,herramientas mecánicas,knowledge,cross-sector,0.6654,http://data.europa.eu/esco/skill/44297bbb-306a-46fa-ab1b-fa3fb327ebda
UPS,Universidad Politécnica Salesiana,MECÁNICA,16,electromecánica,knowledge,cross-sector,0.6617,http://data.europa.eu/esco/skill/2bbdea06-a265-42b5-bb4f-7241b661f069
UPS,Universidad Politécnica Salesiana,MECÁNICA,17,realizar el control de procesos en la industria de prendas de vestir,skill/competence,cross-sector,0.6606,http://data.europa.eu/esco/skill/58c080f9-71d5-429d-9476-bc9e742d460c
UPS,Universidad Politécnica Salesiana,MECÁNICA,18,desarrollar procedimientos de ensayo de materiales,skill/competence,cross-sector,0.6597,http://data.europa.eu/esco/skill/658b6ea0-79f5-451d-a037-7593a4416c85
UPS,Universidad Politécnica Salesiana,MECÁNICA,19,gestionar sistemas de instrumentación,skill/competence,cross-sector,0.6595,http://data.europa.eu/esco/skill/5d71a91f-cc72-4b66-b6e3-d75ecc05e235
UPS,Universidad Politécnica Salesiana,MECÁNICA,20,instalar sistemas hidráulicos,skill/competence,cross-sector,0.6592,http://data.europa.eu/esco/skill/753b1781-ea44-4eea-b84a-f8a76fbd6c4d
UPS,Universidad Politécnica Salesiana,MECÁNICA,21,escribir manuales,skill/competence,cross-sector,0.6584,http://data.europa.eu/esco/skill/cbd9cd0f-6c22-4bbc-8af2-dc9c7f5efcb5
UPS,Universidad Politécnica Salesiana,MECÁNICA,22,realizar diseños técnicos de artículos de moda,skill/competence,cross-sector,0.6576,http://data.europa.eu/esco/skill/881cd4ec-5b52-46c6-abc4-60551d58b355
UPS,Universidad Politécnica Salesiana,MECÁNICA,23,diseño industrial,knowledge,cross-sector,0.6568,http://data.europa.eu/esco/skill/efacdaad-ab73-4056-bee3-4eb34b458bf6
UPS,Universidad Politécnica Salesiana,MECÁNICA,24,establecer directrices de fabricación,skill/competence,cross-sector,0.6563,http://data.europa.eu/esco/skill/37520413-563e-4d99-a14c-1c6dca3cf833
UPS,Universidad Politécnica Salesiana,MECÁNICA,25,diseñar procesos,skill/competence,cross-sector,0.656,http://data.europa.eu/esco/skill/2c28fc20-8a60-4311-8899-5ef8729c05b3
UPS,Universidad Politécnica Salesiana,INGENIERÍA CIVIL,1,supervisar un proyecto de construcción,skill/competence,cross-sector,0.7509,http://data.europa.eu/esco/skill/1de548e0-9535-4d2e-9d20-d4474c1ea813
UPS,Universidad Politécnica Salesiana,INGENIERÍA CIVIL,2,garantizar el cumplimiento de los plazos de construcción,skill/competence,cross-sector,0.746,http://data.europa.eu/esco/skill/6181f475-110c-497c-a46d-ed2e14e7bc90
UPS,Universidad Politécnica Salesiana,INGENIERÍA CIVIL,3,asesorar sobre temas de construcción,skill/competence,cross-sector,0.7414,http://data.europa.eu/esco/skill/3b64ab47-a874-403a-b781-7b23c2fc3c6c
UPS,Universidad Politécnica Salesiana,INGENIERÍA CIVIL,4,vigilar el cumplimiento de los parámetros de los proyectos de construcción,skill/competence,cross-sector,0.7339,http://data.europa.eu/esco/skill/3dd3dfa7-51c0-40ef-af46-e2df300489f6
UPS,Universidad Politécnica Salesiana,INGENIERÍA CIVIL,5,coordinar equipos de ingeniería,skill/competence,cross-sector,0.7335,http://data.europa.eu/esco/skill/7af6e9e8-1e11-4c0b-b7c6-ac96bbbbc674
UPS,Universidad Politécnica Salesiana,INGENIERÍA CIVIL,6,examinar las infraestructuras civiles,skill/competence,cross-sector,0.7267,http://data.europa.eu/esco/skill/d48b3cfe-80b6-406f-b582-d959b60417f8
UPS,Universidad Politécnica Salesiana,INGENIERÍA CIVIL,7,diseñar sistemas de transporte,skill/competence,cross-sector,0.726,http://data.europa.eu/esco/skill/11f364dd-0814-4398-b00e-10d1be8b27af
UPS,Universidad Politécnica Salesiana,INGENIERÍA CIVIL,8,revisar proyectos de construcción,skill/competence,cross-sector,0.7167,http://data.europa.eu/esco/skill/ea9fc9d9-c602-4430-a7fc-edac7429a6a8
UPS,Universidad Politécnica Salesiana,INGENIERÍA CIVIL,9,gestionar proyectos de ingeniería,skill/competence,cross-sector,0.7144,http://data.europa.eu/esco/skill/6a899482-8bcf-40ca-ae67-579a1cc467ab
UPS,Universidad Politécnica Salesiana,INGENIERÍA CIVIL,10,gestionar varios proyectos,skill/competence,cross-sector,0.7136,http://data.europa.eu/esco/skill/c881ddd2-9c0e-4743-bd24-36be650493dd
UPS,Universidad Politécnica Salesiana,INGENIERÍA CIVIL,11,diseñar edificios,skill/competence,cross-sector,0.7046,http://data.europa.eu/esco/skill/7c3cde53-9ff7-4e82-8396-13fdfadd3432
UPS,Universidad Politécnica Salesiana,INGENIERÍA CIVIL,12,gestionar los programas públicos,skill/competence,cross-sector,0.7033,http://data.europa.eu/esco/skill/0761f325-13e7-49f4-a41a-ec64ba4e7b9d
UPS,Universidad Politécnica Salesiana,INGENIERÍA CIVIL,13,cumplir la normativa de construcción,skill/competence,cross-sector,0.7021,http://data.europa.eu/esco/skill/4ccf7d02-764c-4129-a1df-fa1dd2e12647
UPS,Universidad Politécnica Salesiana,INGENIERÍA CIVIL,14,coordinar actividades de construcción,skill/competence,cross-sector,0.6988,http://data.europa.eu/esco/skill/fff5bc45-b506-4466-8977-4869079c1cb2
UPS,Universidad Politécnica Salesiana,INGENIERÍA CIVIL,15,desarrollar estrategias de rehabilitación tras inundaciones,skill/competence,cross-sector,0.6988,http://data.europa.eu/esco/skill/6b5d032a-b85a-44ea-9dad-5201048d2dd2
UPS,Universidad Politécnica Salesiana,INGENIERÍA CIVIL,16,supervisar obras de construcción,skill/competence,cross-sector,0.694,http://data.europa.eu/esco/skill/fc1a75bb-70e3-4005-881f-7709bf7b0ed4
UPS,Universidad Politécnica Salesiana,INGENIERÍA CIVIL,17,llevar a cabo las actividades de un proyecto,skill/competence,cross-sector,0.693,http://data.europa.eu/esco/skill/1fcce318-3212-487a-ac07-4941bc85060d
UPS,Universidad Politécnica Salesiana,INGENIERÍA CIVIL,18,elaborar las estrategias empresariales,skill/competence,cross-sector,0.6923,http://data.europa.eu/esco/skill/ba2c6181-b036-40b4-8f6d-51499463ccbb
UPS,Universidad Politécnica Salesiana,INGENIERÍA CIVIL,19,preparar documentos relativos al proyecto de construcción,skill/competence,cross-sector,0.6906,http://data.europa.eu/esco/skill/80274731-15ce-490a-8d5b-f55a36b976b0
UPS,Universidad Politécnica Salesiana,INGENIERÍA CIVIL,20,crear especificaciones de proyectos,skill/competence,cross-sector,0.689,http://data.europa.eu/esco/skill/21fecc8a-392e-49ce-ac26-fb0696ccfead
UPS,Universidad Politécnica Salesiana,INGENIERÍA CIVIL,21,supervisar la ejecución de políticas públicas,skill/competence,cross-sector,0.6877,http://data.europa.eu/esco/skill/f78d5c04-a440-4068-90c2-fab03409a911
UPS,Universidad Politécnica Salesiana,INGENIERÍA CIVIL,22,ingeniería civil,knowledge,cross-sector,0.6867,http://data.europa.eu/esco/skill/82887396-e5bf-4306-af51-3fe8d82790b2
UPS,Universidad Politécnica Salesiana,INGENIERÍA CIVIL,23,gestionar la instalación de estructuras para eventos,skill/competence,cross-sector,0.6837,http://data.europa.eu/esco/skill/0e503b48-5491-4529-879e-b112251f8d50
UPS,Universidad Politécnica Salesiana,INGENIERÍA CIVIL,24,someter a auditorías a los contratistas,skill/competence,cross-sector,0.6836,http://data.europa.eu/esco/skill/0520d8ba-3c24-4f75-a8b0-f883ddeed82d
UPS,Universidad Politécnica Salesiana,INGENIERÍA CIVIL,25,gestionar contratos,skill/competence,cross-sector,0.6832,http://data.europa.eu/esco/skill/92721092-fe7c-4689-96bd-4f02385bc0e7
UPS,Universidad Politécnica Salesiana,INGENIERÍA AMBIENTAL,1,gestionar el impacto medioambiental de las operaciones,skill/competence,cross-sector,0.8342,http://data.europa.eu/esco/skill/d86babea-bf8b-4552-81a8-daf706066ad6
UPS,Universidad Politécnica Salesiana,INGENIERÍA AMBIENTAL,2,supervisar sistemas de gestión ambiental,skill/competence,cross-sector,0.8149,http://data.europa.eu/esco/skill/b13e0689-636d-42d0-86c3-df9d6f85a882
UPS,Universidad Politécnica Salesiana,INGENIERÍA AMBIENTAL,3,gestionar impacto ambiental,skill/competence,cross-sector,0.7934,http://data.europa.eu/esco/skill/d3a8ef9c-8572-438c-91dc-010537070be3
UPS,Universidad Politécnica Salesiana,INGENIERÍA AMBIENTAL,4,evaluar el impacto ambiental,skill/competence,cross-sector,0.7929,http://data.europa.eu/esco/skill/e541c69c-ea80-4b17-87cb-4001d0b9d303
UPS,Universidad Politécnica Salesiana,INGENIERÍA AMBIENTAL,5,asesorar sobre políticas de gestión sostenible,skill/competence,cross-sector,0.7875,http://data.europa.eu/esco/skill/6742977a-aa00-4c8c-9861-898b0373907e
UPS,Universidad Politécnica Salesiana,INGENIERÍA AMBIENTAL,6,coordinar esfuerzos ambientales,skill/competence,cross-sector,0.7839,http://data.europa.eu/esco/skill/bd70f004-e1d6-43f0-96f1-59c014a4ea01
UPS,Universidad Politécnica Salesiana,INGENIERÍA AMBIENTAL,7,asesorar sobre sistemas de gestión de riesgos ambientales,skill/competence,cross-sector,0.7785,http://data.europa.eu/esco/skill/a366bfc5-8d17-4792-a9f0-db0951528dda
UPS,Universidad Politécnica Salesiana,INGENIERÍA AMBIENTAL,8,política ambiental,knowledge,cross-sector,0.7717,http://data.europa.eu/esco/skill/081d7679-5070-4777-bece-a28c49f15636
UPS,Universidad Politécnica Salesiana,INGENIERÍA AMBIENTAL,9,gestionar residuos,skill/competence,cross-sector,0.7674,http://data.europa.eu/esco/skill/73a9561d-112c-4d8a-9d5f-b2c11c5bbd5f
UPS,Universidad Politécnica Salesiana,INGENIERÍA AMBIENTAL,10,informar sobre cuestiones ambientales,skill/competence,cross-sector,0.7658,http://data.europa.eu/esco/skill/f3cc52e3-a96c-4549-b841-6e41a846fa99
UPS,Universidad Politécnica Salesiana,INGENIERÍA AMBIENTAL,11,asesorar sobre recuperación ambiental,skill/competence,cross-sector,0.7598,http://data.europa.eu/esco/skill/b422efe7-b151-4120-86ae-db11a48dd0fa
UPS,Universidad Politécnica Salesiana,INGENIERÍA AMBIENTAL,12,elaborar una política medioambiental,skill/competence,cross-sector,0.7542,http://data.europa.eu/esco/skill/507e2b21-1285-47e9-bf09-0db794df1bf0
UPS,Universidad Politécnica Salesiana,INGENIERÍA AMBIENTAL,13,garantizar el cumplimiento de la legislación ambiental,skill/competence,cross-sector,0.7518,http://data.europa.eu/esco/skill/089ee650-297e-4716-87d1-440743b70a0d
UPS,Universidad Politécnica Salesiana,INGENIERÍA AMBIENTAL,14,realizar auditorías ambientales,skill/competence,cross-sector,0.7515,http://data.europa.eu/esco/skill/60ab2bf7-c812-4a88-86c0-7c81a9b2f77c
UPS,Universidad Politécnica Salesiana,INGENIERÍA AMBIENTAL,15,aplicar medidas de protección del medioambiente,skill/competence,cross-sector,0.7505,http://data.europa.eu/esco/skill/f6d7ba88-5234-4994-944d-843ca453c923
UPS,Universidad Politécnica Salesiana,INGENIERÍA AMBIENTAL,16,adoptar vías para reducir el impacto negativo del consumo,skill/competence,transversal,0.7364,http://data.europa.eu/esco/skill/4c3ab565-747c-4db3-8c47-79e8d6f98cf4
UPS,Universidad Politécnica Salesiana,INGENIERÍA AMBIENTAL,17,ocuparse del tratamiento de aguas residuales,skill/competence,cross-sector,0.7342,http://data.europa.eu/esco/skill/5206a9b8-8337-4f0b-ae00-163a2f55d8cf
UPS,Universidad Politécnica Salesiana,INGENIERÍA AMBIENTAL,18,desarrollar estrategias de recuperación ambiental,skill/competence,cross-sector,0.7324,http://data.europa.eu/esco/skill/e4ff825c-7376-4135-93cd-3892fd67b7c1
UPS,Universidad Politécnica Salesiana,INGENIERÍA AMBIENTAL,19,ingeniería ambiental,knowledge,cross-sector,0.7321,http://data.europa.eu/esco/skill/b1b118c4-3291-484e-b64d-6d51fd5da8b3
UPS,Universidad Politécnica Salesiana,INGENIERÍA AMBIENTAL,20,evaluar el impacto ambiental de yacimientos y zonas industriales,skill/competence,cross-sector,0.7293,http://data.europa.eu/esco/skill/f12f094b-492f-4e88-b36b-50b8e58b7500
UPS,Universidad Politécnica Salesiana,INGENIERÍA AMBIENTAL,21,asesorar sobre procedimientos de gestión de residuos,skill/competence,cross-sector,0.7289,http://data.europa.eu/esco/skill/f82b05a7-128b-4a72-a815-044ff6062f62
UPS,Universidad Politécnica Salesiana,INGENIERÍA AMBIENTAL,22,garantizar el cumplimiento de las regulaciones legislativas sobre residuos,skill/competence,cross-sector,0.7197,http://data.europa.eu/esco/skill/27273605-2400-4392-a6d6-cc8161a2d445
UPS,Universidad Politécnica Salesiana,INGENIERÍA AMBIENTAL,23,gestionar hábitats,skill/competence,cross-sector,0.7189,http://data.europa.eu/esco/skill/a28c96cd-a43d-4143-b992-903356d0923e
UPS,Universidad Politécnica Salesiana,INGENIERÍA AMBIENTAL,24,gestionar la calidad del aire,skill/competence,cross-sector,0.7179,http://data.europa.eu/esco/skill/9f763ac3-1d6c-48d2-ab54-324b1b144f40
UPS,Universidad Politécnica Salesiana,INGENIERÍA AMBIENTAL,25,impartir formación sobre cuestiones ambientales,skill/competence,cross-sector,0.7142,http://data.europa.eu/esco/skill/2cb27e30-2be7-4a09-9502-fdd2102c046b
UPS,Universidad Politécnica Salesiana,INGENIERÍA INDUSTRIAL,1,gestionar empresas de producción,skill/competence,cross-sector,0.7875,http://data.europa.eu/esco/skill/435d1751-8667-41ec-8b32-865b7cd3c684
UPS,Universidad Politécnica Salesiana,INGENIERÍA INDUSTRIAL,2,gestionar los suministros,skill/competence,cross-sector,0.765,http://data.europa.eu/esco/skill/020b3c27-bae1-4b85-9d6f-eccee0f5ed99
UPS,Universidad Politécnica Salesiana,INGENIERÍA INDUSTRIAL,3,impartir formación sobre cómo supervisar la gestión de la calidad,skill/competence,cross-sector,0.7623,http://data.europa.eu/esco/skill/09e7cd13-ea36-4694-afe5-f34373759392
UPS,Universidad Politécnica Salesiana,INGENIERÍA INDUSTRIAL,4,controlar la producción,skill/competence,cross-sector,0.7579,http://data.europa.eu/esco/skill/feceacee-d425-4e73-821a-02dfb85084db
UPS,Universidad Politécnica Salesiana,INGENIERÍA INDUSTRIAL,5,verificar las exigencias de fabricación,skill/competence,cross-sector,0.7542,http://data.europa.eu/esco/skill/277f489c-7a47-4791-bd87-61ca01737f96
UPS,Universidad Politécnica Salesiana,INGENIERÍA INDUSTRIAL,6,supervisar la producción de la fábrica,skill/competence,cross-sector,0.7541,http://data.europa.eu/esco/skill/c09dce1b-e198-487e-b63f-934e10a4c181
UPS,Universidad Politécnica Salesiana,INGENIERÍA INDUSTRIAL,7,inspeccionar la calidad de los productos,skill/competence,cross-sector,0.7533,http://data.europa.eu/esco/skill/1a3660c2-011c-4e96-9b1d-529afc305428
UPS,Universidad Politécnica Salesiana,INGENIERÍA INDUSTRIAL,8,supervisar el control de calidad,skill/competence,cross-sector,0.7499,http://data.europa.eu/esco/skill/5d34adde-0b78-42b4-9d3d-69e9388d8398
UPS,Universidad Politécnica Salesiana,INGENIERÍA INDUSTRIAL,9,gestionar la calidad,skill/competence,transversal,0.7424,http://data.europa.eu/esco/skill/35ebe444-9ece-4fbc-a55d-e99ea37267ae
UPS,Universidad Politécnica Salesiana,INGENIERÍA INDUSTRIAL,10,gestionar recursos empresariales,skill/competence,cross-sector,0.7367,http://data.europa.eu/esco/skill/911e13ee-1eec-4243-88c8-3c08a3681a19
UPS,Universidad Politécnica Salesiana,INGENIERÍA INDUSTRIAL,11,coordinar las actividades de producción,skill/competence,cross-sector,0.7364,http://data.europa.eu/esco/skill/05c00631-b864-4842-b47e-06710c197c7a
UPS,Universidad Politécnica Salesiana,INGENIERÍA INDUSTRIAL,12,desarrollar normas y procedimientos de fabricación,skill/competence,cross-sector,0.7323,http://data.europa.eu/esco/skill/764db027-9063-4468-acb3-c73ecfc76f35
UPS,Universidad Politécnica Salesiana,INGENIERÍA INDUSTRIAL,13,planificar la gestión de productos,skill/competence,cross-sector,0.7297,http://data.europa.eu/esco/skill/29fb886c-6be0-4e93-9ea1-232881f2092a
UPS,Universidad Politécnica Salesiana,INGENIERÍA INDUSTRIAL,14,gestionar la producción de calzado y de artículos de piel y cuero,skill/competence,cross-sector,0.7287,http://data.europa.eu/esco/skill/7e71fbcf-ebf8-4164-829b-e16b68aa9432
UPS,Universidad Politécnica Salesiana,INGENIERÍA INDUSTRIAL,15,gestionar recursos humanos,skill/competence,cross-sector,0.7276,http://data.europa.eu/esco/skill/339ac029-066a-4985-9f9d-b3d7c8fea0bb
UPS,Universidad Politécnica Salesiana,INGENIERÍA INDUSTRIAL,16,supervisar el funcionamiento de los equipos,skill/competence,cross-sector,0.7276,http://data.europa.eu/esco/skill/ca17f0df-59e4-4ed2-9360-fc5325bc7151
UPS,Universidad Politécnica Salesiana,INGENIERÍA INDUSTRIAL,17,planificar procesos de fabricación,skill/competence,cross-sector,0.727,http://data.europa.eu/esco/skill/7d0f33ea-e724-4d77-8b75-ee4fe66bb9ba
UPS,Universidad Politécnica Salesiana,INGENIERÍA INDUSTRIAL,18,gestionar al equipo encargado de la seguridad,skill/competence,cross-sector,0.7258,http://data.europa.eu/esco/skill/6cd29d73-e352-40b4-89c5-cdb3faff0a38
UPS,Universidad Politécnica Salesiana,INGENIERÍA INDUSTRIAL,19,realizar diversas tareas organizativas en la empresa,skill/competence,cross-sector,0.7244,http://data.europa.eu/esco/skill/01755f08-4df4-4cf0-8d22-08f94cad68b5
UPS,Universidad Politécnica Salesiana,INGENIERÍA INDUSTRIAL,20,realizar el control de procesos en la industria de prendas de vestir,skill/competence,cross-sector,0.7241,http://data.europa.eu/esco/skill/58c080f9-71d5-429d-9476-bc9e742d460c
UPS,Universidad Politécnica Salesiana,INGENIERÍA INDUSTRIAL,21,establecer normas para plantas de producción,skill/competence,cross-sector,0.7236,http://data.europa.eu/esco/skill/d154e48f-95b4-4ce6-907e-4a44d50129fe
UPS,Universidad Politécnica Salesiana,INGENIERÍA INDUSTRIAL,22,garantizar la salud y la seguridad en procesos de producción,skill/competence,cross-sector,0.723,http://data.europa.eu/esco/skill/60ccdd6a-c100-43cf-9797-543a5c42b922
UPS,Universidad Politécnica Salesiana,INGENIERÍA INDUSTRIAL,23,planificar procedimientos sobre salud y seguridad,skill/competence,cross-sector,0.7228,http://data.europa.eu/esco/skill/bb663409-5c88-4e3a-bc16-01aa1c8ce171
UPS,Universidad Politécnica Salesiana,INGENIERÍA INDUSTRIAL,24,supervisar personal,skill/competence,cross-sector,0.7222,http://data.europa.eu/esco/skill/9601b2a8-68e4-4906-9306-a23679b8f0b0
UPS,Universidad Politécnica Salesiana,INGENIERÍA INDUSTRIAL,25,integrar productos nuevos en la cadena de fabricación,skill/competence,cross-sector,0.7218,http://data.europa.eu/esco/skill/8a753714-9a19-4418-9b37-77e79d72c705
UPS,Universidad Politécnica Salesiana,INGENIERÍA DE LA PRODUCCIÓN,1,controlar la producción,skill/competence,cross-sector,0.8029,http://data.europa.eu/esco/skill/feceacee-d425-4e73-821a-02dfb85084db
UPS,Universidad Politécnica Salesiana,INGENIERÍA DE LA PRODUCCIÓN,2,supervisar la producción de la fábrica,skill/competence,cross-sector,0.7949,http://data.europa.eu/esco/skill/c09dce1b-e198-487e-b63f-934e10a4c181
UPS,Universidad Politécnica Salesiana,INGENIERÍA DE LA PRODUCCIÓN,3,gestionar empresas de producción,skill/competence,cross-sector,0.7917,http://data.europa.eu/esco/skill/435d1751-8667-41ec-8b32-865b7cd3c684
UPS,Universidad Politécnica Salesiana,INGENIERÍA DE LA PRODUCCIÓN,4,mejorar procesos empresariales,skill/competence,cross-sector,0.7879,http://data.europa.eu/esco/skill/75b30aeb-34c0-40f4-b77d-271d75a98b14
UPS,Universidad Politécnica Salesiana,INGENIERÍA DE LA PRODUCCIÓN,5,verificar las exigencias de fabricación,skill/competence,cross-sector,0.7873,http://data.europa.eu/esco/skill/277f489c-7a47-4791-bd87-61ca01737f96
UPS,Universidad Politécnica Salesiana,INGENIERÍA DE LA PRODUCCIÓN,6,gestionar los suministros,skill/competence,cross-sector,0.7833,http://data.europa.eu/esco/skill/020b3c27-bae1-4b85-9d6f-eccee0f5ed99
UPS,Universidad Politécnica Salesiana,INGENIERÍA DE LA PRODUCCIÓN,7,coordinar las actividades de producción,skill/competence,cross-sector,0.7754,http://data.europa.eu/esco/skill/05c00631-b864-4842-b47e-06710c197c7a
UPS,Universidad Politécnica Salesiana,INGENIERÍA DE LA PRODUCCIÓN,8,programar la producción,skill/competence,cross-sector,0.7744,http://data.europa.eu/esco/skill/2a778aeb-f246-4f03-9a96-c60183001037
UPS,Universidad Politécnica Salesiana,INGENIERÍA DE LA PRODUCCIÓN,9,integrar productos nuevos en la cadena de fabricación,skill/competence,cross-sector,0.7718,http://data.europa.eu/esco/skill/8a753714-9a19-4418-9b37-77e79d72c705
UPS,Universidad Politécnica Salesiana,INGENIERÍA DE LA PRODUCCIÓN,10,optimizar los parámetros del proceso de producción,skill/competence,cross-sector,0.7707,http://data.europa.eu/esco/skill/0f0698e7-04e4-4bf7-9af2-e3191147525a
UPS,Universidad Politécnica Salesiana,INGENIERÍA DE LA PRODUCCIÓN,11,supervisar el control de calidad,skill/competence,cross-sector,0.7684,http://data.europa.eu/esco/skill/5d34adde-0b78-42b4-9d3d-69e9388d8398
UPS,Universidad Politécnica Salesiana,INGENIERÍA DE LA PRODUCCIÓN,12,analizar estrategias de gestión de la cadena de suministro,skill/competence,cross-sector,0.7647,http://data.europa.eu/esco/skill/96d549bb-3e62-4c45-92a7-f114df089581
UPS,Universidad Politécnica Salesiana,INGENIERÍA DE LA PRODUCCIÓN,13,impartir formación sobre cómo supervisar la gestión de la calidad,skill/competence,cross-sector,0.7639,http://data.europa.eu/esco/skill/09e7cd13-ea36-4694-afe5-f34373759392
UPS,Universidad Politécnica Salesiana,INGENIERÍA DE LA PRODUCCIÓN,14,gestionar recursos empresariales,skill/competence,cross-sector,0.7628,http://data.europa.eu/esco/skill/911e13ee-1eec-4243-88c8-3c08a3681a19
UPS,Universidad Politécnica Salesiana,INGENIERÍA DE LA PRODUCCIÓN,15,realizar el control de procesos en la industria de prendas de vestir,skill/competence,cross-sector,0.7624,http://data.europa.eu/esco/skill/58c080f9-71d5-429d-9476-bc9e742d460c
UPS,Universidad Politécnica Salesiana,INGENIERÍA DE LA PRODUCCIÓN,16,establecer normas para plantas de producción,skill/competence,cross-sector,0.7574,http://data.europa.eu/esco/skill/d154e48f-95b4-4ce6-907e-4a44d50129fe
UPS,Universidad Politécnica Salesiana,INGENIERÍA DE LA PRODUCCIÓN,17,inspeccionar la calidad de los productos,skill/competence,cross-sector,0.7566,http://data.europa.eu/esco/skill/1a3660c2-011c-4e96-9b1d-529afc305428
UPS,Universidad Politécnica Salesiana,INGENIERÍA DE LA PRODUCCIÓN,18,mejorar el flujo de trabajo de producción,skill/competence,cross-sector,0.7532,http://data.europa.eu/esco/skill/8add048c-4d51-41c5-8aa2-f57412c4a637
UPS,Universidad Politécnica Salesiana,INGENIERÍA DE LA PRODUCCIÓN,19,gestionar la calidad,skill/competence,transversal,0.7528,http://data.europa.eu/esco/skill/35ebe444-9ece-4fbc-a55d-e99ea37267ae
UPS,Universidad Politécnica Salesiana,INGENIERÍA DE LA PRODUCCIÓN,20,planificar la gestión de productos,skill/competence,cross-sector,0.7521,http://data.europa.eu/esco/skill/29fb886c-6be0-4e93-9ea1-232881f2092a
UPS,Universidad Politécnica Salesiana,INGENIERÍA DE LA PRODUCCIÓN,21,garantizar la seguridad en el zona de producción,skill/competence,cross-sector,0.7515,http://data.europa.eu/esco/skill/ab239c75-dfcc-4f6c-9d11-75bb78049afc
UPS,Universidad Politécnica Salesiana,INGENIERÍA DE LA PRODUCCIÓN,22,gestionar la logística,skill/competence,cross-sector,0.7514,http://data.europa.eu/esco/skill/953c0b65-537a-42fe-a90b-26cd36c64361
UPS,Universidad Politécnica Salesiana,INGENIERÍA DE LA PRODUCCIÓN,23,controlar desarrollos de producción,skill/competence,cross-sector,0.7492,http://data.europa.eu/esco/skill/9148c1e4-beae-433c-bd72-e4a009440744
UPS,Universidad Politécnica Salesiana,INGENIERÍA DE LA PRODUCCIÓN,24,control de gastos,skill/competence,cross-sector,0.7489,http://data.europa.eu/esco/skill/e1f5c539-7c93-49ee-917d-a24e0d887686
UPS,Universidad Politécnica Salesiana,INGENIERÍA DE LA PRODUCCIÓN,25,garantizar la salud y la seguridad en procesos de producción,skill/competence,cross-sector,0.7464,http://data.europa.eu/esco/skill/60ccdd6a-c100-43cf-9797-543a5c42b922
UPS,Universidad Politécnica Salesiana,SOFTWARE,1,programación informática,knowledge,cross-sector,0.6887,http://data.europa.eu/esco/skill/21d2f96d-35f7-4e3f-9745-c533d2dd6e97
UPS,Universidad Politécnica Salesiana,SOFTWARE,2,utilizar software de diseño especializado,skill/competence,cross-sector,0.6871,http://data.europa.eu/esco/skill/3c1af34b-4562-4c39-a30e-0812b84a147e
UPS,Universidad Politécnica Salesiana,SOFTWARE,3,desarrollar arquitecturas innovadoras de cadena de bloques,skill/competence,cross-sector,0.6766,http://data.europa.eu/esco/skill/01d269d9-b058-4d6c-82a0-3779af9a124b
UPS,Universidad Politécnica Salesiana,SOFTWARE,4,gestionar proyectos de ingeniería,skill/competence,cross-sector,0.6725,http://data.europa.eu/esco/skill/6a899482-8bcf-40ca-ae67-579a1cc467ab
UPS,Universidad Politécnica Salesiana,SOFTWARE,5,gestionar proyectos de investigación y desarrollo,skill/competence,cross-sector,0.6715,http://data.europa.eu/esco/skill/d5dbc342-8e39-4998-8237-ebbe05a381ce
UPS,Universidad Politécnica Salesiana,SOFTWARE,6,software para procesos industriales,knowledge,cross-sector,0.6646,http://data.europa.eu/esco/skill/41ec47dd-08b3-464a-9c45-c706f3e74467
UPS,Universidad Politécnica Salesiana,SOFTWARE,7,elaborar software estadístico,skill/competence,cross-sector,0.6642,http://data.europa.eu/esco/skill/bb165899-d95f-4433-95f2-173fefd716d2
UPS,Universidad Politécnica Salesiana,SOFTWARE,8,ingeniería informática,knowledge,cross-sector,0.662,http://data.europa.eu/esco/skill/89f6560b-2194-45c9-9ece-d33049a73eef
UPS,Universidad Politécnica Salesiana,SOFTWARE,9,desarrollar normas y procedimientos de fabricación,skill/competence,cross-sector,0.6616,http://data.europa.eu/esco/skill/764db027-9063-4468-acb3-c73ecfc76f35
UPS,Universidad Politécnica Salesiana,SOFTWARE,10,asesorar a la clientela acerca de las posibilidades técnicas,skill/competence,cross-sector,0.6615,http://data.europa.eu/esco/skill/7b3abd38-61ae-42a4-88bb-0884784f9ee1
UPS,Universidad Politécnica Salesiana,SOFTWARE,11,diseñar procesos,skill/competence,cross-sector,0.6584,http://data.europa.eu/esco/skill/2c28fc20-8a60-4311-8899-5ef8729c05b3
UPS,Universidad Politécnica Salesiana,SOFTWARE,12,elaborar planos de diseño,skill/competence,cross-sector,0.6562,http://data.europa.eu/esco/skill/e665d919-f28d-4ac4-adf0-8903ac66540e
UPS,Universidad Politécnica Salesiana,SOFTWARE,13,software de ingeniería asistida por ordenador,knowledge,cross-sector,0.6552,http://data.europa.eu/esco/skill/82313e12-9d39-47d1-b7c9-78bbd6bb50e2
UPS,Universidad Politécnica Salesiana,SOFTWARE,14,gestionar varios proyectos,skill/competence,cross-sector,0.6549,http://data.europa.eu/esco/skill/c881ddd2-9c0e-4743-bd24-36be650493dd
UPS,Universidad Politécnica Salesiana,SOFTWARE,15,elaborar las estrategias empresariales,skill/competence,cross-sector,0.6539,http://data.europa.eu/esco/skill/ba2c6181-b036-40b4-8f6d-51499463ccbb
UPS,Universidad Politécnica Salesiana,SOFTWARE,16,diseñar componentes de ingeniería,skill/competence,cross-sector,0.6538,http://data.europa.eu/esco/skill/87434439-c07d-48be-af34-b0cdd03121c4
UPS,Universidad Politécnica Salesiana,SOFTWARE,17,coordinar equipos de ingeniería,skill/competence,cross-sector,0.6538,http://data.europa.eu/esco/skill/7af6e9e8-1e11-4c0b-b7c6-ac96bbbbc674
UPS,Universidad Politécnica Salesiana,SOFTWARE,18,desarrollar procedimientos de prueba,skill/competence,cross-sector,0.6517,http://data.europa.eu/esco/skill/f10142ce-d522-49c3-9fd1-054fb63529d4
UPS,Universidad Politécnica Salesiana,SOFTWARE,19,adaptar software al tipo de máquina,skill/competence,cross-sector,0.6512,http://data.europa.eu/esco/skill/4a2a63e6-5c62-43a0-a375-fdf4c2805270
UPS,Universidad Politécnica Salesiana,SOFTWARE,20,gestionar procesos de flujo de trabajo,skill/competence,cross-sector,0.6482,http://data.europa.eu/esco/skill/7add3681-17b6-4027-8a9d-ee92d2b96a42
UPS,Universidad Politécnica Salesiana,SOFTWARE,21,ingeniería industrial,knowledge,cross-sector,0.6471,http://data.europa.eu/esco/skill/a1816dfd-dbdc-4499-bef3-ff81dd895b33
UPS,Universidad Politécnica Salesiana,SOFTWARE,22,resolver problemas,skill/competence,transversal,0.6464,http://data.europa.eu/esco/skill/adc6dc11-3376-467b-96c5-9b0a21edc869
UPS,Universidad Politécnica Salesiana,SOFTWARE,23,utilizar software de gestión de relaciones con clientes,skill/competence,cross-sector,0.6459,http://data.europa.eu/esco/skill/9889b795-d755-41b2-8afd-2e3c87a65a38
UPS,Universidad Politécnica Salesiana,SOFTWARE,24,aplicar políticas organizativas del sistema,skill/competence,cross-sector,0.6443,http://data.europa.eu/esco/skill/07e47d58-dd0e-4302-9e68-70a188e89065
UPS,Universidad Politécnica Salesiana,SOFTWARE,25,proyecto,knowledge,cross-sector,0.6443,http://data.europa.eu/esco/skill/d1072655-88ce-4445-8803-e6273da273e7
UPS,Universidad Politécnica Salesiana,ADMINISTRACIÓN DE EMPRESAS,1,gestionar empresas de producción,skill/competence,cross-sector,0.7952,http://data.europa.eu/esco/skill/435d1751-8667-41ec-8b32-865b7cd3c684
UPS,Universidad Politécnica Salesiana,ADMINISTRACIÓN DE EMPRESAS,2,elaborar las estrategias empresariales,skill/competence,cross-sector,0.7876,http://data.europa.eu/esco/skill/ba2c6181-b036-40b4-8f6d-51499463ccbb
UPS,Universidad Politécnica Salesiana,ADMINISTRACIÓN DE EMPRESAS,3,gestionar recursos humanos,skill/competence,cross-sector,0.7862,http://data.europa.eu/esco/skill/339ac029-066a-4985-9f9d-b3d7c8fea0bb
UPS,Universidad Politécnica Salesiana,ADMINISTRACIÓN DE EMPRESAS,4,participar en las operaciones cotidianas de la empresa,skill/competence,cross-sector,0.7851,http://data.europa.eu/esco/skill/ce4cbc3a-bde0-43b4-9526-e643c4fe5b04
UPS,Universidad Politécnica Salesiana,ADMINISTRACIÓN DE EMPRESAS,5,guiar a los gestores de los diferentes departamentos de la empresa,skill/competence,cross-sector,0.78,http://data.europa.eu/esco/skill/3e61ee41-2bd9-466f-b313-00ce04072410
UPS,Universidad Politécnica Salesiana,ADMINISTRACIÓN DE EMPRESAS,6,coordinar actividades de planificación comercial,skill/competence,cross-sector,0.7764,http://data.europa.eu/esco/skill/90398aca-82b7-4f56-8e0f-814d949162b4
UPS,Universidad Politécnica Salesiana,ADMINISTRACIÓN DE EMPRESAS,7,desarrollar políticas de la organización,skill/competence,cross-sector,0.76,http://data.europa.eu/esco/skill/3254275d-a1b5-4640-9481-02f38780ac35
UPS,Universidad Politécnica Salesiana,ADMINISTRACIÓN DE EMPRESAS,8,desarrollar estrategias de comunicación,skill/competence,cross-sector,0.7511,http://data.europa.eu/esco/skill/3c834f6e-523a-49ee-8ed1-e073e28ae6fe
UPS,Universidad Politécnica Salesiana,ADMINISTRACIÓN DE EMPRESAS,9,formar equipos dentro de la empresa en base a las competencias,skill/competence,cross-sector,0.7486,http://data.europa.eu/esco/skill/f1155d3f-fbca-4298-a31c-f6955653bacf
UPS,Universidad Politécnica Salesiana,ADMINISTRACIÓN DE EMPRESAS,10,realizar diversas tareas organizativas en la empresa,skill/competence,cross-sector,0.7449,http://data.europa.eu/esco/skill/01755f08-4df4-4cf0-8d22-08f94cad68b5
UPS,Universidad Politécnica Salesiana,ADMINISTRACIÓN DE EMPRESAS,11,gestionar los aspectos financieros de una empresa,skill/competence,cross-sector,0.7409,http://data.europa.eu/esco/skill/fa6acfc3-0a4f-4192-b77d-80e94d0faf2a
UPS,Universidad Politécnica Salesiana,ADMINISTRACIÓN DE EMPRESAS,12,realizar gestión de clientes,skill/competence,cross-sector,0.7407,http://data.europa.eu/esco/skill/91306a20-9b81-4f3d-97eb-f5368b607da7
UPS,Universidad Politécnica Salesiana,ADMINISTRACIÓN DE EMPRESAS,13,elaborar políticas de economía,skill/competence,cross-sector,0.7403,http://data.europa.eu/esco/skill/8394fefb-f62a-48c0-a156-3117cefdb9b3
UPS,Universidad Politécnica Salesiana,ADMINISTRACIÓN DE EMPRESAS,14,informar sobre la gestión general de una empresa,skill/competence,cross-sector,0.7394,http://data.europa.eu/esco/skill/307ffd2d-8fb3-43ff-8ad8-4052382f8f83
UPS,Universidad Politécnica Salesiana,ADMINISTRACIÓN DE EMPRESAS,15,comunicarse con los jefes y directivos,skill/competence,cross-sector,0.7367,http://data.europa.eu/esco/skill/f14ff4b7-be1e-4b55-b39b-520005f8a97e
UPS,Universidad Politécnica Salesiana,ADMINISTRACIÓN DE EMPRESAS,16,liderar el proceso de planificación estratégica de la marca,skill/competence,cross-sector,0.733,http://data.europa.eu/esco/skill/fb221711-05c3-4196-ba72-813ed5bd040e
UPS,Universidad Politécnica Salesiana,ADMINISTRACIÓN DE EMPRESAS,17,gestionar varios proyectos,skill/competence,cross-sector,0.7302,http://data.europa.eu/esco/skill/c881ddd2-9c0e-4743-bd24-36be650493dd
UPS,Universidad Politécnica Salesiana,ADMINISTRACIÓN DE EMPRESAS,18,gestionar conocimientos empresariales,skill/competence,cross-sector,0.7296,http://data.europa.eu/esco/skill/41bf7ede-fc84-4a57-8c89-b548d11b0ba1
UPS,Universidad Politécnica Salesiana,ADMINISTRACIÓN DE EMPRESAS,19,apoyar a los gestores y directivos,skill/competence,cross-sector,0.7291,http://data.europa.eu/esco/skill/4bd6e2ad-bf69-4198-b3ac-3baabd9da46e
UPS,Universidad Politécnica Salesiana,ADMINISTRACIÓN DE EMPRESAS,20,transmitir planes de negocios a colaboradores,skill/competence,cross-sector,0.7278,http://data.europa.eu/esco/skill/a9c205ef-365a-4ae4-b905-cb48ba761ff0
UPS,Universidad Politécnica Salesiana,ADMINISTRACIÓN DE EMPRESAS,21,gestionar recursos empresariales,skill/competence,cross-sector,0.727,http://data.europa.eu/esco/skill/911e13ee-1eec-4243-88c8-3c08a3681a19
UPS,Universidad Politécnica Salesiana,ADMINISTRACIÓN DE EMPRESAS,22,gestionar proyectos,skill/competence,cross-sector,0.7263,http://data.europa.eu/esco/skill/cd5efa8c-e44d-4cbc-91c6-796018dbed68
UPS,Universidad Politécnica Salesiana,ADMINISTRACIÓN DE EMPRESAS,23,prever los riesgos organizativos,skill/competence,cross-sector,0.7244,http://data.europa.eu/esco/skill/1c08d63d-1c5e-4b9b-ad3e-f7ba7debb2d1
UPS,Universidad Politécnica Salesiana,ADMINISTRACIÓN DE EMPRESAS,24,procedimientos del departamento de gestión,knowledge,cross-sector,0.7233,http://data.europa.eu/esco/skill/848b5879-10af-4e3a-bfbf-263956b4ebf3
UPS,Universidad Politécnica Salesiana,ADMINISTRACIÓN DE EMPRESAS,25,gestionar programas de formación en la empresa,skill/competence,cross-sector,0.7227,http://data.europa.eu/esco/skill/6e66fa0f-4d3b-415e-9693-dc556eb5112a
UPS,Universidad Politécnica Salesiana,ECONOMÍA,1,elaborar políticas de economía,skill/competence,cross-sector,0.7771,http://data.europa.eu/esco/skill/8394fefb-f62a-48c0-a156-3117cefdb9b3
UPS,Universidad Politécnica Salesiana,ECONOMÍA,2,realizar un análisis empresarial,skill/competence,cross-sector,0.7187,http://data.europa.eu/esco/skill/27ed854c-15b8-4ba2-90e9-ae888a219703
UPS,Universidad Politécnica Salesiana,ECONOMÍA,3,asesorar sobre el desarrollo económico,skill/competence,cross-sector,0.7149,http://data.europa.eu/esco/skill/384ed14c-bf1f-4a65-aef6-6e711f43c4ce
UPS,Universidad Politécnica Salesiana,ECONOMÍA,4,economía,knowledge,cross-sector,0.7106,http://data.europa.eu/esco/skill/88af9294-b697-4687-ae19-aefbb6234dfa
UPS,Universidad Politécnica Salesiana,ECONOMÍA,5,analizar el riesgo financiero,skill/competence,cross-sector,0.7104,http://data.europa.eu/esco/skill/eb8babfb-ab91-4937-a032-6a79f82e9b7f
UPS,Universidad Politécnica Salesiana,ECONOMÍA,6,asesorar sobre asuntos financieros,skill/competence,cross-sector,0.7048,http://data.europa.eu/esco/skill/79c36c91-28a5-44b7-ab9b-7093b2d4b21e
UPS,Universidad Politécnica Salesiana,ECONOMÍA,7,realizar estudios de mercado,skill/competence,cross-sector,0.7035,http://data.europa.eu/esco/skill/fe39d4db-4cb5-4299-bb9f-896c8fd6ab13
UPS,Universidad Politécnica Salesiana,ECONOMÍA,8,gestionar los aspectos financieros de una empresa,skill/competence,cross-sector,0.7022,http://data.europa.eu/esco/skill/fa6acfc3-0a4f-4192-b77d-80e94d0faf2a
UPS,Universidad Politécnica Salesiana,ECONOMÍA,9,tener en cuenta los criterios económicos en la toma de decisiones,skill/competence,cross-sector,0.7018,http://data.europa.eu/esco/skill/d41262ae-eca1-4ede-89a8-46d2d99a7a31
UPS,Universidad Politécnica Salesiana,ECONOMÍA,10,gestionar recursos financieros y materiales,skill/competence,transversal,0.6978,http://data.europa.eu/esco/skill/1ddc021d-d818-4731-904f-842d7491f419
UPS,Universidad Politécnica Salesiana,ECONOMÍA,11,analizar tendencias en el mercado financiero,skill/competence,cross-sector,0.6941,http://data.europa.eu/esco/skill/292549e6-08ec-456c-b008-eba7a0a68428
UPS,Universidad Politécnica Salesiana,ECONOMÍA,12,analizar las tendencias económicas,skill/competence,cross-sector,0.6912,http://data.europa.eu/esco/skill/5f302d63-048e-451c-b150-97c124a5a26b
UPS,Universidad Politécnica Salesiana,ECONOMÍA,13,ejercer el control del gasto,skill/competence,cross-sector,0.69,http://data.europa.eu/esco/skill/b08ec8ff-1a3e-4cc3-8016-9520b21666a6
UPS,Universidad Politécnica Salesiana,ECONOMÍA,14,evaluar la viabilidad financiera,skill/competence,cross-sector,0.6876,http://data.europa.eu/esco/skill/e95058a6-e139-42e7-a470-72038a606649
UPS,Universidad Politécnica Salesiana,ECONOMÍA,15,predecir tendencias económicas,skill/competence,cross-sector,0.6859,http://data.europa.eu/esco/skill/f2a34d6b-131a-4b8f-a110-898b9c91d18f
UPS,Universidad Politécnica Salesiana,ECONOMÍA,16,gestionar empresas de producción,skill/competence,cross-sector,0.6845,http://data.europa.eu/esco/skill/435d1751-8667-41ec-8b32-865b7cd3c684
UPS,Universidad Politécnica Salesiana,ECONOMÍA,17,presupuestar en función de las necesidades financieras,skill/competence,cross-sector,0.6817,http://data.europa.eu/esco/skill/dccbdbb8-7266-4fb4-a4cf-29056f102f12
UPS,Universidad Politécnica Salesiana,ECONOMÍA,18,gestionar la financiación pública,skill/competence,cross-sector,0.6815,http://data.europa.eu/esco/skill/234d1c8f-c921-483e-9a6e-4fbfc14946dc
UPS,Universidad Politécnica Salesiana,ECONOMÍA,19,análisis empresarial,knowledge,cross-sector,0.6808,http://data.europa.eu/esco/skill/633a3637-2c6b-40ae-ac38-289eb2a62aa6
UPS,Universidad Politécnica Salesiana,ECONOMÍA,20,gestionar los programas públicos,skill/competence,cross-sector,0.68,http://data.europa.eu/esco/skill/0761f325-13e7-49f4-a41a-ec64ba4e7b9d
UPS,Universidad Politécnica Salesiana,ECONOMÍA,21,realizar gestión de clientes,skill/competence,cross-sector,0.6787,http://data.europa.eu/esco/skill/91306a20-9b81-4f3d-97eb-f5368b607da7
UPS,Universidad Politécnica Salesiana,ECONOMÍA,22,gestionar proyectos de investigación y desarrollo,skill/competence,cross-sector,0.6787,http://data.europa.eu/esco/skill/d5dbc342-8e39-4998-8237-ebbe05a381ce
UPS,Universidad Politécnica Salesiana,ECONOMÍA,23,analizar los factores externos a una empresa,skill/competence,cross-sector,0.6785,http://data.europa.eu/esco/skill/ce5b1446-b5e3-4f05-a5ac-83f2ee142a44
UPS,Universidad Politécnica Salesiana,ECONOMÍA,24,elaborar software estadístico,skill/competence,cross-sector,0.6778,http://data.europa.eu/esco/skill/bb165899-d95f-4433-95f2-173fefd716d2
UPS,Universidad Politécnica Salesiana,ECONOMÍA,25,evaluar las necesidades energéticas,skill/competence,cross-sector,0.6759,http://data.europa.eu/esco/skill/36fccad9-1d20-4104-bcc2-a8ea9d1ce5ea
UPS,Universidad Politécnica Salesiana,CIENCIA DE DATOS,1,ciencia de datos,knowledge,cross-sector,0.7399,http://data.europa.eu/esco/skill/edebd83d-35f6-4ed5-a940-6c203d178c01
UPS,Universidad Politécnica Salesiana,CIENCIA DE DATOS,2,analizar inteligencia de datos,skill/competence,cross-sector,0.7288,http://data.europa.eu/esco/skill/47a49cd6-097d-457a-9f7b-c290c14930d5
UPS,Universidad Politécnica Salesiana,CIENCIA DE DATOS,3,análisis de datos,knowledge,cross-sector,0.7266,http://data.europa.eu/esco/skill/97bd1c21-66b2-4b7e-ad0f-e3cda590e378
UPS,Universidad Politécnica Salesiana,CIENCIA DE DATOS,4,gestionar datos de investigación,skill/competence,cross-sector,0.7216,http://data.europa.eu/esco/skill/08b04e53-ed25-41a2-9f90-0b9cd939ba3d
UPS,Universidad Politécnica Salesiana,CIENCIA DE DATOS,5,analizar datos,skill/competence,cross-sector,0.7088,http://data.europa.eu/esco/skill/a571ae14-3e16-4fd3-a615-5646e0b0b696
UPS,Universidad Politécnica Salesiana,CIENCIA DE DATOS,6,predecir tendencias económicas,skill/competence,cross-sector,0.704,http://data.europa.eu/esco/skill/f2a34d6b-131a-4b8f-a110-898b9c91d18f
UPS,Universidad Politécnica Salesiana,CIENCIA DE DATOS,7,analizar datos de la clientela,skill/competence,cross-sector,0.7038,http://data.europa.eu/esco/skill/d63f49de-cb72-4ce3-9553-a374a4f32f52
UPS,Universidad Politécnica Salesiana,CIENCIA DE DATOS,8,utilizar técnicas de tratamiento de datos,skill/competence,cross-sector,0.6996,http://data.europa.eu/esco/skill/1b70a55d-b8a4-49fc-96c6-15ab4cff2522
UPS,Universidad Politécnica Salesiana,CIENCIA DE DATOS,9,analizar datos científicos,skill/competence,cross-sector,0.6985,http://data.europa.eu/esco/skill/36ff57b0-637d-4a83-a0e8-d14f86f9f078
UPS,Universidad Politécnica Salesiana,CIENCIA DE DATOS,10,realizar un análisis de datos,skill/competence,cross-sector,0.6956,http://data.europa.eu/esco/skill/2b92a5b2-6758-4ee3-9fb4-b6387a55cc8f
UPS,Universidad Politécnica Salesiana,CIENCIA DE DATOS,11,ingeniería de datos,knowledge,cross-sector,0.694,http://data.europa.eu/esco/skill/48db96bf-3314-45c6-bad8-fdb6e20e5639
UPS,Universidad Politécnica Salesiana,CIENCIA DE DATOS,12,gestionar datos cuantitativos,skill/competence,cross-sector,0.693,http://data.europa.eu/esco/skill/57231a22-4da7-49c8-97b8-75672feadf1e
UPS,Universidad Politécnica Salesiana,CIENCIA DE DATOS,13,"gestionar datos, información y contenido digitales",skill/competence,cross-sector,0.687,http://data.europa.eu/esco/skill/4d97e3c3-f335-47cc-a4ee-0d779fd42222
UPS,Universidad Politécnica Salesiana,CIENCIA DE DATOS,14,interpretar datos actuales,skill/competence,cross-sector,0.6852,http://data.europa.eu/esco/skill/1e77e42a-181f-4b48-8e74-201ce50ffc29
UPS,Universidad Politécnica Salesiana,CIENCIA DE DATOS,15,realizar estudios de mercado,skill/competence,cross-sector,0.676,http://data.europa.eu/esco/skill/fe39d4db-4cb5-4299-bb9f-896c8fd6ab13
UPS,Universidad Politécnica Salesiana,CIENCIA DE DATOS,16,estadística,knowledge,cross-sector,0.6727,http://data.europa.eu/esco/skill/7ee4c2ea-b349-4bd2-81a3-ec31475d4833
UPS,Universidad Politécnica Salesiana,CIENCIA DE DATOS,17,procesar datos,skill/competence,cross-sector,0.6695,http://data.europa.eu/esco/skill/f2d57f41-43b4-4f5b-8100-3df5c21eda50
UPS,Universidad Politécnica Salesiana,CIENCIA DE DATOS,18,recabar datos biológicos,skill/competence,cross-sector,0.6686,http://data.europa.eu/esco/skill/e3fcd642-5f9c-48ee-be58-258dd895d281
UPS,Universidad Politécnica Salesiana,CIENCIA DE DATOS,19,tomar decisiones basadas en datos,skill/competence,cross-sector,0.6684,http://data.europa.eu/esco/skill/be20d05c-f6b4-4580-9fcf-f00f4baab562
UPS,Universidad Politécnica Salesiana,CIENCIA DE DATOS,20,procesar datos topográficos recabados,skill/competence,cross-sector,0.6681,http://data.europa.eu/esco/skill/6b30644d-bdc5-4bca-b1af-edbf5c6b15ee
UPS,Universidad Politécnica Salesiana,CIENCIA DE DATOS,21,analizar datos de carácter ecológico,skill/competence,cross-sector,0.6642,http://data.europa.eu/esco/skill/5354a726-ee64-4f34-90f8-8436f9f374b8
UPS,Universidad Politécnica Salesiana,CIENCIA DE DATOS,22,gestionar sistemas de instrumentación,skill/competence,cross-sector,0.6637,http://data.europa.eu/esco/skill/5d71a91f-cc72-4b66-b6e3-d75ecc05e235
UPS,Universidad Politécnica Salesiana,CIENCIA DE DATOS,23,manejar muestras de datos,skill/competence,cross-sector,0.6635,http://data.europa.eu/esco/skill/4a193795-fa63-414e-9f2e-bfdb3924571e
UPS,Universidad Politécnica Salesiana,CIENCIA DE DATOS,24,prever la demanda de productos,skill/competence,cross-sector,0.6633,http://data.europa.eu/esco/skill/68e73bf6-2838-4705-86f4-e4bda4ac8a6f
UPS,Universidad Politécnica Salesiana,CIENCIA DE DATOS,25,procesar información cualitativa,skill/competence,cross-sector,0.6633,http://data.europa.eu/esco/skill/9af1bd12-01bd-4d6a-947b-69e64f23150a
ESPOCH,Escuela Superior Politécnica de Chimborazo,ADMINISTRACIÓN DE EMPRESAS,1,elaborar las estrategias empresariales,skill/competence,cross-sector,0.6846,http://data.europa.eu/esco/skill/ba2c6181-b036-40b4-8f6d-51499463ccbb
ESPOCH,Escuela Superior Politécnica de Chimborazo,ADMINISTRACIÓN DE EMPRESAS,2,ingeniería industrial,knowledge,cross-sector,0.6828,http://data.europa.eu/esco/skill/a1816dfd-dbdc-4499-bef3-ff81dd895b33
ESPOCH,Escuela Superior Politécnica de Chimborazo,ADMINISTRACIÓN DE EMPRESAS,3,impartir formación en empresas,skill/competence,cross-sector,0.6817,http://data.europa.eu/esco/skill/d2a9f2d0-9de7-44ce-a168-590b85234f20
ESPOCH,Escuela Superior Politécnica de Chimborazo,ADMINISTRACIÓN DE EMPRESAS,4,coordinar equipos de ingeniería,skill/competence,cross-sector,0.6745,http://data.europa.eu/esco/skill/7af6e9e8-1e11-4c0b-b7c6-ac96bbbbc674
ESPOCH,Escuela Superior Politécnica de Chimborazo,ADMINISTRACIÓN DE EMPRESAS,5,gestionar proyectos de ingeniería,skill/competence,cross-sector,0.6698,http://data.europa.eu/esco/skill/6a899482-8bcf-40ca-ae67-579a1cc467ab
ESPOCH,Escuela Superior Politécnica de Chimborazo,ADMINISTRACIÓN DE EMPRESAS,6,mantenerse al día sobre las innovaciones en el ámbito empresarial,skill/competence,cross-sector,0.6677,http://data.europa.eu/esco/skill/7f70572d-f0c1-4039-9954-b57dc69981f6
ESPOCH,Escuela Superior Politécnica de Chimborazo,ADMINISTRACIÓN DE EMPRESAS,7,diseñar componentes de ingeniería,skill/competence,cross-sector,0.6669,http://data.europa.eu/esco/skill/87434439-c07d-48be-af34-b0cdd03121c4
ESPOCH,Escuela Superior Politécnica de Chimborazo,ADMINISTRACIÓN DE EMPRESAS,8,mejorar procesos empresariales,skill/competence,cross-sector,0.6669,http://data.europa.eu/esco/skill/75b30aeb-34c0-40f4-b77d-271d75a98b14
ESPOCH,Escuela Superior Politécnica de Chimborazo,ADMINISTRACIÓN DE EMPRESAS,9,guiar a los gestores de los diferentes departamentos de la empresa,skill/competence,cross-sector,0.6496,http://data.europa.eu/esco/skill/3e61ee41-2bd9-466f-b313-00ce04072410
ESPOCH,Escuela Superior Politécnica de Chimborazo,ADMINISTRACIÓN DE EMPRESAS,10,ingeniería ambiental,knowledge,cross-sector,0.6462,http://data.europa.eu/esco/skill/b1b118c4-3291-484e-b64d-6d51fd5da8b3
ESPOCH,Escuela Superior Politécnica de Chimborazo,ADMINISTRACIÓN DE EMPRESAS,11,participar en las operaciones cotidianas de la empresa,skill/competence,cross-sector,0.645,http://data.europa.eu/esco/skill/ce4cbc3a-bde0-43b4-9526-e643c4fe5b04
ESPOCH,Escuela Superior Politécnica de Chimborazo,ADMINISTRACIÓN DE EMPRESAS,12,ingeniería de seguridad,knowledge,cross-sector,0.642,http://data.europa.eu/esco/skill/47d491a9-f7c0-4b13-a10f-983d3aa0113e
ESPOCH,Escuela Superior Politécnica de Chimborazo,ADMINISTRACIÓN DE EMPRESAS,13,gestionar empresas de producción,skill/competence,cross-sector,0.641,http://data.europa.eu/esco/skill/435d1751-8667-41ec-8b32-865b7cd3c684
ESPOCH,Escuela Superior Politécnica de Chimborazo,ADMINISTRACIÓN DE EMPRESAS,14,proporcionar experiencia técnica,skill/competence,cross-sector,0.6409,http://data.europa.eu/esco/skill/c69587b4-05d3-45bb-b79b-9b85e6603fc2
ESPOCH,Escuela Superior Politécnica de Chimborazo,ADMINISTRACIÓN DE EMPRESAS,15,integrar los principios de la ingeniería en el diseño arquitectónico,skill/competence,cross-sector,0.6405,http://data.europa.eu/esco/skill/ee239d14-bfc8-4939-91ff-824b5814ff67
ESPOCH,Escuela Superior Politécnica de Chimborazo,ADMINISTRACIÓN DE EMPRESAS,16,desarrollar normas y procedimientos de fabricación,skill/competence,cross-sector,0.6397,http://data.europa.eu/esco/skill/764db027-9063-4468-acb3-c73ecfc76f35
ESPOCH,Escuela Superior Politécnica de Chimborazo,ADMINISTRACIÓN DE EMPRESAS,17,resolver problemas,skill/competence,transversal,0.6381,http://data.europa.eu/esco/skill/adc6dc11-3376-467b-96c5-9b0a21edc869
ESPOCH,Escuela Superior Politécnica de Chimborazo,ADMINISTRACIÓN DE EMPRESAS,18,gestionar conocimientos empresariales,skill/competence,cross-sector,0.6368,http://data.europa.eu/esco/skill/41bf7ede-fc84-4a57-8c89-b548d11b0ba1
ESPOCH,Escuela Superior Politécnica de Chimborazo,ADMINISTRACIÓN DE EMPRESAS,19,innovar las prácticas actuales,skill/competence,cross-sector,0.6358,http://data.europa.eu/esco/skill/f975091a-e5a5-4472-ac17-11680e53e98f
ESPOCH,Escuela Superior Politécnica de Chimborazo,ADMINISTRACIÓN DE EMPRESAS,20,ingeniería informática,knowledge,cross-sector,0.6354,http://data.europa.eu/esco/skill/89f6560b-2194-45c9-9ece-d33049a73eef
ESPOCH,Escuela Superior Politécnica de Chimborazo,ADMINISTRACIÓN DE EMPRESAS,21,Proponer soluciones tecnológicas a problemas empresariales,skill/competence,cross-sector,0.635,http://data.europa.eu/esco/skill/07e51c60-763a-4335-b4ec-70a15f66d328
ESPOCH,Escuela Superior Politécnica de Chimborazo,ADMINISTRACIÓN DE EMPRESAS,22,actuar de enlace con los ingenieros,skill/competence,cross-sector,0.6348,http://data.europa.eu/esco/skill/c5c51528-ccfc-4c53-b409-c200aaa44222
ESPOCH,Escuela Superior Politécnica de Chimborazo,ADMINISTRACIÓN DE EMPRESAS,23,capacitar a empleados,skill/competence,cross-sector,0.6334,http://data.europa.eu/esco/skill/e54ff029-1ce9-447d-a5b2-eb7283a23e6e
ESPOCH,Escuela Superior Politécnica de Chimborazo,ADMINISTRACIÓN DE EMPRESAS,24,diseñar sistemas de control,skill/competence,cross-sector,0.6326,http://data.europa.eu/esco/skill/d560df46-dda4-4407-bab2-b87353a96814
ESPOCH,Escuela Superior Politécnica de Chimborazo,ADMINISTRACIÓN DE EMPRESAS,25,tener espíritu emprendedor,skill/competence,transversal,0.6302,http://data.europa.eu/esco/skill/bdcf429c-5ccf-4c3d-bb61-4c987573a35e
ESPOCH,Escuela Superior Politécnica de Chimborazo,COMPUTACIÓN,1,gestionar datos de investigación,skill/competence,cross-sector,0.7365,http://data.europa.eu/esco/skill/08b04e53-ed25-41a2-9f90-0b9cd939ba3d
ESPOCH,Escuela Superior Politécnica de Chimborazo,COMPUTACIÓN,2,llevar a cabo investigaciones científicas,skill/competence,cross-sector,0.7246,http://data.europa.eu/esco/skill/4fabca9a-7435-4f33-b1da-3cdb00340fdc
ESPOCH,Escuela Superior Politécnica de Chimborazo,COMPUTACIÓN,3,programación informática,knowledge,cross-sector,0.7157,http://data.europa.eu/esco/skill/21d2f96d-35f7-4e3f-9745-c533d2dd6e97
ESPOCH,Escuela Superior Politécnica de Chimborazo,COMPUTACIÓN,4,resolver problemas de sistemas TIC,skill/competence,cross-sector,0.7093,http://data.europa.eu/esco/skill/9e06bac6-6b91-48ca-8b7d-c1f48cdecd7c
ESPOCH,Escuela Superior Politécnica de Chimborazo,COMPUTACIÓN,5,crear soluciones para problemas,skill/competence,cross-sector,0.7084,http://data.europa.eu/esco/skill/03b9b491-fc9b-4868-914a-bf7cd47b5041
ESPOCH,Escuela Superior Politécnica de Chimborazo,COMPUTACIÓN,6,gestionar proyectos de investigación y desarrollo,skill/competence,cross-sector,0.7081,http://data.europa.eu/esco/skill/d5dbc342-8e39-4998-8237-ebbe05a381ce
ESPOCH,Escuela Superior Politécnica de Chimborazo,COMPUTACIÓN,7,prestar asistencia en investigaciones científicas,skill/competence,cross-sector,0.7077,http://data.europa.eu/esco/skill/d6179c4b-ff5a-4bbb-a3c8-e0acf0de1f56
ESPOCH,Escuela Superior Politécnica de Chimborazo,COMPUTACIÓN,8,resolver problemas,skill/competence,transversal,0.707,http://data.europa.eu/esco/skill/adc6dc11-3376-467b-96c5-9b0a21edc869
ESPOCH,Escuela Superior Politécnica de Chimborazo,COMPUTACIÓN,9,elaborar software estadístico,skill/competence,cross-sector,0.7061,http://data.europa.eu/esco/skill/bb165899-d95f-4433-95f2-173fefd716d2
ESPOCH,Escuela Superior Politécnica de Chimborazo,COMPUTACIÓN,10,desarrollar procedimientos de prueba,skill/competence,cross-sector,0.7054,http://data.europa.eu/esco/skill/f10142ce-d522-49c3-9fd1-054fb63529d4
ESPOCH,Escuela Superior Politécnica de Chimborazo,COMPUTACIÓN,11,Proponer soluciones tecnológicas a problemas empresariales,skill/competence,cross-sector,0.7012,http://data.europa.eu/esco/skill/07e51c60-763a-4335-b4ec-70a15f66d328
ESPOCH,Escuela Superior Politécnica de Chimborazo,COMPUTACIÓN,12,crear una red profesional con investigadores y científicos,skill/competence,cross-sector,0.7008,http://data.europa.eu/esco/skill/cc61f9e5-d4fc-470e-8606-1ce865ff8386
ESPOCH,Escuela Superior Politécnica de Chimborazo,COMPUTACIÓN,13,diseñar sistemas de control,skill/competence,cross-sector,0.6983,http://data.europa.eu/esco/skill/d560df46-dda4-4407-bab2-b87353a96814
ESPOCH,Escuela Superior Politécnica de Chimborazo,COMPUTACIÓN,14,"aplicar conocimientos científicos, tecnológicos y de ingeniería",skill/competence,transversal,0.6952,http://data.europa.eu/esco/skill/5c3ab99d-a3f1-4620-9602-d12d2151a03d
ESPOCH,Escuela Superior Politécnica de Chimborazo,COMPUTACIÓN,15,desarrollar procedimientos de prueba electrónica,skill/competence,cross-sector,0.6947,http://data.europa.eu/esco/skill/0de6bca4-f3aa-452a-8e10-d355b2c1bfc4
ESPOCH,Escuela Superior Politécnica de Chimborazo,COMPUTACIÓN,16,desarrollar normas y procedimientos de fabricación,skill/competence,cross-sector,0.694,http://data.europa.eu/esco/skill/764db027-9063-4468-acb3-c73ecfc76f35
ESPOCH,Escuela Superior Politécnica de Chimborazo,COMPUTACIÓN,17,innovar las prácticas actuales,skill/competence,cross-sector,0.6936,http://data.europa.eu/esco/skill/f975091a-e5a5-4472-ac17-11680e53e98f
ESPOCH,Escuela Superior Politécnica de Chimborazo,COMPUTACIÓN,18,desarrollar protocolos de investigación científica,skill/competence,cross-sector,0.6933,http://data.europa.eu/esco/skill/9b9662e0-100a-4314-9bdc-8146a7105c3d
ESPOCH,Escuela Superior Politécnica de Chimborazo,COMPUTACIÓN,19,proporcionar experiencia técnica,skill/competence,cross-sector,0.6911,http://data.europa.eu/esco/skill/c69587b4-05d3-45bb-b79b-9b85e6603fc2
ESPOCH,Escuela Superior Politécnica de Chimborazo,COMPUTACIÓN,20,identificar requisitos del cliente,skill/competence,cross-sector,0.6897,http://data.europa.eu/esco/skill/0e0c9c11-b39e-43cf-ba95-2fe646f5de64
ESPOCH,Escuela Superior Politécnica de Chimborazo,COMPUTACIÓN,21,aplicar políticas organizativas del sistema,skill/competence,cross-sector,0.6894,http://data.europa.eu/esco/skill/07e47d58-dd0e-4302-9e68-70a188e89065
ESPOCH,Escuela Superior Politécnica de Chimborazo,COMPUTACIÓN,22,informática,knowledge,cross-sector,0.689,http://data.europa.eu/esco/skill/7b5cce4d-c7fe-4119-b48f-70aa05391787
ESPOCH,Escuela Superior Politécnica de Chimborazo,COMPUTACIÓN,23,asesorar a la clientela acerca de las posibilidades técnicas,skill/competence,cross-sector,0.6888,http://data.europa.eu/esco/skill/7b3abd38-61ae-42a4-88bb-0884784f9ee1
ESPOCH,Escuela Superior Politécnica de Chimborazo,COMPUTACIÓN,24,crear soluciones para problemas informativos,skill/competence,cross-sector,0.6872,http://data.europa.eu/esco/skill/4539aeca-b56f-4d03-ba86-8f675a7f2536
ESPOCH,Escuela Superior Politécnica de Chimborazo,COMPUTACIÓN,25,coordinar equipos de ingeniería,skill/competence,cross-sector,0.6855,http://data.europa.eu/esco/skill/7af6e9e8-1e11-4c0b-b7c6-ac96bbbbc674
ESPOCH,Escuela Superior Politécnica de Chimborazo,ECONOMÍA,1,elaborar políticas de economía,skill/competence,cross-sector,0.8058,http://data.europa.eu/esco/skill/8394fefb-f62a-48c0-a156-3117cefdb9b3
ESPOCH,Escuela Superior Politécnica de Chimborazo,ECONOMÍA,2,asesorar sobre el desarrollo económico,skill/competence,cross-sector,0.7684,http://data.europa.eu/esco/skill/384ed14c-bf1f-4a65-aef6-6e711f43c4ce
ESPOCH,Escuela Superior Politécnica de Chimborazo,ECONOMÍA,3,"llevar a cabo análisis de factores políticos, económicos, sociales, tecnológicos, ambientales y jurídicos",skill/competence,cross-sector,0.7263,http://data.europa.eu/esco/skill/9979e727-3104-42e0-8f41-4af2578111ea
ESPOCH,Escuela Superior Politécnica de Chimborazo,ECONOMÍA,4,tener en cuenta los criterios económicos en la toma de decisiones,skill/competence,cross-sector,0.7253,http://data.europa.eu/esco/skill/d41262ae-eca1-4ede-89a8-46d2d99a7a31
ESPOCH,Escuela Superior Politécnica de Chimborazo,ECONOMÍA,5,realizar estudios de mercado,skill/competence,cross-sector,0.7239,http://data.europa.eu/esco/skill/fe39d4db-4cb5-4299-bb9f-896c8fd6ab13
ESPOCH,Escuela Superior Politécnica de Chimborazo,ECONOMÍA,6,realizar un análisis empresarial,skill/competence,cross-sector,0.7235,http://data.europa.eu/esco/skill/27ed854c-15b8-4ba2-90e9-ae888a219703
ESPOCH,Escuela Superior Politécnica de Chimborazo,ECONOMÍA,7,analizar las tendencias económicas,skill/competence,cross-sector,0.7226,http://data.europa.eu/esco/skill/5f302d63-048e-451c-b150-97c124a5a26b
ESPOCH,Escuela Superior Politécnica de Chimborazo,ECONOMÍA,8,predecir tendencias económicas,skill/competence,cross-sector,0.7214,http://data.europa.eu/esco/skill/f2a34d6b-131a-4b8f-a110-898b9c91d18f
ESPOCH,Escuela Superior Politécnica de Chimborazo,ECONOMÍA,9,elaborar software estadístico,skill/competence,cross-sector,0.7197,http://data.europa.eu/esco/skill/bb165899-d95f-4433-95f2-173fefd716d2
ESPOCH,Escuela Superior Politécnica de Chimborazo,ECONOMÍA,10,elaborar las estrategias empresariales,skill/competence,cross-sector,0.7195,http://data.europa.eu/esco/skill/ba2c6181-b036-40b4-8f6d-51499463ccbb
ESPOCH,Escuela Superior Politécnica de Chimborazo,ECONOMÍA,11,desarrollar políticas de la organización,skill/competence,cross-sector,0.7193,http://data.europa.eu/esco/skill/3254275d-a1b5-4640-9481-02f38780ac35
ESPOCH,Escuela Superior Politécnica de Chimborazo,ECONOMÍA,12,analizar los factores externos a una empresa,skill/competence,cross-sector,0.7105,http://data.europa.eu/esco/skill/ce5b1446-b5e3-4f05-a5ac-83f2ee142a44
ESPOCH,Escuela Superior Politécnica de Chimborazo,ECONOMÍA,13,ejercer el control del gasto,skill/competence,cross-sector,0.7098,http://data.europa.eu/esco/skill/b08ec8ff-1a3e-4cc3-8016-9520b21666a6
ESPOCH,Escuela Superior Politécnica de Chimborazo,ECONOMÍA,14,asesorar sobre finanzas públicas,skill/competence,cross-sector,0.7097,http://data.europa.eu/esco/skill/a9640376-8d72-4a70-a4a3-7a18e2e8f3c0
ESPOCH,Escuela Superior Politécnica de Chimborazo,ECONOMÍA,15,crear modelos de procesos empresariales,skill/competence,cross-sector,0.7091,http://data.europa.eu/esco/skill/6a7792a9-888a-46ad-afc9-2c0d94c8fde6
ESPOCH,Escuela Superior Politécnica de Chimborazo,ECONOMÍA,16,analizar procesos empresariales,skill/competence,cross-sector,0.7052,http://data.europa.eu/esco/skill/56042303-972b-41be-9310-58467599ff7e
ESPOCH,Escuela Superior Politécnica de Chimborazo,ECONOMÍA,17,crear soluciones para problemas,skill/competence,cross-sector,0.7036,http://data.europa.eu/esco/skill/03b9b491-fc9b-4868-914a-bf7cd47b5041
ESPOCH,Escuela Superior Politécnica de Chimborazo,ECONOMÍA,18,analizar el riesgo financiero,skill/competence,cross-sector,0.7034,http://data.europa.eu/esco/skill/eb8babfb-ab91-4937-a032-6a79f82e9b7f
ESPOCH,Escuela Superior Politécnica de Chimborazo,ECONOMÍA,19,economía,knowledge,cross-sector,0.6983,http://data.europa.eu/esco/skill/88af9294-b697-4687-ae19-aefbb6234dfa
ESPOCH,Escuela Superior Politécnica de Chimborazo,ECONOMÍA,20,asesorar sobre estrategias de mercado,skill/competence,cross-sector,0.6978,http://data.europa.eu/esco/skill/34d6ed30-5d35-44b9-9498-fd15badb5f28
ESPOCH,Escuela Superior Politécnica de Chimborazo,ECONOMÍA,21,gestionar los aspectos financieros de una empresa,skill/competence,cross-sector,0.6968,http://data.europa.eu/esco/skill/fa6acfc3-0a4f-4192-b77d-80e94d0faf2a
ESPOCH,Escuela Superior Politécnica de Chimborazo,ECONOMÍA,22,gestionar empresas de producción,skill/competence,cross-sector,0.695,http://data.europa.eu/esco/skill/435d1751-8667-41ec-8b32-865b7cd3c684
ESPOCH,Escuela Superior Politécnica de Chimborazo,ECONOMÍA,23,evaluar presupuestos,skill/competence,cross-sector,0.6936,http://data.europa.eu/esco/skill/6556cbf1-d5c0-4f53-89a9-8707066069a6
ESPOCH,Escuela Superior Politécnica de Chimborazo,ECONOMÍA,24,elaborar políticas de agricultura,skill/competence,cross-sector,0.6936,http://data.europa.eu/esco/skill/108320f7-c8a1-4386-aed9-91054ab05619
ESPOCH,Escuela Superior Politécnica de Chimborazo,ECONOMÍA,25,supervisar el funcionamiento del mercado internacional,skill/competence,cross-sector,0.6933,http://data.europa.eu/esco/skill/293301db-be3c-4cba-b3ee-6cc9c55fd70a
ESPOCH,Escuela Superior Politécnica de Chimborazo,ELECTRÓNICA Y AUTOMATIZACIÓN,1,diseñar componentes de automatización,skill/competence,cross-sector,0.762,http://data.europa.eu/esco/skill/f96f5aa5-6ed7-40dc-a431-68b0a09d6d4b
ESPOCH,Escuela Superior Politécnica de Chimborazo,ELECTRÓNICA Y AUTOMATIZACIÓN,2,diseñar sistemas de control,skill/competence,cross-sector,0.7465,http://data.europa.eu/esco/skill/d560df46-dda4-4407-bab2-b87353a96814
ESPOCH,Escuela Superior Politécnica de Chimborazo,ELECTRÓNICA Y AUTOMATIZACIÓN,3,desarrollar sistemas de instrumentación,skill/competence,cross-sector,0.7416,http://data.europa.eu/esco/skill/d8c19849-f4cf-458d-90cd-abe735a729bf
ESPOCH,Escuela Superior Politécnica de Chimborazo,ELECTRÓNICA Y AUTOMATIZACIÓN,4,desarrollar procedimientos de prueba electrónica,skill/competence,cross-sector,0.7328,http://data.europa.eu/esco/skill/0de6bca4-f3aa-452a-8e10-d355b2c1bfc4
ESPOCH,Escuela Superior Politécnica de Chimborazo,ELECTRÓNICA Y AUTOMATIZACIÓN,5,operar sistemas de control informatizados,skill/competence,cross-sector,0.7322,http://data.europa.eu/esco/skill/b916d60e-38e9-4241-914a-4e2144bda711
ESPOCH,Escuela Superior Politécnica de Chimborazo,ELECTRÓNICA Y AUTOMATIZACIÓN,6,desarrollar normas y procedimientos de fabricación,skill/competence,cross-sector,0.726,http://data.europa.eu/esco/skill/764db027-9063-4468-acb3-c73ecfc76f35
ESPOCH,Escuela Superior Politécnica de Chimborazo,ELECTRÓNICA Y AUTOMATIZACIÓN,7,supervisar el funcionamiento de los equipos,skill/competence,cross-sector,0.7253,http://data.europa.eu/esco/skill/ca17f0df-59e4-4ed2-9360-fc5325bc7151
ESPOCH,Escuela Superior Politécnica de Chimborazo,ELECTRÓNICA Y AUTOMATIZACIÓN,8,coordinar equipos de ingeniería,skill/competence,cross-sector,0.7144,http://data.europa.eu/esco/skill/7af6e9e8-1e11-4c0b-b7c6-ac96bbbbc674
ESPOCH,Escuela Superior Politécnica de Chimborazo,ELECTRÓNICA Y AUTOMATIZACIÓN,9,gestionar sistemas de instrumentación,skill/competence,cross-sector,0.7137,http://data.europa.eu/esco/skill/5d71a91f-cc72-4b66-b6e3-d75ecc05e235
ESPOCH,Escuela Superior Politécnica de Chimborazo,ELECTRÓNICA Y AUTOMATIZACIÓN,10,diseñar sistemas microelectrónicos,skill/competence,cross-sector,0.7089,http://data.europa.eu/esco/skill/8712b176-c063-462f-9d0f-2e3c54d9a2eb
ESPOCH,Escuela Superior Politécnica de Chimborazo,ELECTRÓNICA Y AUTOMATIZACIÓN,11,establecer directrices de fabricación,skill/competence,cross-sector,0.7073,http://data.europa.eu/esco/skill/37520413-563e-4d99-a14c-1c6dca3cf833
ESPOCH,Escuela Superior Politécnica de Chimborazo,ELECTRÓNICA Y AUTOMATIZACIÓN,12,desarrollar procedimientos de prueba,skill/competence,cross-sector,0.6999,http://data.europa.eu/esco/skill/f10142ce-d522-49c3-9fd1-054fb63529d4
ESPOCH,Escuela Superior Politécnica de Chimborazo,ELECTRÓNICA Y AUTOMATIZACIÓN,13,montar equipos de instrumentación,skill/competence,cross-sector,0.699,http://data.europa.eu/esco/skill/af0b1937-7538-434f-871b-7e8f72e04117
ESPOCH,Escuela Superior Politécnica de Chimborazo,ELECTRÓNICA Y AUTOMATIZACIÓN,14,integrar productos nuevos en la cadena de fabricación,skill/competence,cross-sector,0.697,http://data.europa.eu/esco/skill/8a753714-9a19-4418-9b37-77e79d72c705
ESPOCH,Escuela Superior Politécnica de Chimborazo,ELECTRÓNICA Y AUTOMATIZACIÓN,15,garantizar el cumplimiento de la legislación en materia de seguridad,skill/competence,cross-sector,0.6956,http://data.europa.eu/esco/skill/233be639-bdb5-4099-ab40-96d537d6c1f3
ESPOCH,Escuela Superior Politécnica de Chimborazo,ELECTRÓNICA Y AUTOMATIZACIÓN,16,controlar las tendencias en tecnología,skill/competence,cross-sector,0.6934,http://data.europa.eu/esco/skill/7a17d7ce-01a2-4746-bbcc-22ffe22fa16e
ESPOCH,Escuela Superior Politécnica de Chimborazo,ELECTRÓNICA Y AUTOMATIZACIÓN,17,actuar de enlace con los ingenieros,skill/competence,cross-sector,0.6922,http://data.europa.eu/esco/skill/c5c51528-ccfc-4c53-b409-c200aaa44222
ESPOCH,Escuela Superior Politécnica de Chimborazo,ELECTRÓNICA Y AUTOMATIZACIÓN,18,asegurarse de que los productos cumplen los requisitos legales,skill/competence,cross-sector,0.6907,http://data.europa.eu/esco/skill/f453b1a6-c7db-4d9d-9ba3-47c45159bfe3
ESPOCH,Escuela Superior Politécnica de Chimborazo,ELECTRÓNICA Y AUTOMATIZACIÓN,19,garantizar la seguridad de las operaciones en sistemas de suministro de energía eléctrica,skill/competence,cross-sector,0.6907,http://data.europa.eu/esco/skill/2b76cbbf-eddc-4a12-a120-f4ea370820a5
ESPOCH,Escuela Superior Politécnica de Chimborazo,ELECTRÓNICA Y AUTOMATIZACIÓN,20,controlar la producción,skill/competence,cross-sector,0.6882,http://data.europa.eu/esco/skill/feceacee-d425-4e73-821a-02dfb85084db
ESPOCH,Escuela Superior Politécnica de Chimborazo,ELECTRÓNICA Y AUTOMATIZACIÓN,21,garantizar la seguridad en el zona de producción,skill/competence,cross-sector,0.6857,http://data.europa.eu/esco/skill/ab239c75-dfcc-4f6c-9d11-75bb78049afc
ESPOCH,Escuela Superior Politécnica de Chimborazo,ELECTRÓNICA Y AUTOMATIZACIÓN,22,gestionar proyectos de investigación y desarrollo,skill/competence,cross-sector,0.6856,http://data.europa.eu/esco/skill/d5dbc342-8e39-4998-8237-ebbe05a381ce
ESPOCH,Escuela Superior Politécnica de Chimborazo,ELECTRÓNICA Y AUTOMATIZACIÓN,23,controlar maquinaria pesada,skill/competence,cross-sector,0.6847,http://data.europa.eu/esco/skill/4853efe8-0cdd-42d1-bc5a-6ba5fa9a8b2c
ESPOCH,Escuela Superior Politécnica de Chimborazo,ELECTRÓNICA Y AUTOMATIZACIÓN,24,resolver problemas de sistemas TIC,skill/competence,cross-sector,0.684,http://data.europa.eu/esco/skill/9e06bac6-6b91-48ca-8b7d-c1f48cdecd7c
ESPOCH,Escuela Superior Politécnica de Chimborazo,ELECTRÓNICA Y AUTOMATIZACIÓN,25,controlar las operaciones de las máquinas,skill/competence,cross-sector,0.6838,http://data.europa.eu/esco/skill/188048ff-18bf-43c4-a1a0-7adb6e68f421
ESPOCH,Escuela Superior Politécnica de Chimborazo,TELECOMUNICACIONES,1,sector de las telecomunicaciones,knowledge,cross-sector,0.7242,http://data.europa.eu/esco/skill/60b44dab-03f1-46de-be08-0e5ba8662b3d
ESPOCH,Escuela Superior Politécnica de Chimborazo,TELECOMUNICACIONES,2,coordinar comunicaciones remotas,skill/competence,cross-sector,0.7106,http://data.europa.eu/esco/skill/9bafaea2-76cd-4532-ab77-8b3d21fa6235
ESPOCH,Escuela Superior Politécnica de Chimborazo,TELECOMUNICACIONES,3,desarrollar estrategias de comunicación,skill/competence,cross-sector,0.7023,http://data.europa.eu/esco/skill/3c834f6e-523a-49ee-8ed1-e073e28ae6fe
ESPOCH,Escuela Superior Politécnica de Chimborazo,TELECOMUNICACIONES,4,gestionar canales de distribución,skill/competence,cross-sector,0.6784,http://data.europa.eu/esco/skill/5a5adfe3-5afe-4a24-b9a8-cee8481995e7
ESPOCH,Escuela Superior Politécnica de Chimborazo,TELECOMUNICACIONES,5,instalar líneas de energía eléctrica,skill/competence,cross-sector,0.6733,http://data.europa.eu/esco/skill/0c627853-241e-405b-9044-aaff6bca133e
ESPOCH,Escuela Superior Politécnica de Chimborazo,TELECOMUNICACIONES,6,diseñar sistemas de transporte,skill/competence,cross-sector,0.6712,http://data.europa.eu/esco/skill/11f364dd-0814-4398-b00e-10d1be8b27af
ESPOCH,Escuela Superior Politécnica de Chimborazo,TELECOMUNICACIONES,7,detectar y corregir errores de las tecnologías de la información y de las comunicaciones,skill/competence,cross-sector,0.6701,http://data.europa.eu/esco/skill/744442ac-c157-4350-8be0-ce454df4f5c5
ESPOCH,Escuela Superior Politécnica de Chimborazo,TELECOMUNICACIONES,8,coordinar campañas publicitarias,skill/competence,cross-sector,0.6672,http://data.europa.eu/esco/skill/ae6af2c6-890d-40a7-9849-326a8c21df76
ESPOCH,Escuela Superior Politécnica de Chimborazo,TELECOMUNICACIONES,9,evaluar las necesidades energéticas,skill/competence,cross-sector,0.6652,http://data.europa.eu/esco/skill/36fccad9-1d20-4104-bcc2-a8ea9d1ce5ea
ESPOCH,Escuela Superior Politécnica de Chimborazo,TELECOMUNICACIONES,10,elaborar las estrategias empresariales,skill/competence,cross-sector,0.6649,http://data.europa.eu/esco/skill/ba2c6181-b036-40b4-8f6d-51499463ccbb
ESPOCH,Escuela Superior Politécnica de Chimborazo,TELECOMUNICACIONES,11,realizar gestión de clientes,skill/competence,cross-sector,0.6641,http://data.europa.eu/esco/skill/91306a20-9b81-4f3d-97eb-f5368b607da7
ESPOCH,Escuela Superior Politécnica de Chimborazo,TELECOMUNICACIONES,12,coordinar actividades de planificación comercial,skill/competence,cross-sector,0.6637,http://data.europa.eu/esco/skill/90398aca-82b7-4f56-8e0f-814d949162b4
ESPOCH,Escuela Superior Politécnica de Chimborazo,TELECOMUNICACIONES,13,asesorar sobre estrategias de comunicación,skill/competence,cross-sector,0.6633,http://data.europa.eu/esco/skill/69f36674-440a-4fa0-89f9-1b70172ebb9d
ESPOCH,Escuela Superior Politécnica de Chimborazo,TELECOMUNICACIONES,14,gestionar las comunicaciones visuales,skill/competence,cross-sector,0.6622,http://data.europa.eu/esco/skill/50b96d21-f2eb-4f35-a8d3-77eee15ef51f
ESPOCH,Escuela Superior Politécnica de Chimborazo,TELECOMUNICACIONES,15,gestionar los programas públicos,skill/competence,cross-sector,0.66,http://data.europa.eu/esco/skill/0761f325-13e7-49f4-a41a-ec64ba4e7b9d
ESPOCH,Escuela Superior Politécnica de Chimborazo,TELECOMUNICACIONES,16,comunicarse con los jefes y directivos,skill/competence,cross-sector,0.6585,http://data.europa.eu/esco/skill/f14ff4b7-be1e-4b55-b39b-520005f8a97e
ESPOCH,Escuela Superior Politécnica de Chimborazo,TELECOMUNICACIONES,17,gestionar contratos,skill/competence,cross-sector,0.6572,http://data.europa.eu/esco/skill/92721092-fe7c-4689-96bd-4f02385bc0e7
ESPOCH,Escuela Superior Politécnica de Chimborazo,TELECOMUNICACIONES,18,gestionar el departamento de servicios de medios,skill/competence,cross-sector,0.6531,http://data.europa.eu/esco/skill/8de195a5-ffd6-4d99-aee8-9ec4a24dbafa
ESPOCH,Escuela Superior Politécnica de Chimborazo,TELECOMUNICACIONES,19,legislación sobre los medios de comunicación,knowledge,cross-sector,0.6522,http://data.europa.eu/esco/skill/1d062465-89b3-4fd9-b043-0f4d6d386a52
ESPOCH,Escuela Superior Politécnica de Chimborazo,TELECOMUNICACIONES,20,aplicar políticas organizativas del sistema,skill/competence,cross-sector,0.6519,http://data.europa.eu/esco/skill/07e47d58-dd0e-4302-9e68-70a188e89065
ESPOCH,Escuela Superior Politécnica de Chimborazo,TELECOMUNICACIONES,21,garantizar la seguridad de las operaciones en sistemas de suministro de energía eléctrica,skill/competence,cross-sector,0.6507,http://data.europa.eu/esco/skill/2b76cbbf-eddc-4a12-a120-f4ea370820a5
ESPOCH,Escuela Superior Politécnica de Chimborazo,TELECOMUNICACIONES,22,crear soluciones para problemas informativos,skill/competence,cross-sector,0.6485,http://data.europa.eu/esco/skill/4539aeca-b56f-4d03-ba86-8f675a7f2536
ESPOCH,Escuela Superior Politécnica de Chimborazo,TELECOMUNICACIONES,23,elaborar políticas de economía,skill/competence,cross-sector,0.6472,http://data.europa.eu/esco/skill/8394fefb-f62a-48c0-a156-3117cefdb9b3
ESPOCH,Escuela Superior Politécnica de Chimborazo,TELECOMUNICACIONES,24,coordinar equipos de ingeniería,skill/competence,cross-sector,0.6458,http://data.europa.eu/esco/skill/7af6e9e8-1e11-4c0b-b7c6-ac96bbbbc674
ESPOCH,Escuela Superior Politécnica de Chimborazo,TELECOMUNICACIONES,25,administrar una página web,skill/competence,cross-sector,0.6448,http://data.europa.eu/esco/skill/d04ee340-5378-4601-8181-19da6d5cbfe0
ESPOCH,Escuela Superior Politécnica de Chimborazo,INGENIERÍA CIVIL,1,asesorar sobre temas de construcción,skill/competence,cross-sector,0.7655,http://data.europa.eu/esco/skill/3b64ab47-a874-403a-b781-7b23c2fc3c6c
ESPOCH,Escuela Superior Politécnica de Chimborazo,INGENIERÍA CIVIL,2,coordinar equipos de ingeniería,skill/competence,cross-sector,0.7507,http://data.europa.eu/esco/skill/7af6e9e8-1e11-4c0b-b7c6-ac96bbbbc674
ESPOCH,Escuela Superior Politécnica de Chimborazo,INGENIERÍA CIVIL,3,supervisar un proyecto de construcción,skill/competence,cross-sector,0.7444,http://data.europa.eu/esco/skill/1de548e0-9535-4d2e-9d20-d4474c1ea813
ESPOCH,Escuela Superior Politécnica de Chimborazo,INGENIERÍA CIVIL,4,gestionar proyectos de ingeniería,skill/competence,cross-sector,0.7416,http://data.europa.eu/esco/skill/6a899482-8bcf-40ca-ae67-579a1cc467ab
ESPOCH,Escuela Superior Politécnica de Chimborazo,INGENIERÍA CIVIL,5,garantizar el cumplimiento de los plazos de construcción,skill/competence,cross-sector,0.7389,http://data.europa.eu/esco/skill/6181f475-110c-497c-a46d-ed2e14e7bc90
ESPOCH,Escuela Superior Politécnica de Chimborazo,INGENIERÍA CIVIL,6,ingeniería civil,knowledge,cross-sector,0.7366,http://data.europa.eu/esco/skill/82887396-e5bf-4306-af51-3fe8d82790b2
ESPOCH,Escuela Superior Politécnica de Chimborazo,INGENIERÍA CIVIL,7,examinar las infraestructuras civiles,skill/competence,cross-sector,0.7314,http://data.europa.eu/esco/skill/d48b3cfe-80b6-406f-b582-d959b60417f8
ESPOCH,Escuela Superior Politécnica de Chimborazo,INGENIERÍA CIVIL,8,diseñar edificios,skill/competence,cross-sector,0.7311,http://data.europa.eu/esco/skill/7c3cde53-9ff7-4e82-8396-13fdfadd3432
ESPOCH,Escuela Superior Politécnica de Chimborazo,INGENIERÍA CIVIL,9,diseñar sistemas de transporte,skill/competence,cross-sector,0.7243,http://data.europa.eu/esco/skill/11f364dd-0814-4398-b00e-10d1be8b27af
ESPOCH,Escuela Superior Politécnica de Chimborazo,INGENIERÍA CIVIL,10,vigilar el cumplimiento de los parámetros de los proyectos de construcción,skill/competence,cross-sector,0.721,http://data.europa.eu/esco/skill/3dd3dfa7-51c0-40ef-af46-e2df300489f6
ESPOCH,Escuela Superior Politécnica de Chimborazo,INGENIERÍA CIVIL,11,gestionar los programas públicos,skill/competence,cross-sector,0.7068,http://data.europa.eu/esco/skill/0761f325-13e7-49f4-a41a-ec64ba4e7b9d
ESPOCH,Escuela Superior Politécnica de Chimborazo,INGENIERÍA CIVIL,12,gestionar varios proyectos,skill/competence,cross-sector,0.7047,http://data.europa.eu/esco/skill/c881ddd2-9c0e-4743-bd24-36be650493dd
ESPOCH,Escuela Superior Politécnica de Chimborazo,INGENIERÍA CIVIL,13,gestionar la instalación de estructuras para eventos,skill/competence,cross-sector,0.7027,http://data.europa.eu/esco/skill/0e503b48-5491-4529-879e-b112251f8d50
ESPOCH,Escuela Superior Politécnica de Chimborazo,INGENIERÍA CIVIL,14,coordinar actividades de construcción,skill/competence,cross-sector,0.7011,http://data.europa.eu/esco/skill/fff5bc45-b506-4466-8977-4869079c1cb2
ESPOCH,Escuela Superior Politécnica de Chimborazo,INGENIERÍA CIVIL,15,gestionar proyectos de investigación y desarrollo,skill/competence,cross-sector,0.7011,http://data.europa.eu/esco/skill/d5dbc342-8e39-4998-8237-ebbe05a381ce
ESPOCH,Escuela Superior Politécnica de Chimborazo,INGENIERÍA CIVIL,16,proteger humedales en el desarrollo de proyectos,skill/competence,cross-sector,0.6978,http://data.europa.eu/esco/skill/e2028206-3060-4e81-8350-77baefabefde
ESPOCH,Escuela Superior Politécnica de Chimborazo,INGENIERÍA CIVIL,17,desarrollar estrategias de rehabilitación tras inundaciones,skill/competence,cross-sector,0.6946,http://data.europa.eu/esco/skill/6b5d032a-b85a-44ea-9dad-5201048d2dd2
ESPOCH,Escuela Superior Politécnica de Chimborazo,INGENIERÍA CIVIL,18,gestionar contratos,skill/competence,cross-sector,0.6933,http://data.europa.eu/esco/skill/92721092-fe7c-4689-96bd-4f02385bc0e7
ESPOCH,Escuela Superior Politécnica de Chimborazo,INGENIERÍA CIVIL,19,supervisar obras de construcción,skill/competence,cross-sector,0.6929,http://data.europa.eu/esco/skill/fc1a75bb-70e3-4005-881f-7709bf7b0ed4
ESPOCH,Escuela Superior Politécnica de Chimborazo,INGENIERÍA CIVIL,20,preparar documentos relativos al proyecto de construcción,skill/competence,cross-sector,0.6904,http://data.europa.eu/esco/skill/80274731-15ce-490a-8d5b-f55a36b976b0
ESPOCH,Escuela Superior Politécnica de Chimborazo,INGENIERÍA CIVIL,21,llevar a cabo las actividades de un proyecto,skill/competence,cross-sector,0.6902,http://data.europa.eu/esco/skill/1fcce318-3212-487a-ac07-4941bc85060d
ESPOCH,Escuela Superior Politécnica de Chimborazo,INGENIERÍA CIVIL,22,revisar proyectos de construcción,skill/competence,cross-sector,0.6893,http://data.europa.eu/esco/skill/ea9fc9d9-c602-4430-a7fc-edac7429a6a8
ESPOCH,Escuela Superior Politécnica de Chimborazo,INGENIERÍA CIVIL,23,integrar los principios de la ingeniería en el diseño arquitectónico,skill/competence,cross-sector,0.6891,http://data.europa.eu/esco/skill/ee239d14-bfc8-4939-91ff-824b5814ff67
ESPOCH,Escuela Superior Politécnica de Chimborazo,INGENIERÍA CIVIL,24,ingeniería del transporte,knowledge,cross-sector,0.6867,http://data.europa.eu/esco/skill/ec410a76-f890-4012-8863-b82f2c75527c
ESPOCH,Escuela Superior Politécnica de Chimborazo,INGENIERÍA CIVIL,25,evaluar el impacto ambiental de yacimientos y zonas industriales,skill/competence,cross-sector,0.6852,http://data.europa.eu/esco/skill/f12f094b-492f-4e88-b36b-50b8e58b7500
ESPOCH,Escuela Superior Politécnica de Chimborazo,INGENIERÍA INDUSTRIAL,1,mejorar procesos empresariales,skill/competence,cross-sector,0.6836,http://data.europa.eu/esco/skill/75b30aeb-34c0-40f4-b77d-271d75a98b14
ESPOCH,Escuela Superior Politécnica de Chimborazo,INGENIERÍA INDUSTRIAL,2,desarrollar normas y procedimientos de fabricación,skill/competence,cross-sector,0.6836,http://data.europa.eu/esco/skill/764db027-9063-4468-acb3-c73ecfc76f35
ESPOCH,Escuela Superior Politécnica de Chimborazo,INGENIERÍA INDUSTRIAL,3,integrar productos nuevos en la cadena de fabricación,skill/competence,cross-sector,0.6792,http://data.europa.eu/esco/skill/8a753714-9a19-4418-9b37-77e79d72c705
ESPOCH,Escuela Superior Politécnica de Chimborazo,INGENIERÍA INDUSTRIAL,4,innovar las prácticas actuales,skill/competence,cross-sector,0.6769,http://data.europa.eu/esco/skill/f975091a-e5a5-4472-ac17-11680e53e98f
ESPOCH,Escuela Superior Politécnica de Chimborazo,INGENIERÍA INDUSTRIAL,5,gestionar empresas de producción,skill/competence,cross-sector,0.6742,http://data.europa.eu/esco/skill/435d1751-8667-41ec-8b32-865b7cd3c684
ESPOCH,Escuela Superior Politécnica de Chimborazo,INGENIERÍA INDUSTRIAL,6,verificar las exigencias de fabricación,skill/competence,cross-sector,0.6725,http://data.europa.eu/esco/skill/277f489c-7a47-4791-bd87-61ca01737f96
ESPOCH,Escuela Superior Politécnica de Chimborazo,INGENIERÍA INDUSTRIAL,7,establecer directrices de fabricación,skill/competence,cross-sector,0.6686,http://data.europa.eu/esco/skill/37520413-563e-4d99-a14c-1c6dca3cf833
ESPOCH,Escuela Superior Politécnica de Chimborazo,INGENIERÍA INDUSTRIAL,8,supervisar la producción de la fábrica,skill/competence,cross-sector,0.6683,http://data.europa.eu/esco/skill/c09dce1b-e198-487e-b63f-934e10a4c181
ESPOCH,Escuela Superior Politécnica de Chimborazo,INGENIERÍA INDUSTRIAL,9,inspeccionar la calidad de los productos,skill/competence,cross-sector,0.6638,http://data.europa.eu/esco/skill/1a3660c2-011c-4e96-9b1d-529afc305428
ESPOCH,Escuela Superior Politécnica de Chimborazo,INGENIERÍA INDUSTRIAL,10,coordinar equipos de ingeniería,skill/competence,cross-sector,0.663,http://data.europa.eu/esco/skill/7af6e9e8-1e11-4c0b-b7c6-ac96bbbbc674
ESPOCH,Escuela Superior Politécnica de Chimborazo,INGENIERÍA INDUSTRIAL,11,asesorar sobre cuestiones relacionadas con problemas de fabricación,skill/competence,cross-sector,0.6621,http://data.europa.eu/esco/skill/6c80c47c-3d08-4356-aa82-46f6ec82c898
ESPOCH,Escuela Superior Politécnica de Chimborazo,INGENIERÍA INDUSTRIAL,12,participar en las operaciones cotidianas de la empresa,skill/competence,cross-sector,0.6612,http://data.europa.eu/esco/skill/ce4cbc3a-bde0-43b4-9526-e643c4fe5b04
ESPOCH,Escuela Superior Politécnica de Chimborazo,INGENIERÍA INDUSTRIAL,13,mantenerse al día sobre las innovaciones en el ámbito empresarial,skill/competence,cross-sector,0.6612,http://data.europa.eu/esco/skill/7f70572d-f0c1-4039-9954-b57dc69981f6
ESPOCH,Escuela Superior Politécnica de Chimborazo,INGENIERÍA INDUSTRIAL,14,controlar la producción,skill/competence,cross-sector,0.6608,http://data.europa.eu/esco/skill/feceacee-d425-4e73-821a-02dfb85084db
ESPOCH,Escuela Superior Politécnica de Chimborazo,INGENIERÍA INDUSTRIAL,15,trabajar en equipo en líneas de ensamble,skill/competence,cross-sector,0.6593,http://data.europa.eu/esco/skill/76dc6263-a4dc-4123-9aea-25b1fead6edd
ESPOCH,Escuela Superior Politécnica de Chimborazo,INGENIERÍA INDUSTRIAL,16,gestionar proyectos de investigación y desarrollo,skill/competence,cross-sector,0.659,http://data.europa.eu/esco/skill/d5dbc342-8e39-4998-8237-ebbe05a381ce
ESPOCH,Escuela Superior Politécnica de Chimborazo,INGENIERÍA INDUSTRIAL,17,gestionar varios proyectos,skill/competence,cross-sector,0.6569,http://data.europa.eu/esco/skill/c881ddd2-9c0e-4743-bd24-36be650493dd
ESPOCH,Escuela Superior Politécnica de Chimborazo,INGENIERÍA INDUSTRIAL,18,planificar procesos de fabricación,skill/competence,cross-sector,0.6553,http://data.europa.eu/esco/skill/7d0f33ea-e724-4d77-8b75-ee4fe66bb9ba
ESPOCH,Escuela Superior Politécnica de Chimborazo,INGENIERÍA INDUSTRIAL,19,controlar desarrollos de producción,skill/competence,cross-sector,0.6543,http://data.europa.eu/esco/skill/9148c1e4-beae-433c-bd72-e4a009440744
ESPOCH,Escuela Superior Politécnica de Chimborazo,INGENIERÍA INDUSTRIAL,20,supervisar operaciones de ensamblado,skill/competence,cross-sector,0.6521,http://data.europa.eu/esco/skill/6b9194f0-f8bb-4b9a-96a5-2203c9c2671b
ESPOCH,Escuela Superior Politécnica de Chimborazo,INGENIERÍA INDUSTRIAL,21,comunicar y colaborar con ingenieros sobre diseño de productos y desarrollo de productos nuevos,skill/competence,cross-sector,0.6518,http://data.europa.eu/esco/skill/94b2c46e-6338-4a1d-950a-d44eef018c53
ESPOCH,Escuela Superior Politécnica de Chimborazo,INGENIERÍA INDUSTRIAL,22,gestionar los suministros,skill/competence,cross-sector,0.6517,http://data.europa.eu/esco/skill/020b3c27-bae1-4b85-9d6f-eccee0f5ed99
ESPOCH,Escuela Superior Politécnica de Chimborazo,INGENIERÍA INDUSTRIAL,23,aplicar métodos de producción avanzados,skill/competence,cross-sector,0.6514,http://data.europa.eu/esco/skill/4f0e579d-ca7b-427c-ace6-9e2de3eb19c7
ESPOCH,Escuela Superior Politécnica de Chimborazo,INGENIERÍA INDUSTRIAL,24,coordinar las actividades de producción,skill/competence,cross-sector,0.6514,http://data.europa.eu/esco/skill/05c00631-b864-4842-b47e-06710c197c7a
ESPOCH,Escuela Superior Politécnica de Chimborazo,INGENIERÍA INDUSTRIAL,25,programar la producción,skill/competence,cross-sector,0.6502,http://data.europa.eu/esco/skill/2a778aeb-f246-4f03-9a96-c60183001037
ESPOCH,Escuela Superior Politécnica de Chimborazo,MECÁNICA,1,realizar todas las actividades de ingeniería de procesos,skill/competence,cross-sector,0.74,http://data.europa.eu/esco/skill/8b9d609a-6d62-4d5c-9133-01d41979cfac
ESPOCH,Escuela Superior Politécnica de Chimborazo,MECÁNICA,2,diseñar componentes de automatización,skill/competence,cross-sector,0.739,http://data.europa.eu/esco/skill/f96f5aa5-6ed7-40dc-a431-68b0a09d6d4b
ESPOCH,Escuela Superior Politécnica de Chimborazo,MECÁNICA,3,desarrollar normas y procedimientos de fabricación,skill/competence,cross-sector,0.7387,http://data.europa.eu/esco/skill/764db027-9063-4468-acb3-c73ecfc76f35
ESPOCH,Escuela Superior Politécnica de Chimborazo,MECÁNICA,4,gestionar sistemas de instrumentación,skill/competence,cross-sector,0.7331,http://data.europa.eu/esco/skill/5d71a91f-cc72-4b66-b6e3-d75ecc05e235
ESPOCH,Escuela Superior Politécnica de Chimborazo,MECÁNICA,5,ingeniería industrial,knowledge,cross-sector,0.7316,http://data.europa.eu/esco/skill/a1816dfd-dbdc-4499-bef3-ff81dd895b33
ESPOCH,Escuela Superior Politécnica de Chimborazo,MECÁNICA,6,diseñar componentes de ingeniería,skill/competence,cross-sector,0.73,http://data.europa.eu/esco/skill/87434439-c07d-48be-af34-b0cdd03121c4
ESPOCH,Escuela Superior Politécnica de Chimborazo,MECÁNICA,7,gestionar empresas de producción,skill/competence,cross-sector,0.7276,http://data.europa.eu/esco/skill/435d1751-8667-41ec-8b32-865b7cd3c684
ESPOCH,Escuela Superior Politécnica de Chimborazo,MECÁNICA,8,proporcionar experiencia técnica,skill/competence,cross-sector,0.7258,http://data.europa.eu/esco/skill/c69587b4-05d3-45bb-b79b-9b85e6603fc2
ESPOCH,Escuela Superior Politécnica de Chimborazo,MECÁNICA,9,planificar procesos de fabricación,skill/competence,cross-sector,0.7257,http://data.europa.eu/esco/skill/7d0f33ea-e724-4d77-8b75-ee4fe66bb9ba
ESPOCH,Escuela Superior Politécnica de Chimborazo,MECÁNICA,10,gestionar proyectos de ingeniería,skill/competence,cross-sector,0.7224,http://data.europa.eu/esco/skill/6a899482-8bcf-40ca-ae67-579a1cc467ab
ESPOCH,Escuela Superior Politécnica de Chimborazo,MECÁNICA,11,coordinar equipos de ingeniería,skill/competence,cross-sector,0.7215,http://data.europa.eu/esco/skill/7af6e9e8-1e11-4c0b-b7c6-ac96bbbbc674
ESPOCH,Escuela Superior Politécnica de Chimborazo,MECÁNICA,12,diseñar sistemas de control,skill/competence,cross-sector,0.7178,http://data.europa.eu/esco/skill/d560df46-dda4-4407-bab2-b87353a96814
ESPOCH,Escuela Superior Politécnica de Chimborazo,MECÁNICA,13,desarrollar procedimientos de ensayo de materiales,skill/competence,cross-sector,0.7175,http://data.europa.eu/esco/skill/658b6ea0-79f5-451d-a037-7593a4416c85
ESPOCH,Escuela Superior Politécnica de Chimborazo,MECÁNICA,14,gestionar el impacto medioambiental de las operaciones,skill/competence,cross-sector,0.7158,http://data.europa.eu/esco/skill/d86babea-bf8b-4552-81a8-daf706066ad6
ESPOCH,Escuela Superior Politécnica de Chimborazo,MECÁNICA,15,escribir manuales,skill/competence,cross-sector,0.7111,http://data.europa.eu/esco/skill/cbd9cd0f-6c22-4bbc-8af2-dc9c7f5efcb5
ESPOCH,Escuela Superior Politécnica de Chimborazo,MECÁNICA,16,desarrollar sistemas de instrumentación,skill/competence,cross-sector,0.7103,http://data.europa.eu/esco/skill/d8c19849-f4cf-458d-90cd-abe735a729bf
ESPOCH,Escuela Superior Politécnica de Chimborazo,MECÁNICA,17,montar equipos de instrumentación,skill/competence,cross-sector,0.7098,http://data.europa.eu/esco/skill/af0b1937-7538-434f-871b-7e8f72e04117
ESPOCH,Escuela Superior Politécnica de Chimborazo,MECÁNICA,18,mecatrónica,knowledge,cross-sector,0.7089,http://data.europa.eu/esco/skill/d88cb3f1-8e02-4618-bf32-4b0488066934
ESPOCH,Escuela Superior Politécnica de Chimborazo,MECÁNICA,19,establecer directrices de fabricación,skill/competence,cross-sector,0.708,http://data.europa.eu/esco/skill/37520413-563e-4d99-a14c-1c6dca3cf833
ESPOCH,Escuela Superior Politécnica de Chimborazo,MECÁNICA,20,ingeniería ambiental,knowledge,cross-sector,0.7063,http://data.europa.eu/esco/skill/b1b118c4-3291-484e-b64d-6d51fd5da8b3
ESPOCH,Escuela Superior Politécnica de Chimborazo,MECÁNICA,21,sistemas mecánicos,knowledge,cross-sector,0.7032,http://data.europa.eu/esco/skill/69bece91-c806-42ad-bde4-db28c7f8fc4b
ESPOCH,Escuela Superior Politécnica de Chimborazo,MECÁNICA,22,realizar trabajos técnicos difíciles,skill/competence,cross-sector,0.7026,http://data.europa.eu/esco/skill/2d780738-9b34-40a3-adbb-590001f6ff86
ESPOCH,Escuela Superior Politécnica de Chimborazo,MECÁNICA,23,electromecánica,knowledge,cross-sector,0.7022,http://data.europa.eu/esco/skill/2bbdea06-a265-42b5-bb4f-7241b661f069
ESPOCH,Escuela Superior Politécnica de Chimborazo,MECÁNICA,24,"aplicar conocimientos científicos, tecnológicos y de ingeniería",skill/competence,transversal,0.7021,http://data.europa.eu/esco/skill/5c3ab99d-a3f1-4620-9602-d12d2151a03d
ESPOCH,Escuela Superior Politécnica de Chimborazo,MECÁNICA,25,manejar equipos industriales,skill/competence,cross-sector,0.7013,http://data.europa.eu/esco/skill/7c632656-361e-4db1-8d69-b9f85d6be0d0
ESPOCH,Escuela Superior Politécnica de Chimborazo,INGENIERÍA QUÍMICA,1,mejorar procesos químicos,skill/competence,cross-sector,0.7565,http://data.europa.eu/esco/skill/451c8010-7dbb-4f96-b4d4-0955766d9eff
ESPOCH,Escuela Superior Politécnica de Chimborazo,INGENIERÍA QUÍMICA,2,fabricar productos químicos,skill/competence,cross-sector,0.7521,http://data.europa.eu/esco/skill/4309a39d-af97-4e56-8d0e-5351b7b8dd01
ESPOCH,Escuela Superior Politécnica de Chimborazo,INGENIERÍA QUÍMICA,3,gestionar empresas de producción,skill/competence,cross-sector,0.7472,http://data.europa.eu/esco/skill/435d1751-8667-41ec-8b32-865b7cd3c684
ESPOCH,Escuela Superior Politécnica de Chimborazo,INGENIERÍA QUÍMICA,4,gestionar procedimientos de ensayos de sustancias químicas,skill/competence,cross-sector,0.7457,http://data.europa.eu/esco/skill/abcfd4de-3b3d-48ed-a002-36071bad8d46
ESPOCH,Escuela Superior Politécnica de Chimborazo,INGENIERÍA QUÍMICA,5,gestionar experimentos a gran escala para la fabricación de alimentos,skill/competence,cross-sector,0.7406,http://data.europa.eu/esco/skill/950c1106-4ea1-4fb7-a115-5dd5adcc1ea4
ESPOCH,Escuela Superior Politécnica de Chimborazo,INGENIERÍA QUÍMICA,6,controlar la producción,skill/competence,cross-sector,0.7382,http://data.europa.eu/esco/skill/feceacee-d425-4e73-821a-02dfb85084db
ESPOCH,Escuela Superior Politécnica de Chimborazo,INGENIERÍA QUÍMICA,7,inspeccionar la calidad de los productos,skill/competence,cross-sector,0.7355,http://data.europa.eu/esco/skill/1a3660c2-011c-4e96-9b1d-529afc305428
ESPOCH,Escuela Superior Politécnica de Chimborazo,INGENIERÍA QUÍMICA,8,gestionar el impacto medioambiental de las operaciones,skill/competence,cross-sector,0.7316,http://data.europa.eu/esco/skill/d86babea-bf8b-4552-81a8-daf706066ad6
ESPOCH,Escuela Superior Politécnica de Chimborazo,INGENIERÍA QUÍMICA,9,elaborar fórmulas de fabricación,skill/competence,cross-sector,0.7302,http://data.europa.eu/esco/skill/b2ad4e50-cb82-4a34-ab3e-5b5f6c4f9b65
ESPOCH,Escuela Superior Politécnica de Chimborazo,INGENIERÍA QUÍMICA,10,manipular productos químicos de limpieza,skill/competence,cross-sector,0.7298,http://data.europa.eu/esco/skill/51a26193-9abe-4bce-9108-f50835be1c35
ESPOCH,Escuela Superior Politécnica de Chimborazo,INGENIERÍA QUÍMICA,11,manipular productos químicos,skill/competence,cross-sector,0.7249,http://data.europa.eu/esco/skill/2416dc09-6384-409e-8b1d-80bb7a2e7369
ESPOCH,Escuela Superior Politécnica de Chimborazo,INGENIERÍA QUÍMICA,12,realizar todas las actividades de ingeniería de procesos,skill/competence,cross-sector,0.7243,http://data.europa.eu/esco/skill/8b9d609a-6d62-4d5c-9133-01d41979cfac
ESPOCH,Escuela Superior Politécnica de Chimborazo,INGENIERÍA QUÍMICA,13,trabajar con sustancias químicas,skill/competence,cross-sector,0.7234,http://data.europa.eu/esco/skill/929a997b-d56c-4383-b36d-6de9fa0e1721
ESPOCH,Escuela Superior Politécnica de Chimborazo,INGENIERÍA QUÍMICA,14,impartir formación sobre cómo supervisar la gestión de la calidad,skill/competence,cross-sector,0.7197,http://data.europa.eu/esco/skill/09e7cd13-ea36-4694-afe5-f34373759392
ESPOCH,Escuela Superior Politécnica de Chimborazo,INGENIERÍA QUÍMICA,15,gestionar proyectos de investigación y desarrollo,skill/competence,cross-sector,0.7162,http://data.europa.eu/esco/skill/d5dbc342-8e39-4998-8237-ebbe05a381ce
ESPOCH,Escuela Superior Politécnica de Chimborazo,INGENIERÍA QUÍMICA,16,desarrollar normas y procedimientos de fabricación,skill/competence,cross-sector,0.7161,http://data.europa.eu/esco/skill/764db027-9063-4468-acb3-c73ecfc76f35
ESPOCH,Escuela Superior Politécnica de Chimborazo,INGENIERÍA QUÍMICA,17,desarrollar procedimientos de ensayo de materiales,skill/competence,cross-sector,0.716,http://data.europa.eu/esco/skill/658b6ea0-79f5-451d-a037-7593a4416c85
ESPOCH,Escuela Superior Politécnica de Chimborazo,INGENIERÍA QUÍMICA,18,coordinar las actividades de producción,skill/competence,cross-sector,0.7157,http://data.europa.eu/esco/skill/05c00631-b864-4842-b47e-06710c197c7a
ESPOCH,Escuela Superior Politécnica de Chimborazo,INGENIERÍA QUÍMICA,19,realizar el control de procesos en la industria de prendas de vestir,skill/competence,cross-sector,0.7155,http://data.europa.eu/esco/skill/58c080f9-71d5-429d-9476-bc9e742d460c
ESPOCH,Escuela Superior Politécnica de Chimborazo,INGENIERÍA QUÍMICA,20,coordinar esfuerzos ambientales,skill/competence,cross-sector,0.7116,http://data.europa.eu/esco/skill/bd70f004-e1d6-43f0-96f1-59c014a4ea01
ESPOCH,Escuela Superior Politécnica de Chimborazo,INGENIERÍA QUÍMICA,21,gestionar los ensayos de productos,skill/competence,cross-sector,0.711,http://data.europa.eu/esco/skill/b7a03115-41c9-4167-a0b6-7e40cf0fd607
ESPOCH,Escuela Superior Politécnica de Chimborazo,INGENIERÍA QUÍMICA,22,establecer directrices de fabricación,skill/competence,cross-sector,0.711,http://data.europa.eu/esco/skill/37520413-563e-4d99-a14c-1c6dca3cf833
ESPOCH,Escuela Superior Politécnica de Chimborazo,INGENIERÍA QUÍMICA,23,asegurarse de que los productos cumplen los requisitos legales,skill/competence,cross-sector,0.7106,http://data.europa.eu/esco/skill/f453b1a6-c7db-4d9d-9ba3-47c45159bfe3
ESPOCH,Escuela Superior Politécnica de Chimborazo,INGENIERÍA QUÍMICA,24,asesorar sobre la reducción del uso de sustancias químicas,skill/competence,cross-sector,0.7093,http://data.europa.eu/esco/skill/09c28e46-712a-4c11-a4ae-67ae554ea940
ESPOCH,Escuela Superior Politécnica de Chimborazo,INGENIERÍA QUÍMICA,25,desarrollar medicamentos,skill/competence,cross-sector,0.7079,http://data.europa.eu/esco/skill/d8aa87e2-bbe4-45ac-a1e4-f48b6f63952e
ESPOCH,Escuela Superior Politécnica de Chimborazo,SOFTWARE,1,programación informática,knowledge,cross-sector,0.6948,http://data.europa.eu/esco/skill/21d2f96d-35f7-4e3f-9745-c533d2dd6e97
ESPOCH,Escuela Superior Politécnica de Chimborazo,SOFTWARE,2,innovar las prácticas actuales,skill/competence,cross-sector,0.6878,http://data.europa.eu/esco/skill/f975091a-e5a5-4472-ac17-11680e53e98f
ESPOCH,Escuela Superior Politécnica de Chimborazo,SOFTWARE,3,Proponer soluciones tecnológicas a problemas empresariales,skill/competence,cross-sector,0.6849,http://data.europa.eu/esco/skill/07e51c60-763a-4335-b4ec-70a15f66d328
ESPOCH,Escuela Superior Politécnica de Chimborazo,SOFTWARE,4,crear soluciones para problemas informativos,skill/competence,cross-sector,0.6761,http://data.europa.eu/esco/skill/4539aeca-b56f-4d03-ba86-8f675a7f2536
ESPOCH,Escuela Superior Politécnica de Chimborazo,SOFTWARE,5,detectar necesidades tecnológicas,skill/competence,cross-sector,0.6748,http://data.europa.eu/esco/skill/42fcf80d-7b45-40f3-bd2f-5411c4c0dfa0
ESPOCH,Escuela Superior Politécnica de Chimborazo,SOFTWARE,6,mejorar procesos empresariales,skill/competence,cross-sector,0.6742,http://data.europa.eu/esco/skill/75b30aeb-34c0-40f4-b77d-271d75a98b14
ESPOCH,Escuela Superior Politécnica de Chimborazo,SOFTWARE,7,elaborar software estadístico,skill/competence,cross-sector,0.6707,http://data.europa.eu/esco/skill/bb165899-d95f-4433-95f2-173fefd716d2
ESPOCH,Escuela Superior Politécnica de Chimborazo,SOFTWARE,8,crear soluciones para problemas,skill/competence,cross-sector,0.6686,http://data.europa.eu/esco/skill/03b9b491-fc9b-4868-914a-bf7cd47b5041
ESPOCH,Escuela Superior Politécnica de Chimborazo,SOFTWARE,9,resolver problemas,skill/competence,transversal,0.6669,http://data.europa.eu/esco/skill/adc6dc11-3376-467b-96c5-9b0a21edc869
ESPOCH,Escuela Superior Politécnica de Chimborazo,SOFTWARE,10,tecnologías sostenibles,knowledge,cross-sector,0.6663,http://data.europa.eu/esco/skill/103f7814-d262-4df6-a1b6-759bc51f76cb
ESPOCH,Escuela Superior Politécnica de Chimborazo,SOFTWARE,11,mantenerse al día sobre las innovaciones en el ámbito empresarial,skill/competence,cross-sector,0.6654,http://data.europa.eu/esco/skill/7f70572d-f0c1-4039-9954-b57dc69981f6
ESPOCH,Escuela Superior Politécnica de Chimborazo,SOFTWARE,12,aplicar políticas organizativas del sistema,skill/competence,cross-sector,0.6652,http://data.europa.eu/esco/skill/07e47d58-dd0e-4302-9e68-70a188e89065
ESPOCH,Escuela Superior Politécnica de Chimborazo,SOFTWARE,13,llevar a cabo investigaciones científicas,skill/competence,cross-sector,0.6637,http://data.europa.eu/esco/skill/4fabca9a-7435-4f33-b1da-3cdb00340fdc
ESPOCH,Escuela Superior Politécnica de Chimborazo,SOFTWARE,14,asesorar a la clientela acerca de las posibilidades técnicas,skill/competence,cross-sector,0.6632,http://data.europa.eu/esco/skill/7b3abd38-61ae-42a4-88bb-0884784f9ee1
ESPOCH,Escuela Superior Politécnica de Chimborazo,SOFTWARE,15,gestionar proyectos de investigación y desarrollo,skill/competence,cross-sector,0.657,http://data.europa.eu/esco/skill/d5dbc342-8e39-4998-8237-ebbe05a381ce
ESPOCH,Escuela Superior Politécnica de Chimborazo,SOFTWARE,16,resolver problemas técnicos,skill/competence,cross-sector,0.6557,http://data.europa.eu/esco/skill/14832d87-2f2f-4895-b290-e4760ebae42a
ESPOCH,Escuela Superior Politécnica de Chimborazo,SOFTWARE,17,asesorar sobre soluciones sostenibles,skill/competence,cross-sector,0.6557,http://data.europa.eu/esco/skill/dbef5042-4b99-4e6f-b2ed-1d33b07b3ed6
ESPOCH,Escuela Superior Politécnica de Chimborazo,SOFTWARE,18,desarrollar normas y procedimientos de fabricación,skill/competence,cross-sector,0.6555,http://data.europa.eu/esco/skill/764db027-9063-4468-acb3-c73ecfc76f35
ESPOCH,Escuela Superior Politécnica de Chimborazo,SOFTWARE,19,desarrollar procedimientos de prueba,skill/competence,cross-sector,0.6553,http://data.europa.eu/esco/skill/f10142ce-d522-49c3-9fd1-054fb63529d4
ESPOCH,Escuela Superior Politécnica de Chimborazo,SOFTWARE,20,elaborar políticas de agricultura,skill/competence,cross-sector,0.6549,http://data.europa.eu/esco/skill/108320f7-c8a1-4386-aed9-91054ab05619
ESPOCH,Escuela Superior Politécnica de Chimborazo,SOFTWARE,21,ingeniería ambiental,knowledge,cross-sector,0.6548,http://data.europa.eu/esco/skill/b1b118c4-3291-484e-b64d-6d51fd5da8b3
ESPOCH,Escuela Superior Politécnica de Chimborazo,SOFTWARE,22,desarrollar arquitecturas innovadoras de cadena de bloques,skill/competence,cross-sector,0.6543,http://data.europa.eu/esco/skill/01d269d9-b058-4d6c-82a0-3779af9a124b
ESPOCH,Escuela Superior Politécnica de Chimborazo,SOFTWARE,23,asesorar sobre sistemas de gestión de riesgos ambientales,skill/competence,cross-sector,0.6529,http://data.europa.eu/esco/skill/a366bfc5-8d17-4792-a9f0-db0951528dda
ESPOCH,Escuela Superior Politécnica de Chimborazo,SOFTWARE,24,evaluar la viabilidad de la implementación de desarrollos,skill/competence,cross-sector,0.6522,http://data.europa.eu/esco/skill/21056f6a-8a85-4eb0-b709-468578b809e0
ESPOCH,Escuela Superior Politécnica de Chimborazo,SOFTWARE,25,software para procesos industriales,knowledge,cross-sector,0.6521,http://data.europa.eu/esco/skill/41ec47dd-08b3-464a-9c45-c706f3e74467
ESPOCH,Escuela Superior Politécnica de Chimborazo,SISTEMAS DE INFORMACIÓN,1,"gestionar datos, información y contenido digitales",skill/competence,cross-sector,0.6463,http://data.europa.eu/esco/skill/4d97e3c3-f335-47cc-a4ee-0d779fd42222
ESPOCH,Escuela Superior Politécnica de Chimborazo,SISTEMAS DE INFORMACIÓN,2,operar sistemas de control informatizados,skill/competence,cross-sector,0.6461,http://data.europa.eu/esco/skill/b916d60e-38e9-4241-914a-4e2144bda711
ESPOCH,Escuela Superior Politécnica de Chimborazo,SISTEMAS DE INFORMACIÓN,3,proporcionar soporte de TIC,skill/competence,cross-sector,0.6453,http://data.europa.eu/esco/skill/c2296e2e-5fef-4f24-a24f-e5b3792268be
ESPOCH,Escuela Superior Politécnica de Chimborazo,SISTEMAS DE INFORMACIÓN,4,resolver problemas de sistemas TIC,skill/competence,cross-sector,0.6412,http://data.europa.eu/esco/skill/9e06bac6-6b91-48ca-8b7d-c1f48cdecd7c
ESPOCH,Escuela Superior Politécnica de Chimborazo,SISTEMAS DE INFORMACIÓN,5,detectar necesidades tecnológicas,skill/competence,cross-sector,0.6351,http://data.europa.eu/esco/skill/42fcf80d-7b45-40f3-bd2f-5411c4c0dfa0
ESPOCH,Escuela Superior Politécnica de Chimborazo,SISTEMAS DE INFORMACIÓN,6,guiar a los gestores de los diferentes departamentos de la empresa,skill/competence,cross-sector,0.6344,http://data.europa.eu/esco/skill/3e61ee41-2bd9-466f-b313-00ce04072410
ESPOCH,Escuela Superior Politécnica de Chimborazo,SISTEMAS DE INFORMACIÓN,7,proporcionar experiencia técnica,skill/competence,cross-sector,0.6337,http://data.europa.eu/esco/skill/c69587b4-05d3-45bb-b79b-9b85e6603fc2
ESPOCH,Escuela Superior Politécnica de Chimborazo,SISTEMAS DE INFORMACIÓN,8,gestionar sistemas administrativos,skill/competence,cross-sector,0.632,http://data.europa.eu/esco/skill/6ae8306a-4f9d-4410-ac82-6406f3cbd16a
ESPOCH,Escuela Superior Politécnica de Chimborazo,SISTEMAS DE INFORMACIÓN,9,desarrollar procedimientos de prueba electrónica,skill/competence,cross-sector,0.6291,http://data.europa.eu/esco/skill/0de6bca4-f3aa-452a-8e10-d355b2c1bfc4
ESPOCH,Escuela Superior Politécnica de Chimborazo,SISTEMAS DE INFORMACIÓN,10,administrar una página web,skill/competence,cross-sector,0.6278,http://data.europa.eu/esco/skill/d04ee340-5378-4601-8181-19da6d5cbfe0
ESPOCH,Escuela Superior Politécnica de Chimborazo,SISTEMAS DE INFORMACIÓN,11,gestionar documentos digitales,skill/competence,cross-sector,0.6237,http://data.europa.eu/esco/skill/b769f524-0f25-44d7-8538-5c46710a040e
ESPOCH,Escuela Superior Politécnica de Chimborazo,SISTEMAS DE INFORMACIÓN,12,almacenar datos y sistemas digitales,skill/competence,cross-sector,0.6226,http://data.europa.eu/esco/skill/611ed16b-99bf-4840-9cab-f55d1d286e0a
ESPOCH,Escuela Superior Politécnica de Chimborazo,SISTEMAS DE INFORMACIÓN,13,electrónica,knowledge,cross-sector,0.6223,http://data.europa.eu/esco/skill/95c35c3a-035f-47c2-90cf-7e934d20fc08
ESPOCH,Escuela Superior Politécnica de Chimborazo,SISTEMAS DE INFORMACIÓN,14,detectar y corregir errores de las tecnologías de la información y de las comunicaciones,skill/competence,cross-sector,0.6222,http://data.europa.eu/esco/skill/744442ac-c157-4350-8be0-ce454df4f5c5
ESPOCH,Escuela Superior Politécnica de Chimborazo,SISTEMAS DE INFORMACIÓN,15,gestionar los programas públicos,skill/competence,cross-sector,0.6219,http://data.europa.eu/esco/skill/0761f325-13e7-49f4-a41a-ec64ba4e7b9d
ESPOCH,Escuela Superior Politécnica de Chimborazo,SISTEMAS DE INFORMACIÓN,16,comunicarse con los jefes y directivos,skill/competence,cross-sector,0.6216,http://data.europa.eu/esco/skill/f14ff4b7-be1e-4b55-b39b-520005f8a97e
ESPOCH,Escuela Superior Politécnica de Chimborazo,SISTEMAS DE INFORMACIÓN,17,"evaluar datos, información y contenido digitales",skill/competence,cross-sector,0.6206,http://data.europa.eu/esco/skill/1d6c7de4-350e-4868-a47b-333b4b0d9650
ESPOCH,Escuela Superior Politécnica de Chimborazo,SISTEMAS DE INFORMACIÓN,18,supervisar la gestión de archivos,skill/competence,cross-sector,0.6178,http://data.europa.eu/esco/skill/d4f9906e-3b22-4c27-9b32-1c1f457ced44
ESPOCH,Escuela Superior Politécnica de Chimborazo,SISTEMAS DE INFORMACIÓN,19,asesorar sobre la gestión del riesgo,skill/competence,cross-sector,0.6172,http://data.europa.eu/esco/skill/0efbe2dc-2770-47ec-b8f4-d1bdff6ac0a4
ESPOCH,Escuela Superior Politécnica de Chimborazo,SISTEMAS DE INFORMACIÓN,20,gestionar publicaciones abiertas,skill/competence,cross-sector,0.6164,http://data.europa.eu/esco/skill/da930e2f-6047-4616-a598-bba8ecef3039
ESPOCH,Escuela Superior Politécnica de Chimborazo,SISTEMAS DE INFORMACIÓN,21,tecnología informática,knowledge,cross-sector,0.6163,http://data.europa.eu/esco/skill/ddc3119d-1d6e-4324-9125-a3380d299ac5
ESPOCH,Escuela Superior Politécnica de Chimborazo,SISTEMAS DE INFORMACIÓN,22,supervisar la ejecución de políticas públicas,skill/competence,cross-sector,0.6162,http://data.europa.eu/esco/skill/f78d5c04-a440-4068-90c2-fab03409a911
ESPOCH,Escuela Superior Politécnica de Chimborazo,SISTEMAS DE INFORMACIÓN,23,tener competencias informáticas,skill/competence,cross-sector,0.616,http://data.europa.eu/esco/skill/d15ce60f-ddab-41ce-ba56-398451b77b60
ESPOCH,Escuela Superior Politécnica de Chimborazo,SISTEMAS DE INFORMACIÓN,24,identificar requisitos del cliente,skill/competence,cross-sector,0.6143,http://data.europa.eu/esco/skill/0e0c9c11-b39e-43cf-ba95-2fe646f5de64
ESPOCH,Escuela Superior Politécnica de Chimborazo,SISTEMAS DE INFORMACIÓN,25,gestionar la agenda personal,skill/competence,cross-sector,0.6137,http://data.europa.eu/esco/skill/7ec3c77b-1955-4397-9bd3-7b7b9d0b8531
ESPOCH,Escuela Superior Politécnica de Chimborazo,GEOLOGÍA,1,evaluar el impacto ambiental de yacimientos y zonas industriales,skill/competence,cross-sector,0.8411,http://data.europa.eu/esco/skill/f12f094b-492f-4e88-b36b-50b8e58b7500
ESPOCH,Escuela Superior Politécnica de Chimborazo,GEOLOGÍA,2,gestionar impacto ambiental,skill/competence,cross-sector,0.7345,http://data.europa.eu/esco/skill/d3a8ef9c-8572-438c-91dc-010537070be3
ESPOCH,Escuela Superior Politécnica de Chimborazo,GEOLOGÍA,3,desarrollar estrategias en materia de salud y seguridad en minería,skill/competence,cross-sector,0.7188,http://data.europa.eu/esco/skill/15725b82-9608-4579-abdf-adf91982dad9
ESPOCH,Escuela Superior Politécnica de Chimborazo,GEOLOGÍA,4,reaccionar ante emergencias mineras,skill/competence,cross-sector,0.7109,http://data.europa.eu/esco/skill/3938da70-dd7a-4092-b039-10c2218867fd
ESPOCH,Escuela Superior Politécnica de Chimborazo,GEOLOGÍA,5,asesorar sobre sistemas de gestión de riesgos ambientales,skill/competence,cross-sector,0.7093,http://data.europa.eu/esco/skill/a366bfc5-8d17-4792-a9f0-db0951528dda
ESPOCH,Escuela Superior Politécnica de Chimborazo,GEOLOGÍA,6,gestionar el impacto medioambiental de las operaciones,skill/competence,cross-sector,0.7079,http://data.europa.eu/esco/skill/d86babea-bf8b-4552-81a8-daf706066ad6
ESPOCH,Escuela Superior Politécnica de Chimborazo,GEOLOGÍA,7,realizar investigaciones ecológicas,skill/competence,cross-sector,0.707,http://data.europa.eu/esco/skill/55a4ae74-45e3-4f5c-8646-17149edfbddb
ESPOCH,Escuela Superior Politécnica de Chimborazo,GEOLOGÍA,8,diseñar escombreras de minas,skill/competence,cross-sector,0.7055,http://data.europa.eu/esco/skill/cfbe1cdb-1738-45a1-b442-75cbda1fff06
ESPOCH,Escuela Superior Politécnica de Chimborazo,GEOLOGÍA,9,evaluar el impacto ambiental,skill/competence,cross-sector,0.6924,http://data.europa.eu/esco/skill/e541c69c-ea80-4b17-87cb-4001d0b9d303
ESPOCH,Escuela Superior Politécnica de Chimborazo,GEOLOGÍA,10,coordinar comunicaciones en situaciones de emergencia en operaciones mineras,skill/competence,cross-sector,0.69,http://data.europa.eu/esco/skill/707ff33d-d130-4e61-8a2a-6e8b023be9fc
ESPOCH,Escuela Superior Politécnica de Chimborazo,GEOLOGÍA,11,prever los riesgos organizativos,skill/competence,cross-sector,0.687,http://data.europa.eu/esco/skill/1c08d63d-1c5e-4b9b-ad3e-f7ba7debb2d1
ESPOCH,Escuela Superior Politécnica de Chimborazo,GEOLOGÍA,12,realizar estudios de mercado,skill/competence,cross-sector,0.6845,http://data.europa.eu/esco/skill/fe39d4db-4cb5-4299-bb9f-896c8fd6ab13
ESPOCH,Escuela Superior Politécnica de Chimborazo,GEOLOGÍA,13,desarrollar estrategias de recuperación ambiental,skill/competence,cross-sector,0.6834,http://data.europa.eu/esco/skill/e4ff825c-7376-4135-93cd-3892fd67b7c1
ESPOCH,Escuela Superior Politécnica de Chimborazo,GEOLOGÍA,14,desarrollar procedimientos de ensayo de materiales,skill/competence,cross-sector,0.6831,http://data.europa.eu/esco/skill/658b6ea0-79f5-451d-a037-7593a4416c85
ESPOCH,Escuela Superior Politécnica de Chimborazo,GEOLOGÍA,15,"realizar evaluaciones de salud, seguridad y medioambiente",skill/competence,cross-sector,0.6828,http://data.europa.eu/esco/skill/101d63ee-bb22-4a7c-9e0a-c2716063696a
ESPOCH,Escuela Superior Politécnica de Chimborazo,GEOLOGÍA,16,realizar encuestas medioambientales,skill/competence,cross-sector,0.6813,http://data.europa.eu/esco/skill/96835f47-da71-415b-8cbf-d37386dc98d4
ESPOCH,Escuela Superior Politécnica de Chimborazo,GEOLOGÍA,17,evaluar el peligro en zonas de riesgo,skill/competence,cross-sector,0.6738,http://data.europa.eu/esco/skill/e43cb15d-b48c-43f9-a995-0dfd87b903b9
ESPOCH,Escuela Superior Politécnica de Chimborazo,GEOLOGÍA,18,realizar investigaciones de laboratorio,skill/competence,cross-sector,0.6736,http://data.europa.eu/esco/skill/9e8863fc-e8de-4df1-9bc6-3d5dd85b8070
ESPOCH,Escuela Superior Politécnica de Chimborazo,GEOLOGÍA,19,proteger humedales en el desarrollo de proyectos,skill/competence,cross-sector,0.6719,http://data.europa.eu/esco/skill/e2028206-3060-4e81-8350-77baefabefde
ESPOCH,Escuela Superior Politécnica de Chimborazo,GEOLOGÍA,20,determinar riesgos de incendios,skill/competence,cross-sector,0.6718,http://data.europa.eu/esco/skill/2e04c512-6867-49c5-ad58-0797b8fbddf2
ESPOCH,Escuela Superior Politécnica de Chimborazo,GEOLOGÍA,21,gestionar riesgos comerciales,skill/competence,cross-sector,0.6706,http://data.europa.eu/esco/skill/80ae18bf-f3a4-4f83-b372-7c5c9d686865
ESPOCH,Escuela Superior Politécnica de Chimborazo,GEOLOGÍA,22,supervisar sistemas de gestión ambiental,skill/competence,cross-sector,0.6679,http://data.europa.eu/esco/skill/b13e0689-636d-42d0-86c3-df9d6f85a882
ESPOCH,Escuela Superior Politécnica de Chimborazo,GEOLOGÍA,23,desarrollar estrategias de rehabilitación tras inundaciones,skill/competence,cross-sector,0.6669,http://data.europa.eu/esco/skill/6b5d032a-b85a-44ea-9dad-5201048d2dd2
ESPOCH,Escuela Superior Politécnica de Chimborazo,GEOLOGÍA,24,analizar el pronóstico meteorológico,skill/competence,cross-sector,0.6662,http://data.europa.eu/esco/skill/b29e0c5c-7d3a-44a8-a182-75374abd4e76
ESPOCH,Escuela Superior Politécnica de Chimborazo,GEOLOGÍA,25,coordinar esfuerzos ambientales,skill/competence,cross-sector,0.6634,http://data.europa.eu/esco/skill/bd70f004-e1d6-43f0-96f1-59c014a4ea01
ESPOCH,Escuela Superior Politécnica de Chimborazo,MATEMÁTICA,1,ejecutar cálculos matemáticos analíticos,skill/competence,cross-sector,0.7844,http://data.europa.eu/esco/skill/31c69100-b612-4a61-8db5-fd314318854c
ESPOCH,Escuela Superior Politécnica de Chimborazo,MATEMÁTICA,2,realizar cálculos,skill/competence,transversal,0.7786,http://data.europa.eu/esco/skill/19ba11f3-9c99-41fd-a7c9-f77e6a026186
ESPOCH,Escuela Superior Politécnica de Chimborazo,MATEMÁTICA,3,interpretar información matemática,skill/competence,transversal,0.765,http://data.europa.eu/esco/skill/6fc6f757-6baa-49fe-9a82-6ba6a52f2e13
ESPOCH,Escuela Superior Politécnica de Chimborazo,MATEMÁTICA,4,enseñar en contextos académicos o profesionales,skill/competence,cross-sector,0.7462,http://data.europa.eu/esco/skill/4cd85845-f31c-4306-994d-e12d45114d83
ESPOCH,Escuela Superior Politécnica de Chimborazo,MATEMÁTICA,5,comunicar información matemática,skill/competence,cross-sector,0.7444,http://data.europa.eu/esco/skill/a5826fe3-8df6-4fa8-adad-b7116864588f
ESPOCH,Escuela Superior Politécnica de Chimborazo,MATEMÁTICA,6,redactar propuestas de investigación,skill/competence,cross-sector,0.7414,http://data.europa.eu/esco/skill/0ee7b0d6-db98-4785-9948-f2ef415d155a
ESPOCH,Escuela Superior Politécnica de Chimborazo,MATEMÁTICA,7,matemáticas,knowledge,cross-sector,0.7371,http://data.europa.eu/esco/skill/4339176e-3acd-4f7f-a5d9-445bee3d23f2
ESPOCH,Escuela Superior Politécnica de Chimborazo,MATEMÁTICA,8,gestionar datos de investigación,skill/competence,cross-sector,0.7197,http://data.europa.eu/esco/skill/08b04e53-ed25-41a2-9f90-0b9cd939ba3d
ESPOCH,Escuela Superior Politécnica de Chimborazo,MATEMÁTICA,9,aplicar competencias matemáticas,skill/competence,cross-sector,0.7172,http://data.europa.eu/esco/skill/5dd01a1e-7ba0-4b7f-a76c-ed811c12bfde
ESPOCH,Escuela Superior Politécnica de Chimborazo,MATEMÁTICA,10,resolver problemas,skill/competence,transversal,0.717,http://data.europa.eu/esco/skill/adc6dc11-3376-467b-96c5-9b0a21edc869
ESPOCH,Escuela Superior Politécnica de Chimborazo,MATEMÁTICA,11,crear soluciones para problemas informativos,skill/competence,cross-sector,0.7156,http://data.europa.eu/esco/skill/4539aeca-b56f-4d03-ba86-8f675a7f2536
ESPOCH,Escuela Superior Politécnica de Chimborazo,MATEMÁTICA,12,crear soluciones para problemas,skill/competence,cross-sector,0.7133,http://data.europa.eu/esco/skill/03b9b491-fc9b-4868-914a-bf7cd47b5041
ESPOCH,Escuela Superior Politécnica de Chimborazo,MATEMÁTICA,13,enseñar ciencias políticas,skill/competence,cross-sector,0.712,http://data.europa.eu/esco/skill/87fb4119-bbe1-46b0-8023-f24d7d74a6f2
ESPOCH,Escuela Superior Politécnica de Chimborazo,MATEMÁTICA,14,modelación matemática,knowledge,cross-sector,0.7114,http://data.europa.eu/esco/skill/0760bfac-9a03-427a-ad84-ccd33a2f2ae8
ESPOCH,Escuela Superior Politécnica de Chimborazo,MATEMÁTICA,15,analizar datos,skill/competence,cross-sector,0.7109,http://data.europa.eu/esco/skill/a571ae14-3e16-4fd3-a615-5646e0b0b696
ESPOCH,Escuela Superior Politécnica de Chimborazo,MATEMÁTICA,16,extraer las conclusiones de los resultados de un estudio de mercado,skill/competence,cross-sector,0.7107,http://data.europa.eu/esco/skill/46cb7282-7fb0-4d3c-b6b8-bfe81fab077e
ESPOCH,Escuela Superior Politécnica de Chimborazo,MATEMÁTICA,17,redactar artículos científicos o académicos y documentos técnicos,skill/competence,cross-sector,0.7085,http://data.europa.eu/esco/skill/00b9a3aa-7070-4bb5-8020-f228a97cf42f
ESPOCH,Escuela Superior Politécnica de Chimborazo,MATEMÁTICA,18,realizar estudios de mercado,skill/competence,cross-sector,0.7077,http://data.europa.eu/esco/skill/fe39d4db-4cb5-4299-bb9f-896c8fd6ab13
ESPOCH,Escuela Superior Politécnica de Chimborazo,MATEMÁTICA,19,elaborar software estadístico,skill/competence,cross-sector,0.707,http://data.europa.eu/esco/skill/bb165899-d95f-4433-95f2-173fefd716d2
ESPOCH,Escuela Superior Politécnica de Chimborazo,MATEMÁTICA,20,enseñar lenguas,skill/competence,cross-sector,0.7062,http://data.europa.eu/esco/skill/a9ead737-a7cd-4046-adea-1ff7326db09f
ESPOCH,Escuela Superior Politécnica de Chimborazo,MATEMÁTICA,21,llevar a cabo investigaciones científicas,skill/competence,cross-sector,0.7051,http://data.europa.eu/esco/skill/4fabca9a-7435-4f33-b1da-3cdb00340fdc
ESPOCH,Escuela Superior Politécnica de Chimborazo,MATEMÁTICA,22,desarrollar procedimientos de prueba,skill/competence,cross-sector,0.7007,http://data.europa.eu/esco/skill/f10142ce-d522-49c3-9fd1-054fb63529d4
ESPOCH,Escuela Superior Politécnica de Chimborazo,MATEMÁTICA,23,realizar investigaciones de laboratorio,skill/competence,cross-sector,0.7001,http://data.europa.eu/esco/skill/9e8863fc-e8de-4df1-9bc6-3d5dd85b8070
ESPOCH,Escuela Superior Politécnica de Chimborazo,MATEMÁTICA,24,prestar asistencia en investigaciones científicas,skill/competence,cross-sector,0.6978,http://data.europa.eu/esco/skill/d6179c4b-ff5a-4bbb-a3c8-e0acf0de1f56
ESPOCH,Escuela Superior Politécnica de Chimborazo,MATEMÁTICA,25,desarrollar modelos para la predicción meteorológica,skill/competence,cross-sector,0.6975,http://data.europa.eu/esco/skill/669edd06-1de6-4d01-8029-3e64a3754001
UCE,Universidad Central del Ecuador,ADMINISTRACIÓN DE EMPRESAS,1,gestionar recursos humanos,skill/competence,cross-sector,0.7307,http://data.europa.eu/esco/skill/339ac029-066a-4985-9f9d-b3d7c8fea0bb
UCE,Universidad Central del Ecuador,ADMINISTRACIÓN DE EMPRESAS,2,gestionar empresas de producción,skill/competence,cross-sector,0.7262,http://data.europa.eu/esco/skill/435d1751-8667-41ec-8b32-865b7cd3c684
UCE,Universidad Central del Ecuador,ADMINISTRACIÓN DE EMPRESAS,3,participar en las operaciones cotidianas de la empresa,skill/competence,cross-sector,0.7196,http://data.europa.eu/esco/skill/ce4cbc3a-bde0-43b4-9526-e643c4fe5b04
UCE,Universidad Central del Ecuador,ADMINISTRACIÓN DE EMPRESAS,4,gestionar procesos de flujo de trabajo,skill/competence,cross-sector,0.7149,http://data.europa.eu/esco/skill/7add3681-17b6-4027-8a9d-ee92d2b96a42
UCE,Universidad Central del Ecuador,ADMINISTRACIÓN DE EMPRESAS,5,coordinar actividades de planificación comercial,skill/competence,cross-sector,0.7137,http://data.europa.eu/esco/skill/90398aca-82b7-4f56-8e0f-814d949162b4
UCE,Universidad Central del Ecuador,ADMINISTRACIÓN DE EMPRESAS,6,formar equipos dentro de la empresa en base a las competencias,skill/competence,cross-sector,0.7116,http://data.europa.eu/esco/skill/f1155d3f-fbca-4298-a31c-f6955653bacf
UCE,Universidad Central del Ecuador,ADMINISTRACIÓN DE EMPRESAS,7,gestionar aspectos administrativos de eventos,skill/competence,cross-sector,0.7102,http://data.europa.eu/esco/skill/707e9935-d3e3-4d5a-b07d-60916081de15
UCE,Universidad Central del Ecuador,ADMINISTRACIÓN DE EMPRESAS,8,procedimientos del departamento de gestión,knowledge,cross-sector,0.7007,http://data.europa.eu/esco/skill/848b5879-10af-4e3a-bfbf-263956b4ebf3
UCE,Universidad Central del Ecuador,ADMINISTRACIÓN DE EMPRESAS,9,desarrollar políticas de la organización,skill/competence,cross-sector,0.7,http://data.europa.eu/esco/skill/3254275d-a1b5-4640-9481-02f38780ac35
UCE,Universidad Central del Ecuador,ADMINISTRACIÓN DE EMPRESAS,10,elaborar las estrategias empresariales,skill/competence,cross-sector,0.6976,http://data.europa.eu/esco/skill/ba2c6181-b036-40b4-8f6d-51499463ccbb
UCE,Universidad Central del Ecuador,ADMINISTRACIÓN DE EMPRESAS,11,gestionar recursos humanos,skill/competence,cross-sector,0.697,http://data.europa.eu/esco/skill/279a4b1d-21df-4d78-9f4d-324c73fd7536
UCE,Universidad Central del Ecuador,ADMINISTRACIÓN DE EMPRESAS,12,guiar a los gestores de los diferentes departamentos de la empresa,skill/competence,cross-sector,0.6963,http://data.europa.eu/esco/skill/3e61ee41-2bd9-466f-b313-00ce04072410
UCE,Universidad Central del Ecuador,ADMINISTRACIÓN DE EMPRESAS,13,gestionar recursos financieros y materiales,skill/competence,transversal,0.6953,http://data.europa.eu/esco/skill/1ddc021d-d818-4731-904f-842d7491f419
UCE,Universidad Central del Ecuador,ADMINISTRACIÓN DE EMPRESAS,14,gestionar varios proyectos,skill/competence,cross-sector,0.692,http://data.europa.eu/esco/skill/c881ddd2-9c0e-4743-bd24-36be650493dd
UCE,Universidad Central del Ecuador,ADMINISTRACIÓN DE EMPRESAS,15,gestionar los aspectos financieros de una empresa,skill/competence,cross-sector,0.6906,http://data.europa.eu/esco/skill/fa6acfc3-0a4f-4192-b77d-80e94d0faf2a
UCE,Universidad Central del Ecuador,ADMINISTRACIÓN DE EMPRESAS,16,comunicarse con los jefes y directivos,skill/competence,cross-sector,0.6892,http://data.europa.eu/esco/skill/f14ff4b7-be1e-4b55-b39b-520005f8a97e
UCE,Universidad Central del Ecuador,ADMINISTRACIÓN DE EMPRESAS,17,enseñar principios de gestión empresarial,skill/competence,cross-sector,0.6867,http://data.europa.eu/esco/skill/29d3663f-348a-4b67-a8db-b94fd3912385
UCE,Universidad Central del Ecuador,ADMINISTRACIÓN DE EMPRESAS,18,gestionar el desarrollo profesional personal,skill/competence,cross-sector,0.686,http://data.europa.eu/esco/skill/a8d24a95-47b3-4f88-92e7-06600bcd3612
UCE,Universidad Central del Ecuador,ADMINISTRACIÓN DE EMPRESAS,19,crear soluciones para problemas,skill/competence,cross-sector,0.6857,http://data.europa.eu/esco/skill/03b9b491-fc9b-4868-914a-bf7cd47b5041
UCE,Universidad Central del Ecuador,ADMINISTRACIÓN DE EMPRESAS,20,coordinar eventos,skill/competence,cross-sector,0.6854,http://data.europa.eu/esco/skill/2111dff8-f830-46ad-80ce-7885893b3134
UCE,Universidad Central del Ecuador,ADMINISTRACIÓN DE EMPRESAS,21,realizar diversas tareas organizativas en la empresa,skill/competence,cross-sector,0.6841,http://data.europa.eu/esco/skill/01755f08-4df4-4cf0-8d22-08f94cad68b5
UCE,Universidad Central del Ecuador,ADMINISTRACIÓN DE EMPRESAS,22,desarrollar estrategias de comunicación,skill/competence,cross-sector,0.6828,http://data.europa.eu/esco/skill/3c834f6e-523a-49ee-8ed1-e073e28ae6fe
UCE,Universidad Central del Ecuador,ADMINISTRACIÓN DE EMPRESAS,23,crear modelos de procesos empresariales,skill/competence,cross-sector,0.682,http://data.europa.eu/esco/skill/6a7792a9-888a-46ad-afc9-2c0d94c8fde6
UCE,Universidad Central del Ecuador,ADMINISTRACIÓN DE EMPRESAS,24,gestionar proyectos,skill/competence,cross-sector,0.6798,http://data.europa.eu/esco/skill/cd5efa8c-e44d-4cbc-91c6-796018dbed68
UCE,Universidad Central del Ecuador,ADMINISTRACIÓN DE EMPRESAS,25,mantener un sistema administrativo profesional,skill/competence,cross-sector,0.6778,http://data.europa.eu/esco/skill/8ebb2c0a-0baa-43bf-95cf-094047c57427
UCE,Universidad Central del Ecuador,COMPUTACIÓN,1,diseñar sistemas de control,skill/competence,cross-sector,0.7286,http://data.europa.eu/esco/skill/d560df46-dda4-4407-bab2-b87353a96814
UCE,Universidad Central del Ecuador,COMPUTACIÓN,2,elaborar software estadístico,skill/competence,cross-sector,0.7231,http://data.europa.eu/esco/skill/bb165899-d95f-4433-95f2-173fefd716d2
UCE,Universidad Central del Ecuador,COMPUTACIÓN,3,desarrollar procedimientos de prueba,skill/competence,cross-sector,0.7183,http://data.europa.eu/esco/skill/f10142ce-d522-49c3-9fd1-054fb63529d4
UCE,Universidad Central del Ecuador,COMPUTACIÓN,4,resolver problemas,skill/competence,transversal,0.7162,http://data.europa.eu/esco/skill/adc6dc11-3376-467b-96c5-9b0a21edc869
UCE,Universidad Central del Ecuador,COMPUTACIÓN,5,resolver problemas de sistemas TIC,skill/competence,cross-sector,0.7155,http://data.europa.eu/esco/skill/9e06bac6-6b91-48ca-8b7d-c1f48cdecd7c
UCE,Universidad Central del Ecuador,COMPUTACIÓN,6,programación informática,knowledge,cross-sector,0.7151,http://data.europa.eu/esco/skill/21d2f96d-35f7-4e3f-9745-c533d2dd6e97
UCE,Universidad Central del Ecuador,COMPUTACIÓN,7,crear soluciones para problemas,skill/competence,cross-sector,0.7147,http://data.europa.eu/esco/skill/03b9b491-fc9b-4868-914a-bf7cd47b5041
UCE,Universidad Central del Ecuador,COMPUTACIÓN,8,gestionar sistemas de instrumentación,skill/competence,cross-sector,0.7136,http://data.europa.eu/esco/skill/5d71a91f-cc72-4b66-b6e3-d75ecc05e235
UCE,Universidad Central del Ecuador,COMPUTACIÓN,9,desarrollar procedimientos de prueba electrónica,skill/competence,cross-sector,0.7134,http://data.europa.eu/esco/skill/0de6bca4-f3aa-452a-8e10-d355b2c1bfc4
UCE,Universidad Central del Ecuador,COMPUTACIÓN,10,gestionar datos de investigación,skill/competence,cross-sector,0.712,http://data.europa.eu/esco/skill/08b04e53-ed25-41a2-9f90-0b9cd939ba3d
UCE,Universidad Central del Ecuador,COMPUTACIÓN,11,resolver problemas técnicos,skill/competence,cross-sector,0.7094,http://data.europa.eu/esco/skill/14832d87-2f2f-4895-b290-e4760ebae42a
UCE,Universidad Central del Ecuador,COMPUTACIÓN,12,coordinar equipos de ingeniería,skill/competence,cross-sector,0.7075,http://data.europa.eu/esco/skill/7af6e9e8-1e11-4c0b-b7c6-ac96bbbbc674
UCE,Universidad Central del Ecuador,COMPUTACIÓN,13,desarrollar normas y procedimientos de fabricación,skill/competence,cross-sector,0.7074,http://data.europa.eu/esco/skill/764db027-9063-4468-acb3-c73ecfc76f35
UCE,Universidad Central del Ecuador,COMPUTACIÓN,14,diseñar procesos,skill/competence,cross-sector,0.7056,http://data.europa.eu/esco/skill/2c28fc20-8a60-4311-8899-5ef8729c05b3
UCE,Universidad Central del Ecuador,COMPUTACIÓN,15,asesorar a la clientela acerca de las posibilidades técnicas,skill/competence,cross-sector,0.7048,http://data.europa.eu/esco/skill/7b3abd38-61ae-42a4-88bb-0884784f9ee1
UCE,Universidad Central del Ecuador,COMPUTACIÓN,16,informática,knowledge,cross-sector,0.7037,http://data.europa.eu/esco/skill/7b5cce4d-c7fe-4119-b48f-70aa05391787
UCE,Universidad Central del Ecuador,COMPUTACIÓN,17,crear soluciones para problemas informativos,skill/competence,cross-sector,0.7023,http://data.europa.eu/esco/skill/4539aeca-b56f-4d03-ba86-8f675a7f2536
UCE,Universidad Central del Ecuador,COMPUTACIÓN,18,diseñar sistemas de transporte,skill/competence,cross-sector,0.7001,http://data.europa.eu/esco/skill/11f364dd-0814-4398-b00e-10d1be8b27af
UCE,Universidad Central del Ecuador,COMPUTACIÓN,19,utilizar herramientas informáticas,skill/competence,cross-sector,0.6998,http://data.europa.eu/esco/skill/f632251a-4078-4546-b19f-7ef528d08325
UCE,Universidad Central del Ecuador,COMPUTACIÓN,20,Proponer soluciones tecnológicas a problemas empresariales,skill/competence,cross-sector,0.6974,http://data.europa.eu/esco/skill/07e51c60-763a-4335-b4ec-70a15f66d328
UCE,Universidad Central del Ecuador,COMPUTACIÓN,21,crear una red profesional con investigadores y científicos,skill/competence,cross-sector,0.6955,http://data.europa.eu/esco/skill/cc61f9e5-d4fc-470e-8606-1ce865ff8386
UCE,Universidad Central del Ecuador,COMPUTACIÓN,22,aplicar políticas organizativas del sistema,skill/competence,cross-sector,0.6951,http://data.europa.eu/esco/skill/07e47d58-dd0e-4302-9e68-70a188e89065
UCE,Universidad Central del Ecuador,COMPUTACIÓN,23,diseñar componentes de ingeniería,skill/competence,cross-sector,0.6944,http://data.europa.eu/esco/skill/87434439-c07d-48be-af34-b0cdd03121c4
UCE,Universidad Central del Ecuador,COMPUTACIÓN,24,proporcionar experiencia técnica,skill/competence,cross-sector,0.6933,http://data.europa.eu/esco/skill/c69587b4-05d3-45bb-b79b-9b85e6603fc2
UCE,Universidad Central del Ecuador,COMPUTACIÓN,25,detectar y corregir errores de las tecnologías de la información y de las comunicaciones,skill/competence,cross-sector,0.6931,http://data.europa.eu/esco/skill/744442ac-c157-4350-8be0-ce454df4f5c5
UCE,Universidad Central del Ecuador,ECONOMÍA,1,elaborar políticas de economía,skill/competence,cross-sector,0.7711,http://data.europa.eu/esco/skill/8394fefb-f62a-48c0-a156-3117cefdb9b3
UCE,Universidad Central del Ecuador,ECONOMÍA,2,asesorar sobre el desarrollo económico,skill/competence,cross-sector,0.7477,http://data.europa.eu/esco/skill/384ed14c-bf1f-4a65-aef6-6e711f43c4ce
UCE,Universidad Central del Ecuador,ECONOMÍA,3,realizar un análisis empresarial,skill/competence,cross-sector,0.7124,http://data.europa.eu/esco/skill/27ed854c-15b8-4ba2-90e9-ae888a219703
UCE,Universidad Central del Ecuador,ECONOMÍA,4,analizar las tendencias económicas,skill/competence,cross-sector,0.7081,http://data.europa.eu/esco/skill/5f302d63-048e-451c-b150-97c124a5a26b
UCE,Universidad Central del Ecuador,ECONOMÍA,5,tener en cuenta los criterios económicos en la toma de decisiones,skill/competence,cross-sector,0.7067,http://data.europa.eu/esco/skill/d41262ae-eca1-4ede-89a8-46d2d99a7a31
UCE,Universidad Central del Ecuador,ECONOMÍA,6,realizar estudios de mercado,skill/competence,cross-sector,0.7043,http://data.europa.eu/esco/skill/fe39d4db-4cb5-4299-bb9f-896c8fd6ab13
UCE,Universidad Central del Ecuador,ECONOMÍA,7,asesorar sobre políticas de gestión sostenible,skill/competence,cross-sector,0.6979,http://data.europa.eu/esco/skill/6742977a-aa00-4c8c-9861-898b0373907e
UCE,Universidad Central del Ecuador,ECONOMÍA,8,"llevar a cabo análisis de factores políticos, económicos, sociales, tecnológicos, ambientales y jurídicos",skill/competence,cross-sector,0.6977,http://data.europa.eu/esco/skill/9979e727-3104-42e0-8f41-4af2578111ea
UCE,Universidad Central del Ecuador,ECONOMÍA,9,analizar los factores externos a una empresa,skill/competence,cross-sector,0.689,http://data.europa.eu/esco/skill/ce5b1446-b5e3-4f05-a5ac-83f2ee142a44
UCE,Universidad Central del Ecuador,ECONOMÍA,10,elaborar software estadístico,skill/competence,cross-sector,0.6878,http://data.europa.eu/esco/skill/bb165899-d95f-4433-95f2-173fefd716d2
UCE,Universidad Central del Ecuador,ECONOMÍA,11,predecir tendencias económicas,skill/competence,cross-sector,0.6858,http://data.europa.eu/esco/skill/f2a34d6b-131a-4b8f-a110-898b9c91d18f
UCE,Universidad Central del Ecuador,ECONOMÍA,12,asesorar sobre políticas de asuntos exteriores,skill/competence,cross-sector,0.6821,http://data.europa.eu/esco/skill/ec8a9c7f-1d84-4c8a-82c4-d4afe2874483
UCE,Universidad Central del Ecuador,ECONOMÍA,13,supervisar el funcionamiento del mercado internacional,skill/competence,cross-sector,0.681,http://data.europa.eu/esco/skill/293301db-be3c-4cba-b3ee-6cc9c55fd70a
UCE,Universidad Central del Ecuador,ECONOMÍA,14,análisis empresarial,knowledge,cross-sector,0.6807,http://data.europa.eu/esco/skill/633a3637-2c6b-40ae-ac38-289eb2a62aa6
UCE,Universidad Central del Ecuador,ECONOMÍA,15,asesorar sobre estrategias de mercado,skill/competence,cross-sector,0.6794,http://data.europa.eu/esco/skill/34d6ed30-5d35-44b9-9498-fd15badb5f28
UCE,Universidad Central del Ecuador,ECONOMÍA,16,observar nuevas evoluciones en países extranjeros,skill/competence,cross-sector,0.6793,http://data.europa.eu/esco/skill/2f4d68be-6e9f-46fa-9398-0573e900b5e3
UCE,Universidad Central del Ecuador,ECONOMÍA,17,elaborar políticas de agricultura,skill/competence,cross-sector,0.6782,http://data.europa.eu/esco/skill/108320f7-c8a1-4386-aed9-91054ab05619
UCE,Universidad Central del Ecuador,ECONOMÍA,18,evaluar la viabilidad de la implementación de desarrollos,skill/competence,cross-sector,0.6742,http://data.europa.eu/esco/skill/21056f6a-8a85-4eb0-b709-468578b809e0
UCE,Universidad Central del Ecuador,ECONOMÍA,19,analizar tendencias en el mercado financiero,skill/competence,cross-sector,0.6737,http://data.europa.eu/esco/skill/292549e6-08ec-456c-b008-eba7a0a68428
UCE,Universidad Central del Ecuador,ECONOMÍA,20,analizar el sistema educativo,skill/competence,cross-sector,0.6736,http://data.europa.eu/esco/skill/8215234e-d2eb-45cf-8a1a-c57c2ebef1b7
UCE,Universidad Central del Ecuador,ECONOMÍA,21,desarrollar políticas de la organización,skill/competence,cross-sector,0.6728,http://data.europa.eu/esco/skill/3254275d-a1b5-4640-9481-02f38780ac35
UCE,Universidad Central del Ecuador,ECONOMÍA,22,sensibilizar a los responsables de la formulación de políticas sobre los problemas de los servicios sociales,skill/competence,cross-sector,0.6725,http://data.europa.eu/esco/skill/f914df1a-c9fd-47ab-b1ec-bc7c6f572640
UCE,Universidad Central del Ecuador,ECONOMÍA,23,analizar el riesgo financiero,skill/competence,cross-sector,0.6716,http://data.europa.eu/esco/skill/eb8babfb-ab91-4937-a032-6a79f82e9b7f
UCE,Universidad Central del Ecuador,ECONOMÍA,24,examinar el cumplimiento de las políticas públicas,skill/competence,cross-sector,0.6715,http://data.europa.eu/esco/skill/5aa90e70-f661-4c2d-aaa2-70ac38c1ace9
UCE,Universidad Central del Ecuador,ECONOMÍA,25,asesorar sobre el cumplimiento de las políticas públicas,skill/competence,cross-sector,0.6711,http://data.europa.eu/esco/skill/c362f415-9cdf-4328-9cf0-651443857a48
UCE,Universidad Central del Ecuador,INGENIERÍA AMBIENTAL,1,gestionar el impacto medioambiental de las operaciones,skill/competence,cross-sector,0.8421,http://data.europa.eu/esco/skill/d86babea-bf8b-4552-81a8-daf706066ad6
UCE,Universidad Central del Ecuador,INGENIERÍA AMBIENTAL,2,evaluar el impacto ambiental,skill/competence,cross-sector,0.821,http://data.europa.eu/esco/skill/e541c69c-ea80-4b17-87cb-4001d0b9d303
UCE,Universidad Central del Ecuador,INGENIERÍA AMBIENTAL,3,supervisar sistemas de gestión ambiental,skill/competence,cross-sector,0.8184,http://data.europa.eu/esco/skill/b13e0689-636d-42d0-86c3-df9d6f85a882
UCE,Universidad Central del Ecuador,INGENIERÍA AMBIENTAL,4,gestionar impacto ambiental,skill/competence,cross-sector,0.8007,http://data.europa.eu/esco/skill/d3a8ef9c-8572-438c-91dc-010537070be3
UCE,Universidad Central del Ecuador,INGENIERÍA AMBIENTAL,5,asesorar sobre sistemas de gestión de riesgos ambientales,skill/competence,cross-sector,0.7969,http://data.europa.eu/esco/skill/a366bfc5-8d17-4792-a9f0-db0951528dda
UCE,Universidad Central del Ecuador,INGENIERÍA AMBIENTAL,6,asesorar sobre políticas de gestión sostenible,skill/competence,cross-sector,0.7937,http://data.europa.eu/esco/skill/6742977a-aa00-4c8c-9861-898b0373907e
UCE,Universidad Central del Ecuador,INGENIERÍA AMBIENTAL,7,coordinar esfuerzos ambientales,skill/competence,cross-sector,0.7886,http://data.europa.eu/esco/skill/bd70f004-e1d6-43f0-96f1-59c014a4ea01
UCE,Universidad Central del Ecuador,INGENIERÍA AMBIENTAL,8,realizar auditorías ambientales,skill/competence,cross-sector,0.7701,http://data.europa.eu/esco/skill/60ab2bf7-c812-4a88-86c0-7c81a9b2f77c
UCE,Universidad Central del Ecuador,INGENIERÍA AMBIENTAL,9,gestionar residuos,skill/competence,cross-sector,0.7641,http://data.europa.eu/esco/skill/73a9561d-112c-4d8a-9d5f-b2c11c5bbd5f
UCE,Universidad Central del Ecuador,INGENIERÍA AMBIENTAL,10,aplicar medidas de protección del medioambiente,skill/competence,cross-sector,0.7623,http://data.europa.eu/esco/skill/f6d7ba88-5234-4994-944d-843ca453c923
UCE,Universidad Central del Ecuador,INGENIERÍA AMBIENTAL,11,informar sobre cuestiones ambientales,skill/competence,cross-sector,0.7607,http://data.europa.eu/esco/skill/f3cc52e3-a96c-4549-b841-6e41a846fa99
UCE,Universidad Central del Ecuador,INGENIERÍA AMBIENTAL,12,asesorar sobre recuperación ambiental,skill/competence,cross-sector,0.7596,http://data.europa.eu/esco/skill/b422efe7-b151-4120-86ae-db11a48dd0fa
UCE,Universidad Central del Ecuador,INGENIERÍA AMBIENTAL,13,garantizar el cumplimiento de la legislación ambiental,skill/competence,cross-sector,0.7513,http://data.europa.eu/esco/skill/089ee650-297e-4716-87d1-440743b70a0d
UCE,Universidad Central del Ecuador,INGENIERÍA AMBIENTAL,14,elaborar una política medioambiental,skill/competence,cross-sector,0.7512,http://data.europa.eu/esco/skill/507e2b21-1285-47e9-bf09-0db794df1bf0
UCE,Universidad Central del Ecuador,INGENIERÍA AMBIENTAL,15,política ambiental,knowledge,cross-sector,0.7485,http://data.europa.eu/esco/skill/081d7679-5070-4777-bece-a28c49f15636
UCE,Universidad Central del Ecuador,INGENIERÍA AMBIENTAL,16,evaluar el impacto ambiental de yacimientos y zonas industriales,skill/competence,cross-sector,0.747,http://data.europa.eu/esco/skill/f12f094b-492f-4e88-b36b-50b8e58b7500
UCE,Universidad Central del Ecuador,INGENIERÍA AMBIENTAL,17,desarrollar estrategias de recuperación ambiental,skill/competence,cross-sector,0.7355,http://data.europa.eu/esco/skill/e4ff825c-7376-4135-93cd-3892fd67b7c1
UCE,Universidad Central del Ecuador,INGENIERÍA AMBIENTAL,18,adoptar vías para reducir el impacto negativo del consumo,skill/competence,transversal,0.7351,http://data.europa.eu/esco/skill/4c3ab565-747c-4db3-8c47-79e8d6f98cf4
UCE,Universidad Central del Ecuador,INGENIERÍA AMBIENTAL,19,ingeniería ambiental,knowledge,cross-sector,0.7309,http://data.europa.eu/esco/skill/b1b118c4-3291-484e-b64d-6d51fd5da8b3
UCE,Universidad Central del Ecuador,INGENIERÍA AMBIENTAL,20,asesorar sobre procedimientos de gestión de residuos,skill/competence,cross-sector,0.7303,http://data.europa.eu/esco/skill/f82b05a7-128b-4a72-a815-044ff6062f62
UCE,Universidad Central del Ecuador,INGENIERÍA AMBIENTAL,21,evaluar el impacto ambiental de la conducta personal,skill/competence,transversal,0.7268,http://data.europa.eu/esco/skill/2aaad52d-599e-4e77-a681-bbc236825821
UCE,Universidad Central del Ecuador,INGENIERÍA AMBIENTAL,22,ocuparse del tratamiento de aguas residuales,skill/competence,cross-sector,0.7268,http://data.europa.eu/esco/skill/5206a9b8-8337-4f0b-ae00-163a2f55d8cf
UCE,Universidad Central del Ecuador,INGENIERÍA AMBIENTAL,23,garantizar el cumplimiento de las regulaciones legislativas sobre residuos,skill/competence,cross-sector,0.7231,http://data.europa.eu/esco/skill/27273605-2400-4392-a6d6-cc8161a2d445
UCE,Universidad Central del Ecuador,INGENIERÍA AMBIENTAL,24,medir el desempeño de la empresa en términos de sostenibilidad,skill/competence,cross-sector,0.7215,http://data.europa.eu/esco/skill/d53eab76-e8ff-4e28-af26-7e012951c763
UCE,Universidad Central del Ecuador,INGENIERÍA AMBIENTAL,25,controlar el entorno acuático de producción,skill/competence,cross-sector,0.7215,http://data.europa.eu/esco/skill/9a0c96a2-8ffb-4384-b9e8-8928e7f86e23
UCE,Universidad Central del Ecuador,INGENIERÍA CIVIL,1,supervisar un proyecto de construcción,skill/competence,cross-sector,0.7692,http://data.europa.eu/esco/skill/1de548e0-9535-4d2e-9d20-d4474c1ea813
UCE,Universidad Central del Ecuador,INGENIERÍA CIVIL,2,vigilar el cumplimiento de los parámetros de los proyectos de construcción,skill/competence,cross-sector,0.7672,http://data.europa.eu/esco/skill/3dd3dfa7-51c0-40ef-af46-e2df300489f6
UCE,Universidad Central del Ecuador,INGENIERÍA CIVIL,3,garantizar el cumplimiento de los plazos de construcción,skill/competence,cross-sector,0.7554,http://data.europa.eu/esco/skill/6181f475-110c-497c-a46d-ed2e14e7bc90
UCE,Universidad Central del Ecuador,INGENIERÍA CIVIL,4,asesorar sobre temas de construcción,skill/competence,cross-sector,0.7531,http://data.europa.eu/esco/skill/3b64ab47-a874-403a-b781-7b23c2fc3c6c
UCE,Universidad Central del Ecuador,INGENIERÍA CIVIL,5,examinar las infraestructuras civiles,skill/competence,cross-sector,0.7395,http://data.europa.eu/esco/skill/d48b3cfe-80b6-406f-b582-d959b60417f8
UCE,Universidad Central del Ecuador,INGENIERÍA CIVIL,6,gestionar los programas públicos,skill/competence,cross-sector,0.728,http://data.europa.eu/esco/skill/0761f325-13e7-49f4-a41a-ec64ba4e7b9d
UCE,Universidad Central del Ecuador,INGENIERÍA CIVIL,7,diseñar edificios,skill/competence,cross-sector,0.7218,http://data.europa.eu/esco/skill/7c3cde53-9ff7-4e82-8396-13fdfadd3432
UCE,Universidad Central del Ecuador,INGENIERÍA CIVIL,8,revisar proyectos de construcción,skill/competence,cross-sector,0.7164,http://data.europa.eu/esco/skill/ea9fc9d9-c602-4430-a7fc-edac7429a6a8
UCE,Universidad Central del Ecuador,INGENIERÍA CIVIL,9,someter a auditorías a los contratistas,skill/competence,cross-sector,0.7157,http://data.europa.eu/esco/skill/0520d8ba-3c24-4f75-a8b0-f883ddeed82d
UCE,Universidad Central del Ecuador,INGENIERÍA CIVIL,10,supervisar obras de construcción,skill/competence,cross-sector,0.7112,http://data.europa.eu/esco/skill/fc1a75bb-70e3-4005-881f-7709bf7b0ed4
UCE,Universidad Central del Ecuador,INGENIERÍA CIVIL,11,gestionar varios proyectos,skill/competence,cross-sector,0.7102,http://data.europa.eu/esco/skill/c881ddd2-9c0e-4743-bd24-36be650493dd
UCE,Universidad Central del Ecuador,INGENIERÍA CIVIL,12,gestionar proyectos de ingeniería,skill/competence,cross-sector,0.708,http://data.europa.eu/esco/skill/6a899482-8bcf-40ca-ae67-579a1cc467ab
UCE,Universidad Central del Ecuador,INGENIERÍA CIVIL,13,coordinar equipos de ingeniería,skill/competence,cross-sector,0.7069,http://data.europa.eu/esco/skill/7af6e9e8-1e11-4c0b-b7c6-ac96bbbbc674
UCE,Universidad Central del Ecuador,INGENIERÍA CIVIL,14,supervisar la ejecución de políticas públicas,skill/competence,cross-sector,0.7011,http://data.europa.eu/esco/skill/f78d5c04-a440-4068-90c2-fab03409a911
UCE,Universidad Central del Ecuador,INGENIERÍA CIVIL,15,diseñar sistemas de transporte,skill/competence,cross-sector,0.6988,http://data.europa.eu/esco/skill/11f364dd-0814-4398-b00e-10d1be8b27af
UCE,Universidad Central del Ecuador,INGENIERÍA CIVIL,16,coordinar actividades de construcción,skill/competence,cross-sector,0.6944,http://data.europa.eu/esco/skill/fff5bc45-b506-4466-8977-4869079c1cb2
UCE,Universidad Central del Ecuador,INGENIERÍA CIVIL,17,cumplir la normativa de construcción,skill/competence,cross-sector,0.6912,http://data.europa.eu/esco/skill/4ccf7d02-764c-4129-a1df-fa1dd2e12647
UCE,Universidad Central del Ecuador,INGENIERÍA CIVIL,18,gestionar contratos,skill/competence,cross-sector,0.6909,http://data.europa.eu/esco/skill/92721092-fe7c-4689-96bd-4f02385bc0e7
UCE,Universidad Central del Ecuador,INGENIERÍA CIVIL,19,comprobar la conformidad de la construcción respecto de la normativa vigente,skill/competence,cross-sector,0.6907,http://data.europa.eu/esco/skill/1b71f0d0-8e57-44dc-aaa0-3ee6fbb59991
UCE,Universidad Central del Ecuador,INGENIERÍA CIVIL,20,supervisar proyectos inmobiliarios,skill/competence,cross-sector,0.6879,http://data.europa.eu/esco/skill/763e3863-d4c8-471a-9357-860580a95529
UCE,Universidad Central del Ecuador,INGENIERÍA CIVIL,21,ingeniería civil,knowledge,cross-sector,0.6853,http://data.europa.eu/esco/skill/82887396-e5bf-4306-af51-3fe8d82790b2
UCE,Universidad Central del Ecuador,INGENIERÍA CIVIL,22,preparar documentos relativos al proyecto de construcción,skill/competence,cross-sector,0.6847,http://data.europa.eu/esco/skill/80274731-15ce-490a-8d5b-f55a36b976b0
UCE,Universidad Central del Ecuador,INGENIERÍA CIVIL,23,examinar el cumplimiento de las políticas públicas,skill/competence,cross-sector,0.6841,http://data.europa.eu/esco/skill/5aa90e70-f661-4c2d-aaa2-70ac38c1ace9
UCE,Universidad Central del Ecuador,INGENIERÍA CIVIL,24,supervisar la normativa en materia de servicios sociales,skill/competence,cross-sector,0.6837,http://data.europa.eu/esco/skill/1b7d5366-516a-4e3a-8ff0-e3f7973c00a7
UCE,Universidad Central del Ecuador,INGENIERÍA CIVIL,25,gestionar la financiación pública,skill/competence,cross-sector,0.6807,http://data.europa.eu/esco/skill/234d1c8f-c921-483e-9a6e-4fbfc14946dc
UCE,Universidad Central del Ecuador,QUÍMICA,1,fabricar productos químicos,skill/competence,cross-sector,0.7631,http://data.europa.eu/esco/skill/4309a39d-af97-4e56-8d0e-5351b7b8dd01
UCE,Universidad Central del Ecuador,QUÍMICA,2,mejorar procesos químicos,skill/competence,cross-sector,0.7417,http://data.europa.eu/esco/skill/451c8010-7dbb-4f96-b4d4-0955766d9eff
UCE,Universidad Central del Ecuador,QUÍMICA,3,trabajar con sustancias químicas,skill/competence,cross-sector,0.7397,http://data.europa.eu/esco/skill/929a997b-d56c-4383-b36d-6de9fa0e1721
UCE,Universidad Central del Ecuador,QUÍMICA,4,desarrollar procedimientos de ensayo de materiales,skill/competence,cross-sector,0.7348,http://data.europa.eu/esco/skill/658b6ea0-79f5-451d-a037-7593a4416c85
UCE,Universidad Central del Ecuador,QUÍMICA,5,prestar asistencia en investigaciones científicas,skill/competence,cross-sector,0.7301,http://data.europa.eu/esco/skill/d6179c4b-ff5a-4bbb-a3c8-e0acf0de1f56
UCE,Universidad Central del Ecuador,QUÍMICA,6,realizar análisis de control de calidad,skill/competence,cross-sector,0.7262,http://data.europa.eu/esco/skill/41a3240f-58ba-44e2-a688-edeb21ea5c16
UCE,Universidad Central del Ecuador,QUÍMICA,7,asesorar sobre la reducción del uso de sustancias químicas,skill/competence,cross-sector,0.7254,http://data.europa.eu/esco/skill/09c28e46-712a-4c11-a4ae-67ae554ea940
UCE,Universidad Central del Ecuador,QUÍMICA,8,gestionar procedimientos de ensayos de sustancias químicas,skill/competence,cross-sector,0.7199,http://data.europa.eu/esco/skill/abcfd4de-3b3d-48ed-a002-36071bad8d46
UCE,Universidad Central del Ecuador,QUÍMICA,9,realizar investigaciones de laboratorio,skill/competence,cross-sector,0.719,http://data.europa.eu/esco/skill/9e8863fc-e8de-4df1-9bc6-3d5dd85b8070
UCE,Universidad Central del Ecuador,QUÍMICA,10,química farmacéutica,knowledge,cross-sector,0.7187,http://data.europa.eu/esco/skill/acbb31e0-7cfb-4987-a9a7-4df119e0b83b
UCE,Universidad Central del Ecuador,QUÍMICA,11,inspeccionar la calidad de los productos,skill/competence,cross-sector,0.717,http://data.europa.eu/esco/skill/1a3660c2-011c-4e96-9b1d-529afc305428
UCE,Universidad Central del Ecuador,QUÍMICA,12,manipular productos químicos,skill/competence,cross-sector,0.7098,http://data.europa.eu/esco/skill/2416dc09-6384-409e-8b1d-80bb7a2e7369
UCE,Universidad Central del Ecuador,QUÍMICA,13,realizar experimentos químicos,skill/competence,cross-sector,0.7069,http://data.europa.eu/esco/skill/50f8b1de-747c-4967-9732-3db89c365261
UCE,Universidad Central del Ecuador,QUÍMICA,14,desarrollar medicamentos,skill/competence,cross-sector,0.7017,http://data.europa.eu/esco/skill/d8aa87e2-bbe4-45ac-a1e4-f48b6f63952e
UCE,Universidad Central del Ecuador,QUÍMICA,15,impartir formación sobre cómo supervisar la gestión de la calidad,skill/competence,cross-sector,0.7016,http://data.europa.eu/esco/skill/09e7cd13-ea36-4694-afe5-f34373759392
UCE,Universidad Central del Ecuador,QUÍMICA,16,química,knowledge,cross-sector,0.7001,http://data.europa.eu/esco/skill/cde9911c-f92e-4de1-811f-336e177ac4ce
UCE,Universidad Central del Ecuador,QUÍMICA,17,"aplicar conocimientos científicos, tecnológicos y de ingeniería",skill/competence,transversal,0.6979,http://data.europa.eu/esco/skill/5c3ab99d-a3f1-4620-9602-d12d2151a03d
UCE,Universidad Central del Ecuador,QUÍMICA,18,realizar análisis fisicoquímicos en materiales alimentarios,skill/competence,cross-sector,0.6969,http://data.europa.eu/esco/skill/8ff67760-40b6-43fe-a6c5-6f1949fd0f0a
UCE,Universidad Central del Ecuador,QUÍMICA,19,gestionar datos de investigación,skill/competence,cross-sector,0.6934,http://data.europa.eu/esco/skill/08b04e53-ed25-41a2-9f90-0b9cd939ba3d
UCE,Universidad Central del Ecuador,QUÍMICA,20,llevar a cabo investigaciones científicas,skill/competence,cross-sector,0.6907,http://data.europa.eu/esco/skill/4fabca9a-7435-4f33-b1da-3cdb00340fdc
UCE,Universidad Central del Ecuador,QUÍMICA,21,gestionar experimentos a gran escala para la fabricación de alimentos,skill/competence,cross-sector,0.6901,http://data.europa.eu/esco/skill/950c1106-4ea1-4fb7-a115-5dd5adcc1ea4
UCE,Universidad Central del Ecuador,QUÍMICA,22,asistir en ensayos clínicos,skill/competence,cross-sector,0.6882,http://data.europa.eu/esco/skill/2fd5cac8-b23f-46fe-b186-8836df388fda
UCE,Universidad Central del Ecuador,QUÍMICA,23,desarrollar procedimientos de prueba,skill/competence,cross-sector,0.688,http://data.europa.eu/esco/skill/f10142ce-d522-49c3-9fd1-054fb63529d4
UCE,Universidad Central del Ecuador,QUÍMICA,24,supervisar el control de calidad,skill/competence,cross-sector,0.6864,http://data.europa.eu/esco/skill/5d34adde-0b78-42b4-9d3d-69e9388d8398
UCE,Universidad Central del Ecuador,QUÍMICA,25,elaborar fórmulas de fabricación,skill/competence,cross-sector,0.6862,http://data.europa.eu/esco/skill/b2ad4e50-cb82-4a34-ab3e-5b5f6c4f9b65
UCE,Universidad Central del Ecuador,INGENIERÍA QUÍMICA,1,fabricar productos químicos,skill/competence,cross-sector,0.7734,http://data.europa.eu/esco/skill/4309a39d-af97-4e56-8d0e-5351b7b8dd01
UCE,Universidad Central del Ecuador,INGENIERÍA QUÍMICA,2,mejorar procesos químicos,skill/competence,cross-sector,0.7697,http://data.europa.eu/esco/skill/451c8010-7dbb-4f96-b4d4-0955766d9eff
UCE,Universidad Central del Ecuador,INGENIERÍA QUÍMICA,3,gestionar procedimientos de ensayos de sustancias químicas,skill/competence,cross-sector,0.752,http://data.europa.eu/esco/skill/abcfd4de-3b3d-48ed-a002-36071bad8d46
UCE,Universidad Central del Ecuador,INGENIERÍA QUÍMICA,4,elaborar fórmulas de fabricación,skill/competence,cross-sector,0.7498,http://data.europa.eu/esco/skill/b2ad4e50-cb82-4a34-ab3e-5b5f6c4f9b65
UCE,Universidad Central del Ecuador,INGENIERÍA QUÍMICA,5,inspeccionar la calidad de los productos,skill/competence,cross-sector,0.7451,http://data.europa.eu/esco/skill/1a3660c2-011c-4e96-9b1d-529afc305428
UCE,Universidad Central del Ecuador,INGENIERÍA QUÍMICA,6,gestionar empresas de producción,skill/competence,cross-sector,0.7405,http://data.europa.eu/esco/skill/435d1751-8667-41ec-8b32-865b7cd3c684
UCE,Universidad Central del Ecuador,INGENIERÍA QUÍMICA,7,desarrollar normas y procedimientos de fabricación,skill/competence,cross-sector,0.74,http://data.europa.eu/esco/skill/764db027-9063-4468-acb3-c73ecfc76f35
UCE,Universidad Central del Ecuador,INGENIERÍA QUÍMICA,8,manipular productos químicos,skill/competence,cross-sector,0.7392,http://data.europa.eu/esco/skill/2416dc09-6384-409e-8b1d-80bb7a2e7369
UCE,Universidad Central del Ecuador,INGENIERÍA QUÍMICA,9,controlar la producción,skill/competence,cross-sector,0.7363,http://data.europa.eu/esco/skill/feceacee-d425-4e73-821a-02dfb85084db
UCE,Universidad Central del Ecuador,INGENIERÍA QUÍMICA,10,trabajar con sustancias químicas,skill/competence,cross-sector,0.7355,http://data.europa.eu/esco/skill/929a997b-d56c-4383-b36d-6de9fa0e1721
UCE,Universidad Central del Ecuador,INGENIERÍA QUÍMICA,11,diseñar sistemas de fabricación farmacéutica,skill/competence,cross-sector,0.735,http://data.europa.eu/esco/skill/1c8327dd-9af0-4124-9c4e-0342d90189d4
UCE,Universidad Central del Ecuador,INGENIERÍA QUÍMICA,12,realizar todas las actividades de ingeniería de procesos,skill/competence,cross-sector,0.7345,http://data.europa.eu/esco/skill/8b9d609a-6d62-4d5c-9133-01d41979cfac
UCE,Universidad Central del Ecuador,INGENIERÍA QUÍMICA,13,desarrollar procedimientos de ensayo de materiales,skill/competence,cross-sector,0.7307,http://data.europa.eu/esco/skill/658b6ea0-79f5-451d-a037-7593a4416c85
UCE,Universidad Central del Ecuador,INGENIERÍA QUÍMICA,14,gestionar experimentos a gran escala para la fabricación de alimentos,skill/competence,cross-sector,0.7302,http://data.europa.eu/esco/skill/950c1106-4ea1-4fb7-a115-5dd5adcc1ea4
UCE,Universidad Central del Ecuador,INGENIERÍA QUÍMICA,15,coordinar las actividades de producción,skill/competence,cross-sector,0.7295,http://data.europa.eu/esco/skill/05c00631-b864-4842-b47e-06710c197c7a
UCE,Universidad Central del Ecuador,INGENIERÍA QUÍMICA,16,impartir formación sobre cómo supervisar la gestión de la calidad,skill/competence,cross-sector,0.729,http://data.europa.eu/esco/skill/09e7cd13-ea36-4694-afe5-f34373759392
UCE,Universidad Central del Ecuador,INGENIERÍA QUÍMICA,17,realizar el control de procesos en la industria de prendas de vestir,skill/competence,cross-sector,0.7247,http://data.europa.eu/esco/skill/58c080f9-71d5-429d-9476-bc9e742d460c
UCE,Universidad Central del Ecuador,INGENIERÍA QUÍMICA,18,gestionar el impacto medioambiental de las operaciones,skill/competence,cross-sector,0.724,http://data.europa.eu/esco/skill/d86babea-bf8b-4552-81a8-daf706066ad6
UCE,Universidad Central del Ecuador,INGENIERÍA QUÍMICA,19,gestionar sistemas de instrumentación,skill/competence,cross-sector,0.7208,http://data.europa.eu/esco/skill/5d71a91f-cc72-4b66-b6e3-d75ecc05e235
UCE,Universidad Central del Ecuador,INGENIERÍA QUÍMICA,20,programar controles de equipos,skill/competence,cross-sector,0.7198,http://data.europa.eu/esco/skill/5fc0d7d8-bb81-4c1e-b420-e0f1ef8c2743
UCE,Universidad Central del Ecuador,INGENIERÍA QUÍMICA,21,química,knowledge,cross-sector,0.718,http://data.europa.eu/esco/skill/cde9911c-f92e-4de1-811f-336e177ac4ce
UCE,Universidad Central del Ecuador,INGENIERÍA QUÍMICA,22,química farmacéutica,knowledge,cross-sector,0.7147,http://data.europa.eu/esco/skill/acbb31e0-7cfb-4987-a9a7-4df119e0b83b
UCE,Universidad Central del Ecuador,INGENIERÍA QUÍMICA,23,fabricar medicamentos,skill/competence,cross-sector,0.7146,http://data.europa.eu/esco/skill/8ee6763c-ca7b-4c0d-9208-b8f26f100e72
UCE,Universidad Central del Ecuador,INGENIERÍA QUÍMICA,24,supervisar la producción de la fábrica,skill/competence,cross-sector,0.7138,http://data.europa.eu/esco/skill/c09dce1b-e198-487e-b63f-934e10a4c181
UCE,Universidad Central del Ecuador,INGENIERÍA QUÍMICA,25,coordinar equipos de ingeniería,skill/competence,cross-sector,0.7118,http://data.europa.eu/esco/skill/7af6e9e8-1e11-4c0b-b7c6-ac96bbbbc674
UCE,Universidad Central del Ecuador,GEOLOGÍA,1,evaluar el impacto ambiental de yacimientos y zonas industriales,skill/competence,cross-sector,0.8064,http://data.europa.eu/esco/skill/f12f094b-492f-4e88-b36b-50b8e58b7500
UCE,Universidad Central del Ecuador,GEOLOGÍA,2,gestionar impacto ambiental,skill/competence,cross-sector,0.7057,http://data.europa.eu/esco/skill/d3a8ef9c-8572-438c-91dc-010537070be3
UCE,Universidad Central del Ecuador,GEOLOGÍA,3,elaborar informes de SIG,skill/competence,cross-sector,0.6936,http://data.europa.eu/esco/skill/bad66a63-4e3f-41f9-9e5d-a4d5f12f8d36
UCE,Universidad Central del Ecuador,GEOLOGÍA,4,asesorar sobre sistemas de gestión de riesgos ambientales,skill/competence,cross-sector,0.6812,http://data.europa.eu/esco/skill/a366bfc5-8d17-4792-a9f0-db0951528dda
UCE,Universidad Central del Ecuador,GEOLOGÍA,5,desarrollar estrategias en materia de salud y seguridad en minería,skill/competence,cross-sector,0.6782,http://data.europa.eu/esco/skill/15725b82-9608-4579-abdf-adf91982dad9
UCE,Universidad Central del Ecuador,GEOLOGÍA,6,realizar investigaciones ecológicas,skill/competence,cross-sector,0.6755,http://data.europa.eu/esco/skill/55a4ae74-45e3-4f5c-8646-17149edfbddb
UCE,Universidad Central del Ecuador,GEOLOGÍA,7,realizar estudios de mercado,skill/competence,cross-sector,0.669,http://data.europa.eu/esco/skill/fe39d4db-4cb5-4299-bb9f-896c8fd6ab13
UCE,Universidad Central del Ecuador,GEOLOGÍA,8,enseñar geografía,skill/competence,cross-sector,0.6678,http://data.europa.eu/esco/skill/be040651-f357-45d0-9e1a-d98245be6546
UCE,Universidad Central del Ecuador,GEOLOGÍA,9,diseñar escombreras de minas,skill/competence,cross-sector,0.6622,http://data.europa.eu/esco/skill/cfbe1cdb-1738-45a1-b442-75cbda1fff06
UCE,Universidad Central del Ecuador,GEOLOGÍA,10,determinar riesgos de incendios,skill/competence,cross-sector,0.6621,http://data.europa.eu/esco/skill/2e04c512-6867-49c5-ad58-0797b8fbddf2
UCE,Universidad Central del Ecuador,GEOLOGÍA,11,realizar investigación estratégica,skill/competence,cross-sector,0.6532,http://data.europa.eu/esco/skill/0aa02c52-077d-45f8-8c2d-7132c11ac16e
UCE,Universidad Central del Ecuador,GEOLOGÍA,12,desarrollar procedimientos de ensayo de materiales,skill/competence,cross-sector,0.6521,http://data.europa.eu/esco/skill/658b6ea0-79f5-451d-a037-7593a4416c85
UCE,Universidad Central del Ecuador,GEOLOGÍA,13,desarrollar estrategias de recuperación ambiental,skill/competence,cross-sector,0.6519,http://data.europa.eu/esco/skill/e4ff825c-7376-4135-93cd-3892fd67b7c1
UCE,Universidad Central del Ecuador,GEOLOGÍA,14,geografía,knowledge,cross-sector,0.6503,http://data.europa.eu/esco/skill/cf9c8e73-105d-419e-86dd-4304cc6cd718
UCE,Universidad Central del Ecuador,GEOLOGÍA,15,prever los riesgos organizativos,skill/competence,cross-sector,0.6498,http://data.europa.eu/esco/skill/1c08d63d-1c5e-4b9b-ad3e-f7ba7debb2d1
UCE,Universidad Central del Ecuador,GEOLOGÍA,16,proteger humedales en el desarrollo de proyectos,skill/competence,cross-sector,0.6482,http://data.europa.eu/esco/skill/e2028206-3060-4e81-8350-77baefabefde
UCE,Universidad Central del Ecuador,GEOLOGÍA,17,desarrollar estrategias de rehabilitación tras inundaciones,skill/competence,cross-sector,0.648,http://data.europa.eu/esco/skill/6b5d032a-b85a-44ea-9dad-5201048d2dd2
UCE,Universidad Central del Ecuador,GEOLOGÍA,18,ejecutar estudio de viabilidad,skill/competence,cross-sector,0.6422,http://data.europa.eu/esco/skill/d74df140-eb69-43e2-bac9-1cafc824d702
UCE,Universidad Central del Ecuador,GEOLOGÍA,19,evaluar el impacto ambiental,skill/competence,cross-sector,0.642,http://data.europa.eu/esco/skill/e541c69c-ea80-4b17-87cb-4001d0b9d303
UCE,Universidad Central del Ecuador,GEOLOGÍA,20,evaluar el peligro en zonas de riesgo,skill/competence,cross-sector,0.6419,http://data.europa.eu/esco/skill/e43cb15d-b48c-43f9-a995-0dfd87b903b9
UCE,Universidad Central del Ecuador,GEOLOGÍA,21,gestionar el impacto medioambiental de las operaciones,skill/competence,cross-sector,0.6409,http://data.europa.eu/esco/skill/d86babea-bf8b-4552-81a8-daf706066ad6
UCE,Universidad Central del Ecuador,GEOLOGÍA,22,asesorar sobre la gestión del riesgo,skill/competence,cross-sector,0.6399,http://data.europa.eu/esco/skill/0efbe2dc-2770-47ec-b8f4-d1bdff6ac0a4
UCE,Universidad Central del Ecuador,GEOLOGÍA,23,reaccionar ante emergencias mineras,skill/competence,cross-sector,0.6395,http://data.europa.eu/esco/skill/3938da70-dd7a-4092-b039-10c2218867fd
UCE,Universidad Central del Ecuador,GEOLOGÍA,24,investigar la contaminación,skill/competence,cross-sector,0.6368,http://data.europa.eu/esco/skill/e4698f9f-bb23-486e-a74a-c8f3a19c3132
UCE,Universidad Central del Ecuador,GEOLOGÍA,25,"realizar evaluaciones de salud, seguridad y medioambiente",skill/competence,cross-sector,0.6368,http://data.europa.eu/esco/skill/101d63ee-bb22-4a7c-9e0a-c2716063696a
UCE,Universidad Central del Ecuador,MECÁNICA,1,desarrollar normas y procedimientos de fabricación,skill/competence,cross-sector,0.73,http://data.europa.eu/esco/skill/764db027-9063-4468-acb3-c73ecfc76f35
UCE,Universidad Central del Ecuador,MECÁNICA,2,ingeniería industrial,knowledge,cross-sector,0.7217,http://data.europa.eu/esco/skill/a1816dfd-dbdc-4499-bef3-ff81dd895b33
UCE,Universidad Central del Ecuador,MECÁNICA,3,desarrollar procedimientos de ensayo de materiales,skill/competence,cross-sector,0.7194,http://data.europa.eu/esco/skill/658b6ea0-79f5-451d-a037-7593a4416c85
UCE,Universidad Central del Ecuador,MECÁNICA,4,diseñar componentes de automatización,skill/competence,cross-sector,0.7193,http://data.europa.eu/esco/skill/f96f5aa5-6ed7-40dc-a431-68b0a09d6d4b
UCE,Universidad Central del Ecuador,MECÁNICA,5,proporcionar experiencia técnica,skill/competence,cross-sector,0.7182,http://data.europa.eu/esco/skill/c69587b4-05d3-45bb-b79b-9b85e6603fc2
UCE,Universidad Central del Ecuador,MECÁNICA,6,diseñar sistemas de control,skill/competence,cross-sector,0.7128,http://data.europa.eu/esco/skill/d560df46-dda4-4407-bab2-b87353a96814
UCE,Universidad Central del Ecuador,MECÁNICA,7,gestionar sistemas de instrumentación,skill/competence,cross-sector,0.7125,http://data.europa.eu/esco/skill/5d71a91f-cc72-4b66-b6e3-d75ecc05e235
UCE,Universidad Central del Ecuador,MECÁNICA,8,realizar todas las actividades de ingeniería de procesos,skill/competence,cross-sector,0.7121,http://data.europa.eu/esco/skill/8b9d609a-6d62-4d5c-9133-01d41979cfac
UCE,Universidad Central del Ecuador,MECÁNICA,9,diseñar componentes de ingeniería,skill/competence,cross-sector,0.7096,http://data.europa.eu/esco/skill/87434439-c07d-48be-af34-b0cdd03121c4
UCE,Universidad Central del Ecuador,MECÁNICA,10,desarrollar sistemas de instrumentación,skill/competence,cross-sector,0.7071,http://data.europa.eu/esco/skill/d8c19849-f4cf-458d-90cd-abe735a729bf
UCE,Universidad Central del Ecuador,MECÁNICA,11,ingeniería ambiental,knowledge,cross-sector,0.7043,http://data.europa.eu/esco/skill/b1b118c4-3291-484e-b64d-6d51fd5da8b3
UCE,Universidad Central del Ecuador,MECÁNICA,12,electromecánica,knowledge,cross-sector,0.7039,http://data.europa.eu/esco/skill/2bbdea06-a265-42b5-bb4f-7241b661f069
UCE,Universidad Central del Ecuador,MECÁNICA,13,establecer directrices de fabricación,skill/competence,cross-sector,0.7027,http://data.europa.eu/esco/skill/37520413-563e-4d99-a14c-1c6dca3cf833
UCE,Universidad Central del Ecuador,MECÁNICA,14,gestionar proyectos de ingeniería,skill/competence,cross-sector,0.7025,http://data.europa.eu/esco/skill/6a899482-8bcf-40ca-ae67-579a1cc467ab
UCE,Universidad Central del Ecuador,MECÁNICA,15,mecatrónica,knowledge,cross-sector,0.6983,http://data.europa.eu/esco/skill/d88cb3f1-8e02-4618-bf32-4b0488066934
UCE,Universidad Central del Ecuador,MECÁNICA,16,coordinar equipos de ingeniería,skill/competence,cross-sector,0.6978,http://data.europa.eu/esco/skill/7af6e9e8-1e11-4c0b-b7c6-ac96bbbbc674
UCE,Universidad Central del Ecuador,MECÁNICA,17,gestionar empresas de producción,skill/competence,cross-sector,0.6969,http://data.europa.eu/esco/skill/435d1751-8667-41ec-8b32-865b7cd3c684
UCE,Universidad Central del Ecuador,MECÁNICA,18,"aplicar conocimientos científicos, tecnológicos y de ingeniería",skill/competence,transversal,0.6967,http://data.europa.eu/esco/skill/5c3ab99d-a3f1-4620-9602-d12d2151a03d
UCE,Universidad Central del Ecuador,MECÁNICA,19,gestionar el impacto medioambiental de las operaciones,skill/competence,cross-sector,0.6959,http://data.europa.eu/esco/skill/d86babea-bf8b-4552-81a8-daf706066ad6
UCE,Universidad Central del Ecuador,MECÁNICA,20,realizar trabajos técnicos difíciles,skill/competence,cross-sector,0.6915,http://data.europa.eu/esco/skill/2d780738-9b34-40a3-adbb-590001f6ff86
UCE,Universidad Central del Ecuador,MECÁNICA,21,escribir manuales,skill/competence,cross-sector,0.6913,http://data.europa.eu/esco/skill/cbd9cd0f-6c22-4bbc-8af2-dc9c7f5efcb5
UCE,Universidad Central del Ecuador,MECÁNICA,22,sistemas mecánicos,knowledge,cross-sector,0.6909,http://data.europa.eu/esco/skill/69bece91-c806-42ad-bde4-db28c7f8fc4b
UCE,Universidad Central del Ecuador,MECÁNICA,23,instalar sistemas hidráulicos,skill/competence,cross-sector,0.6904,http://data.europa.eu/esco/skill/753b1781-ea44-4eea-b84a-f8a76fbd6c4d
UCE,Universidad Central del Ecuador,MECÁNICA,24,desarrollar procedimientos de prueba,skill/competence,cross-sector,0.69,http://data.europa.eu/esco/skill/f10142ce-d522-49c3-9fd1-054fb63529d4
UCE,Universidad Central del Ecuador,MECÁNICA,25,montar equipos de instrumentación,skill/competence,cross-sector,0.6899,http://data.europa.eu/esco/skill/af0b1937-7538-434f-871b-7e8f72e04117
UCE,Universidad Central del Ecuador,PETRÓLEOS,1,evaluar el impacto ambiental de yacimientos y zonas industriales,skill/competence,cross-sector,0.7382,http://data.europa.eu/esco/skill/f12f094b-492f-4e88-b36b-50b8e58b7500
UCE,Universidad Central del Ecuador,PETRÓLEOS,2,gestionar el impacto medioambiental de las operaciones,skill/competence,cross-sector,0.7043,http://data.europa.eu/esco/skill/d86babea-bf8b-4552-81a8-daf706066ad6
UCE,Universidad Central del Ecuador,PETRÓLEOS,3,gestionar impacto ambiental,skill/competence,cross-sector,0.6926,http://data.europa.eu/esco/skill/d3a8ef9c-8572-438c-91dc-010537070be3
UCE,Universidad Central del Ecuador,PETRÓLEOS,4,manipular combustibles,skill/competence,cross-sector,0.6803,http://data.europa.eu/esco/skill/2035c565-f0df-4efa-99fc-09a42f18c158
UCE,Universidad Central del Ecuador,PETRÓLEOS,5,evaluar las necesidades energéticas,skill/competence,cross-sector,0.674,http://data.europa.eu/esco/skill/36fccad9-1d20-4104-bcc2-a8ea9d1ce5ea
UCE,Universidad Central del Ecuador,PETRÓLEOS,6,manejar equipos de extracción de hidrógeno,skill/competence,cross-sector,0.6672,http://data.europa.eu/esco/skill/d2fd219f-5cb1-4f67-8db5-be6c5fc865c7
UCE,Universidad Central del Ecuador,PETRÓLEOS,7,reaccionar ante emergencias mineras,skill/competence,cross-sector,0.6585,http://data.europa.eu/esco/skill/3938da70-dd7a-4092-b039-10c2218867fd
UCE,Universidad Central del Ecuador,PETRÓLEOS,8,coordinar comunicaciones en situaciones de emergencia en operaciones mineras,skill/competence,cross-sector,0.6577,http://data.europa.eu/esco/skill/707ff33d-d130-4e61-8a2a-6e8b023be9fc
UCE,Universidad Central del Ecuador,PETRÓLEOS,9,asesorar sobre recuperación ambiental,skill/competence,cross-sector,0.6569,http://data.europa.eu/esco/skill/b422efe7-b151-4120-86ae-db11a48dd0fa
UCE,Universidad Central del Ecuador,PETRÓLEOS,10,gestionar empresas de producción,skill/competence,cross-sector,0.6556,http://data.europa.eu/esco/skill/435d1751-8667-41ec-8b32-865b7cd3c684
UCE,Universidad Central del Ecuador,PETRÓLEOS,11,diseñar escombreras de minas,skill/competence,cross-sector,0.6541,http://data.europa.eu/esco/skill/cfbe1cdb-1738-45a1-b442-75cbda1fff06
UCE,Universidad Central del Ecuador,PETRÓLEOS,12,controlar el entorno acuático de producción,skill/competence,cross-sector,0.6528,http://data.europa.eu/esco/skill/9a0c96a2-8ffb-4384-b9e8-8928e7f86e23
UCE,Universidad Central del Ecuador,PETRÓLEOS,13,desarrollar estrategias de rehabilitación tras inundaciones,skill/competence,cross-sector,0.6501,http://data.europa.eu/esco/skill/6b5d032a-b85a-44ea-9dad-5201048d2dd2
UCE,Universidad Central del Ecuador,PETRÓLEOS,14,gestionar residuos,skill/competence,cross-sector,0.6456,http://data.europa.eu/esco/skill/73a9561d-112c-4d8a-9d5f-b2c11c5bbd5f
UCE,Universidad Central del Ecuador,PETRÓLEOS,15,desarrollar estrategias de acuicultura,skill/competence,cross-sector,0.6451,http://data.europa.eu/esco/skill/180a1099-978f-494a-aee0-3e5ae5c2f381
UCE,Universidad Central del Ecuador,PETRÓLEOS,16,coordinar esfuerzos ambientales,skill/competence,cross-sector,0.6422,http://data.europa.eu/esco/skill/bd70f004-e1d6-43f0-96f1-59c014a4ea01
UCE,Universidad Central del Ecuador,PETRÓLEOS,17,ocuparse del tratamiento de aguas residuales,skill/competence,cross-sector,0.642,http://data.europa.eu/esco/skill/5206a9b8-8337-4f0b-ae00-163a2f55d8cf
UCE,Universidad Central del Ecuador,PETRÓLEOS,18,operar equipos de purificación de agua,skill/competence,cross-sector,0.6418,http://data.europa.eu/esco/skill/3de6d427-546b-450b-97ba-d3d50eb274da
UCE,Universidad Central del Ecuador,PETRÓLEOS,19,desarrollar estrategias en materia de salud y seguridad en minería,skill/competence,cross-sector,0.6405,http://data.europa.eu/esco/skill/15725b82-9608-4579-abdf-adf91982dad9
UCE,Universidad Central del Ecuador,PETRÓLEOS,20,gestionar proyectos de investigación y desarrollo,skill/competence,cross-sector,0.6401,http://data.europa.eu/esco/skill/d5dbc342-8e39-4998-8237-ebbe05a381ce
UCE,Universidad Central del Ecuador,PETRÓLEOS,21,realizar actividades de gestión energética en instalaciones,skill/competence,cross-sector,0.6396,http://data.europa.eu/esco/skill/885808f7-f42b-406e-95f2-28efcd45ddda
UCE,Universidad Central del Ecuador,PETRÓLEOS,22,proteger humedales en el desarrollo de proyectos,skill/competence,cross-sector,0.6386,http://data.europa.eu/esco/skill/e2028206-3060-4e81-8350-77baefabefde
UCE,Universidad Central del Ecuador,PETRÓLEOS,23,coordinar operaciones de extinción de incendios,skill/competence,cross-sector,0.6386,http://data.europa.eu/esco/skill/767606b1-9c54-4dbd-8a69-80cc3ab923c1
UCE,Universidad Central del Ecuador,PETRÓLEOS,24,gestionar recursos humanos,skill/competence,cross-sector,0.6359,http://data.europa.eu/esco/skill/339ac029-066a-4985-9f9d-b3d7c8fea0bb
UCE,Universidad Central del Ecuador,PETRÓLEOS,25,gestionar planes de evacuación de emergencia,skill/competence,cross-sector,0.6353,http://data.europa.eu/esco/skill/c1b0bfc2-4932-4e03-9077-92bc56042511
UCE,Universidad Central del Ecuador,SISTEMAS DE INFORMACIÓN,1,"gestionar datos, información y contenido digitales",skill/competence,cross-sector,0.7471,http://data.europa.eu/esco/skill/4d97e3c3-f335-47cc-a4ee-0d779fd42222
UCE,Universidad Central del Ecuador,SISTEMAS DE INFORMACIÓN,2,gestionar sistemas de instrumentación,skill/competence,cross-sector,0.7336,http://data.europa.eu/esco/skill/5d71a91f-cc72-4b66-b6e3-d75ecc05e235
UCE,Universidad Central del Ecuador,SISTEMAS DE INFORMACIÓN,3,resolver problemas de sistemas TIC,skill/competence,cross-sector,0.7297,http://data.europa.eu/esco/skill/9e06bac6-6b91-48ca-8b7d-c1f48cdecd7c
UCE,Universidad Central del Ecuador,SISTEMAS DE INFORMACIÓN,4,crear soluciones para problemas informativos,skill/competence,cross-sector,0.725,http://data.europa.eu/esco/skill/4539aeca-b56f-4d03-ba86-8f675a7f2536
UCE,Universidad Central del Ecuador,SISTEMAS DE INFORMACIÓN,5,gestionar sistemas administrativos,skill/competence,cross-sector,0.7236,http://data.europa.eu/esco/skill/6ae8306a-4f9d-4410-ac82-6406f3cbd16a
UCE,Universidad Central del Ecuador,SISTEMAS DE INFORMACIÓN,6,realizar gestión de clientes,skill/competence,cross-sector,0.7194,http://data.europa.eu/esco/skill/91306a20-9b81-4f3d-97eb-f5368b607da7
UCE,Universidad Central del Ecuador,SISTEMAS DE INFORMACIÓN,7,proporcionar soporte de TIC,skill/competence,cross-sector,0.7153,http://data.europa.eu/esco/skill/c2296e2e-5fef-4f24-a24f-e5b3792268be
UCE,Universidad Central del Ecuador,SISTEMAS DE INFORMACIÓN,8,detectar necesidades tecnológicas,skill/competence,cross-sector,0.7139,http://data.europa.eu/esco/skill/42fcf80d-7b45-40f3-bd2f-5411c4c0dfa0
UCE,Universidad Central del Ecuador,SISTEMAS DE INFORMACIÓN,9,gestionar proyectos de investigación y desarrollo,skill/competence,cross-sector,0.7128,http://data.europa.eu/esco/skill/d5dbc342-8e39-4998-8237-ebbe05a381ce
UCE,Universidad Central del Ecuador,SISTEMAS DE INFORMACIÓN,10,gestionar datos de investigación,skill/competence,cross-sector,0.7118,http://data.europa.eu/esco/skill/08b04e53-ed25-41a2-9f90-0b9cd939ba3d
UCE,Universidad Central del Ecuador,SISTEMAS DE INFORMACIÓN,11,asesorar a la clientela acerca de las posibilidades técnicas,skill/competence,cross-sector,0.7116,http://data.europa.eu/esco/skill/7b3abd38-61ae-42a4-88bb-0884784f9ee1
UCE,Universidad Central del Ecuador,SISTEMAS DE INFORMACIÓN,12,desarrollar políticas de la organización,skill/competence,cross-sector,0.7105,http://data.europa.eu/esco/skill/3254275d-a1b5-4640-9481-02f38780ac35
UCE,Universidad Central del Ecuador,SISTEMAS DE INFORMACIÓN,13,gestionar procesos de flujo de trabajo,skill/competence,cross-sector,0.7102,http://data.europa.eu/esco/skill/7add3681-17b6-4027-8a9d-ee92d2b96a42
UCE,Universidad Central del Ecuador,SISTEMAS DE INFORMACIÓN,14,Proponer soluciones tecnológicas a problemas empresariales,skill/competence,cross-sector,0.71,http://data.europa.eu/esco/skill/07e51c60-763a-4335-b4ec-70a15f66d328
UCE,Universidad Central del Ecuador,SISTEMAS DE INFORMACIÓN,15,crear soluciones para problemas,skill/competence,cross-sector,0.7085,http://data.europa.eu/esco/skill/03b9b491-fc9b-4868-914a-bf7cd47b5041
UCE,Universidad Central del Ecuador,SISTEMAS DE INFORMACIÓN,16,gestionar varios proyectos,skill/competence,cross-sector,0.7077,http://data.europa.eu/esco/skill/c881ddd2-9c0e-4743-bd24-36be650493dd
UCE,Universidad Central del Ecuador,SISTEMAS DE INFORMACIÓN,17,administrar una página web,skill/competence,cross-sector,0.7053,http://data.europa.eu/esco/skill/d04ee340-5378-4601-8181-19da6d5cbfe0
UCE,Universidad Central del Ecuador,SISTEMAS DE INFORMACIÓN,18,"utilizar tecnologías digitales para compartir datos, información y contenido digitales",skill/competence,cross-sector,0.7037,http://data.europa.eu/esco/skill/40001d93-8937-4859-89d5-2dca53290ff4
UCE,Universidad Central del Ecuador,SISTEMAS DE INFORMACIÓN,19,almacenar datos y sistemas digitales,skill/competence,cross-sector,0.701,http://data.europa.eu/esco/skill/611ed16b-99bf-4840-9cab-f55d1d286e0a
UCE,Universidad Central del Ecuador,SISTEMAS DE INFORMACIÓN,20,gestionar conocimientos empresariales,skill/competence,cross-sector,0.7009,http://data.europa.eu/esco/skill/41bf7ede-fc84-4a57-8c89-b548d11b0ba1
UCE,Universidad Central del Ecuador,SISTEMAS DE INFORMACIÓN,21,desarrollar normas de información,skill/competence,cross-sector,0.7006,http://data.europa.eu/esco/skill/1b3fc0e0-c6f9-45fc-9c6e-14bbba662979
UCE,Universidad Central del Ecuador,SISTEMAS DE INFORMACIÓN,22,operar sistemas de control informatizados,skill/competence,cross-sector,0.7004,http://data.europa.eu/esco/skill/b916d60e-38e9-4241-914a-4e2144bda711
UCE,Universidad Central del Ecuador,SISTEMAS DE INFORMACIÓN,23,utilizar herramientas informáticas,skill/competence,cross-sector,0.7003,http://data.europa.eu/esco/skill/f632251a-4078-4546-b19f-7ef528d08325
UCE,Universidad Central del Ecuador,SISTEMAS DE INFORMACIÓN,24,gestionar información en asistencia sanitaria,skill/competence,cross-sector,0.6998,http://data.europa.eu/esco/skill/6c3e28d6-e3cc-4b25-a5da-a0dce043cf17
UCE,Universidad Central del Ecuador,SISTEMAS DE INFORMACIÓN,25,identificar requisitos del cliente,skill/competence,cross-sector,0.6998,http://data.europa.eu/esco/skill/0e0c9c11-b39e-43cf-ba95-2fe646f5de64
UCE,Universidad Central del Ecuador,MATEMÁTICA,1,realizar cálculos,skill/competence,transversal,0.77,http://data.europa.eu/esco/skill/19ba11f3-9c99-41fd-a7c9-f77e6a026186
UCE,Universidad Central del Ecuador,MATEMÁTICA,2,interpretar información matemática,skill/competence,transversal,0.7694,http://data.europa.eu/esco/skill/6fc6f757-6baa-49fe-9a82-6ba6a52f2e13
UCE,Universidad Central del Ecuador,MATEMÁTICA,3,comunicar información matemática,skill/competence,cross-sector,0.7693,http://data.europa.eu/esco/skill/a5826fe3-8df6-4fa8-adad-b7116864588f
UCE,Universidad Central del Ecuador,MATEMÁTICA,4,ejecutar cálculos matemáticos analíticos,skill/competence,cross-sector,0.7684,http://data.europa.eu/esco/skill/31c69100-b612-4a61-8db5-fd314318854c
UCE,Universidad Central del Ecuador,MATEMÁTICA,5,enseñar en contextos académicos o profesionales,skill/competence,cross-sector,0.7593,http://data.europa.eu/esco/skill/4cd85845-f31c-4306-994d-e12d45114d83
UCE,Universidad Central del Ecuador,MATEMÁTICA,6,aplicar competencias matemáticas,skill/competence,cross-sector,0.7361,http://data.europa.eu/esco/skill/5dd01a1e-7ba0-4b7f-a76c-ed811c12bfde
UCE,Universidad Central del Ecuador,MATEMÁTICA,7,enseñar ciencias políticas,skill/competence,cross-sector,0.7284,http://data.europa.eu/esco/skill/87fb4119-bbe1-46b0-8023-f24d7d74a6f2
UCE,Universidad Central del Ecuador,MATEMÁTICA,8,matemáticas,knowledge,cross-sector,0.7263,http://data.europa.eu/esco/skill/4339176e-3acd-4f7f-a5d9-445bee3d23f2
UCE,Universidad Central del Ecuador,MATEMÁTICA,9,enseñar lenguas,skill/competence,cross-sector,0.7259,http://data.europa.eu/esco/skill/a9ead737-a7cd-4046-adea-1ff7326db09f
UCE,Universidad Central del Ecuador,MATEMÁTICA,10,analizar datos,skill/competence,cross-sector,0.72,http://data.europa.eu/esco/skill/a571ae14-3e16-4fd3-a615-5646e0b0b696
UCE,Universidad Central del Ecuador,MATEMÁTICA,11,modelación matemática,knowledge,cross-sector,0.7151,http://data.europa.eu/esco/skill/0760bfac-9a03-427a-ad84-ccd33a2f2ae8
UCE,Universidad Central del Ecuador,MATEMÁTICA,12,prestar asistencia en investigaciones científicas,skill/competence,cross-sector,0.7146,http://data.europa.eu/esco/skill/d6179c4b-ff5a-4bbb-a3c8-e0acf0de1f56
UCE,Universidad Central del Ecuador,MATEMÁTICA,13,gestionar datos de investigación,skill/competence,cross-sector,0.7118,http://data.europa.eu/esco/skill/08b04e53-ed25-41a2-9f90-0b9cd939ba3d
UCE,Universidad Central del Ecuador,MATEMÁTICA,14,"aplicar conocimientos científicos, tecnológicos y de ingeniería",skill/competence,transversal,0.71,http://data.europa.eu/esco/skill/5c3ab99d-a3f1-4620-9602-d12d2151a03d
UCE,Universidad Central del Ecuador,MATEMÁTICA,15,asesorar sobre programas de estudio,skill/competence,cross-sector,0.7087,http://data.europa.eu/esco/skill/bd420d08-880b-43bc-a808-d46ad3115168
UCE,Universidad Central del Ecuador,MATEMÁTICA,16,resolver problemas,skill/competence,transversal,0.7059,http://data.europa.eu/esco/skill/adc6dc11-3376-467b-96c5-9b0a21edc869
UCE,Universidad Central del Ecuador,MATEMÁTICA,17,asesorar sobre los métodos de enseñanza,skill/competence,cross-sector,0.7046,http://data.europa.eu/esco/skill/e2ab113a-3eae-4ef7-8d67-b989666a92b3
UCE,Universidad Central del Ecuador,MATEMÁTICA,18,crear soluciones para problemas informativos,skill/competence,cross-sector,0.7043,http://data.europa.eu/esco/skill/4539aeca-b56f-4d03-ba86-8f675a7f2536
UCE,Universidad Central del Ecuador,MATEMÁTICA,19,enseñar astronomía,skill/competence,cross-sector,0.7023,http://data.europa.eu/esco/skill/ca99ec2c-fbdf-4a60-87c9-1ed6835738bc
UCE,Universidad Central del Ecuador,MATEMÁTICA,20,asesorar al alumnado,skill/competence,cross-sector,0.7005,http://data.europa.eu/esco/skill/f7940b22-764a-43f0-9642-f60f5897109b
UCE,Universidad Central del Ecuador,MATEMÁTICA,21,redactar propuestas de investigación,skill/competence,cross-sector,0.7001,http://data.europa.eu/esco/skill/0ee7b0d6-db98-4785-9948-f2ef415d155a
UCE,Universidad Central del Ecuador,MATEMÁTICA,22,enseñar historia,skill/competence,cross-sector,0.6995,http://data.europa.eu/esco/skill/796dc3f2-fadb-4de5-b9d0-39069a140caa
UCE,Universidad Central del Ecuador,MATEMÁTICA,23,enseñar física,skill/competence,cross-sector,0.6992,http://data.europa.eu/esco/skill/2bc7884c-0d04-4ae9-a4e5-dccd77701ba3
UCE,Universidad Central del Ecuador,MATEMÁTICA,24,aplicar conocimientos de ciencias sociales y humanidades,skill/competence,transversal,0.6988,http://data.europa.eu/esco/skill/deb3c1bc-d48a-42e6-b0cc-cb238534ec28
UCE,Universidad Central del Ecuador,MATEMÁTICA,25,estudiar las relaciones entre cantidades,skill/competence,cross-sector,0.6987,http://data.europa.eu/esco/skill/e72ce847-f7a9-40b8-ac66-ce291a2121de
UG,Universidad de Guayaquil,ADMINISTRACIÓN DE EMPRESAS,1,elaborar las estrategias empresariales,skill/competence,cross-sector,0.8003,http://data.europa.eu/esco/skill/ba2c6181-b036-40b4-8f6d-51499463ccbb
UG,Universidad de Guayaquil,ADMINISTRACIÓN DE EMPRESAS,2,gestionar empresas de producción,skill/competence,cross-sector,0.7907,http://data.europa.eu/esco/skill/435d1751-8667-41ec-8b32-865b7cd3c684
UG,Universidad de Guayaquil,ADMINISTRACIÓN DE EMPRESAS,3,elaborar políticas de economía,skill/competence,cross-sector,0.7702,http://data.europa.eu/esco/skill/8394fefb-f62a-48c0-a156-3117cefdb9b3
UG,Universidad de Guayaquil,ADMINISTRACIÓN DE EMPRESAS,4,coordinar actividades de planificación comercial,skill/competence,cross-sector,0.7614,http://data.europa.eu/esco/skill/90398aca-82b7-4f56-8e0f-814d949162b4
UG,Universidad de Guayaquil,ADMINISTRACIÓN DE EMPRESAS,5,desarrollar políticas de la organización,skill/competence,cross-sector,0.7596,http://data.europa.eu/esco/skill/3254275d-a1b5-4640-9481-02f38780ac35
UG,Universidad de Guayaquil,ADMINISTRACIÓN DE EMPRESAS,6,guiar a los gestores de los diferentes departamentos de la empresa,skill/competence,cross-sector,0.7587,http://data.europa.eu/esco/skill/3e61ee41-2bd9-466f-b313-00ce04072410
UG,Universidad de Guayaquil,ADMINISTRACIÓN DE EMPRESAS,7,gestionar los aspectos financieros de una empresa,skill/competence,cross-sector,0.7582,http://data.europa.eu/esco/skill/fa6acfc3-0a4f-4192-b77d-80e94d0faf2a
UG,Universidad de Guayaquil,ADMINISTRACIÓN DE EMPRESAS,8,participar en las operaciones cotidianas de la empresa,skill/competence,cross-sector,0.7557,http://data.europa.eu/esco/skill/ce4cbc3a-bde0-43b4-9526-e643c4fe5b04
UG,Universidad de Guayaquil,ADMINISTRACIÓN DE EMPRESAS,9,gestionar recursos humanos,skill/competence,cross-sector,0.7547,http://data.europa.eu/esco/skill/339ac029-066a-4985-9f9d-b3d7c8fea0bb
UG,Universidad de Guayaquil,ADMINISTRACIÓN DE EMPRESAS,10,gestionar programas de formación en la empresa,skill/competence,cross-sector,0.7424,http://data.europa.eu/esco/skill/6e66fa0f-4d3b-415e-9693-dc556eb5112a
UG,Universidad de Guayaquil,ADMINISTRACIÓN DE EMPRESAS,11,gestionar recursos financieros y materiales,skill/competence,transversal,0.74,http://data.europa.eu/esco/skill/1ddc021d-d818-4731-904f-842d7491f419
UG,Universidad de Guayaquil,ADMINISTRACIÓN DE EMPRESAS,12,gestionar proyectos de investigación y desarrollo,skill/competence,cross-sector,0.7393,http://data.europa.eu/esco/skill/d5dbc342-8e39-4998-8237-ebbe05a381ce
UG,Universidad de Guayaquil,ADMINISTRACIÓN DE EMPRESAS,13,enseñar principios de gestión empresarial,skill/competence,cross-sector,0.7374,http://data.europa.eu/esco/skill/29d3663f-348a-4b67-a8db-b94fd3912385
UG,Universidad de Guayaquil,ADMINISTRACIÓN DE EMPRESAS,14,desarrollar estrategias de comunicación,skill/competence,cross-sector,0.7363,http://data.europa.eu/esco/skill/3c834f6e-523a-49ee-8ed1-e073e28ae6fe
UG,Universidad de Guayaquil,ADMINISTRACIÓN DE EMPRESAS,15,mejorar procesos empresariales,skill/competence,cross-sector,0.7352,http://data.europa.eu/esco/skill/75b30aeb-34c0-40f4-b77d-271d75a98b14
UG,Universidad de Guayaquil,ADMINISTRACIÓN DE EMPRESAS,16,realizar diversas tareas organizativas en la empresa,skill/competence,cross-sector,0.7347,http://data.europa.eu/esco/skill/01755f08-4df4-4cf0-8d22-08f94cad68b5
UG,Universidad de Guayaquil,ADMINISTRACIÓN DE EMPRESAS,17,gestionar conocimientos empresariales,skill/competence,cross-sector,0.7326,http://data.europa.eu/esco/skill/41bf7ede-fc84-4a57-8c89-b548d11b0ba1
UG,Universidad de Guayaquil,ADMINISTRACIÓN DE EMPRESAS,18,realizar gestión de clientes,skill/competence,cross-sector,0.7321,http://data.europa.eu/esco/skill/91306a20-9b81-4f3d-97eb-f5368b607da7
UG,Universidad de Guayaquil,ADMINISTRACIÓN DE EMPRESAS,19,optimizar resultados financieros,skill/competence,cross-sector,0.7296,http://data.europa.eu/esco/skill/3369d4f5-bfa7-47dc-b61f-e74d0d91bf74
UG,Universidad de Guayaquil,ADMINISTRACIÓN DE EMPRESAS,20,formar equipos dentro de la empresa en base a las competencias,skill/competence,cross-sector,0.7293,http://data.europa.eu/esco/skill/f1155d3f-fbca-4298-a31c-f6955653bacf
UG,Universidad de Guayaquil,ADMINISTRACIÓN DE EMPRESAS,21,gestionar varios proyectos,skill/competence,cross-sector,0.7289,http://data.europa.eu/esco/skill/c881ddd2-9c0e-4743-bd24-36be650493dd
UG,Universidad de Guayaquil,ADMINISTRACIÓN DE EMPRESAS,22,controlar los recursos financieros,skill/competence,cross-sector,0.7274,http://data.europa.eu/esco/skill/2d008d5a-b7bd-46f7-bbb1-5d70a0af9c84
UG,Universidad de Guayaquil,ADMINISTRACIÓN DE EMPRESAS,23,realizar un análisis empresarial,skill/competence,cross-sector,0.7274,http://data.europa.eu/esco/skill/27ed854c-15b8-4ba2-90e9-ae888a219703
UG,Universidad de Guayaquil,ADMINISTRACIÓN DE EMPRESAS,24,gestionar cuentas bancarias de la empresa,skill/competence,cross-sector,0.7261,http://data.europa.eu/esco/skill/658a38bd-6954-4a2a-945c-42330c5d13b9
UG,Universidad de Guayaquil,ADMINISTRACIÓN DE EMPRESAS,25,apoyar a los gestores y directivos,skill/competence,cross-sector,0.7257,http://data.europa.eu/esco/skill/4bd6e2ad-bf69-4198-b3ac-3baabd9da46e
UG,Universidad de Guayaquil,CIENCIA DE DATOS E INTELIGENCIA ARTIFICIAL,1,ciencia de datos,knowledge,cross-sector,0.7483,http://data.europa.eu/esco/skill/edebd83d-35f6-4ed5-a940-6c203d178c01
UG,Universidad de Guayaquil,CIENCIA DE DATOS E INTELIGENCIA ARTIFICIAL,2,analizar datos,skill/competence,cross-sector,0.6799,http://data.europa.eu/esco/skill/a571ae14-3e16-4fd3-a615-5646e0b0b696
UG,Universidad de Guayaquil,CIENCIA DE DATOS E INTELIGENCIA ARTIFICIAL,3,análisis de datos,knowledge,cross-sector,0.6785,http://data.europa.eu/esco/skill/97bd1c21-66b2-4b7e-ad0f-e3cda590e378
UG,Universidad de Guayaquil,CIENCIA DE DATOS E INTELIGENCIA ARTIFICIAL,4,predecir tendencias económicas,skill/competence,cross-sector,0.6746,http://data.europa.eu/esco/skill/f2a34d6b-131a-4b8f-a110-898b9c91d18f
UG,Universidad de Guayaquil,CIENCIA DE DATOS E INTELIGENCIA ARTIFICIAL,5,interpretar datos actuales,skill/competence,cross-sector,0.6686,http://data.europa.eu/esco/skill/1e77e42a-181f-4b48-8e74-201ce50ffc29
UG,Universidad de Guayaquil,CIENCIA DE DATOS E INTELIGENCIA ARTIFICIAL,6,analizar datos de la clientela,skill/competence,cross-sector,0.6671,http://data.europa.eu/esco/skill/d63f49de-cb72-4ce3-9553-a374a4f32f52
UG,Universidad de Guayaquil,CIENCIA DE DATOS E INTELIGENCIA ARTIFICIAL,7,gestionar datos de investigación,skill/competence,cross-sector,0.6647,http://data.europa.eu/esco/skill/08b04e53-ed25-41a2-9f90-0b9cd939ba3d
UG,Universidad de Guayaquil,CIENCIA DE DATOS E INTELIGENCIA ARTIFICIAL,8,analizar inteligencia de datos,skill/competence,cross-sector,0.6637,http://data.europa.eu/esco/skill/47a49cd6-097d-457a-9f7b-c290c14930d5
UG,Universidad de Guayaquil,CIENCIA DE DATOS E INTELIGENCIA ARTIFICIAL,9,realizar estudios de mercado,skill/competence,cross-sector,0.6627,http://data.europa.eu/esco/skill/fe39d4db-4cb5-4299-bb9f-896c8fd6ab13
UG,Universidad de Guayaquil,CIENCIA DE DATOS E INTELIGENCIA ARTIFICIAL,10,crear soluciones para problemas informativos,skill/competence,cross-sector,0.6532,http://data.europa.eu/esco/skill/4539aeca-b56f-4d03-ba86-8f675a7f2536
UG,Universidad de Guayaquil,CIENCIA DE DATOS E INTELIGENCIA ARTIFICIAL,11,interpretar información matemática,skill/competence,transversal,0.6519,http://data.europa.eu/esco/skill/6fc6f757-6baa-49fe-9a82-6ba6a52f2e13
UG,Universidad de Guayaquil,CIENCIA DE DATOS E INTELIGENCIA ARTIFICIAL,12,elaborar software estadístico,skill/competence,cross-sector,0.6508,http://data.europa.eu/esco/skill/bb165899-d95f-4433-95f2-173fefd716d2
UG,Universidad de Guayaquil,CIENCIA DE DATOS E INTELIGENCIA ARTIFICIAL,13,prever la demanda de productos,skill/competence,cross-sector,0.6492,http://data.europa.eu/esco/skill/68e73bf6-2838-4705-86f4-e4bda4ac8a6f
UG,Universidad de Guayaquil,CIENCIA DE DATOS E INTELIGENCIA ARTIFICIAL,14,"gestionar datos, información y contenido digitales",skill/competence,cross-sector,0.6446,http://data.europa.eu/esco/skill/4d97e3c3-f335-47cc-a4ee-0d779fd42222
UG,Universidad de Guayaquil,CIENCIA DE DATOS E INTELIGENCIA ARTIFICIAL,15,pronosticar niveles futuros de desarrollo empresarial,skill/competence,cross-sector,0.6445,http://data.europa.eu/esco/skill/ab167ae1-dfd8-4607-8dc4-d6d500622e1d
UG,Universidad de Guayaquil,CIENCIA DE DATOS E INTELIGENCIA ARTIFICIAL,16,asesorar sobre estrategias de mercado,skill/competence,cross-sector,0.6443,http://data.europa.eu/esco/skill/34d6ed30-5d35-44b9-9498-fd15badb5f28
UG,Universidad de Guayaquil,CIENCIA DE DATOS E INTELIGENCIA ARTIFICIAL,17,ingeniería de datos,knowledge,cross-sector,0.6442,http://data.europa.eu/esco/skill/48db96bf-3314-45c6-bad8-fdb6e20e5639
UG,Universidad de Guayaquil,CIENCIA DE DATOS E INTELIGENCIA ARTIFICIAL,18,estudiar a los usuarios de los sitios web,skill/competence,cross-sector,0.644,http://data.europa.eu/esco/skill/5e14de3d-d055-427e-9f5b-eb068f56b019
UG,Universidad de Guayaquil,CIENCIA DE DATOS E INTELIGENCIA ARTIFICIAL,19,realizar un análisis de datos,skill/competence,cross-sector,0.6436,http://data.europa.eu/esco/skill/2b92a5b2-6758-4ee3-9fb4-b6387a55cc8f
UG,Universidad de Guayaquil,CIENCIA DE DATOS E INTELIGENCIA ARTIFICIAL,20,utilizar técnicas de tratamiento de datos,skill/competence,cross-sector,0.6425,http://data.europa.eu/esco/skill/1b70a55d-b8a4-49fc-96c6-15ab4cff2522
UG,Universidad de Guayaquil,CIENCIA DE DATOS E INTELIGENCIA ARTIFICIAL,21,realizar investigaciones de laboratorio,skill/competence,cross-sector,0.6391,http://data.europa.eu/esco/skill/9e8863fc-e8de-4df1-9bc6-3d5dd85b8070
UG,Universidad de Guayaquil,CIENCIA DE DATOS E INTELIGENCIA ARTIFICIAL,22,gestionar datos cuantitativos,skill/competence,cross-sector,0.6389,http://data.europa.eu/esco/skill/57231a22-4da7-49c8-97b8-75672feadf1e
UG,Universidad de Guayaquil,CIENCIA DE DATOS E INTELIGENCIA ARTIFICIAL,23,tomar decisiones basadas en datos,skill/competence,cross-sector,0.6385,http://data.europa.eu/esco/skill/be20d05c-f6b4-4580-9fcf-f00f4baab562
UG,Universidad de Guayaquil,CIENCIA DE DATOS E INTELIGENCIA ARTIFICIAL,24,controlar las tendencias en tecnología,skill/competence,cross-sector,0.6385,http://data.europa.eu/esco/skill/7a17d7ce-01a2-4746-bbcc-22ffe22fa16e
UG,Universidad de Guayaquil,CIENCIA DE DATOS E INTELIGENCIA ARTIFICIAL,25,analizar datos científicos,skill/competence,cross-sector,0.6383,http://data.europa.eu/esco/skill/36ff57b0-637d-4a83-a0e8-d14f86f9f078
UG,Universidad de Guayaquil,COMPUTACIÓN,1,programación informática,knowledge,cross-sector,0.7188,http://data.europa.eu/esco/skill/21d2f96d-35f7-4e3f-9745-c533d2dd6e97
UG,Universidad de Guayaquil,COMPUTACIÓN,2,elaborar software estadístico,skill/competence,cross-sector,0.7154,http://data.europa.eu/esco/skill/bb165899-d95f-4433-95f2-173fefd716d2
UG,Universidad de Guayaquil,COMPUTACIÓN,3,gestionar proyectos de investigación y desarrollo,skill/competence,cross-sector,0.713,http://data.europa.eu/esco/skill/d5dbc342-8e39-4998-8237-ebbe05a381ce
UG,Universidad de Guayaquil,COMPUTACIÓN,4,diseñar sistemas de control,skill/competence,cross-sector,0.7087,http://data.europa.eu/esco/skill/d560df46-dda4-4407-bab2-b87353a96814
UG,Universidad de Guayaquil,COMPUTACIÓN,5,coordinar equipos de ingeniería,skill/competence,cross-sector,0.7067,http://data.europa.eu/esco/skill/7af6e9e8-1e11-4c0b-b7c6-ac96bbbbc674
UG,Universidad de Guayaquil,COMPUTACIÓN,6,desarrollar normas y procedimientos de fabricación,skill/competence,cross-sector,0.7016,http://data.europa.eu/esco/skill/764db027-9063-4468-acb3-c73ecfc76f35
UG,Universidad de Guayaquil,COMPUTACIÓN,7,resolver problemas de sistemas TIC,skill/competence,cross-sector,0.7013,http://data.europa.eu/esco/skill/9e06bac6-6b91-48ca-8b7d-c1f48cdecd7c
UG,Universidad de Guayaquil,COMPUTACIÓN,8,desarrollar procedimientos de prueba,skill/competence,cross-sector,0.6996,http://data.europa.eu/esco/skill/f10142ce-d522-49c3-9fd1-054fb63529d4
UG,Universidad de Guayaquil,COMPUTACIÓN,9,desarrollar procedimientos de prueba electrónica,skill/competence,cross-sector,0.6967,http://data.europa.eu/esco/skill/0de6bca4-f3aa-452a-8e10-d355b2c1bfc4
UG,Universidad de Guayaquil,COMPUTACIÓN,10,crear soluciones para problemas,skill/competence,cross-sector,0.6914,http://data.europa.eu/esco/skill/03b9b491-fc9b-4868-914a-bf7cd47b5041
UG,Universidad de Guayaquil,COMPUTACIÓN,11,crear una red profesional con investigadores y científicos,skill/competence,cross-sector,0.6913,http://data.europa.eu/esco/skill/cc61f9e5-d4fc-470e-8606-1ce865ff8386
UG,Universidad de Guayaquil,COMPUTACIÓN,12,gestionar datos de investigación,skill/competence,cross-sector,0.6905,http://data.europa.eu/esco/skill/08b04e53-ed25-41a2-9f90-0b9cd939ba3d
UG,Universidad de Guayaquil,COMPUTACIÓN,13,aplicar políticas organizativas del sistema,skill/competence,cross-sector,0.6895,http://data.europa.eu/esco/skill/07e47d58-dd0e-4302-9e68-70a188e89065
UG,Universidad de Guayaquil,COMPUTACIÓN,14,crear soluciones para problemas informativos,skill/competence,cross-sector,0.6893,http://data.europa.eu/esco/skill/4539aeca-b56f-4d03-ba86-8f675a7f2536
UG,Universidad de Guayaquil,COMPUTACIÓN,15,asesorar a la clientela acerca de las posibilidades técnicas,skill/competence,cross-sector,0.6886,http://data.europa.eu/esco/skill/7b3abd38-61ae-42a4-88bb-0884784f9ee1
UG,Universidad de Guayaquil,COMPUTACIÓN,16,proyecto,knowledge,cross-sector,0.6842,http://data.europa.eu/esco/skill/d1072655-88ce-4445-8803-e6273da273e7
UG,Universidad de Guayaquil,COMPUTACIÓN,17,gestionar sistemas de instrumentación,skill/competence,cross-sector,0.6835,http://data.europa.eu/esco/skill/5d71a91f-cc72-4b66-b6e3-d75ecc05e235
UG,Universidad de Guayaquil,COMPUTACIÓN,18,innovar las prácticas actuales,skill/competence,cross-sector,0.6826,http://data.europa.eu/esco/skill/f975091a-e5a5-4472-ac17-11680e53e98f
UG,Universidad de Guayaquil,COMPUTACIÓN,19,desarrollar políticas de la organización,skill/competence,cross-sector,0.6808,http://data.europa.eu/esco/skill/3254275d-a1b5-4640-9481-02f38780ac35
UG,Universidad de Guayaquil,COMPUTACIÓN,20,resolver problemas,skill/competence,transversal,0.6805,http://data.europa.eu/esco/skill/adc6dc11-3376-467b-96c5-9b0a21edc869
UG,Universidad de Guayaquil,COMPUTACIÓN,21,realizar gestión de clientes,skill/competence,cross-sector,0.6799,http://data.europa.eu/esco/skill/91306a20-9b81-4f3d-97eb-f5368b607da7
UG,Universidad de Guayaquil,COMPUTACIÓN,22,diseñar procesos,skill/competence,cross-sector,0.6798,http://data.europa.eu/esco/skill/2c28fc20-8a60-4311-8899-5ef8729c05b3
UG,Universidad de Guayaquil,COMPUTACIÓN,23,desarrollar normas de información,skill/competence,cross-sector,0.6797,http://data.europa.eu/esco/skill/1b3fc0e0-c6f9-45fc-9c6e-14bbba662979
UG,Universidad de Guayaquil,COMPUTACIÓN,24,detectar y corregir errores de las tecnologías de la información y de las comunicaciones,skill/competence,cross-sector,0.6797,http://data.europa.eu/esco/skill/744442ac-c157-4350-8be0-ce454df4f5c5
UG,Universidad de Guayaquil,COMPUTACIÓN,25,tener competencias informáticas,skill/competence,cross-sector,0.6797,http://data.europa.eu/esco/skill/d15ce60f-ddab-41ce-ba56-398451b77b60
UG,Universidad de Guayaquil,ECONOMÍA,1,elaborar políticas de economía,skill/competence,cross-sector,0.7678,http://data.europa.eu/esco/skill/8394fefb-f62a-48c0-a156-3117cefdb9b3
UG,Universidad de Guayaquil,ECONOMÍA,2,realizar un análisis empresarial,skill/competence,cross-sector,0.7333,http://data.europa.eu/esco/skill/27ed854c-15b8-4ba2-90e9-ae888a219703
UG,Universidad de Guayaquil,ECONOMÍA,3,analizar los factores externos a una empresa,skill/competence,cross-sector,0.7207,http://data.europa.eu/esco/skill/ce5b1446-b5e3-4f05-a5ac-83f2ee142a44
UG,Universidad de Guayaquil,ECONOMÍA,4,asesorar sobre el desarrollo económico,skill/competence,cross-sector,0.718,http://data.europa.eu/esco/skill/384ed14c-bf1f-4a65-aef6-6e711f43c4ce
UG,Universidad de Guayaquil,ECONOMÍA,5,analizar las tendencias económicas,skill/competence,cross-sector,0.7161,http://data.europa.eu/esco/skill/5f302d63-048e-451c-b150-97c124a5a26b
UG,Universidad de Guayaquil,ECONOMÍA,6,realizar estudios de mercado,skill/competence,cross-sector,0.7117,http://data.europa.eu/esco/skill/fe39d4db-4cb5-4299-bb9f-896c8fd6ab13
UG,Universidad de Guayaquil,ECONOMÍA,7,asesorar sobre estrategias de mercado,skill/competence,cross-sector,0.7085,http://data.europa.eu/esco/skill/34d6ed30-5d35-44b9-9498-fd15badb5f28
UG,Universidad de Guayaquil,ECONOMÍA,8,elaborar software estadístico,skill/competence,cross-sector,0.7038,http://data.europa.eu/esco/skill/bb165899-d95f-4433-95f2-173fefd716d2
UG,Universidad de Guayaquil,ECONOMÍA,9,predecir tendencias económicas,skill/competence,cross-sector,0.6993,http://data.europa.eu/esco/skill/f2a34d6b-131a-4b8f-a110-898b9c91d18f
UG,Universidad de Guayaquil,ECONOMÍA,10,"llevar a cabo análisis de factores políticos, económicos, sociales, tecnológicos, ambientales y jurídicos",skill/competence,cross-sector,0.6958,http://data.europa.eu/esco/skill/9979e727-3104-42e0-8f41-4af2578111ea
UG,Universidad de Guayaquil,ECONOMÍA,11,analizar tendencias en el mercado financiero,skill/competence,cross-sector,0.694,http://data.europa.eu/esco/skill/292549e6-08ec-456c-b008-eba7a0a68428
UG,Universidad de Guayaquil,ECONOMÍA,12,tener en cuenta los criterios económicos en la toma de decisiones,skill/competence,cross-sector,0.693,http://data.europa.eu/esco/skill/d41262ae-eca1-4ede-89a8-46d2d99a7a31
UG,Universidad de Guayaquil,ECONOMÍA,13,análisis empresarial,knowledge,cross-sector,0.6926,http://data.europa.eu/esco/skill/633a3637-2c6b-40ae-ac38-289eb2a62aa6
UG,Universidad de Guayaquil,ECONOMÍA,14,realizar un análisis de las necesidades de los clientes,skill/competence,cross-sector,0.6922,http://data.europa.eu/esco/skill/31c83903-8fc8-4bd8-9ca4-7a98a9c31eae
UG,Universidad de Guayaquil,ECONOMÍA,15,elaborar las estrategias empresariales,skill/competence,cross-sector,0.6898,http://data.europa.eu/esco/skill/ba2c6181-b036-40b4-8f6d-51499463ccbb
UG,Universidad de Guayaquil,ECONOMÍA,16,analizar datos,skill/competence,cross-sector,0.6835,http://data.europa.eu/esco/skill/a571ae14-3e16-4fd3-a615-5646e0b0b696
UG,Universidad de Guayaquil,ECONOMÍA,17,examinar el cumplimiento de las políticas públicas,skill/competence,cross-sector,0.6807,http://data.europa.eu/esco/skill/5aa90e70-f661-4c2d-aaa2-70ac38c1ace9
UG,Universidad de Guayaquil,ECONOMÍA,18,desarrollar políticas de la organización,skill/competence,cross-sector,0.6802,http://data.europa.eu/esco/skill/3254275d-a1b5-4640-9481-02f38780ac35
UG,Universidad de Guayaquil,ECONOMÍA,19,economía,knowledge,cross-sector,0.6794,http://data.europa.eu/esco/skill/88af9294-b697-4687-ae19-aefbb6234dfa
UG,Universidad de Guayaquil,ECONOMÍA,20,extraer las conclusiones de los resultados de un estudio de mercado,skill/competence,cross-sector,0.6788,http://data.europa.eu/esco/skill/46cb7282-7fb0-4d3c-b6b8-bfe81fab077e
UG,Universidad de Guayaquil,ECONOMÍA,21,analizar las tendencias del mercado de la energía,skill/competence,cross-sector,0.6784,http://data.europa.eu/esco/skill/28878fd9-9a17-452a-b3b8-5db5c63d7905
UG,Universidad de Guayaquil,ECONOMÍA,22,analizar actos criminales,skill/competence,cross-sector,0.6746,http://data.europa.eu/esco/skill/62736ac3-37f1-428a-8a14-1788f106a3fc
UG,Universidad de Guayaquil,ECONOMÍA,23,controlar el mercado de valores,skill/competence,cross-sector,0.6737,http://data.europa.eu/esco/skill/b078d38c-7dd4-4efc-b333-7633d8bf6259
UG,Universidad de Guayaquil,ECONOMÍA,24,analizar procesos empresariales,skill/competence,cross-sector,0.6733,http://data.europa.eu/esco/skill/56042303-972b-41be-9310-58467599ff7e
UG,Universidad de Guayaquil,ECONOMÍA,25,asesorar a los legisladores,skill/competence,cross-sector,0.6714,http://data.europa.eu/esco/skill/27a87847-f6cc-4e49-af0b-3d17da351af6
UG,Universidad de Guayaquil,INGENIERÍA CIVIL,1,supervisar un proyecto de construcción,skill/competence,cross-sector,0.764,http://data.europa.eu/esco/skill/1de548e0-9535-4d2e-9d20-d4474c1ea813
UG,Universidad de Guayaquil,INGENIERÍA CIVIL,2,garantizar el cumplimiento de los plazos de construcción,skill/competence,cross-sector,0.7528,http://data.europa.eu/esco/skill/6181f475-110c-497c-a46d-ed2e14e7bc90
UG,Universidad de Guayaquil,INGENIERÍA CIVIL,3,vigilar el cumplimiento de los parámetros de los proyectos de construcción,skill/competence,cross-sector,0.751,http://data.europa.eu/esco/skill/3dd3dfa7-51c0-40ef-af46-e2df300489f6
UG,Universidad de Guayaquil,INGENIERÍA CIVIL,4,asesorar sobre temas de construcción,skill/competence,cross-sector,0.7423,http://data.europa.eu/esco/skill/3b64ab47-a874-403a-b781-7b23c2fc3c6c
UG,Universidad de Guayaquil,INGENIERÍA CIVIL,5,revisar proyectos de construcción,skill/competence,cross-sector,0.7332,http://data.europa.eu/esco/skill/ea9fc9d9-c602-4430-a7fc-edac7429a6a8
UG,Universidad de Guayaquil,INGENIERÍA CIVIL,6,examinar las infraestructuras civiles,skill/competence,cross-sector,0.7231,http://data.europa.eu/esco/skill/d48b3cfe-80b6-406f-b582-d959b60417f8
UG,Universidad de Guayaquil,INGENIERÍA CIVIL,7,supervisar obras de construcción,skill/competence,cross-sector,0.717,http://data.europa.eu/esco/skill/fc1a75bb-70e3-4005-881f-7709bf7b0ed4
UG,Universidad de Guayaquil,INGENIERÍA CIVIL,8,coordinar equipos de ingeniería,skill/competence,cross-sector,0.714,http://data.europa.eu/esco/skill/7af6e9e8-1e11-4c0b-b7c6-ac96bbbbc674
UG,Universidad de Guayaquil,INGENIERÍA CIVIL,9,gestionar proyectos de ingeniería,skill/competence,cross-sector,0.7125,http://data.europa.eu/esco/skill/6a899482-8bcf-40ca-ae67-579a1cc467ab
UG,Universidad de Guayaquil,INGENIERÍA CIVIL,10,coordinar actividades de construcción,skill/competence,cross-sector,0.7064,http://data.europa.eu/esco/skill/fff5bc45-b506-4466-8977-4869079c1cb2
UG,Universidad de Guayaquil,INGENIERÍA CIVIL,11,diseñar edificios,skill/competence,cross-sector,0.7064,http://data.europa.eu/esco/skill/7c3cde53-9ff7-4e82-8396-13fdfadd3432
UG,Universidad de Guayaquil,INGENIERÍA CIVIL,12,cumplir la normativa de construcción,skill/competence,cross-sector,0.7026,http://data.europa.eu/esco/skill/4ccf7d02-764c-4129-a1df-fa1dd2e12647
UG,Universidad de Guayaquil,INGENIERÍA CIVIL,13,diseñar sistemas de transporte,skill/competence,cross-sector,0.6974,http://data.europa.eu/esco/skill/11f364dd-0814-4398-b00e-10d1be8b27af
UG,Universidad de Guayaquil,INGENIERÍA CIVIL,14,gestionar la instalación de estructuras para eventos,skill/competence,cross-sector,0.6948,http://data.europa.eu/esco/skill/0e503b48-5491-4529-879e-b112251f8d50
UG,Universidad de Guayaquil,INGENIERÍA CIVIL,15,preparar documentos relativos al proyecto de construcción,skill/competence,cross-sector,0.6946,http://data.europa.eu/esco/skill/80274731-15ce-490a-8d5b-f55a36b976b0
UG,Universidad de Guayaquil,INGENIERÍA CIVIL,16,someter a auditorías a los contratistas,skill/competence,cross-sector,0.6918,http://data.europa.eu/esco/skill/0520d8ba-3c24-4f75-a8b0-f883ddeed82d
UG,Universidad de Guayaquil,INGENIERÍA CIVIL,17,ingeniería civil,knowledge,cross-sector,0.6874,http://data.europa.eu/esco/skill/82887396-e5bf-4306-af51-3fe8d82790b2
UG,Universidad de Guayaquil,INGENIERÍA CIVIL,18,gestionar los programas públicos,skill/competence,cross-sector,0.6869,http://data.europa.eu/esco/skill/0761f325-13e7-49f4-a41a-ec64ba4e7b9d
UG,Universidad de Guayaquil,INGENIERÍA CIVIL,19,gestionar contratos,skill/competence,cross-sector,0.6866,http://data.europa.eu/esco/skill/92721092-fe7c-4689-96bd-4f02385bc0e7
UG,Universidad de Guayaquil,INGENIERÍA CIVIL,20,supervisar el funcionamiento de los equipos,skill/competence,cross-sector,0.6839,http://data.europa.eu/esco/skill/ca17f0df-59e4-4ed2-9360-fc5325bc7151
UG,Universidad de Guayaquil,INGENIERÍA CIVIL,21,supervisar proyectos inmobiliarios,skill/competence,cross-sector,0.6802,http://data.europa.eu/esco/skill/763e3863-d4c8-471a-9357-860580a95529
UG,Universidad de Guayaquil,INGENIERÍA CIVIL,22,llevar a cabo las actividades de un proyecto,skill/competence,cross-sector,0.6786,http://data.europa.eu/esco/skill/1fcce318-3212-487a-ac07-4941bc85060d
UG,Universidad de Guayaquil,INGENIERÍA CIVIL,23,gestionar varios proyectos,skill/competence,cross-sector,0.6779,http://data.europa.eu/esco/skill/c881ddd2-9c0e-4743-bd24-36be650493dd
UG,Universidad de Guayaquil,INGENIERÍA CIVIL,24,supervisar vehículos que transportan mercancías peligrosas,skill/competence,cross-sector,0.6774,http://data.europa.eu/esco/skill/61484ab7-e5da-4fc1-82bd-72c3fa6ffab3
UG,Universidad de Guayaquil,INGENIERÍA CIVIL,25,comprobar la conformidad de la construcción respecto de la normativa vigente,skill/competence,cross-sector,0.6752,http://data.europa.eu/esco/skill/1b71f0d0-8e57-44dc-aaa0-3ee6fbb59991
UG,Universidad de Guayaquil,INGENIERÍA QUÍMICA,1,fabricar productos químicos,skill/competence,cross-sector,0.7691,http://data.europa.eu/esco/skill/4309a39d-af97-4e56-8d0e-5351b7b8dd01
UG,Universidad de Guayaquil,INGENIERÍA QUÍMICA,2,mejorar procesos químicos,skill/competence,cross-sector,0.7648,http://data.europa.eu/esco/skill/451c8010-7dbb-4f96-b4d4-0955766d9eff
UG,Universidad de Guayaquil,INGENIERÍA QUÍMICA,3,gestionar procedimientos de ensayos de sustancias químicas,skill/competence,cross-sector,0.7512,http://data.europa.eu/esco/skill/abcfd4de-3b3d-48ed-a002-36071bad8d46
UG,Universidad de Guayaquil,INGENIERÍA QUÍMICA,4,inspeccionar la calidad de los productos,skill/competence,cross-sector,0.7509,http://data.europa.eu/esco/skill/1a3660c2-011c-4e96-9b1d-529afc305428
UG,Universidad de Guayaquil,INGENIERÍA QUÍMICA,5,manipular productos químicos,skill/competence,cross-sector,0.7414,http://data.europa.eu/esco/skill/2416dc09-6384-409e-8b1d-80bb7a2e7369
UG,Universidad de Guayaquil,INGENIERÍA QUÍMICA,6,realizar todas las actividades de ingeniería de procesos,skill/competence,cross-sector,0.7412,http://data.europa.eu/esco/skill/8b9d609a-6d62-4d5c-9133-01d41979cfac
UG,Universidad de Guayaquil,INGENIERÍA QUÍMICA,7,desarrollar procedimientos de ensayo de materiales,skill/competence,cross-sector,0.7397,http://data.europa.eu/esco/skill/658b6ea0-79f5-451d-a037-7593a4416c85
UG,Universidad de Guayaquil,INGENIERÍA QUÍMICA,8,elaborar fórmulas de fabricación,skill/competence,cross-sector,0.7378,http://data.europa.eu/esco/skill/b2ad4e50-cb82-4a34-ab3e-5b5f6c4f9b65
UG,Universidad de Guayaquil,INGENIERÍA QUÍMICA,9,desarrollar normas y procedimientos de fabricación,skill/competence,cross-sector,0.7374,http://data.europa.eu/esco/skill/764db027-9063-4468-acb3-c73ecfc76f35
UG,Universidad de Guayaquil,INGENIERÍA QUÍMICA,10,gestionar el impacto medioambiental de las operaciones,skill/competence,cross-sector,0.7276,http://data.europa.eu/esco/skill/d86babea-bf8b-4552-81a8-daf706066ad6
UG,Universidad de Guayaquil,INGENIERÍA QUÍMICA,11,controlar la producción,skill/competence,cross-sector,0.7259,http://data.europa.eu/esco/skill/feceacee-d425-4e73-821a-02dfb85084db
UG,Universidad de Guayaquil,INGENIERÍA QUÍMICA,12,gestionar experimentos a gran escala para la fabricación de alimentos,skill/competence,cross-sector,0.7238,http://data.europa.eu/esco/skill/950c1106-4ea1-4fb7-a115-5dd5adcc1ea4
UG,Universidad de Guayaquil,INGENIERÍA QUÍMICA,13,diseñar sistemas de fabricación farmacéutica,skill/competence,cross-sector,0.7223,http://data.europa.eu/esco/skill/1c8327dd-9af0-4124-9c4e-0342d90189d4
UG,Universidad de Guayaquil,INGENIERÍA QUÍMICA,14,gestionar empresas de producción,skill/competence,cross-sector,0.7223,http://data.europa.eu/esco/skill/435d1751-8667-41ec-8b32-865b7cd3c684
UG,Universidad de Guayaquil,INGENIERÍA QUÍMICA,15,impartir formación sobre cómo supervisar la gestión de la calidad,skill/competence,cross-sector,0.7223,http://data.europa.eu/esco/skill/09e7cd13-ea36-4694-afe5-f34373759392
UG,Universidad de Guayaquil,INGENIERÍA QUÍMICA,16,trabajar con sustancias químicas,skill/competence,cross-sector,0.7205,http://data.europa.eu/esco/skill/929a997b-d56c-4383-b36d-6de9fa0e1721
UG,Universidad de Guayaquil,INGENIERÍA QUÍMICA,17,ingeniería industrial,knowledge,cross-sector,0.7201,http://data.europa.eu/esco/skill/a1816dfd-dbdc-4499-bef3-ff81dd895b33
UG,Universidad de Guayaquil,INGENIERÍA QUÍMICA,18,coordinar las actividades de producción,skill/competence,cross-sector,0.7148,http://data.europa.eu/esco/skill/05c00631-b864-4842-b47e-06710c197c7a
UG,Universidad de Guayaquil,INGENIERÍA QUÍMICA,19,coordinar equipos de ingeniería,skill/competence,cross-sector,0.7143,http://data.europa.eu/esco/skill/7af6e9e8-1e11-4c0b-b7c6-ac96bbbbc674
UG,Universidad de Guayaquil,INGENIERÍA QUÍMICA,20,realizar el control de procesos en la industria de prendas de vestir,skill/competence,cross-sector,0.714,http://data.europa.eu/esco/skill/58c080f9-71d5-429d-9476-bc9e742d460c
UG,Universidad de Guayaquil,INGENIERÍA QUÍMICA,21,gestionar los ensayos de productos,skill/competence,cross-sector,0.7128,http://data.europa.eu/esco/skill/b7a03115-41c9-4167-a0b6-7e40cf0fd607
UG,Universidad de Guayaquil,INGENIERÍA QUÍMICA,22,ingeniería ambiental,knowledge,cross-sector,0.7125,http://data.europa.eu/esco/skill/b1b118c4-3291-484e-b64d-6d51fd5da8b3
UG,Universidad de Guayaquil,INGENIERÍA QUÍMICA,23,supervisar la producción de la fábrica,skill/competence,cross-sector,0.7098,http://data.europa.eu/esco/skill/c09dce1b-e198-487e-b63f-934e10a4c181
UG,Universidad de Guayaquil,INGENIERÍA QUÍMICA,24,programar controles de equipos,skill/competence,cross-sector,0.7096,http://data.europa.eu/esco/skill/5fc0d7d8-bb81-4c1e-b420-e0f1ef8c2743
UG,Universidad de Guayaquil,INGENIERÍA QUÍMICA,25,prestar asistencia en investigaciones científicas,skill/competence,cross-sector,0.7091,http://data.europa.eu/esco/skill/d6179c4b-ff5a-4bbb-a3c8-e0acf0de1f56
UG,Universidad de Guayaquil,INGENIERÍA INDUSTRIAL,1,gestionar los suministros,skill/competence,cross-sector,0.8171,http://data.europa.eu/esco/skill/020b3c27-bae1-4b85-9d6f-eccee0f5ed99
UG,Universidad de Guayaquil,INGENIERÍA INDUSTRIAL,2,gestionar empresas de producción,skill/competence,cross-sector,0.816,http://data.europa.eu/esco/skill/435d1751-8667-41ec-8b32-865b7cd3c684
UG,Universidad de Guayaquil,INGENIERÍA INDUSTRIAL,3,controlar la producción,skill/competence,cross-sector,0.8,http://data.europa.eu/esco/skill/feceacee-d425-4e73-821a-02dfb85084db
UG,Universidad de Guayaquil,INGENIERÍA INDUSTRIAL,4,gestionar la logística,skill/competence,cross-sector,0.7964,http://data.europa.eu/esco/skill/953c0b65-537a-42fe-a90b-26cd36c64361
UG,Universidad de Guayaquil,INGENIERÍA INDUSTRIAL,5,analizar estrategias de gestión de la cadena de suministro,skill/competence,cross-sector,0.7929,http://data.europa.eu/esco/skill/96d549bb-3e62-4c45-92a7-f114df089581
UG,Universidad de Guayaquil,INGENIERÍA INDUSTRIAL,6,integrar productos nuevos en la cadena de fabricación,skill/competence,cross-sector,0.7813,http://data.europa.eu/esco/skill/8a753714-9a19-4418-9b37-77e79d72c705
UG,Universidad de Guayaquil,INGENIERÍA INDUSTRIAL,7,coordinar las actividades de producción,skill/competence,cross-sector,0.7749,http://data.europa.eu/esco/skill/05c00631-b864-4842-b47e-06710c197c7a
UG,Universidad de Guayaquil,INGENIERÍA INDUSTRIAL,8,gestionar la calidad,skill/competence,transversal,0.7726,http://data.europa.eu/esco/skill/35ebe444-9ece-4fbc-a55d-e99ea37267ae
UG,Universidad de Guayaquil,INGENIERÍA INDUSTRIAL,9,inspeccionar la calidad de los productos,skill/competence,cross-sector,0.7693,http://data.europa.eu/esco/skill/1a3660c2-011c-4e96-9b1d-529afc305428
UG,Universidad de Guayaquil,INGENIERÍA INDUSTRIAL,10,desarrollar normas y procedimientos de fabricación,skill/competence,cross-sector,0.7675,http://data.europa.eu/esco/skill/764db027-9063-4468-acb3-c73ecfc76f35
UG,Universidad de Guayaquil,INGENIERÍA INDUSTRIAL,11,impartir formación sobre cómo supervisar la gestión de la calidad,skill/competence,cross-sector,0.7658,http://data.europa.eu/esco/skill/09e7cd13-ea36-4694-afe5-f34373759392
UG,Universidad de Guayaquil,INGENIERÍA INDUSTRIAL,12,verificar las exigencias de fabricación,skill/competence,cross-sector,0.7651,http://data.europa.eu/esco/skill/277f489c-7a47-4791-bd87-61ca01737f96
UG,Universidad de Guayaquil,INGENIERÍA INDUSTRIAL,13,realizar el control de procesos en la industria de prendas de vestir,skill/competence,cross-sector,0.7643,http://data.europa.eu/esco/skill/58c080f9-71d5-429d-9476-bc9e742d460c
UG,Universidad de Guayaquil,INGENIERÍA INDUSTRIAL,14,supervisar la producción de la fábrica,skill/competence,cross-sector,0.761,http://data.europa.eu/esco/skill/c09dce1b-e198-487e-b63f-934e10a4c181
UG,Universidad de Guayaquil,INGENIERÍA INDUSTRIAL,15,programar la producción,skill/competence,cross-sector,0.7597,http://data.europa.eu/esco/skill/2a778aeb-f246-4f03-9a96-c60183001037
UG,Universidad de Guayaquil,INGENIERÍA INDUSTRIAL,16,planificar procesos de fabricación,skill/competence,cross-sector,0.7581,http://data.europa.eu/esco/skill/7d0f33ea-e724-4d77-8b75-ee4fe66bb9ba
UG,Universidad de Guayaquil,INGENIERÍA INDUSTRIAL,17,supervisar el control de calidad,skill/competence,cross-sector,0.757,http://data.europa.eu/esco/skill/5d34adde-0b78-42b4-9d3d-69e9388d8398
UG,Universidad de Guayaquil,INGENIERÍA INDUSTRIAL,18,planificar la gestión de productos,skill/competence,cross-sector,0.7565,http://data.europa.eu/esco/skill/29fb886c-6be0-4e93-9ea1-232881f2092a
UG,Universidad de Guayaquil,INGENIERÍA INDUSTRIAL,19,gestión de la cadena de suministro,knowledge,cross-sector,0.7532,http://data.europa.eu/esco/skill/f929c89e-c363-4132-a918-e021d57b307c
UG,Universidad de Guayaquil,INGENIERÍA INDUSTRIAL,20,gestionar recursos empresariales,skill/competence,cross-sector,0.7476,http://data.europa.eu/esco/skill/911e13ee-1eec-4243-88c8-3c08a3681a19
UG,Universidad de Guayaquil,INGENIERÍA INDUSTRIAL,21,gestionar la producción de calzado y de artículos de piel y cuero,skill/competence,cross-sector,0.7463,http://data.europa.eu/esco/skill/7e71fbcf-ebf8-4164-829b-e16b68aa9432
UG,Universidad de Guayaquil,INGENIERÍA INDUSTRIAL,22,establecer directrices de fabricación,skill/competence,cross-sector,0.7463,http://data.europa.eu/esco/skill/37520413-563e-4d99-a14c-1c6dca3cf833
UG,Universidad de Guayaquil,INGENIERÍA INDUSTRIAL,23,analizar procesos de producción para introducir mejoras,skill/competence,cross-sector,0.7457,http://data.europa.eu/esco/skill/f1b5800e-b763-4740-9586-3fef30568e81
UG,Universidad de Guayaquil,INGENIERÍA INDUSTRIAL,24,controlar desarrollos de producción,skill/competence,cross-sector,0.7417,http://data.europa.eu/esco/skill/9148c1e4-beae-433c-bd72-e4a009440744
UG,Universidad de Guayaquil,INGENIERÍA INDUSTRIAL,25,controlar el cumplimiento de normas de calidad de fabricación,skill/competence,cross-sector,0.7403,http://data.europa.eu/esco/skill/3edfcb2b-2d0e-4673-87ce-f55c37eb5fca
UG,Universidad de Guayaquil,MECÁNICA,1,diseñar componentes de automatización,skill/competence,cross-sector,0.7538,http://data.europa.eu/esco/skill/f96f5aa5-6ed7-40dc-a431-68b0a09d6d4b
UG,Universidad de Guayaquil,MECÁNICA,2,ingeniería industrial,knowledge,cross-sector,0.7497,http://data.europa.eu/esco/skill/a1816dfd-dbdc-4499-bef3-ff81dd895b33
UG,Universidad de Guayaquil,MECÁNICA,3,desarrollar normas y procedimientos de fabricación,skill/competence,cross-sector,0.7456,http://data.europa.eu/esco/skill/764db027-9063-4468-acb3-c73ecfc76f35
UG,Universidad de Guayaquil,MECÁNICA,4,sistemas mecánicos,knowledge,cross-sector,0.7382,http://data.europa.eu/esco/skill/69bece91-c806-42ad-bde4-db28c7f8fc4b
UG,Universidad de Guayaquil,MECÁNICA,5,diseñar componentes de ingeniería,skill/competence,cross-sector,0.737,http://data.europa.eu/esco/skill/87434439-c07d-48be-af34-b0cdd03121c4
UG,Universidad de Guayaquil,MECÁNICA,6,diseñar sistemas de control,skill/competence,cross-sector,0.7357,http://data.europa.eu/esco/skill/d560df46-dda4-4407-bab2-b87353a96814
UG,Universidad de Guayaquil,MECÁNICA,7,electromecánica,knowledge,cross-sector,0.7346,http://data.europa.eu/esco/skill/2bbdea06-a265-42b5-bb4f-7241b661f069
UG,Universidad de Guayaquil,MECÁNICA,8,gestionar sistemas de instrumentación,skill/competence,cross-sector,0.7327,http://data.europa.eu/esco/skill/5d71a91f-cc72-4b66-b6e3-d75ecc05e235
UG,Universidad de Guayaquil,MECÁNICA,9,proporcionar experiencia técnica,skill/competence,cross-sector,0.7288,http://data.europa.eu/esco/skill/c69587b4-05d3-45bb-b79b-9b85e6603fc2
UG,Universidad de Guayaquil,MECÁNICA,10,ingeniería ambiental,knowledge,cross-sector,0.7271,http://data.europa.eu/esco/skill/b1b118c4-3291-484e-b64d-6d51fd5da8b3
UG,Universidad de Guayaquil,MECÁNICA,11,realizar todas las actividades de ingeniería de procesos,skill/competence,cross-sector,0.7267,http://data.europa.eu/esco/skill/8b9d609a-6d62-4d5c-9133-01d41979cfac
UG,Universidad de Guayaquil,MECÁNICA,12,mecatrónica,knowledge,cross-sector,0.7252,http://data.europa.eu/esco/skill/d88cb3f1-8e02-4618-bf32-4b0488066934
UG,Universidad de Guayaquil,MECÁNICA,13,gestionar el impacto medioambiental de las operaciones,skill/competence,cross-sector,0.7204,http://data.europa.eu/esco/skill/d86babea-bf8b-4552-81a8-daf706066ad6
UG,Universidad de Guayaquil,MECÁNICA,14,mecánica,knowledge,cross-sector,0.7191,http://data.europa.eu/esco/skill/efa141df-f382-418f-9121-bd88fd735669
UG,Universidad de Guayaquil,MECÁNICA,15,desarrollar sistemas de instrumentación,skill/competence,cross-sector,0.7189,http://data.europa.eu/esco/skill/d8c19849-f4cf-458d-90cd-abe735a729bf
UG,Universidad de Guayaquil,MECÁNICA,16,gestionar proyectos de ingeniería,skill/competence,cross-sector,0.7188,http://data.europa.eu/esco/skill/6a899482-8bcf-40ca-ae67-579a1cc467ab
UG,Universidad de Guayaquil,MECÁNICA,17,desarrollar procedimientos de ensayo de materiales,skill/competence,cross-sector,0.7187,http://data.europa.eu/esco/skill/658b6ea0-79f5-451d-a037-7593a4416c85
UG,Universidad de Guayaquil,MECÁNICA,18,escribir manuales,skill/competence,cross-sector,0.7131,http://data.europa.eu/esco/skill/cbd9cd0f-6c22-4bbc-8af2-dc9c7f5efcb5
UG,Universidad de Guayaquil,MECÁNICA,19,coordinar equipos de ingeniería,skill/competence,cross-sector,0.7106,http://data.europa.eu/esco/skill/7af6e9e8-1e11-4c0b-b7c6-ac96bbbbc674
UG,Universidad de Guayaquil,MECÁNICA,20,montar equipos de instrumentación,skill/competence,cross-sector,0.71,http://data.europa.eu/esco/skill/af0b1937-7538-434f-871b-7e8f72e04117
UG,Universidad de Guayaquil,MECÁNICA,21,herramientas mecánicas,knowledge,cross-sector,0.7086,http://data.europa.eu/esco/skill/44297bbb-306a-46fa-ab1b-fa3fb327ebda
UG,Universidad de Guayaquil,MECÁNICA,22,establecer directrices de fabricación,skill/competence,cross-sector,0.7074,http://data.europa.eu/esco/skill/37520413-563e-4d99-a14c-1c6dca3cf833
UG,Universidad de Guayaquil,MECÁNICA,23,"aplicar conocimientos científicos, tecnológicos y de ingeniería",skill/competence,transversal,0.7072,http://data.europa.eu/esco/skill/5c3ab99d-a3f1-4620-9602-d12d2151a03d
UG,Universidad de Guayaquil,MECÁNICA,24,principios de ingeniería mecánica,knowledge,cross-sector,0.7056,http://data.europa.eu/esco/skill/54804209-6aac-4ca4-bf3c-aef4fbe18f8c
UG,Universidad de Guayaquil,MECÁNICA,25,ingeniería de seguridad,knowledge,cross-sector,0.7031,http://data.europa.eu/esco/skill/47d491a9-f7c0-4b13-a10f-983d3aa0113e
UG,Universidad de Guayaquil,SISTEMAS DE INFORMACIÓN,1,"gestionar datos, información y contenido digitales",skill/competence,cross-sector,0.7518,http://data.europa.eu/esco/skill/4d97e3c3-f335-47cc-a4ee-0d779fd42222
UG,Universidad de Guayaquil,SISTEMAS DE INFORMACIÓN,2,resolver problemas de sistemas TIC,skill/competence,cross-sector,0.7375,http://data.europa.eu/esco/skill/9e06bac6-6b91-48ca-8b7d-c1f48cdecd7c
UG,Universidad de Guayaquil,SISTEMAS DE INFORMACIÓN,3,crear soluciones para problemas informativos,skill/competence,cross-sector,0.7335,http://data.europa.eu/esco/skill/4539aeca-b56f-4d03-ba86-8f675a7f2536
UG,Universidad de Guayaquil,SISTEMAS DE INFORMACIÓN,4,gestionar sistemas de instrumentación,skill/competence,cross-sector,0.7312,http://data.europa.eu/esco/skill/5d71a91f-cc72-4b66-b6e3-d75ecc05e235
UG,Universidad de Guayaquil,SISTEMAS DE INFORMACIÓN,5,realizar gestión de clientes,skill/competence,cross-sector,0.7305,http://data.europa.eu/esco/skill/91306a20-9b81-4f3d-97eb-f5368b607da7
UG,Universidad de Guayaquil,SISTEMAS DE INFORMACIÓN,6,detectar necesidades tecnológicas,skill/competence,cross-sector,0.728,http://data.europa.eu/esco/skill/42fcf80d-7b45-40f3-bd2f-5411c4c0dfa0
UG,Universidad de Guayaquil,SISTEMAS DE INFORMACIÓN,7,asesorar a la clientela acerca de las posibilidades técnicas,skill/competence,cross-sector,0.7248,http://data.europa.eu/esco/skill/7b3abd38-61ae-42a4-88bb-0884784f9ee1
UG,Universidad de Guayaquil,SISTEMAS DE INFORMACIÓN,8,gestionar sistemas administrativos,skill/competence,cross-sector,0.724,http://data.europa.eu/esco/skill/6ae8306a-4f9d-4410-ac82-6406f3cbd16a
UG,Universidad de Guayaquil,SISTEMAS DE INFORMACIÓN,9,gestionar datos de investigación,skill/competence,cross-sector,0.7204,http://data.europa.eu/esco/skill/08b04e53-ed25-41a2-9f90-0b9cd939ba3d
UG,Universidad de Guayaquil,SISTEMAS DE INFORMACIÓN,10,gestionar proyectos de investigación y desarrollo,skill/competence,cross-sector,0.7178,http://data.europa.eu/esco/skill/d5dbc342-8e39-4998-8237-ebbe05a381ce
UG,Universidad de Guayaquil,SISTEMAS DE INFORMACIÓN,11,gestionar varios proyectos,skill/competence,cross-sector,0.7149,http://data.europa.eu/esco/skill/c881ddd2-9c0e-4743-bd24-36be650493dd
UG,Universidad de Guayaquil,SISTEMAS DE INFORMACIÓN,12,desarrollar normas de información,skill/competence,cross-sector,0.7148,http://data.europa.eu/esco/skill/1b3fc0e0-c6f9-45fc-9c6e-14bbba662979
UG,Universidad de Guayaquil,SISTEMAS DE INFORMACIÓN,13,crear soluciones para problemas,skill/competence,cross-sector,0.7137,http://data.europa.eu/esco/skill/03b9b491-fc9b-4868-914a-bf7cd47b5041
UG,Universidad de Guayaquil,SISTEMAS DE INFORMACIÓN,14,Proponer soluciones tecnológicas a problemas empresariales,skill/competence,cross-sector,0.7131,http://data.europa.eu/esco/skill/07e51c60-763a-4335-b4ec-70a15f66d328
UG,Universidad de Guayaquil,SISTEMAS DE INFORMACIÓN,15,proporcionar soporte de TIC,skill/competence,cross-sector,0.7124,http://data.europa.eu/esco/skill/c2296e2e-5fef-4f24-a24f-e5b3792268be
UG,Universidad de Guayaquil,SISTEMAS DE INFORMACIÓN,16,"utilizar tecnologías digitales para compartir datos, información y contenido digitales",skill/competence,cross-sector,0.712,http://data.europa.eu/esco/skill/40001d93-8937-4859-89d5-2dca53290ff4
UG,Universidad de Guayaquil,SISTEMAS DE INFORMACIÓN,17,administrar una página web,skill/competence,cross-sector,0.7113,http://data.europa.eu/esco/skill/d04ee340-5378-4601-8181-19da6d5cbfe0
UG,Universidad de Guayaquil,SISTEMAS DE INFORMACIÓN,18,gestionar información en asistencia sanitaria,skill/competence,cross-sector,0.7109,http://data.europa.eu/esco/skill/6c3e28d6-e3cc-4b25-a5da-a0dce043cf17
UG,Universidad de Guayaquil,SISTEMAS DE INFORMACIÓN,19,desarrollar políticas de la organización,skill/competence,cross-sector,0.7104,http://data.europa.eu/esco/skill/3254275d-a1b5-4640-9481-02f38780ac35
UG,Universidad de Guayaquil,SISTEMAS DE INFORMACIÓN,20,gestionar publicaciones abiertas,skill/competence,cross-sector,0.7098,http://data.europa.eu/esco/skill/da930e2f-6047-4616-a598-bba8ecef3039
UG,Universidad de Guayaquil,SISTEMAS DE INFORMACIÓN,21,gestionar procesos de flujo de trabajo,skill/competence,cross-sector,0.7094,http://data.europa.eu/esco/skill/7add3681-17b6-4027-8a9d-ee92d2b96a42
UG,Universidad de Guayaquil,SISTEMAS DE INFORMACIÓN,22,identificar requisitos del cliente,skill/competence,cross-sector,0.7093,http://data.europa.eu/esco/skill/0e0c9c11-b39e-43cf-ba95-2fe646f5de64
UG,Universidad de Guayaquil,SISTEMAS DE INFORMACIÓN,23,gestionar conocimientos empresariales,skill/competence,cross-sector,0.7091,http://data.europa.eu/esco/skill/41bf7ede-fc84-4a57-8c89-b548d11b0ba1
UG,Universidad de Guayaquil,SISTEMAS DE INFORMACIÓN,24,gestionar la identidad digital,skill/competence,cross-sector,0.7087,http://data.europa.eu/esco/skill/bc0b0b5d-f6be-405a-b224-b6902a4dbe97
UG,Universidad de Guayaquil,SISTEMAS DE INFORMACIÓN,25,gestionar documentos digitales,skill/competence,cross-sector,0.7073,http://data.europa.eu/esco/skill/b769f524-0f25-44d7-8538-5c46710a040e
UG,Universidad de Guayaquil,SOFTWARE,1,programación informática,knowledge,cross-sector,0.7043,http://data.europa.eu/esco/skill/21d2f96d-35f7-4e3f-9745-c533d2dd6e97
UG,Universidad de Guayaquil,SOFTWARE,2,desarrollar normas y procedimientos de fabricación,skill/competence,cross-sector,0.7029,http://data.europa.eu/esco/skill/764db027-9063-4468-acb3-c73ecfc76f35
UG,Universidad de Guayaquil,SOFTWARE,3,gestionar proyectos de investigación y desarrollo,skill/competence,cross-sector,0.7027,http://data.europa.eu/esco/skill/d5dbc342-8e39-4998-8237-ebbe05a381ce
UG,Universidad de Guayaquil,SOFTWARE,4,utilizar software de diseño especializado,skill/competence,cross-sector,0.6987,http://data.europa.eu/esco/skill/3c1af34b-4562-4c39-a30e-0812b84a147e
UG,Universidad de Guayaquil,SOFTWARE,5,gestionar varios proyectos,skill/competence,cross-sector,0.6978,http://data.europa.eu/esco/skill/c881ddd2-9c0e-4743-bd24-36be650493dd
UG,Universidad de Guayaquil,SOFTWARE,6,elaborar software estadístico,skill/competence,cross-sector,0.6947,http://data.europa.eu/esco/skill/bb165899-d95f-4433-95f2-173fefd716d2
UG,Universidad de Guayaquil,SOFTWARE,7,desarrollar procedimientos de prueba,skill/competence,cross-sector,0.6908,http://data.europa.eu/esco/skill/f10142ce-d522-49c3-9fd1-054fb63529d4
UG,Universidad de Guayaquil,SOFTWARE,8,crear soluciones para problemas,skill/competence,cross-sector,0.6905,http://data.europa.eu/esco/skill/03b9b491-fc9b-4868-914a-bf7cd47b5041
UG,Universidad de Guayaquil,SOFTWARE,9,proyecto,knowledge,cross-sector,0.6897,http://data.europa.eu/esco/skill/d1072655-88ce-4445-8803-e6273da273e7
UG,Universidad de Guayaquil,SOFTWARE,10,asesorar a la clientela acerca de las posibilidades técnicas,skill/competence,cross-sector,0.6889,http://data.europa.eu/esco/skill/7b3abd38-61ae-42a4-88bb-0884784f9ee1
UG,Universidad de Guayaquil,SOFTWARE,11,diseñar procesos,skill/competence,cross-sector,0.684,http://data.europa.eu/esco/skill/2c28fc20-8a60-4311-8899-5ef8729c05b3
UG,Universidad de Guayaquil,SOFTWARE,12,aplicar políticas organizativas del sistema,skill/competence,cross-sector,0.683,http://data.europa.eu/esco/skill/07e47d58-dd0e-4302-9e68-70a188e89065
UG,Universidad de Guayaquil,SOFTWARE,13,traducir requisitos en un diseño visual,skill/competence,cross-sector,0.6828,http://data.europa.eu/esco/skill/2d6d4784-0992-48e7-b100-22d7229b3f0a
UG,Universidad de Guayaquil,SOFTWARE,14,realizar gestión de clientes,skill/competence,cross-sector,0.6825,http://data.europa.eu/esco/skill/91306a20-9b81-4f3d-97eb-f5368b607da7
UG,Universidad de Guayaquil,SOFTWARE,15,software para procesos industriales,knowledge,cross-sector,0.6806,http://data.europa.eu/esco/skill/41ec47dd-08b3-464a-9c45-c706f3e74467
UG,Universidad de Guayaquil,SOFTWARE,16,diseñar sistemas de control,skill/competence,cross-sector,0.6795,http://data.europa.eu/esco/skill/d560df46-dda4-4407-bab2-b87353a96814
UG,Universidad de Guayaquil,SOFTWARE,17,crear especificaciones de proyectos,skill/competence,cross-sector,0.6777,http://data.europa.eu/esco/skill/21fecc8a-392e-49ce-ac26-fb0696ccfead
UG,Universidad de Guayaquil,SOFTWARE,18,innovar las prácticas actuales,skill/competence,cross-sector,0.6772,http://data.europa.eu/esco/skill/f975091a-e5a5-4472-ac17-11680e53e98f
UG,Universidad de Guayaquil,SOFTWARE,19,desarrollar arquitecturas innovadoras de cadena de bloques,skill/competence,cross-sector,0.6763,http://data.europa.eu/esco/skill/01d269d9-b058-4d6c-82a0-3779af9a124b
UG,Universidad de Guayaquil,SOFTWARE,20,desarrollar políticas de la organización,skill/competence,cross-sector,0.676,http://data.europa.eu/esco/skill/3254275d-a1b5-4640-9481-02f38780ac35
UG,Universidad de Guayaquil,SOFTWARE,21,proporcionar documentación para el usuario,skill/competence,cross-sector,0.6746,http://data.europa.eu/esco/skill/385479b7-5da5-4367-9763-0d15b41bb65b
UG,Universidad de Guayaquil,SOFTWARE,22,gestionar la calidad,skill/competence,transversal,0.6736,http://data.europa.eu/esco/skill/35ebe444-9ece-4fbc-a55d-e99ea37267ae
UG,Universidad de Guayaquil,SOFTWARE,23,aplicar un pensamiento de diseño sistémico,skill/competence,cross-sector,0.6714,http://data.europa.eu/esco/skill/4d30ad07-9e39-4899-81dd-02b280f162f9
UG,Universidad de Guayaquil,SOFTWARE,24,supervisar sistemas de gestión ambiental,skill/competence,cross-sector,0.6706,http://data.europa.eu/esco/skill/b13e0689-636d-42d0-86c3-df9d6f85a882
UG,Universidad de Guayaquil,SOFTWARE,25,resolver problemas de sistemas TIC,skill/competence,cross-sector,0.6702,http://data.europa.eu/esco/skill/9e06bac6-6b91-48ca-8b7d-c1f48cdecd7c
UG,Universidad de Guayaquil,TELECOMUNICACIONES,1,desarrollar estrategias de comunicación,skill/competence,cross-sector,0.7705,http://data.europa.eu/esco/skill/3c834f6e-523a-49ee-8ed1-e073e28ae6fe
UG,Universidad de Guayaquil,TELECOMUNICACIONES,2,elaborar las estrategias empresariales,skill/competence,cross-sector,0.7352,http://data.europa.eu/esco/skill/ba2c6181-b036-40b4-8f6d-51499463ccbb
UG,Universidad de Guayaquil,TELECOMUNICACIONES,3,asesorar sobre estrategias de comunicación,skill/competence,cross-sector,0.7348,http://data.europa.eu/esco/skill/69f36674-440a-4fa0-89f9-1b70172ebb9d
UG,Universidad de Guayaquil,TELECOMUNICACIONES,4,sector de las telecomunicaciones,knowledge,cross-sector,0.7263,http://data.europa.eu/esco/skill/60b44dab-03f1-46de-be08-0e5ba8662b3d
UG,Universidad de Guayaquil,TELECOMUNICACIONES,5,coordinar comunicaciones remotas,skill/competence,cross-sector,0.7259,http://data.europa.eu/esco/skill/9bafaea2-76cd-4532-ab77-8b3d21fa6235
UG,Universidad de Guayaquil,TELECOMUNICACIONES,6,instalar líneas de energía eléctrica,skill/competence,cross-sector,0.7248,http://data.europa.eu/esco/skill/0c627853-241e-405b-9044-aaff6bca133e
UG,Universidad de Guayaquil,TELECOMUNICACIONES,7,diseñar sistemas de transporte,skill/competence,cross-sector,0.7229,http://data.europa.eu/esco/skill/11f364dd-0814-4398-b00e-10d1be8b27af
UG,Universidad de Guayaquil,TELECOMUNICACIONES,8,asesorar a la clientela acerca de las posibilidades técnicas,skill/competence,cross-sector,0.7208,http://data.europa.eu/esco/skill/7b3abd38-61ae-42a4-88bb-0884784f9ee1
UG,Universidad de Guayaquil,TELECOMUNICACIONES,9,coordinar equipos de ingeniería,skill/competence,cross-sector,0.7166,http://data.europa.eu/esco/skill/7af6e9e8-1e11-4c0b-b7c6-ac96bbbbc674
UG,Universidad de Guayaquil,TELECOMUNICACIONES,10,realizar gestión de clientes,skill/competence,cross-sector,0.7165,http://data.europa.eu/esco/skill/91306a20-9b81-4f3d-97eb-f5368b607da7
UG,Universidad de Guayaquil,TELECOMUNICACIONES,11,detectar y corregir errores de las tecnologías de la información y de las comunicaciones,skill/competence,cross-sector,0.7144,http://data.europa.eu/esco/skill/744442ac-c157-4350-8be0-ce454df4f5c5
UG,Universidad de Guayaquil,TELECOMUNICACIONES,12,evaluar las necesidades energéticas,skill/competence,cross-sector,0.7137,http://data.europa.eu/esco/skill/36fccad9-1d20-4104-bcc2-a8ea9d1ce5ea
UG,Universidad de Guayaquil,TELECOMUNICACIONES,13,garantizar la seguridad de las operaciones en sistemas de suministro de energía eléctrica,skill/competence,cross-sector,0.7124,http://data.europa.eu/esco/skill/2b76cbbf-eddc-4a12-a120-f4ea370820a5
UG,Universidad de Guayaquil,TELECOMUNICACIONES,14,coordinar campañas publicitarias,skill/competence,cross-sector,0.7118,http://data.europa.eu/esco/skill/ae6af2c6-890d-40a7-9849-326a8c21df76
UG,Universidad de Guayaquil,TELECOMUNICACIONES,15,gestionar proyectos de investigación y desarrollo,skill/competence,cross-sector,0.71,http://data.europa.eu/esco/skill/d5dbc342-8e39-4998-8237-ebbe05a381ce
UG,Universidad de Guayaquil,TELECOMUNICACIONES,16,comunicarse con los jefes y directivos,skill/competence,cross-sector,0.7095,http://data.europa.eu/esco/skill/f14ff4b7-be1e-4b55-b39b-520005f8a97e
UG,Universidad de Guayaquil,TELECOMUNICACIONES,17,coordinar actividades de planificación comercial,skill/competence,cross-sector,0.7083,http://data.europa.eu/esco/skill/90398aca-82b7-4f56-8e0f-814d949162b4
UG,Universidad de Guayaquil,TELECOMUNICACIONES,18,diseñar sistemas de control,skill/competence,cross-sector,0.7057,http://data.europa.eu/esco/skill/d560df46-dda4-4407-bab2-b87353a96814
UG,Universidad de Guayaquil,TELECOMUNICACIONES,19,diseñar sistemas microelectrónicos,skill/competence,cross-sector,0.7048,http://data.europa.eu/esco/skill/8712b176-c063-462f-9d0f-2e3c54d9a2eb
UG,Universidad de Guayaquil,TELECOMUNICACIONES,20,gestionar canales de distribución,skill/competence,cross-sector,0.7038,http://data.europa.eu/esco/skill/5a5adfe3-5afe-4a24-b9a8-cee8481995e7
UG,Universidad de Guayaquil,TELECOMUNICACIONES,21,gestionar la instalación de estructuras para eventos,skill/competence,cross-sector,0.7026,http://data.europa.eu/esco/skill/0e503b48-5491-4529-879e-b112251f8d50
UG,Universidad de Guayaquil,TELECOMUNICACIONES,22,gestionar las comunicaciones visuales,skill/competence,cross-sector,0.7026,http://data.europa.eu/esco/skill/50b96d21-f2eb-4f35-a8d3-77eee15ef51f
UG,Universidad de Guayaquil,TELECOMUNICACIONES,23,crear soluciones para problemas informativos,skill/competence,cross-sector,0.7022,http://data.europa.eu/esco/skill/4539aeca-b56f-4d03-ba86-8f675a7f2536
UG,Universidad de Guayaquil,TELECOMUNICACIONES,24,gestionar sistemas administrativos,skill/competence,cross-sector,0.6951,http://data.europa.eu/esco/skill/6ae8306a-4f9d-4410-ac82-6406f3cbd16a
UG,Universidad de Guayaquil,TELECOMUNICACIONES,25,gestionar la creación de material promocional,skill/competence,cross-sector,0.6946,http://data.europa.eu/esco/skill/81e812e6-cf9e-4166-9b3c-b0b8492fe354
USFQ,Universidad San Francisco de Quito USFQ,ADMINISTRACIÓN DE EMPRESAS,1,participar en las operaciones cotidianas de la empresa,skill/competence,cross-sector,0.707,http://data.europa.eu/esco/skill/ce4cbc3a-bde0-43b4-9526-e643c4fe5b04
USFQ,Universidad San Francisco de Quito USFQ,ADMINISTRACIÓN DE EMPRESAS,2,realizar un análisis empresarial,skill/competence,cross-sector,0.6995,http://data.europa.eu/esco/skill/27ed854c-15b8-4ba2-90e9-ae888a219703
USFQ,Universidad San Francisco de Quito USFQ,ADMINISTRACIÓN DE EMPRESAS,3,tener espíritu emprendedor,skill/competence,transversal,0.696,http://data.europa.eu/esco/skill/bdcf429c-5ccf-4c3d-bb61-4c987573a35e
USFQ,Universidad San Francisco de Quito USFQ,ADMINISTRACIÓN DE EMPRESAS,4,coordinar actividades de planificación comercial,skill/competence,cross-sector,0.6952,http://data.europa.eu/esco/skill/90398aca-82b7-4f56-8e0f-814d949162b4
USFQ,Universidad San Francisco de Quito USFQ,ADMINISTRACIÓN DE EMPRESAS,5,elaborar las estrategias empresariales,skill/competence,cross-sector,0.6942,http://data.europa.eu/esco/skill/ba2c6181-b036-40b4-8f6d-51499463ccbb
USFQ,Universidad San Francisco de Quito USFQ,ADMINISTRACIÓN DE EMPRESAS,6,elaborar políticas de economía,skill/competence,cross-sector,0.6933,http://data.europa.eu/esco/skill/8394fefb-f62a-48c0-a156-3117cefdb9b3
USFQ,Universidad San Francisco de Quito USFQ,ADMINISTRACIÓN DE EMPRESAS,7,análisis empresarial,knowledge,cross-sector,0.6898,http://data.europa.eu/esco/skill/633a3637-2c6b-40ae-ac38-289eb2a62aa6
USFQ,Universidad San Francisco de Quito USFQ,ADMINISTRACIÓN DE EMPRESAS,8,mejorar procesos empresariales,skill/competence,cross-sector,0.6887,http://data.europa.eu/esco/skill/75b30aeb-34c0-40f4-b77d-271d75a98b14
USFQ,Universidad San Francisco de Quito USFQ,ADMINISTRACIÓN DE EMPRESAS,9,gestionar empresas de producción,skill/competence,cross-sector,0.684,http://data.europa.eu/esco/skill/435d1751-8667-41ec-8b32-865b7cd3c684
USFQ,Universidad San Francisco de Quito USFQ,ADMINISTRACIÓN DE EMPRESAS,10,gestionar recursos humanos,skill/competence,cross-sector,0.6835,http://data.europa.eu/esco/skill/339ac029-066a-4985-9f9d-b3d7c8fea0bb
USFQ,Universidad San Francisco de Quito USFQ,ADMINISTRACIÓN DE EMPRESAS,11,pronosticar niveles futuros de desarrollo empresarial,skill/competence,cross-sector,0.6829,http://data.europa.eu/esco/skill/ab167ae1-dfd8-4607-8dc4-d6d500622e1d
USFQ,Universidad San Francisco de Quito USFQ,ADMINISTRACIÓN DE EMPRESAS,12,definir la estructura corporativa,skill/competence,cross-sector,0.6814,http://data.europa.eu/esco/skill/72731261-d7b0-4e6d-bbde-5c76c85934d0
USFQ,Universidad San Francisco de Quito USFQ,ADMINISTRACIÓN DE EMPRESAS,13,realizar gestión de clientes,skill/competence,cross-sector,0.6788,http://data.europa.eu/esco/skill/91306a20-9b81-4f3d-97eb-f5368b607da7
USFQ,Universidad San Francisco de Quito USFQ,ADMINISTRACIÓN DE EMPRESAS,14,gestionar los aspectos financieros de una empresa,skill/competence,cross-sector,0.6778,http://data.europa.eu/esco/skill/fa6acfc3-0a4f-4192-b77d-80e94d0faf2a
USFQ,Universidad San Francisco de Quito USFQ,ADMINISTRACIÓN DE EMPRESAS,15,analizar procesos empresariales,skill/competence,cross-sector,0.6759,http://data.europa.eu/esco/skill/56042303-972b-41be-9310-58467599ff7e
USFQ,Universidad San Francisco de Quito USFQ,ADMINISTRACIÓN DE EMPRESAS,16,analizar requisitos empresariales,skill/competence,cross-sector,0.6753,http://data.europa.eu/esco/skill/b04f377b-ee80-4b38-aca1-19d266a23b17
USFQ,Universidad San Francisco de Quito USFQ,ADMINISTRACIÓN DE EMPRESAS,17,formar equipos dentro de la empresa en base a las competencias,skill/competence,cross-sector,0.6736,http://data.europa.eu/esco/skill/f1155d3f-fbca-4298-a31c-f6955653bacf
USFQ,Universidad San Francisco de Quito USFQ,ADMINISTRACIÓN DE EMPRESAS,18,gestionar programas de formación en la empresa,skill/competence,cross-sector,0.6724,http://data.europa.eu/esco/skill/6e66fa0f-4d3b-415e-9693-dc556eb5112a
USFQ,Universidad San Francisco de Quito USFQ,ADMINISTRACIÓN DE EMPRESAS,19,guiar a los gestores de los diferentes departamentos de la empresa,skill/competence,cross-sector,0.67,http://data.europa.eu/esco/skill/3e61ee41-2bd9-466f-b313-00ce04072410
USFQ,Universidad San Francisco de Quito USFQ,ADMINISTRACIÓN DE EMPRESAS,20,gestionar cuentas bancarias de la empresa,skill/competence,cross-sector,0.6685,http://data.europa.eu/esco/skill/658a38bd-6954-4a2a-945c-42330c5d13b9
USFQ,Universidad San Francisco de Quito USFQ,ADMINISTRACIÓN DE EMPRESAS,21,gestionar riesgos comerciales,skill/competence,cross-sector,0.668,http://data.europa.eu/esco/skill/80ae18bf-f3a4-4f83-b372-7c5c9d686865
USFQ,Universidad San Francisco de Quito USFQ,ADMINISTRACIÓN DE EMPRESAS,22,realizar un análisis de las necesidades de los clientes,skill/competence,cross-sector,0.6668,http://data.europa.eu/esco/skill/31c83903-8fc8-4bd8-9ca4-7a98a9c31eae
USFQ,Universidad San Francisco de Quito USFQ,ADMINISTRACIÓN DE EMPRESAS,23,analizar planes de empresa,skill/competence,cross-sector,0.6661,http://data.europa.eu/esco/skill/5da3c765-10a3-49eb-934c-ec401ceb1a34
USFQ,Universidad San Francisco de Quito USFQ,ADMINISTRACIÓN DE EMPRESAS,24,prever los riesgos organizativos,skill/competence,cross-sector,0.6656,http://data.europa.eu/esco/skill/1c08d63d-1c5e-4b9b-ad3e-f7ba7debb2d1
USFQ,Universidad San Francisco de Quito USFQ,ADMINISTRACIÓN DE EMPRESAS,25,tomar decisiones empresariales estratégicas,skill/competence,cross-sector,0.6651,http://data.europa.eu/esco/skill/f60c9e52-95fc-4ca1-a73c-18a491153b63
USFQ,Universidad San Francisco de Quito USFQ,CIENCIA DE DATOS E INTELIGENCIA ARTIFICIAL,1,ciencia de datos,knowledge,cross-sector,0.7137,http://data.europa.eu/esco/skill/edebd83d-35f6-4ed5-a940-6c203d178c01
USFQ,Universidad San Francisco de Quito USFQ,CIENCIA DE DATOS E INTELIGENCIA ARTIFICIAL,2,crear soluciones para problemas informativos,skill/competence,cross-sector,0.6727,http://data.europa.eu/esco/skill/4539aeca-b56f-4d03-ba86-8f675a7f2536
USFQ,Universidad San Francisco de Quito USFQ,CIENCIA DE DATOS E INTELIGENCIA ARTIFICIAL,3,analizar datos,skill/competence,cross-sector,0.6695,http://data.europa.eu/esco/skill/a571ae14-3e16-4fd3-a615-5646e0b0b696
USFQ,Universidad San Francisco de Quito USFQ,CIENCIA DE DATOS E INTELIGENCIA ARTIFICIAL,4,elaborar software estadístico,skill/competence,cross-sector,0.6649,http://data.europa.eu/esco/skill/bb165899-d95f-4433-95f2-173fefd716d2
USFQ,Universidad San Francisco de Quito USFQ,CIENCIA DE DATOS E INTELIGENCIA ARTIFICIAL,5,gestionar datos de investigación,skill/competence,cross-sector,0.6582,http://data.europa.eu/esco/skill/08b04e53-ed25-41a2-9f90-0b9cd939ba3d
USFQ,Universidad San Francisco de Quito USFQ,CIENCIA DE DATOS E INTELIGENCIA ARTIFICIAL,6,analizar datos de la clientela,skill/competence,cross-sector,0.6574,http://data.europa.eu/esco/skill/d63f49de-cb72-4ce3-9553-a374a4f32f52
USFQ,Universidad San Francisco de Quito USFQ,CIENCIA DE DATOS E INTELIGENCIA ARTIFICIAL,7,utilizar técnicas de tratamiento de datos,skill/competence,cross-sector,0.6565,http://data.europa.eu/esco/skill/1b70a55d-b8a4-49fc-96c6-15ab4cff2522
USFQ,Universidad San Francisco de Quito USFQ,CIENCIA DE DATOS E INTELIGENCIA ARTIFICIAL,8,interpretar información matemática,skill/competence,transversal,0.6524,http://data.europa.eu/esco/skill/6fc6f757-6baa-49fe-9a82-6ba6a52f2e13
USFQ,Universidad San Francisco de Quito USFQ,CIENCIA DE DATOS E INTELIGENCIA ARTIFICIAL,9,realizar estudios de mercado,skill/competence,cross-sector,0.6513,http://data.europa.eu/esco/skill/fe39d4db-4cb5-4299-bb9f-896c8fd6ab13
USFQ,Universidad San Francisco de Quito USFQ,CIENCIA DE DATOS E INTELIGENCIA ARTIFICIAL,10,ejecutar cálculos matemáticos analíticos,skill/competence,cross-sector,0.6506,http://data.europa.eu/esco/skill/31c69100-b612-4a61-8db5-fd314318854c
USFQ,Universidad San Francisco de Quito USFQ,CIENCIA DE DATOS E INTELIGENCIA ARTIFICIAL,11,análisis de datos,knowledge,cross-sector,0.6489,http://data.europa.eu/esco/skill/97bd1c21-66b2-4b7e-ad0f-e3cda590e378
USFQ,Universidad San Francisco de Quito USFQ,CIENCIA DE DATOS E INTELIGENCIA ARTIFICIAL,12,interpretar datos actuales,skill/competence,cross-sector,0.6482,http://data.europa.eu/esco/skill/1e77e42a-181f-4b48-8e74-201ce50ffc29
USFQ,Universidad San Francisco de Quito USFQ,CIENCIA DE DATOS E INTELIGENCIA ARTIFICIAL,13,predecir tendencias económicas,skill/competence,cross-sector,0.6479,http://data.europa.eu/esco/skill/f2a34d6b-131a-4b8f-a110-898b9c91d18f
USFQ,Universidad San Francisco de Quito USFQ,CIENCIA DE DATOS E INTELIGENCIA ARTIFICIAL,14,gestionar datos cuantitativos,skill/competence,cross-sector,0.6452,http://data.europa.eu/esco/skill/57231a22-4da7-49c8-97b8-75672feadf1e
USFQ,Universidad San Francisco de Quito USFQ,CIENCIA DE DATOS E INTELIGENCIA ARTIFICIAL,15,"gestionar datos, información y contenido digitales",skill/competence,cross-sector,0.6452,http://data.europa.eu/esco/skill/4d97e3c3-f335-47cc-a4ee-0d779fd42222
USFQ,Universidad San Francisco de Quito USFQ,CIENCIA DE DATOS E INTELIGENCIA ARTIFICIAL,16,utilizar analítica con fines comerciales,skill/competence,cross-sector,0.6429,http://data.europa.eu/esco/skill/683bc3e3-6ec1-4ad2-8d62-d0ac1fabbe76
USFQ,Universidad San Francisco de Quito USFQ,CIENCIA DE DATOS E INTELIGENCIA ARTIFICIAL,17,realizar un análisis de las necesidades de los clientes,skill/competence,cross-sector,0.6426,http://data.europa.eu/esco/skill/31c83903-8fc8-4bd8-9ca4-7a98a9c31eae
USFQ,Universidad San Francisco de Quito USFQ,CIENCIA DE DATOS E INTELIGENCIA ARTIFICIAL,18,tomar decisiones basadas en datos,skill/competence,cross-sector,0.6401,http://data.europa.eu/esco/skill/be20d05c-f6b4-4580-9fcf-f00f4baab562
USFQ,Universidad San Francisco de Quito USFQ,CIENCIA DE DATOS E INTELIGENCIA ARTIFICIAL,19,identificar requisitos del cliente,skill/competence,cross-sector,0.6395,http://data.europa.eu/esco/skill/0e0c9c11-b39e-43cf-ba95-2fe646f5de64
USFQ,Universidad San Francisco de Quito USFQ,CIENCIA DE DATOS E INTELIGENCIA ARTIFICIAL,20,estudiar a los usuarios de los sitios web,skill/competence,cross-sector,0.6386,http://data.europa.eu/esco/skill/5e14de3d-d055-427e-9f5b-eb068f56b019
USFQ,Universidad San Francisco de Quito USFQ,CIENCIA DE DATOS E INTELIGENCIA ARTIFICIAL,21,detectar necesidades tecnológicas,skill/competence,cross-sector,0.6376,http://data.europa.eu/esco/skill/42fcf80d-7b45-40f3-bd2f-5411c4c0dfa0
USFQ,Universidad San Francisco de Quito USFQ,CIENCIA DE DATOS E INTELIGENCIA ARTIFICIAL,22,analizar inteligencia de datos,skill/competence,cross-sector,0.6372,http://data.europa.eu/esco/skill/47a49cd6-097d-457a-9f7b-c290c14930d5
USFQ,Universidad San Francisco de Quito USFQ,CIENCIA DE DATOS E INTELIGENCIA ARTIFICIAL,23,realizar cálculos,skill/competence,transversal,0.6368,http://data.europa.eu/esco/skill/19ba11f3-9c99-41fd-a7c9-f77e6a026186
USFQ,Universidad San Francisco de Quito USFQ,CIENCIA DE DATOS E INTELIGENCIA ARTIFICIAL,24,asesorar sobre estrategias de mercado,skill/competence,cross-sector,0.6368,http://data.europa.eu/esco/skill/34d6ed30-5d35-44b9-9498-fd15badb5f28
USFQ,Universidad San Francisco de Quito USFQ,CIENCIA DE DATOS E INTELIGENCIA ARTIFICIAL,25,gestionar publicaciones abiertas,skill/competence,cross-sector,0.6363,http://data.europa.eu/esco/skill/da930e2f-6047-4616-a598-bba8ecef3039
USFQ,Universidad San Francisco de Quito USFQ,COMPUTACIÓN,1,programación informática,knowledge,cross-sector,0.7308,http://data.europa.eu/esco/skill/21d2f96d-35f7-4e3f-9745-c533d2dd6e97
USFQ,Universidad San Francisco de Quito USFQ,COMPUTACIÓN,2,asesorar a la clientela acerca de las posibilidades técnicas,skill/competence,cross-sector,0.7265,http://data.europa.eu/esco/skill/7b3abd38-61ae-42a4-88bb-0884784f9ee1
USFQ,Universidad San Francisco de Quito USFQ,COMPUTACIÓN,3,Proponer soluciones tecnológicas a problemas empresariales,skill/competence,cross-sector,0.7261,http://data.europa.eu/esco/skill/07e51c60-763a-4335-b4ec-70a15f66d328
USFQ,Universidad San Francisco de Quito USFQ,COMPUTACIÓN,4,elaborar software estadístico,skill/competence,cross-sector,0.7215,http://data.europa.eu/esco/skill/bb165899-d95f-4433-95f2-173fefd716d2
USFQ,Universidad San Francisco de Quito USFQ,COMPUTACIÓN,5,crear soluciones para problemas informativos,skill/competence,cross-sector,0.7214,http://data.europa.eu/esco/skill/4539aeca-b56f-4d03-ba86-8f675a7f2536
USFQ,Universidad San Francisco de Quito USFQ,COMPUTACIÓN,6,resolver problemas técnicos,skill/competence,cross-sector,0.7214,http://data.europa.eu/esco/skill/14832d87-2f2f-4895-b290-e4760ebae42a
USFQ,Universidad San Francisco de Quito USFQ,COMPUTACIÓN,7,resolver problemas,skill/competence,transversal,0.7205,http://data.europa.eu/esco/skill/adc6dc11-3376-467b-96c5-9b0a21edc869
USFQ,Universidad San Francisco de Quito USFQ,COMPUTACIÓN,8,diseñar procesos,skill/competence,cross-sector,0.72,http://data.europa.eu/esco/skill/2c28fc20-8a60-4311-8899-5ef8729c05b3
USFQ,Universidad San Francisco de Quito USFQ,COMPUTACIÓN,9,coordinar equipos de ingeniería,skill/competence,cross-sector,0.719,http://data.europa.eu/esco/skill/7af6e9e8-1e11-4c0b-b7c6-ac96bbbbc674
USFQ,Universidad San Francisco de Quito USFQ,COMPUTACIÓN,10,innovar las prácticas actuales,skill/competence,cross-sector,0.7101,http://data.europa.eu/esco/skill/f975091a-e5a5-4472-ac17-11680e53e98f
USFQ,Universidad San Francisco de Quito USFQ,COMPUTACIÓN,11,crear soluciones para problemas,skill/competence,cross-sector,0.7096,http://data.europa.eu/esco/skill/03b9b491-fc9b-4868-914a-bf7cd47b5041
USFQ,Universidad San Francisco de Quito USFQ,COMPUTACIÓN,12,desarrollar procedimientos de prueba,skill/competence,cross-sector,0.7078,http://data.europa.eu/esco/skill/f10142ce-d522-49c3-9fd1-054fb63529d4
USFQ,Universidad San Francisco de Quito USFQ,COMPUTACIÓN,13,proporcionar experiencia técnica,skill/competence,cross-sector,0.7059,http://data.europa.eu/esco/skill/c69587b4-05d3-45bb-b79b-9b85e6603fc2
USFQ,Universidad San Francisco de Quito USFQ,COMPUTACIÓN,14,diseñar componentes de ingeniería,skill/competence,cross-sector,0.7055,http://data.europa.eu/esco/skill/87434439-c07d-48be-af34-b0cdd03121c4
USFQ,Universidad San Francisco de Quito USFQ,COMPUTACIÓN,15,realizar trabajos técnicos difíciles,skill/competence,cross-sector,0.7047,http://data.europa.eu/esco/skill/2d780738-9b34-40a3-adbb-590001f6ff86
USFQ,Universidad San Francisco de Quito USFQ,COMPUTACIÓN,16,gestionar proyectos de ingeniería,skill/competence,cross-sector,0.7045,http://data.europa.eu/esco/skill/6a899482-8bcf-40ca-ae67-579a1cc467ab
USFQ,Universidad San Francisco de Quito USFQ,COMPUTACIÓN,17,resolver problemas de sistemas TIC,skill/competence,cross-sector,0.7043,http://data.europa.eu/esco/skill/9e06bac6-6b91-48ca-8b7d-c1f48cdecd7c
USFQ,Universidad San Francisco de Quito USFQ,COMPUTACIÓN,18,software para procesos industriales,knowledge,cross-sector,0.702,http://data.europa.eu/esco/skill/41ec47dd-08b3-464a-9c45-c706f3e74467
USFQ,Universidad San Francisco de Quito USFQ,COMPUTACIÓN,19,gestionar proyectos de investigación y desarrollo,skill/competence,cross-sector,0.6987,http://data.europa.eu/esco/skill/d5dbc342-8e39-4998-8237-ebbe05a381ce
USFQ,Universidad San Francisco de Quito USFQ,COMPUTACIÓN,20,gestionar varios proyectos,skill/competence,cross-sector,0.6979,http://data.europa.eu/esco/skill/c881ddd2-9c0e-4743-bd24-36be650493dd
USFQ,Universidad San Francisco de Quito USFQ,COMPUTACIÓN,21,realizar gestión de clientes,skill/competence,cross-sector,0.6971,http://data.europa.eu/esco/skill/91306a20-9b81-4f3d-97eb-f5368b607da7
USFQ,Universidad San Francisco de Quito USFQ,COMPUTACIÓN,22,identificar requisitos del cliente,skill/competence,cross-sector,0.6964,http://data.europa.eu/esco/skill/0e0c9c11-b39e-43cf-ba95-2fe646f5de64
USFQ,Universidad San Francisco de Quito USFQ,COMPUTACIÓN,23,crear especificaciones de proyectos,skill/competence,cross-sector,0.6962,http://data.europa.eu/esco/skill/21fecc8a-392e-49ce-ac26-fb0696ccfead
USFQ,Universidad San Francisco de Quito USFQ,COMPUTACIÓN,24,detectar necesidades tecnológicas,skill/competence,cross-sector,0.6949,http://data.europa.eu/esco/skill/42fcf80d-7b45-40f3-bd2f-5411c4c0dfa0
USFQ,Universidad San Francisco de Quito USFQ,COMPUTACIÓN,25,desarrollar normas y procedimientos de fabricación,skill/competence,cross-sector,0.6936,http://data.europa.eu/esco/skill/764db027-9063-4468-acb3-c73ecfc76f35
USFQ,Universidad San Francisco de Quito USFQ,ECONOMÍA,1,elaborar políticas de economía,skill/competence,cross-sector,0.7678,http://data.europa.eu/esco/skill/8394fefb-f62a-48c0-a156-3117cefdb9b3
USFQ,Universidad San Francisco de Quito USFQ,ECONOMÍA,2,analizar las tendencias económicas,skill/competence,cross-sector,0.7516,http://data.europa.eu/esco/skill/5f302d63-048e-451c-b150-97c124a5a26b
USFQ,Universidad San Francisco de Quito USFQ,ECONOMÍA,3,realizar un análisis empresarial,skill/competence,cross-sector,0.7397,http://data.europa.eu/esco/skill/27ed854c-15b8-4ba2-90e9-ae888a219703
USFQ,Universidad San Francisco de Quito USFQ,ECONOMÍA,4,predecir tendencias económicas,skill/competence,cross-sector,0.7378,http://data.europa.eu/esco/skill/f2a34d6b-131a-4b8f-a110-898b9c91d18f
USFQ,Universidad San Francisco de Quito USFQ,ECONOMÍA,5,analizar tendencias en el mercado financiero,skill/competence,cross-sector,0.7308,http://data.europa.eu/esco/skill/292549e6-08ec-456c-b008-eba7a0a68428
USFQ,Universidad San Francisco de Quito USFQ,ECONOMÍA,6,realizar estudios de mercado,skill/competence,cross-sector,0.73,http://data.europa.eu/esco/skill/fe39d4db-4cb5-4299-bb9f-896c8fd6ab13
USFQ,Universidad San Francisco de Quito USFQ,ECONOMÍA,7,analizar los factores externos a una empresa,skill/competence,cross-sector,0.7146,http://data.europa.eu/esco/skill/ce5b1446-b5e3-4f05-a5ac-83f2ee142a44
USFQ,Universidad San Francisco de Quito USFQ,ECONOMÍA,8,economía,knowledge,cross-sector,0.7082,http://data.europa.eu/esco/skill/88af9294-b697-4687-ae19-aefbb6234dfa
USFQ,Universidad San Francisco de Quito USFQ,ECONOMÍA,9,asesorar sobre el desarrollo económico,skill/competence,cross-sector,0.7019,http://data.europa.eu/esco/skill/384ed14c-bf1f-4a65-aef6-6e711f43c4ce
USFQ,Universidad San Francisco de Quito USFQ,ECONOMÍA,10,analizar datos,skill/competence,cross-sector,0.7012,http://data.europa.eu/esco/skill/a571ae14-3e16-4fd3-a615-5646e0b0b696
USFQ,Universidad San Francisco de Quito USFQ,ECONOMÍA,11,utilizar analítica con fines comerciales,skill/competence,cross-sector,0.6994,http://data.europa.eu/esco/skill/683bc3e3-6ec1-4ad2-8d62-d0ac1fabbe76
USFQ,Universidad San Francisco de Quito USFQ,ECONOMÍA,12,"llevar a cabo análisis de factores políticos, económicos, sociales, tecnológicos, ambientales y jurídicos",skill/competence,cross-sector,0.6971,http://data.europa.eu/esco/skill/9979e727-3104-42e0-8f41-4af2578111ea
USFQ,Universidad San Francisco de Quito USFQ,ECONOMÍA,13,análisis empresarial,knowledge,cross-sector,0.6965,http://data.europa.eu/esco/skill/633a3637-2c6b-40ae-ac38-289eb2a62aa6
USFQ,Universidad San Francisco de Quito USFQ,ECONOMÍA,14,extraer las conclusiones de los resultados de un estudio de mercado,skill/competence,cross-sector,0.6963,http://data.europa.eu/esco/skill/46cb7282-7fb0-4d3c-b6b8-bfe81fab077e
USFQ,Universidad San Francisco de Quito USFQ,ECONOMÍA,15,elaborar políticas fiscales,skill/competence,cross-sector,0.6962,http://data.europa.eu/esco/skill/9fa06999-9ba9-4d74-9b15-edfc788b55f7
USFQ,Universidad San Francisco de Quito USFQ,ECONOMÍA,16,examinar el cumplimiento de las políticas públicas,skill/competence,cross-sector,0.6961,http://data.europa.eu/esco/skill/5aa90e70-f661-4c2d-aaa2-70ac38c1ace9
USFQ,Universidad San Francisco de Quito USFQ,ECONOMÍA,17,tener en cuenta los criterios económicos en la toma de decisiones,skill/competence,cross-sector,0.6953,http://data.europa.eu/esco/skill/d41262ae-eca1-4ede-89a8-46d2d99a7a31
USFQ,Universidad San Francisco de Quito USFQ,ECONOMÍA,18,pensar de forma analítica,skill/competence,transversal,0.6952,http://data.europa.eu/esco/skill/4707da90-9cfc-46ca-8de0-38a0b7bfb137
USFQ,Universidad San Francisco de Quito USFQ,ECONOMÍA,19,asesorar sobre estrategias de mercado,skill/competence,cross-sector,0.6933,http://data.europa.eu/esco/skill/34d6ed30-5d35-44b9-9498-fd15badb5f28
USFQ,Universidad San Francisco de Quito USFQ,ECONOMÍA,20,realizar un análisis de las necesidades de los clientes,skill/competence,cross-sector,0.6932,http://data.europa.eu/esco/skill/31c83903-8fc8-4bd8-9ca4-7a98a9c31eae
USFQ,Universidad San Francisco de Quito USFQ,ECONOMÍA,21,analizar el riesgo financiero,skill/competence,cross-sector,0.6932,http://data.europa.eu/esco/skill/eb8babfb-ab91-4937-a032-6a79f82e9b7f
USFQ,Universidad San Francisco de Quito USFQ,ECONOMÍA,22,analizar las tendencias del mercado de la energía,skill/competence,cross-sector,0.6906,http://data.europa.eu/esco/skill/28878fd9-9a17-452a-b3b8-5db5c63d7905
USFQ,Universidad San Francisco de Quito USFQ,ECONOMÍA,23,elaborar software estadístico,skill/competence,cross-sector,0.6879,http://data.europa.eu/esco/skill/bb165899-d95f-4433-95f2-173fefd716d2
USFQ,Universidad San Francisco de Quito USFQ,ECONOMÍA,24,gestionar conocimientos para repercutir en las políticas,skill/competence,cross-sector,0.6875,http://data.europa.eu/esco/skill/4d39b27a-b34f-4c89-8d46-df844d42f728
USFQ,Universidad San Francisco de Quito USFQ,ECONOMÍA,25,aplicar las políticas financieras,skill/competence,cross-sector,0.6867,http://data.europa.eu/esco/skill/2313b15d-a9a7-4830-9bcc-fd7df79d842b
USFQ,Universidad San Francisco de Quito USFQ,INGENIERÍA CIVIL,1,coordinar equipos de ingeniería,skill/competence,cross-sector,0.7529,http://data.europa.eu/esco/skill/7af6e9e8-1e11-4c0b-b7c6-ac96bbbbc674
USFQ,Universidad San Francisco de Quito USFQ,INGENIERÍA CIVIL,2,gestionar proyectos de ingeniería,skill/competence,cross-sector,0.741,http://data.europa.eu/esco/skill/6a899482-8bcf-40ca-ae67-579a1cc467ab
USFQ,Universidad San Francisco de Quito USFQ,INGENIERÍA CIVIL,3,asesorar sobre temas de construcción,skill/competence,cross-sector,0.7296,http://data.europa.eu/esco/skill/3b64ab47-a874-403a-b781-7b23c2fc3c6c
USFQ,Universidad San Francisco de Quito USFQ,INGENIERÍA CIVIL,4,garantizar el cumplimiento de los plazos de construcción,skill/competence,cross-sector,0.7245,http://data.europa.eu/esco/skill/6181f475-110c-497c-a46d-ed2e14e7bc90
USFQ,Universidad San Francisco de Quito USFQ,INGENIERÍA CIVIL,5,supervisar un proyecto de construcción,skill/competence,cross-sector,0.7179,http://data.europa.eu/esco/skill/1de548e0-9535-4d2e-9d20-d4474c1ea813
USFQ,Universidad San Francisco de Quito USFQ,INGENIERÍA CIVIL,6,ingeniería civil,knowledge,cross-sector,0.7152,http://data.europa.eu/esco/skill/82887396-e5bf-4306-af51-3fe8d82790b2
USFQ,Universidad San Francisco de Quito USFQ,INGENIERÍA CIVIL,7,diseñar sistemas de transporte,skill/competence,cross-sector,0.7149,http://data.europa.eu/esco/skill/11f364dd-0814-4398-b00e-10d1be8b27af
USFQ,Universidad San Francisco de Quito USFQ,INGENIERÍA CIVIL,8,diseñar edificios,skill/competence,cross-sector,0.7073,http://data.europa.eu/esco/skill/7c3cde53-9ff7-4e82-8396-13fdfadd3432
USFQ,Universidad San Francisco de Quito USFQ,INGENIERÍA CIVIL,9,gestionar varios proyectos,skill/competence,cross-sector,0.7009,http://data.europa.eu/esco/skill/c881ddd2-9c0e-4743-bd24-36be650493dd
USFQ,Universidad San Francisco de Quito USFQ,INGENIERÍA CIVIL,10,coordinar actividades de construcción,skill/competence,cross-sector,0.7001,http://data.europa.eu/esco/skill/fff5bc45-b506-4466-8977-4869079c1cb2
USFQ,Universidad San Francisco de Quito USFQ,INGENIERÍA CIVIL,11,examinar las infraestructuras civiles,skill/competence,cross-sector,0.6933,http://data.europa.eu/esco/skill/d48b3cfe-80b6-406f-b582-d959b60417f8
USFQ,Universidad San Francisco de Quito USFQ,INGENIERÍA CIVIL,12,gestionar proyectos de investigación y desarrollo,skill/competence,cross-sector,0.6927,http://data.europa.eu/esco/skill/d5dbc342-8e39-4998-8237-ebbe05a381ce
USFQ,Universidad San Francisco de Quito USFQ,INGENIERÍA CIVIL,13,vigilar el cumplimiento de los parámetros de los proyectos de construcción,skill/competence,cross-sector,0.6916,http://data.europa.eu/esco/skill/3dd3dfa7-51c0-40ef-af46-e2df300489f6
USFQ,Universidad San Francisco de Quito USFQ,INGENIERÍA CIVIL,14,elaborar las estrategias empresariales,skill/competence,cross-sector,0.6895,http://data.europa.eu/esco/skill/ba2c6181-b036-40b4-8f6d-51499463ccbb
USFQ,Universidad San Francisco de Quito USFQ,INGENIERÍA CIVIL,15,gestionar los programas públicos,skill/competence,cross-sector,0.6849,http://data.europa.eu/esco/skill/0761f325-13e7-49f4-a41a-ec64ba4e7b9d
USFQ,Universidad San Francisco de Quito USFQ,INGENIERÍA CIVIL,16,crear soluciones para problemas,skill/competence,cross-sector,0.6843,http://data.europa.eu/esco/skill/03b9b491-fc9b-4868-914a-bf7cd47b5041
USFQ,Universidad San Francisco de Quito USFQ,INGENIERÍA CIVIL,17,desarrollar estrategias de rehabilitación tras inundaciones,skill/competence,cross-sector,0.6824,http://data.europa.eu/esco/skill/6b5d032a-b85a-44ea-9dad-5201048d2dd2
USFQ,Universidad San Francisco de Quito USFQ,INGENIERÍA CIVIL,18,preparar documentos relativos al proyecto de construcción,skill/competence,cross-sector,0.6822,http://data.europa.eu/esco/skill/80274731-15ce-490a-8d5b-f55a36b976b0
USFQ,Universidad San Francisco de Quito USFQ,INGENIERÍA CIVIL,19,integrar los principios de la ingeniería en el diseño arquitectónico,skill/competence,cross-sector,0.6819,http://data.europa.eu/esco/skill/ee239d14-bfc8-4939-91ff-824b5814ff67
USFQ,Universidad San Francisco de Quito USFQ,INGENIERÍA CIVIL,20,gestionar contratos,skill/competence,cross-sector,0.6791,http://data.europa.eu/esco/skill/92721092-fe7c-4689-96bd-4f02385bc0e7
USFQ,Universidad San Francisco de Quito USFQ,INGENIERÍA CIVIL,21,cumplir la normativa de construcción,skill/competence,cross-sector,0.6791,http://data.europa.eu/esco/skill/4ccf7d02-764c-4129-a1df-fa1dd2e12647
USFQ,Universidad San Francisco de Quito USFQ,INGENIERÍA CIVIL,22,revisar proyectos de construcción,skill/competence,cross-sector,0.6789,http://data.europa.eu/esco/skill/ea9fc9d9-c602-4430-a7fc-edac7429a6a8
USFQ,Universidad San Francisco de Quito USFQ,INGENIERÍA CIVIL,23,gestionar la instalación de estructuras para eventos,skill/competence,cross-sector,0.6785,http://data.europa.eu/esco/skill/0e503b48-5491-4529-879e-b112251f8d50
USFQ,Universidad San Francisco de Quito USFQ,INGENIERÍA CIVIL,24,supervisar obras de construcción,skill/competence,cross-sector,0.6777,http://data.europa.eu/esco/skill/fc1a75bb-70e3-4005-881f-7709bf7b0ed4
USFQ,Universidad San Francisco de Quito USFQ,INGENIERÍA CIVIL,25,proteger humedales en el desarrollo de proyectos,skill/competence,cross-sector,0.6772,http://data.europa.eu/esco/skill/e2028206-3060-4e81-8350-77baefabefde
USFQ,Universidad San Francisco de Quito USFQ,INGENIERÍA QUÍMICA,1,mejorar procesos químicos,skill/competence,cross-sector,0.787,http://data.europa.eu/esco/skill/451c8010-7dbb-4f96-b4d4-0955766d9eff
USFQ,Universidad San Francisco de Quito USFQ,INGENIERÍA QUÍMICA,2,fabricar productos químicos,skill/competence,cross-sector,0.7775,http://data.europa.eu/esco/skill/4309a39d-af97-4e56-8d0e-5351b7b8dd01
USFQ,Universidad San Francisco de Quito USFQ,INGENIERÍA QUÍMICA,3,gestionar el impacto medioambiental de las operaciones,skill/competence,cross-sector,0.76,http://data.europa.eu/esco/skill/d86babea-bf8b-4552-81a8-daf706066ad6
USFQ,Universidad San Francisco de Quito USFQ,INGENIERÍA QUÍMICA,4,coordinar esfuerzos ambientales,skill/competence,cross-sector,0.7447,http://data.europa.eu/esco/skill/bd70f004-e1d6-43f0-96f1-59c014a4ea01
USFQ,Universidad San Francisco de Quito USFQ,INGENIERÍA QUÍMICA,5,desarrollar normas y procedimientos de fabricación,skill/competence,cross-sector,0.7425,http://data.europa.eu/esco/skill/764db027-9063-4468-acb3-c73ecfc76f35
USFQ,Universidad San Francisco de Quito USFQ,INGENIERÍA QUÍMICA,6,manipular productos químicos,skill/competence,cross-sector,0.7417,http://data.europa.eu/esco/skill/2416dc09-6384-409e-8b1d-80bb7a2e7369
USFQ,Universidad San Francisco de Quito USFQ,INGENIERÍA QUÍMICA,7,desarrollar procedimientos de ensayo de materiales,skill/competence,cross-sector,0.7369,http://data.europa.eu/esco/skill/658b6ea0-79f5-451d-a037-7593a4416c85
USFQ,Universidad San Francisco de Quito USFQ,INGENIERÍA QUÍMICA,8,evaluar el impacto ambiental de yacimientos y zonas industriales,skill/competence,cross-sector,0.7336,http://data.europa.eu/esco/skill/f12f094b-492f-4e88-b36b-50b8e58b7500
USFQ,Universidad San Francisco de Quito USFQ,INGENIERÍA QUÍMICA,9,gestionar empresas de producción,skill/competence,cross-sector,0.73,http://data.europa.eu/esco/skill/435d1751-8667-41ec-8b32-865b7cd3c684
USFQ,Universidad San Francisco de Quito USFQ,INGENIERÍA QUÍMICA,10,elaborar fórmulas de fabricación,skill/competence,cross-sector,0.7276,http://data.europa.eu/esco/skill/b2ad4e50-cb82-4a34-ab3e-5b5f6c4f9b65
USFQ,Universidad San Francisco de Quito USFQ,INGENIERÍA QUÍMICA,11,gestionar procedimientos de ensayos de sustancias químicas,skill/competence,cross-sector,0.7271,http://data.europa.eu/esco/skill/abcfd4de-3b3d-48ed-a002-36071bad8d46
USFQ,Universidad San Francisco de Quito USFQ,INGENIERÍA QUÍMICA,12,realizar todas las actividades de ingeniería de procesos,skill/competence,cross-sector,0.727,http://data.europa.eu/esco/skill/8b9d609a-6d62-4d5c-9133-01d41979cfac
USFQ,Universidad San Francisco de Quito USFQ,INGENIERÍA QUÍMICA,13,asesorar sobre la reducción del uso de sustancias químicas,skill/competence,cross-sector,0.7252,http://data.europa.eu/esco/skill/09c28e46-712a-4c11-a4ae-67ae554ea940
USFQ,Universidad San Francisco de Quito USFQ,INGENIERÍA QUÍMICA,14,desarrollar medicamentos,skill/competence,cross-sector,0.7246,http://data.europa.eu/esco/skill/d8aa87e2-bbe4-45ac-a1e4-f48b6f63952e
USFQ,Universidad San Francisco de Quito USFQ,INGENIERÍA QUÍMICA,15,trabajar con sustancias químicas,skill/competence,cross-sector,0.7243,http://data.europa.eu/esco/skill/929a997b-d56c-4383-b36d-6de9fa0e1721
USFQ,Universidad San Francisco de Quito USFQ,INGENIERÍA QUÍMICA,16,manipular productos químicos de limpieza,skill/competence,cross-sector,0.7231,http://data.europa.eu/esco/skill/51a26193-9abe-4bce-9108-f50835be1c35
USFQ,Universidad San Francisco de Quito USFQ,INGENIERÍA QUÍMICA,17,crear soluciones para problemas,skill/competence,cross-sector,0.7229,http://data.europa.eu/esco/skill/03b9b491-fc9b-4868-914a-bf7cd47b5041
USFQ,Universidad San Francisco de Quito USFQ,INGENIERÍA QUÍMICA,18,elaborar las estrategias empresariales,skill/competence,cross-sector,0.7226,http://data.europa.eu/esco/skill/ba2c6181-b036-40b4-8f6d-51499463ccbb
USFQ,Universidad San Francisco de Quito USFQ,INGENIERÍA QUÍMICA,19,supervisar sistemas de gestión ambiental,skill/competence,cross-sector,0.7213,http://data.europa.eu/esco/skill/b13e0689-636d-42d0-86c3-df9d6f85a882
USFQ,Universidad San Francisco de Quito USFQ,INGENIERÍA QUÍMICA,20,desarrollar métodos de purificación de agua,skill/competence,cross-sector,0.7205,http://data.europa.eu/esco/skill/6af000e5-a451-4f78-9feb-723971f2ad05
USFQ,Universidad San Francisco de Quito USFQ,INGENIERÍA QUÍMICA,21,mejorar procesos empresariales,skill/competence,cross-sector,0.7182,http://data.europa.eu/esco/skill/75b30aeb-34c0-40f4-b77d-271d75a98b14
USFQ,Universidad San Francisco de Quito USFQ,INGENIERÍA QUÍMICA,22,establecer directrices de fabricación,skill/competence,cross-sector,0.7156,http://data.europa.eu/esco/skill/37520413-563e-4d99-a14c-1c6dca3cf833
USFQ,Universidad San Francisco de Quito USFQ,INGENIERÍA QUÍMICA,23,química,knowledge,cross-sector,0.7149,http://data.europa.eu/esco/skill/cde9911c-f92e-4de1-811f-336e177ac4ce
USFQ,Universidad San Francisco de Quito USFQ,INGENIERÍA QUÍMICA,24,integrar productos nuevos en la cadena de fabricación,skill/competence,cross-sector,0.7131,http://data.europa.eu/esco/skill/8a753714-9a19-4418-9b37-77e79d72c705
USFQ,Universidad San Francisco de Quito USFQ,INGENIERÍA QUÍMICA,25,gestionar experimentos a gran escala para la fabricación de alimentos,skill/competence,cross-sector,0.7126,http://data.europa.eu/esco/skill/950c1106-4ea1-4fb7-a115-5dd5adcc1ea4
USFQ,Universidad San Francisco de Quito USFQ,INGENIERÍA INDUSTRIAL,1,analizar estrategias de gestión de la cadena de suministro,skill/competence,cross-sector,0.8107,http://data.europa.eu/esco/skill/96d549bb-3e62-4c45-92a7-f114df089581
USFQ,Universidad San Francisco de Quito USFQ,INGENIERÍA INDUSTRIAL,2,gestionar empresas de producción,skill/competence,cross-sector,0.7894,http://data.europa.eu/esco/skill/435d1751-8667-41ec-8b32-865b7cd3c684
USFQ,Universidad San Francisco de Quito USFQ,INGENIERÍA INDUSTRIAL,3,gestionar los suministros,skill/competence,cross-sector,0.7865,http://data.europa.eu/esco/skill/020b3c27-bae1-4b85-9d6f-eccee0f5ed99
USFQ,Universidad San Francisco de Quito USFQ,INGENIERÍA INDUSTRIAL,4,gestionar la logística,skill/competence,cross-sector,0.7752,http://data.europa.eu/esco/skill/953c0b65-537a-42fe-a90b-26cd36c64361
USFQ,Universidad San Francisco de Quito USFQ,INGENIERÍA INDUSTRIAL,5,integrar productos nuevos en la cadena de fabricación,skill/competence,cross-sector,0.7705,http://data.europa.eu/esco/skill/8a753714-9a19-4418-9b37-77e79d72c705
USFQ,Universidad San Francisco de Quito USFQ,INGENIERÍA INDUSTRIAL,6,desarrollar normas y procedimientos de fabricación,skill/competence,cross-sector,0.7589,http://data.europa.eu/esco/skill/764db027-9063-4468-acb3-c73ecfc76f35
USFQ,Universidad San Francisco de Quito USFQ,INGENIERÍA INDUSTRIAL,7,coordinar las actividades de producción,skill/competence,cross-sector,0.7551,http://data.europa.eu/esco/skill/05c00631-b864-4842-b47e-06710c197c7a
USFQ,Universidad San Francisco de Quito USFQ,INGENIERÍA INDUSTRIAL,8,controlar la producción,skill/competence,cross-sector,0.7548,http://data.europa.eu/esco/skill/feceacee-d425-4e73-821a-02dfb85084db
USFQ,Universidad San Francisco de Quito USFQ,INGENIERÍA INDUSTRIAL,9,planificar procesos de fabricación,skill/competence,cross-sector,0.7517,http://data.europa.eu/esco/skill/7d0f33ea-e724-4d77-8b75-ee4fe66bb9ba
USFQ,Universidad San Francisco de Quito USFQ,INGENIERÍA INDUSTRIAL,10,mejorar procesos empresariales,skill/competence,cross-sector,0.751,http://data.europa.eu/esco/skill/75b30aeb-34c0-40f4-b77d-271d75a98b14
USFQ,Universidad San Francisco de Quito USFQ,INGENIERÍA INDUSTRIAL,11,impartir formación sobre cómo supervisar la gestión de la calidad,skill/competence,cross-sector,0.7508,http://data.europa.eu/esco/skill/09e7cd13-ea36-4694-afe5-f34373759392
USFQ,Universidad San Francisco de Quito USFQ,INGENIERÍA INDUSTRIAL,12,verificar las exigencias de fabricación,skill/competence,cross-sector,0.7489,http://data.europa.eu/esco/skill/277f489c-7a47-4791-bd87-61ca01737f96
USFQ,Universidad San Francisco de Quito USFQ,INGENIERÍA INDUSTRIAL,13,realizar diversas tareas organizativas en la empresa,skill/competence,cross-sector,0.7448,http://data.europa.eu/esco/skill/01755f08-4df4-4cf0-8d22-08f94cad68b5
USFQ,Universidad San Francisco de Quito USFQ,INGENIERÍA INDUSTRIAL,14,gestionar la calidad,skill/competence,transversal,0.7443,http://data.europa.eu/esco/skill/35ebe444-9ece-4fbc-a55d-e99ea37267ae
USFQ,Universidad San Francisco de Quito USFQ,INGENIERÍA INDUSTRIAL,15,analizar procesos de producción para introducir mejoras,skill/competence,cross-sector,0.7442,http://data.europa.eu/esco/skill/f1b5800e-b763-4740-9586-3fef30568e81
USFQ,Universidad San Francisco de Quito USFQ,INGENIERÍA INDUSTRIAL,16,gestionar recursos empresariales,skill/competence,cross-sector,0.7389,http://data.europa.eu/esco/skill/911e13ee-1eec-4243-88c8-3c08a3681a19
USFQ,Universidad San Francisco de Quito USFQ,INGENIERÍA INDUSTRIAL,17,analizar procesos empresariales,skill/competence,cross-sector,0.7387,http://data.europa.eu/esco/skill/56042303-972b-41be-9310-58467599ff7e
USFQ,Universidad San Francisco de Quito USFQ,INGENIERÍA INDUSTRIAL,18,inspeccionar la calidad de los productos,skill/competence,cross-sector,0.7387,http://data.europa.eu/esco/skill/1a3660c2-011c-4e96-9b1d-529afc305428
USFQ,Universidad San Francisco de Quito USFQ,INGENIERÍA INDUSTRIAL,19,gestionar sistemas de instrumentación,skill/competence,cross-sector,0.7378,http://data.europa.eu/esco/skill/5d71a91f-cc72-4b66-b6e3-d75ecc05e235
USFQ,Universidad San Francisco de Quito USFQ,INGENIERÍA INDUSTRIAL,20,realizar el control de procesos en la industria de prendas de vestir,skill/competence,cross-sector,0.7361,http://data.europa.eu/esco/skill/58c080f9-71d5-429d-9476-bc9e742d460c
USFQ,Universidad San Francisco de Quito USFQ,INGENIERÍA INDUSTRIAL,21,administrar la logística multimodal,skill/competence,cross-sector,0.7353,http://data.europa.eu/esco/skill/52f6fca4-1ab6-4588-983d-15a278148961
USFQ,Universidad San Francisco de Quito USFQ,INGENIERÍA INDUSTRIAL,22,planificar la gestión de productos,skill/competence,cross-sector,0.7315,http://data.europa.eu/esco/skill/29fb886c-6be0-4e93-9ea1-232881f2092a
USFQ,Universidad San Francisco de Quito USFQ,INGENIERÍA INDUSTRIAL,23,programar la producción,skill/competence,cross-sector,0.7313,http://data.europa.eu/esco/skill/2a778aeb-f246-4f03-9a96-c60183001037
USFQ,Universidad San Francisco de Quito USFQ,INGENIERÍA INDUSTRIAL,24,elaborar las estrategias empresariales,skill/competence,cross-sector,0.7255,http://data.europa.eu/esco/skill/ba2c6181-b036-40b4-8f6d-51499463ccbb
USFQ,Universidad San Francisco de Quito USFQ,INGENIERÍA INDUSTRIAL,25,gestión de la cadena de suministro,knowledge,cross-sector,0.7252,http://data.europa.eu/esco/skill/f929c89e-c363-4132-a918-e021d57b307c
USFQ,Universidad San Francisco de Quito USFQ,MECÁNICA,1,diseñar sistemas electromecánicos,skill/competence,cross-sector,0.7614,http://data.europa.eu/esco/skill/c5422318-3218-4ce9-9bdd-f38b93ff63a3
USFQ,Universidad San Francisco de Quito USFQ,MECÁNICA,2,diseñar componentes de ingeniería,skill/competence,cross-sector,0.7325,http://data.europa.eu/esco/skill/87434439-c07d-48be-af34-b0cdd03121c4
USFQ,Universidad San Francisco de Quito USFQ,MECÁNICA,3,diseñar componentes de automatización,skill/competence,cross-sector,0.7289,http://data.europa.eu/esco/skill/f96f5aa5-6ed7-40dc-a431-68b0a09d6d4b
USFQ,Universidad San Francisco de Quito USFQ,MECÁNICA,4,diseñar sistemas microelectromecánicos,skill/competence,cross-sector,0.7247,http://data.europa.eu/esco/skill/c022ff1b-7783-4e64-89ef-0422c81ff51f
USFQ,Universidad San Francisco de Quito USFQ,MECÁNICA,5,diseñar sistemas eléctricos,skill/competence,cross-sector,0.7237,http://data.europa.eu/esco/skill/05010f6c-0b40-4525-ac4a-057d46a2b6f4
USFQ,Universidad San Francisco de Quito USFQ,MECÁNICA,6,diseñar sistemas electrónicos,skill/competence,cross-sector,0.6986,http://data.europa.eu/esco/skill/feb717ff-fba6-4a91-aa10-ee11cf2da6b4
USFQ,Universidad San Francisco de Quito USFQ,MECÁNICA,7,electromecánica,knowledge,cross-sector,0.6979,http://data.europa.eu/esco/skill/2bbdea06-a265-42b5-bb4f-7241b661f069
USFQ,Universidad San Francisco de Quito USFQ,MECÁNICA,8,mecatrónica,knowledge,cross-sector,0.6968,http://data.europa.eu/esco/skill/d88cb3f1-8e02-4618-bf32-4b0488066934
USFQ,Universidad San Francisco de Quito USFQ,MECÁNICA,9,sistemas mecánicos,knowledge,cross-sector,0.6926,http://data.europa.eu/esco/skill/69bece91-c806-42ad-bde4-db28c7f8fc4b
USFQ,Universidad San Francisco de Quito USFQ,MECÁNICA,10,diseñar sistemas de control,skill/competence,cross-sector,0.6923,http://data.europa.eu/esco/skill/d560df46-dda4-4407-bab2-b87353a96814
USFQ,Universidad San Francisco de Quito USFQ,MECÁNICA,11,realizar trabajos técnicos difíciles,skill/competence,cross-sector,0.691,http://data.europa.eu/esco/skill/2d780738-9b34-40a3-adbb-590001f6ff86
USFQ,Universidad San Francisco de Quito USFQ,MECÁNICA,12,ingeniería ambiental,knowledge,cross-sector,0.6879,http://data.europa.eu/esco/skill/b1b118c4-3291-484e-b64d-6d51fd5da8b3
USFQ,Universidad San Francisco de Quito USFQ,MECÁNICA,13,asesorar sobre soluciones sostenibles,skill/competence,cross-sector,0.6867,http://data.europa.eu/esco/skill/dbef5042-4b99-4e6f-b2ed-1d33b07b3ed6
USFQ,Universidad San Francisco de Quito USFQ,MECÁNICA,14,desarrollar nuevas técnicas de soldadura,skill/competence,cross-sector,0.6843,http://data.europa.eu/esco/skill/d73a88a6-6325-4c2b-887c-5d598580afad
USFQ,Universidad San Francisco de Quito USFQ,MECÁNICA,15,desarrollar procedimientos de ensayo de materiales,skill/competence,cross-sector,0.6839,http://data.europa.eu/esco/skill/658b6ea0-79f5-451d-a037-7593a4416c85
USFQ,Universidad San Francisco de Quito USFQ,MECÁNICA,16,diseñar planos técnicos,skill/competence,cross-sector,0.6837,http://data.europa.eu/esco/skill/5c98825f-146d-4d35-97cf-207b2afd9ae2
USFQ,Universidad San Francisco de Quito USFQ,MECÁNICA,17,desarrollar sistemas de instrumentación,skill/competence,cross-sector,0.6824,http://data.europa.eu/esco/skill/d8c19849-f4cf-458d-90cd-abe735a729bf
USFQ,Universidad San Francisco de Quito USFQ,MECÁNICA,18,proporcionar experiencia técnica,skill/competence,cross-sector,0.6819,http://data.europa.eu/esco/skill/c69587b4-05d3-45bb-b79b-9b85e6603fc2
USFQ,Universidad San Francisco de Quito USFQ,MECÁNICA,19,herramientas mecánicas,knowledge,cross-sector,0.6806,http://data.europa.eu/esco/skill/44297bbb-306a-46fa-ab1b-fa3fb327ebda
USFQ,Universidad San Francisco de Quito USFQ,MECÁNICA,20,diseñar sistemas microelectrónicos,skill/competence,cross-sector,0.6799,http://data.europa.eu/esco/skill/8712b176-c063-462f-9d0f-2e3c54d9a2eb
USFQ,Universidad San Francisco de Quito USFQ,MECÁNICA,21,aplicar un pensamiento de diseño sistémico,skill/competence,cross-sector,0.6775,http://data.europa.eu/esco/skill/4d30ad07-9e39-4899-81dd-02b280f162f9
USFQ,Universidad San Francisco de Quito USFQ,MECÁNICA,22,desarrollar normas y procedimientos de fabricación,skill/competence,cross-sector,0.6742,http://data.europa.eu/esco/skill/764db027-9063-4468-acb3-c73ecfc76f35
USFQ,Universidad San Francisco de Quito USFQ,MECÁNICA,23,instalar sistemas hidráulicos,skill/competence,cross-sector,0.674,http://data.europa.eu/esco/skill/753b1781-ea44-4eea-b84a-f8a76fbd6c4d
USFQ,Universidad San Francisco de Quito USFQ,MECÁNICA,24,gestionar proyectos de ingeniería,skill/competence,cross-sector,0.6732,http://data.europa.eu/esco/skill/6a899482-8bcf-40ca-ae67-579a1cc467ab
USFQ,Universidad San Francisco de Quito USFQ,MECÁNICA,25,diseñar circuitos integrados,skill/competence,cross-sector,0.6727,http://data.europa.eu/esco/skill/6d12ac9b-5ec0-49b9-bd70-5a19352585cb
USFQ,Universidad San Francisco de Quito USFQ,MECATRÓNICA,1,mecatrónica,knowledge,cross-sector,0.804,http://data.europa.eu/esco/skill/d88cb3f1-8e02-4618-bf32-4b0488066934
USFQ,Universidad San Francisco de Quito USFQ,MECATRÓNICA,2,diseñar componentes de automatización,skill/competence,cross-sector,0.7947,http://data.europa.eu/esco/skill/f96f5aa5-6ed7-40dc-a431-68b0a09d6d4b
USFQ,Universidad San Francisco de Quito USFQ,MECATRÓNICA,3,diseñar sistemas de control,skill/competence,cross-sector,0.7614,http://data.europa.eu/esco/skill/d560df46-dda4-4407-bab2-b87353a96814
USFQ,Universidad San Francisco de Quito USFQ,MECATRÓNICA,4,desarrollar sistemas de instrumentación,skill/competence,cross-sector,0.7519,http://data.europa.eu/esco/skill/d8c19849-f4cf-458d-90cd-abe735a729bf
USFQ,Universidad San Francisco de Quito USFQ,MECATRÓNICA,5,diseñar sistemas electromecánicos,skill/competence,cross-sector,0.7404,http://data.europa.eu/esco/skill/c5422318-3218-4ce9-9bdd-f38b93ff63a3
USFQ,Universidad San Francisco de Quito USFQ,MECATRÓNICA,6,diseñar sistemas microelectrónicos,skill/competence,cross-sector,0.7346,http://data.europa.eu/esco/skill/8712b176-c063-462f-9d0f-2e3c54d9a2eb
USFQ,Universidad San Francisco de Quito USFQ,MECATRÓNICA,7,robótica,knowledge,cross-sector,0.7336,http://data.europa.eu/esco/skill/e87ec79a-c9ff-46f5-84fa-7a0f394cdf40
USFQ,Universidad San Francisco de Quito USFQ,MECATRÓNICA,8,diseñar circuitos integrados,skill/competence,cross-sector,0.73,http://data.europa.eu/esco/skill/6d12ac9b-5ec0-49b9-bd70-5a19352585cb
USFQ,Universidad San Francisco de Quito USFQ,MECATRÓNICA,9,diseñar componentes de ingeniería,skill/competence,cross-sector,0.7279,http://data.europa.eu/esco/skill/87434439-c07d-48be-af34-b0cdd03121c4
USFQ,Universidad San Francisco de Quito USFQ,MECATRÓNICA,10,gestionar sistemas de instrumentación,skill/competence,cross-sector,0.7249,http://data.europa.eu/esco/skill/5d71a91f-cc72-4b66-b6e3-d75ecc05e235
USFQ,Universidad San Francisco de Quito USFQ,MECATRÓNICA,11,desarrollar procedimientos de prueba electrónica,skill/competence,cross-sector,0.7215,http://data.europa.eu/esco/skill/0de6bca4-f3aa-452a-8e10-d355b2c1bfc4
USFQ,Universidad San Francisco de Quito USFQ,MECATRÓNICA,12,montar equipos de instrumentación,skill/competence,cross-sector,0.7185,http://data.europa.eu/esco/skill/af0b1937-7538-434f-871b-7e8f72e04117
USFQ,Universidad San Francisco de Quito USFQ,MECATRÓNICA,13,desarrollar procedimientos de prueba,skill/competence,cross-sector,0.7153,http://data.europa.eu/esco/skill/f10142ce-d522-49c3-9fd1-054fb63529d4
USFQ,Universidad San Francisco de Quito USFQ,MECATRÓNICA,14,desarrollar procedimientos de ensayo de materiales,skill/competence,cross-sector,0.706,http://data.europa.eu/esco/skill/658b6ea0-79f5-451d-a037-7593a4416c85
USFQ,Universidad San Francisco de Quito USFQ,MECATRÓNICA,15,diseñar sistemas microelectromecánicos,skill/competence,cross-sector,0.7054,http://data.europa.eu/esco/skill/c022ff1b-7783-4e64-89ef-0422c81ff51f
USFQ,Universidad San Francisco de Quito USFQ,MECATRÓNICA,16,desarrollar normas y procedimientos de fabricación,skill/competence,cross-sector,0.7038,http://data.europa.eu/esco/skill/764db027-9063-4468-acb3-c73ecfc76f35
USFQ,Universidad San Francisco de Quito USFQ,MECATRÓNICA,17,realizar investigaciones de laboratorio,skill/competence,cross-sector,0.7012,http://data.europa.eu/esco/skill/9e8863fc-e8de-4df1-9bc6-3d5dd85b8070
USFQ,Universidad San Francisco de Quito USFQ,MECATRÓNICA,18,realizar trabajos técnicos difíciles,skill/competence,cross-sector,0.7002,http://data.europa.eu/esco/skill/2d780738-9b34-40a3-adbb-590001f6ff86
USFQ,Universidad San Francisco de Quito USFQ,MECATRÓNICA,19,comunicar y colaborar con ingenieros sobre diseño de productos y desarrollo de productos nuevos,skill/competence,cross-sector,0.7,http://data.europa.eu/esco/skill/94b2c46e-6338-4a1d-950a-d44eef018c53
USFQ,Universidad San Francisco de Quito USFQ,MECATRÓNICA,20,integrar productos nuevos en la cadena de fabricación,skill/competence,cross-sector,0.6995,http://data.europa.eu/esco/skill/8a753714-9a19-4418-9b37-77e79d72c705
USFQ,Universidad San Francisco de Quito USFQ,MECATRÓNICA,21,operar sistemas de control informatizados,skill/competence,cross-sector,0.6995,http://data.europa.eu/esco/skill/b916d60e-38e9-4241-914a-4e2144bda711
USFQ,Universidad San Francisco de Quito USFQ,MECATRÓNICA,22,electromecánica,knowledge,cross-sector,0.6993,http://data.europa.eu/esco/skill/2bbdea06-a265-42b5-bb4f-7241b661f069
USFQ,Universidad San Francisco de Quito USFQ,MECATRÓNICA,23,diseñar sistemas eléctricos,skill/competence,cross-sector,0.6971,http://data.europa.eu/esco/skill/05010f6c-0b40-4525-ac4a-057d46a2b6f4
USFQ,Universidad San Francisco de Quito USFQ,MECATRÓNICA,24,diseñar sistemas electrónicos,skill/competence,cross-sector,0.697,http://data.europa.eu/esco/skill/feb717ff-fba6-4a91-aa10-ee11cf2da6b4
USFQ,Universidad San Francisco de Quito USFQ,MECATRÓNICA,25,desarrollar nuevas técnicas de soldadura,skill/competence,cross-sector,0.6965,http://data.europa.eu/esco/skill/d73a88a6-6325-4c2b-887c-5d598580afad
USFQ,Universidad San Francisco de Quito USFQ,SISTEMAS DE INFORMACIÓN,1,elaborar las estrategias empresariales,skill/competence,cross-sector,0.7347,http://data.europa.eu/esco/skill/ba2c6181-b036-40b4-8f6d-51499463ccbb
USFQ,Universidad San Francisco de Quito USFQ,SISTEMAS DE INFORMACIÓN,2,crear soluciones para problemas informativos,skill/competence,cross-sector,0.7252,http://data.europa.eu/esco/skill/4539aeca-b56f-4d03-ba86-8f675a7f2536
USFQ,Universidad San Francisco de Quito USFQ,SISTEMAS DE INFORMACIÓN,3,liderar el proceso de planificación estratégica de la marca,skill/competence,cross-sector,0.7243,http://data.europa.eu/esco/skill/fb221711-05c3-4196-ba72-813ed5bd040e
USFQ,Universidad San Francisco de Quito USFQ,SISTEMAS DE INFORMACIÓN,4,Proponer soluciones tecnológicas a problemas empresariales,skill/competence,cross-sector,0.7208,http://data.europa.eu/esco/skill/07e51c60-763a-4335-b4ec-70a15f66d328
USFQ,Universidad San Francisco de Quito USFQ,SISTEMAS DE INFORMACIÓN,5,"gestionar datos, información y contenido digitales",skill/competence,cross-sector,0.7204,http://data.europa.eu/esco/skill/4d97e3c3-f335-47cc-a4ee-0d779fd42222
USFQ,Universidad San Francisco de Quito USFQ,SISTEMAS DE INFORMACIÓN,6,gestionar conocimientos empresariales,skill/competence,cross-sector,0.7096,http://data.europa.eu/esco/skill/41bf7ede-fc84-4a57-8c89-b548d11b0ba1
USFQ,Universidad San Francisco de Quito USFQ,SISTEMAS DE INFORMACIÓN,7,realizar gestión de clientes,skill/competence,cross-sector,0.7091,http://data.europa.eu/esco/skill/91306a20-9b81-4f3d-97eb-f5368b607da7
USFQ,Universidad San Francisco de Quito USFQ,SISTEMAS DE INFORMACIÓN,8,desarrollar estrategias de comunicación,skill/competence,cross-sector,0.7066,http://data.europa.eu/esco/skill/3c834f6e-523a-49ee-8ed1-e073e28ae6fe
USFQ,Universidad San Francisco de Quito USFQ,SISTEMAS DE INFORMACIÓN,9,crear soluciones para problemas,skill/competence,cross-sector,0.705,http://data.europa.eu/esco/skill/03b9b491-fc9b-4868-914a-bf7cd47b5041
USFQ,Universidad San Francisco de Quito USFQ,SISTEMAS DE INFORMACIÓN,10,detectar necesidades tecnológicas,skill/competence,cross-sector,0.703,http://data.europa.eu/esco/skill/42fcf80d-7b45-40f3-bd2f-5411c4c0dfa0
USFQ,Universidad San Francisco de Quito USFQ,SISTEMAS DE INFORMACIÓN,11,desarrollar políticas de la organización,skill/competence,cross-sector,0.7002,http://data.europa.eu/esco/skill/3254275d-a1b5-4640-9481-02f38780ac35
USFQ,Universidad San Francisco de Quito USFQ,SISTEMAS DE INFORMACIÓN,12,asesorar a la clientela acerca de las posibilidades técnicas,skill/competence,cross-sector,0.6998,http://data.europa.eu/esco/skill/7b3abd38-61ae-42a4-88bb-0884784f9ee1
USFQ,Universidad San Francisco de Quito USFQ,SISTEMAS DE INFORMACIÓN,13,desarrollar planes comerciales de ventas en línea,skill/competence,cross-sector,0.6979,http://data.europa.eu/esco/skill/eb2ae1c7-ba57-4695-8f29-9dd41c26e01e
USFQ,Universidad San Francisco de Quito USFQ,SISTEMAS DE INFORMACIÓN,14,mejorar procesos empresariales,skill/competence,cross-sector,0.6954,http://data.europa.eu/esco/skill/75b30aeb-34c0-40f4-b77d-271d75a98b14
USFQ,Universidad San Francisco de Quito USFQ,SISTEMAS DE INFORMACIÓN,15,gestionar sistemas administrativos,skill/competence,cross-sector,0.6953,http://data.europa.eu/esco/skill/6ae8306a-4f9d-4410-ac82-6406f3cbd16a
USFQ,Universidad San Francisco de Quito USFQ,SISTEMAS DE INFORMACIÓN,16,interpretar la información comercial,skill/competence,cross-sector,0.695,http://data.europa.eu/esco/skill/3cb68bb2-66fc-495a-af82-012338a9402b
USFQ,Universidad San Francisco de Quito USFQ,SISTEMAS DE INFORMACIÓN,17,resolver problemas de sistemas TIC,skill/competence,cross-sector,0.6931,http://data.europa.eu/esco/skill/9e06bac6-6b91-48ca-8b7d-c1f48cdecd7c
USFQ,Universidad San Francisco de Quito USFQ,SISTEMAS DE INFORMACIÓN,18,gestionar sistemas de instrumentación,skill/competence,cross-sector,0.6919,http://data.europa.eu/esco/skill/5d71a91f-cc72-4b66-b6e3-d75ecc05e235
USFQ,Universidad San Francisco de Quito USFQ,SISTEMAS DE INFORMACIÓN,19,identificar requisitos del cliente,skill/competence,cross-sector,0.6917,http://data.europa.eu/esco/skill/0e0c9c11-b39e-43cf-ba95-2fe646f5de64
USFQ,Universidad San Francisco de Quito USFQ,SISTEMAS DE INFORMACIÓN,20,desarrollar normas de información,skill/competence,cross-sector,0.6902,http://data.europa.eu/esco/skill/1b3fc0e0-c6f9-45fc-9c6e-14bbba662979
USFQ,Universidad San Francisco de Quito USFQ,SISTEMAS DE INFORMACIÓN,21,asesorar sobre estrategias de comunicación,skill/competence,cross-sector,0.6898,http://data.europa.eu/esco/skill/69f36674-440a-4fa0-89f9-1b70172ebb9d
USFQ,Universidad San Francisco de Quito USFQ,SISTEMAS DE INFORMACIÓN,22,guiar a los gestores de los diferentes departamentos de la empresa,skill/competence,cross-sector,0.6885,http://data.europa.eu/esco/skill/3e61ee41-2bd9-466f-b313-00ce04072410
USFQ,Universidad San Francisco de Quito USFQ,SISTEMAS DE INFORMACIÓN,23,gestionar procesos de flujo de trabajo,skill/competence,cross-sector,0.6881,http://data.europa.eu/esco/skill/7add3681-17b6-4027-8a9d-ee92d2b96a42
USFQ,Universidad San Francisco de Quito USFQ,SISTEMAS DE INFORMACIÓN,24,crear modelos de procesos empresariales,skill/competence,cross-sector,0.6868,http://data.europa.eu/esco/skill/6a7792a9-888a-46ad-afc9-2c0d94c8fde6
USFQ,Universidad San Francisco de Quito USFQ,SISTEMAS DE INFORMACIÓN,25,transmitir planes de negocios a colaboradores,skill/competence,cross-sector,0.686,http://data.europa.eu/esco/skill/a9c205ef-365a-4ae4-b905-cb48ba761ff0
USFQ,Universidad San Francisco de Quito USFQ,TELECOMUNICACIONES,1,diseñar sistemas de control,skill/competence,cross-sector,0.7817,http://data.europa.eu/esco/skill/d560df46-dda4-4407-bab2-b87353a96814
USFQ,Universidad San Francisco de Quito USFQ,TELECOMUNICACIONES,2,desarrollar procedimientos de prueba electrónica,skill/competence,cross-sector,0.777,http://data.europa.eu/esco/skill/0de6bca4-f3aa-452a-8e10-d355b2c1bfc4
USFQ,Universidad San Francisco de Quito USFQ,TELECOMUNICACIONES,3,diseñar componentes de automatización,skill/competence,cross-sector,0.7446,http://data.europa.eu/esco/skill/f96f5aa5-6ed7-40dc-a431-68b0a09d6d4b
USFQ,Universidad San Francisco de Quito USFQ,TELECOMUNICACIONES,4,diseñar sistemas microelectrónicos,skill/competence,cross-sector,0.7415,http://data.europa.eu/esco/skill/8712b176-c063-462f-9d0f-2e3c54d9a2eb
USFQ,Universidad San Francisco de Quito USFQ,TELECOMUNICACIONES,5,coordinar equipos de ingeniería,skill/competence,cross-sector,0.7391,http://data.europa.eu/esco/skill/7af6e9e8-1e11-4c0b-b7c6-ac96bbbbc674
USFQ,Universidad San Francisco de Quito USFQ,TELECOMUNICACIONES,6,crear soluciones para problemas informativos,skill/competence,cross-sector,0.7389,http://data.europa.eu/esco/skill/4539aeca-b56f-4d03-ba86-8f675a7f2536
USFQ,Universidad San Francisco de Quito USFQ,TELECOMUNICACIONES,7,asesorar a la clientela acerca de las posibilidades técnicas,skill/competence,cross-sector,0.7368,http://data.europa.eu/esco/skill/7b3abd38-61ae-42a4-88bb-0884784f9ee1
USFQ,Universidad San Francisco de Quito USFQ,TELECOMUNICACIONES,8,gestionar sistemas de instrumentación,skill/competence,cross-sector,0.7309,http://data.europa.eu/esco/skill/5d71a91f-cc72-4b66-b6e3-d75ecc05e235
USFQ,Universidad San Francisco de Quito USFQ,TELECOMUNICACIONES,9,desarrollar sistemas de instrumentación,skill/competence,cross-sector,0.7295,http://data.europa.eu/esco/skill/d8c19849-f4cf-458d-90cd-abe735a729bf
USFQ,Universidad San Francisco de Quito USFQ,TELECOMUNICACIONES,10,gestionar proyectos de investigación y desarrollo,skill/competence,cross-sector,0.7289,http://data.europa.eu/esco/skill/d5dbc342-8e39-4998-8237-ebbe05a381ce
USFQ,Universidad San Francisco de Quito USFQ,TELECOMUNICACIONES,11,actuar de enlace con los ingenieros,skill/competence,cross-sector,0.7241,http://data.europa.eu/esco/skill/c5c51528-ccfc-4c53-b409-c200aaa44222
USFQ,Universidad San Francisco de Quito USFQ,TELECOMUNICACIONES,12,comunicar y colaborar con ingenieros sobre diseño de productos y desarrollo de productos nuevos,skill/competence,cross-sector,0.7237,http://data.europa.eu/esco/skill/94b2c46e-6338-4a1d-950a-d44eef018c53
USFQ,Universidad San Francisco de Quito USFQ,TELECOMUNICACIONES,13,diseñar componentes de ingeniería,skill/competence,cross-sector,0.7235,http://data.europa.eu/esco/skill/87434439-c07d-48be-af34-b0cdd03121c4
USFQ,Universidad San Francisco de Quito USFQ,TELECOMUNICACIONES,14,diseñar sistemas eléctricos,skill/competence,cross-sector,0.7226,http://data.europa.eu/esco/skill/05010f6c-0b40-4525-ac4a-057d46a2b6f4
USFQ,Universidad San Francisco de Quito USFQ,TELECOMUNICACIONES,15,elaborar las estrategias empresariales,skill/competence,cross-sector,0.7224,http://data.europa.eu/esco/skill/ba2c6181-b036-40b4-8f6d-51499463ccbb
USFQ,Universidad San Francisco de Quito USFQ,TELECOMUNICACIONES,16,resolver problemas técnicos,skill/competence,cross-sector,0.7202,http://data.europa.eu/esco/skill/14832d87-2f2f-4895-b290-e4760ebae42a
USFQ,Universidad San Francisco de Quito USFQ,TELECOMUNICACIONES,17,desarrollar procedimientos de prueba,skill/competence,cross-sector,0.7191,http://data.europa.eu/esco/skill/f10142ce-d522-49c3-9fd1-054fb63529d4
USFQ,Universidad San Francisco de Quito USFQ,TELECOMUNICACIONES,18,ingeniería de telecomunicaciones,knowledge,cross-sector,0.719,http://data.europa.eu/esco/skill/14764a75-3104-4875-ba1d-57c059b9b013
USFQ,Universidad San Francisco de Quito USFQ,TELECOMUNICACIONES,19,establecer directrices de fabricación,skill/competence,cross-sector,0.7181,http://data.europa.eu/esco/skill/37520413-563e-4d99-a14c-1c6dca3cf833
USFQ,Universidad San Francisco de Quito USFQ,TELECOMUNICACIONES,20,detectar y corregir errores de las tecnologías de la información y de las comunicaciones,skill/competence,cross-sector,0.718,http://data.europa.eu/esco/skill/744442ac-c157-4350-8be0-ce454df4f5c5
USFQ,Universidad San Francisco de Quito USFQ,TELECOMUNICACIONES,21,evaluar las necesidades energéticas,skill/competence,cross-sector,0.7179,http://data.europa.eu/esco/skill/36fccad9-1d20-4104-bcc2-a8ea9d1ce5ea
USFQ,Universidad San Francisco de Quito USFQ,TELECOMUNICACIONES,22,electrónica,knowledge,cross-sector,0.7176,http://data.europa.eu/esco/skill/95c35c3a-035f-47c2-90cf-7e934d20fc08
USFQ,Universidad San Francisco de Quito USFQ,TELECOMUNICACIONES,23,gestionar proyectos de ingeniería,skill/competence,cross-sector,0.7155,http://data.europa.eu/esco/skill/6a899482-8bcf-40ca-ae67-579a1cc467ab
USFQ,Universidad San Francisco de Quito USFQ,TELECOMUNICACIONES,24,desarrollar estrategias de comunicación,skill/competence,cross-sector,0.7151,http://data.europa.eu/esco/skill/3c834f6e-523a-49ee-8ed1-e073e28ae6fe
USFQ,Universidad San Francisco de Quito USFQ,TELECOMUNICACIONES,25,operar sistemas de control informatizados,skill/competence,cross-sector,0.714,http://data.europa.eu/esco/skill/b916d60e-38e9-4241-914a-4e2144bda711
UDLA,Universidad de Las Américas,ADMINISTRACIÓN DE EMPRESAS,1,gestionar empresas de producción,skill/competence,cross-sector,0.7547,http://data.europa.eu/esco/skill/435d1751-8667-41ec-8b32-865b7cd3c684
UDLA,Universidad de Las Américas,ADMINISTRACIÓN DE EMPRESAS,2,gestionar recursos humanos,skill/competence,cross-sector,0.748,http://data.europa.eu/esco/skill/339ac029-066a-4985-9f9d-b3d7c8fea0bb
UDLA,Universidad de Las Américas,ADMINISTRACIÓN DE EMPRESAS,3,elaborar las estrategias empresariales,skill/competence,cross-sector,0.7445,http://data.europa.eu/esco/skill/ba2c6181-b036-40b4-8f6d-51499463ccbb
UDLA,Universidad de Las Américas,ADMINISTRACIÓN DE EMPRESAS,4,tener espíritu emprendedor,skill/competence,transversal,0.7391,http://data.europa.eu/esco/skill/bdcf429c-5ccf-4c3d-bb61-4c987573a35e
UDLA,Universidad de Las Américas,ADMINISTRACIÓN DE EMPRESAS,5,mejorar procesos empresariales,skill/competence,cross-sector,0.7389,http://data.europa.eu/esco/skill/75b30aeb-34c0-40f4-b77d-271d75a98b14
UDLA,Universidad de Las Américas,ADMINISTRACIÓN DE EMPRESAS,6,participar en las operaciones cotidianas de la empresa,skill/competence,cross-sector,0.7377,http://data.europa.eu/esco/skill/ce4cbc3a-bde0-43b4-9526-e643c4fe5b04
UDLA,Universidad de Las Américas,ADMINISTRACIÓN DE EMPRESAS,7,guiar a los gestores de los diferentes departamentos de la empresa,skill/competence,cross-sector,0.7261,http://data.europa.eu/esco/skill/3e61ee41-2bd9-466f-b313-00ce04072410
UDLA,Universidad de Las Américas,ADMINISTRACIÓN DE EMPRESAS,8,coordinar actividades de planificación comercial,skill/competence,cross-sector,0.7234,http://data.europa.eu/esco/skill/90398aca-82b7-4f56-8e0f-814d949162b4
UDLA,Universidad de Las Américas,ADMINISTRACIÓN DE EMPRESAS,9,capacitar a empleados,skill/competence,cross-sector,0.7146,http://data.europa.eu/esco/skill/e54ff029-1ce9-447d-a5b2-eb7283a23e6e
UDLA,Universidad de Las Américas,ADMINISTRACIÓN DE EMPRESAS,10,enseñar principios de gestión empresarial,skill/competence,cross-sector,0.7126,http://data.europa.eu/esco/skill/29d3663f-348a-4b67-a8db-b94fd3912385
UDLA,Universidad de Las Américas,ADMINISTRACIÓN DE EMPRESAS,11,gestionar varios proyectos,skill/competence,cross-sector,0.7124,http://data.europa.eu/esco/skill/c881ddd2-9c0e-4743-bd24-36be650493dd
UDLA,Universidad de Las Américas,ADMINISTRACIÓN DE EMPRESAS,12,gestionar programas de formación en la empresa,skill/competence,cross-sector,0.7124,http://data.europa.eu/esco/skill/6e66fa0f-4d3b-415e-9693-dc556eb5112a
UDLA,Universidad de Las Américas,ADMINISTRACIÓN DE EMPRESAS,13,elaborar políticas de economía,skill/competence,cross-sector,0.711,http://data.europa.eu/esco/skill/8394fefb-f62a-48c0-a156-3117cefdb9b3
UDLA,Universidad de Las Américas,ADMINISTRACIÓN DE EMPRESAS,14,gestionar conocimientos empresariales,skill/competence,cross-sector,0.7092,http://data.europa.eu/esco/skill/41bf7ede-fc84-4a57-8c89-b548d11b0ba1
UDLA,Universidad de Las Américas,ADMINISTRACIÓN DE EMPRESAS,15,desarrollar políticas de la organización,skill/competence,cross-sector,0.708,http://data.europa.eu/esco/skill/3254275d-a1b5-4640-9481-02f38780ac35
UDLA,Universidad de Las Américas,ADMINISTRACIÓN DE EMPRESAS,16,gestionar proyectos,skill/competence,cross-sector,0.7076,http://data.europa.eu/esco/skill/cd5efa8c-e44d-4cbc-91c6-796018dbed68
UDLA,Universidad de Las Américas,ADMINISTRACIÓN DE EMPRESAS,17,formar equipos dentro de la empresa en base a las competencias,skill/competence,cross-sector,0.7041,http://data.europa.eu/esco/skill/f1155d3f-fbca-4298-a31c-f6955653bacf
UDLA,Universidad de Las Américas,ADMINISTRACIÓN DE EMPRESAS,18,transmitir planes de negocios a colaboradores,skill/competence,cross-sector,0.7028,http://data.europa.eu/esco/skill/a9c205ef-365a-4ae4-b905-cb48ba761ff0
UDLA,Universidad de Las Américas,ADMINISTRACIÓN DE EMPRESAS,19,gestionar cuentas bancarias de la empresa,skill/competence,cross-sector,0.7027,http://data.europa.eu/esco/skill/658a38bd-6954-4a2a-945c-42330c5d13b9
UDLA,Universidad de Las Américas,ADMINISTRACIÓN DE EMPRESAS,20,informar sobre la gestión general de una empresa,skill/competence,cross-sector,0.6995,http://data.europa.eu/esco/skill/307ffd2d-8fb3-43ff-8ad8-4052382f8f83
UDLA,Universidad de Las Américas,ADMINISTRACIÓN DE EMPRESAS,21,gestionar el progreso personal,skill/competence,transversal,0.6992,http://data.europa.eu/esco/skill/468135b7-5757-48c3-9509-fde0e13ec5be
UDLA,Universidad de Las Américas,ADMINISTRACIÓN DE EMPRESAS,22,realizar gestión de clientes,skill/competence,cross-sector,0.6984,http://data.europa.eu/esco/skill/91306a20-9b81-4f3d-97eb-f5368b607da7
UDLA,Universidad de Las Américas,ADMINISTRACIÓN DE EMPRESAS,23,gestionar los aspectos financieros de una empresa,skill/competence,cross-sector,0.6983,http://data.europa.eu/esco/skill/fa6acfc3-0a4f-4192-b77d-80e94d0faf2a
UDLA,Universidad de Las Américas,ADMINISTRACIÓN DE EMPRESAS,24,realizar diversas tareas organizativas en la empresa,skill/competence,cross-sector,0.6982,http://data.europa.eu/esco/skill/01755f08-4df4-4cf0-8d22-08f94cad68b5
UDLA,Universidad de Las Américas,ADMINISTRACIÓN DE EMPRESAS,25,impartir formación en empresas,skill/competence,cross-sector,0.6974,http://data.europa.eu/esco/skill/d2a9f2d0-9de7-44ce-a168-590b85234f20
UDLA,Universidad de Las Américas,CIENCIA DE DATOS E INTELIGENCIA ARTIFICIAL,1,ciencia de datos,knowledge,cross-sector,0.7238,http://data.europa.eu/esco/skill/edebd83d-35f6-4ed5-a940-6c203d178c01
UDLA,Universidad de Las Américas,CIENCIA DE DATOS E INTELIGENCIA ARTIFICIAL,2,crear soluciones para problemas informativos,skill/competence,cross-sector,0.6703,http://data.europa.eu/esco/skill/4539aeca-b56f-4d03-ba86-8f675a7f2536
UDLA,Universidad de Las Américas,CIENCIA DE DATOS E INTELIGENCIA ARTIFICIAL,3,analizar datos,skill/competence,cross-sector,0.6674,http://data.europa.eu/esco/skill/a571ae14-3e16-4fd3-a615-5646e0b0b696
UDLA,Universidad de Las Américas,CIENCIA DE DATOS E INTELIGENCIA ARTIFICIAL,4,gestionar datos de investigación,skill/competence,cross-sector,0.6668,http://data.europa.eu/esco/skill/08b04e53-ed25-41a2-9f90-0b9cd939ba3d
UDLA,Universidad de Las Américas,CIENCIA DE DATOS E INTELIGENCIA ARTIFICIAL,5,elaborar software estadístico,skill/competence,cross-sector,0.6577,http://data.europa.eu/esco/skill/bb165899-d95f-4433-95f2-173fefd716d2
UDLA,Universidad de Las Américas,CIENCIA DE DATOS E INTELIGENCIA ARTIFICIAL,6,interpretar datos actuales,skill/competence,cross-sector,0.6553,http://data.europa.eu/esco/skill/1e77e42a-181f-4b48-8e74-201ce50ffc29
UDLA,Universidad de Las Américas,CIENCIA DE DATOS E INTELIGENCIA ARTIFICIAL,7,análisis de datos,knowledge,cross-sector,0.6545,http://data.europa.eu/esco/skill/97bd1c21-66b2-4b7e-ad0f-e3cda590e378
UDLA,Universidad de Las Américas,CIENCIA DE DATOS E INTELIGENCIA ARTIFICIAL,8,"gestionar datos, información y contenido digitales",skill/competence,cross-sector,0.6537,http://data.europa.eu/esco/skill/4d97e3c3-f335-47cc-a4ee-0d779fd42222
UDLA,Universidad de Las Américas,CIENCIA DE DATOS E INTELIGENCIA ARTIFICIAL,9,utilizar técnicas de tratamiento de datos,skill/competence,cross-sector,0.6504,http://data.europa.eu/esco/skill/1b70a55d-b8a4-49fc-96c6-15ab4cff2522
UDLA,Universidad de Las Américas,CIENCIA DE DATOS E INTELIGENCIA ARTIFICIAL,10,interpretar información matemática,skill/competence,transversal,0.6498,http://data.europa.eu/esco/skill/6fc6f757-6baa-49fe-9a82-6ba6a52f2e13
UDLA,Universidad de Las Américas,CIENCIA DE DATOS E INTELIGENCIA ARTIFICIAL,11,analizar inteligencia de datos,skill/competence,cross-sector,0.6471,http://data.europa.eu/esco/skill/47a49cd6-097d-457a-9f7b-c290c14930d5
UDLA,Universidad de Las Américas,CIENCIA DE DATOS E INTELIGENCIA ARTIFICIAL,12,analizar datos de la clientela,skill/competence,cross-sector,0.6455,http://data.europa.eu/esco/skill/d63f49de-cb72-4ce3-9553-a374a4f32f52
UDLA,Universidad de Las Américas,CIENCIA DE DATOS E INTELIGENCIA ARTIFICIAL,13,gestionar datos cuantitativos,skill/competence,cross-sector,0.6449,http://data.europa.eu/esco/skill/57231a22-4da7-49c8-97b8-75672feadf1e
UDLA,Universidad de Las Américas,CIENCIA DE DATOS E INTELIGENCIA ARTIFICIAL,14,prestar asistencia en investigaciones científicas,skill/competence,cross-sector,0.6447,http://data.europa.eu/esco/skill/d6179c4b-ff5a-4bbb-a3c8-e0acf0de1f56
UDLA,Universidad de Las Américas,CIENCIA DE DATOS E INTELIGENCIA ARTIFICIAL,15,controlar las tendencias en tecnología,skill/competence,cross-sector,0.6407,http://data.europa.eu/esco/skill/7a17d7ce-01a2-4746-bbcc-22ffe22fa16e
UDLA,Universidad de Las Américas,CIENCIA DE DATOS E INTELIGENCIA ARTIFICIAL,16,ingeniería de datos,knowledge,cross-sector,0.6406,http://data.europa.eu/esco/skill/48db96bf-3314-45c6-bad8-fdb6e20e5639
UDLA,Universidad de Las Américas,CIENCIA DE DATOS E INTELIGENCIA ARTIFICIAL,17,realizar estudios de mercado,skill/competence,cross-sector,0.6403,http://data.europa.eu/esco/skill/fe39d4db-4cb5-4299-bb9f-896c8fd6ab13
UDLA,Universidad de Las Américas,CIENCIA DE DATOS E INTELIGENCIA ARTIFICIAL,18,realizar investigaciones de laboratorio,skill/competence,cross-sector,0.6396,http://data.europa.eu/esco/skill/9e8863fc-e8de-4df1-9bc6-3d5dd85b8070
UDLA,Universidad de Las Américas,CIENCIA DE DATOS E INTELIGENCIA ARTIFICIAL,19,ejecutar cálculos matemáticos analíticos,skill/competence,cross-sector,0.6386,http://data.europa.eu/esco/skill/31c69100-b612-4a61-8db5-fd314318854c
UDLA,Universidad de Las Américas,CIENCIA DE DATOS E INTELIGENCIA ARTIFICIAL,20,gestionar sistemas de instrumentación,skill/competence,cross-sector,0.6386,http://data.europa.eu/esco/skill/5d71a91f-cc72-4b66-b6e3-d75ecc05e235
UDLA,Universidad de Las Américas,CIENCIA DE DATOS E INTELIGENCIA ARTIFICIAL,21,realizar cálculos,skill/competence,transversal,0.6342,http://data.europa.eu/esco/skill/19ba11f3-9c99-41fd-a7c9-f77e6a026186
UDLA,Universidad de Las Américas,CIENCIA DE DATOS E INTELIGENCIA ARTIFICIAL,22,analizar datos científicos,skill/competence,cross-sector,0.6324,http://data.europa.eu/esco/skill/36ff57b0-637d-4a83-a0e8-d14f86f9f078
UDLA,Universidad de Las Américas,CIENCIA DE DATOS E INTELIGENCIA ARTIFICIAL,23,crear una red profesional con investigadores y científicos,skill/competence,cross-sector,0.6324,http://data.europa.eu/esco/skill/cc61f9e5-d4fc-470e-8606-1ce865ff8386
UDLA,Universidad de Las Américas,CIENCIA DE DATOS E INTELIGENCIA ARTIFICIAL,24,estudiar a los usuarios de los sitios web,skill/competence,cross-sector,0.6309,http://data.europa.eu/esco/skill/5e14de3d-d055-427e-9f5b-eb068f56b019
UDLA,Universidad de Las Américas,CIENCIA DE DATOS E INTELIGENCIA ARTIFICIAL,25,procesar información cualitativa,skill/competence,cross-sector,0.6306,http://data.europa.eu/esco/skill/9af1bd12-01bd-4d6a-947b-69e64f23150a
UDLA,Universidad de Las Américas,COMPUTACIÓN,1,Proponer soluciones tecnológicas a problemas empresariales,skill/competence,cross-sector,0.7455,http://data.europa.eu/esco/skill/07e51c60-763a-4335-b4ec-70a15f66d328
UDLA,Universidad de Las Américas,COMPUTACIÓN,2,asesorar a la clientela acerca de las posibilidades técnicas,skill/competence,cross-sector,0.7212,http://data.europa.eu/esco/skill/7b3abd38-61ae-42a4-88bb-0884784f9ee1
UDLA,Universidad de Las Américas,COMPUTACIÓN,3,proporcionar soporte de TIC,skill/competence,cross-sector,0.7199,http://data.europa.eu/esco/skill/c2296e2e-5fef-4f24-a24f-e5b3792268be
UDLA,Universidad de Las Américas,COMPUTACIÓN,4,gestionar proyectos de investigación y desarrollo,skill/competence,cross-sector,0.7182,http://data.europa.eu/esco/skill/d5dbc342-8e39-4998-8237-ebbe05a381ce
UDLA,Universidad de Las Américas,COMPUTACIÓN,5,resolver problemas de sistemas TIC,skill/competence,cross-sector,0.715,http://data.europa.eu/esco/skill/9e06bac6-6b91-48ca-8b7d-c1f48cdecd7c
UDLA,Universidad de Las Américas,COMPUTACIÓN,6,detectar necesidades tecnológicas,skill/competence,cross-sector,0.7125,http://data.europa.eu/esco/skill/42fcf80d-7b45-40f3-bd2f-5411c4c0dfa0
UDLA,Universidad de Las Américas,COMPUTACIÓN,7,crear soluciones para problemas informativos,skill/competence,cross-sector,0.7105,http://data.europa.eu/esco/skill/4539aeca-b56f-4d03-ba86-8f675a7f2536
UDLA,Universidad de Las Américas,COMPUTACIÓN,8,crear soluciones para problemas,skill/competence,cross-sector,0.7079,http://data.europa.eu/esco/skill/03b9b491-fc9b-4868-914a-bf7cd47b5041
UDLA,Universidad de Las Américas,COMPUTACIÓN,9,resolver problemas técnicos,skill/competence,cross-sector,0.7075,http://data.europa.eu/esco/skill/14832d87-2f2f-4895-b290-e4760ebae42a
UDLA,Universidad de Las Américas,COMPUTACIÓN,10,detectar y corregir errores de las tecnologías de la información y de las comunicaciones,skill/competence,cross-sector,0.6988,http://data.europa.eu/esco/skill/744442ac-c157-4350-8be0-ce454df4f5c5
UDLA,Universidad de Las Américas,COMPUTACIÓN,11,proporcionar productos personalizados,skill/competence,cross-sector,0.6959,http://data.europa.eu/esco/skill/acd11c45-8590-4465-91e3-5ef017c9554a
UDLA,Universidad de Las Américas,COMPUTACIÓN,12,realizar gestión de clientes,skill/competence,cross-sector,0.6943,http://data.europa.eu/esco/skill/91306a20-9b81-4f3d-97eb-f5368b607da7
UDLA,Universidad de Las Américas,COMPUTACIÓN,13,desarrollar la tecnología de cadena de bloques,skill/competence,cross-sector,0.6915,http://data.europa.eu/esco/skill/93b22bbf-ece1-4e2d-8d47-0c9392c5a4fd
UDLA,Universidad de Las Américas,COMPUTACIÓN,14,identificar requisitos del cliente,skill/competence,cross-sector,0.6904,http://data.europa.eu/esco/skill/0e0c9c11-b39e-43cf-ba95-2fe646f5de64
UDLA,Universidad de Las Américas,COMPUTACIÓN,15,gestionar varios proyectos,skill/competence,cross-sector,0.688,http://data.europa.eu/esco/skill/c881ddd2-9c0e-4743-bd24-36be650493dd
UDLA,Universidad de Las Américas,COMPUTACIÓN,16,elaborar las estrategias empresariales,skill/competence,cross-sector,0.6864,http://data.europa.eu/esco/skill/ba2c6181-b036-40b4-8f6d-51499463ccbb
UDLA,Universidad de Las Américas,COMPUTACIÓN,17,aplicar políticas organizativas del sistema,skill/competence,cross-sector,0.6829,http://data.europa.eu/esco/skill/07e47d58-dd0e-4302-9e68-70a188e89065
UDLA,Universidad de Las Américas,COMPUTACIÓN,18,tecnología informática,knowledge,cross-sector,0.6828,http://data.europa.eu/esco/skill/ddc3119d-1d6e-4324-9125-a3380d299ac5
UDLA,Universidad de Las Américas,COMPUTACIÓN,19,programación informática,knowledge,cross-sector,0.6825,http://data.europa.eu/esco/skill/21d2f96d-35f7-4e3f-9745-c533d2dd6e97
UDLA,Universidad de Las Américas,COMPUTACIÓN,20,resolver problemas,skill/competence,transversal,0.682,http://data.europa.eu/esco/skill/adc6dc11-3376-467b-96c5-9b0a21edc869
UDLA,Universidad de Las Américas,COMPUTACIÓN,21,proporcionar experiencia técnica,skill/competence,cross-sector,0.6808,http://data.europa.eu/esco/skill/c69587b4-05d3-45bb-b79b-9b85e6603fc2
UDLA,Universidad de Las Américas,COMPUTACIÓN,22,software para procesos industriales,knowledge,cross-sector,0.6807,http://data.europa.eu/esco/skill/41ec47dd-08b3-464a-9c45-c706f3e74467
UDLA,Universidad de Las Américas,COMPUTACIÓN,23,elaborar software estadístico,skill/competence,cross-sector,0.6806,http://data.europa.eu/esco/skill/bb165899-d95f-4433-95f2-173fefd716d2
UDLA,Universidad de Las Américas,COMPUTACIÓN,24,utilizar sistemas TCI,skill/competence,cross-sector,0.6798,http://data.europa.eu/esco/skill/31d35d3d-2bf2-49aa-9c20-92566ef80277
UDLA,Universidad de Las Américas,COMPUTACIÓN,25,gestionar sistemas de instrumentación,skill/competence,cross-sector,0.6787,http://data.europa.eu/esco/skill/5d71a91f-cc72-4b66-b6e3-d75ecc05e235
UDLA,Universidad de Las Américas,ECONOMÍA,1,elaborar políticas de economía,skill/competence,cross-sector,0.7545,http://data.europa.eu/esco/skill/8394fefb-f62a-48c0-a156-3117cefdb9b3
UDLA,Universidad de Las Américas,ECONOMÍA,2,realizar estudios de mercado,skill/competence,cross-sector,0.7374,http://data.europa.eu/esco/skill/fe39d4db-4cb5-4299-bb9f-896c8fd6ab13
UDLA,Universidad de Las Américas,ECONOMÍA,3,analizar las tendencias económicas,skill/competence,cross-sector,0.7278,http://data.europa.eu/esco/skill/5f302d63-048e-451c-b150-97c124a5a26b
UDLA,Universidad de Las Américas,ECONOMÍA,4,realizar un análisis empresarial,skill/competence,cross-sector,0.727,http://data.europa.eu/esco/skill/27ed854c-15b8-4ba2-90e9-ae888a219703
UDLA,Universidad de Las Américas,ECONOMÍA,5,analizar los factores externos a una empresa,skill/competence,cross-sector,0.7225,http://data.europa.eu/esco/skill/ce5b1446-b5e3-4f05-a5ac-83f2ee142a44
UDLA,Universidad de Las Américas,ECONOMÍA,6,asesorar sobre el desarrollo económico,skill/competence,cross-sector,0.7193,http://data.europa.eu/esco/skill/384ed14c-bf1f-4a65-aef6-6e711f43c4ce
UDLA,Universidad de Las Américas,ECONOMÍA,7,realizar un análisis de las necesidades de los clientes,skill/competence,cross-sector,0.7106,http://data.europa.eu/esco/skill/31c83903-8fc8-4bd8-9ca4-7a98a9c31eae
UDLA,Universidad de Las Américas,ECONOMÍA,8,asesorar sobre estrategias de mercado,skill/competence,cross-sector,0.7086,http://data.europa.eu/esco/skill/34d6ed30-5d35-44b9-9498-fd15badb5f28
UDLA,Universidad de Las Américas,ECONOMÍA,9,elaborar software estadístico,skill/competence,cross-sector,0.707,http://data.europa.eu/esco/skill/bb165899-d95f-4433-95f2-173fefd716d2
UDLA,Universidad de Las Américas,ECONOMÍA,10,analizar tendencias en el mercado financiero,skill/competence,cross-sector,0.7007,http://data.europa.eu/esco/skill/292549e6-08ec-456c-b008-eba7a0a68428
UDLA,Universidad de Las Américas,ECONOMÍA,11,predecir tendencias económicas,skill/competence,cross-sector,0.7,http://data.europa.eu/esco/skill/f2a34d6b-131a-4b8f-a110-898b9c91d18f
UDLA,Universidad de Las Américas,ECONOMÍA,12,"llevar a cabo análisis de factores políticos, económicos, sociales, tecnológicos, ambientales y jurídicos",skill/competence,cross-sector,0.6972,http://data.europa.eu/esco/skill/9979e727-3104-42e0-8f41-4af2578111ea
UDLA,Universidad de Las Américas,ECONOMÍA,13,analizar datos,skill/competence,cross-sector,0.6963,http://data.europa.eu/esco/skill/a571ae14-3e16-4fd3-a615-5646e0b0b696
UDLA,Universidad de Las Américas,ECONOMÍA,14,realizar un análisis de datos,skill/competence,cross-sector,0.6949,http://data.europa.eu/esco/skill/2b92a5b2-6758-4ee3-9fb4-b6387a55cc8f
UDLA,Universidad de Las Américas,ECONOMÍA,15,analizar las tendencias del mercado de la energía,skill/competence,cross-sector,0.6946,http://data.europa.eu/esco/skill/28878fd9-9a17-452a-b3b8-5db5c63d7905
UDLA,Universidad de Las Américas,ECONOMÍA,16,análisis empresarial,knowledge,cross-sector,0.6917,http://data.europa.eu/esco/skill/633a3637-2c6b-40ae-ac38-289eb2a62aa6
UDLA,Universidad de Las Américas,ECONOMÍA,17,estudiar a los usuarios de los sitios web,skill/competence,cross-sector,0.6908,http://data.europa.eu/esco/skill/5e14de3d-d055-427e-9f5b-eb068f56b019
UDLA,Universidad de Las Américas,ECONOMÍA,18,economía,knowledge,cross-sector,0.6906,http://data.europa.eu/esco/skill/88af9294-b697-4687-ae19-aefbb6234dfa
UDLA,Universidad de Las Américas,ECONOMÍA,19,analizar actos criminales,skill/competence,cross-sector,0.6903,http://data.europa.eu/esco/skill/62736ac3-37f1-428a-8a14-1788f106a3fc
UDLA,Universidad de Las Américas,ECONOMÍA,20,interpretar datos actuales,skill/competence,cross-sector,0.6901,http://data.europa.eu/esco/skill/1e77e42a-181f-4b48-8e74-201ce50ffc29
UDLA,Universidad de Las Américas,ECONOMÍA,21,extraer las conclusiones de los resultados de un estudio de mercado,skill/competence,cross-sector,0.6897,http://data.europa.eu/esco/skill/46cb7282-7fb0-4d3c-b6b8-bfe81fab077e
UDLA,Universidad de Las Américas,ECONOMÍA,22,tener en cuenta los criterios económicos en la toma de decisiones,skill/competence,cross-sector,0.6888,http://data.europa.eu/esco/skill/d41262ae-eca1-4ede-89a8-46d2d99a7a31
UDLA,Universidad de Las Américas,ECONOMÍA,23,elaborar las estrategias empresariales,skill/competence,cross-sector,0.6821,http://data.europa.eu/esco/skill/ba2c6181-b036-40b4-8f6d-51499463ccbb
UDLA,Universidad de Las Américas,ECONOMÍA,24,desarrollar políticas de la organización,skill/competence,cross-sector,0.6819,http://data.europa.eu/esco/skill/3254275d-a1b5-4640-9481-02f38780ac35
UDLA,Universidad de Las Américas,ECONOMÍA,25,realizar informes estadísticos y financieros,skill/competence,cross-sector,0.6813,http://data.europa.eu/esco/skill/4f060129-8b75-4d58-a8dd-515bd8fef349
UDLA,Universidad de Las Américas,INGENIERÍA CIVIL,1,asesorar sobre temas de construcción,skill/competence,cross-sector,0.7412,http://data.europa.eu/esco/skill/3b64ab47-a874-403a-b781-7b23c2fc3c6c
UDLA,Universidad de Las Américas,INGENIERÍA CIVIL,2,supervisar un proyecto de construcción,skill/competence,cross-sector,0.7233,http://data.europa.eu/esco/skill/1de548e0-9535-4d2e-9d20-d4474c1ea813
UDLA,Universidad de Las Américas,INGENIERÍA CIVIL,3,garantizar el cumplimiento de los plazos de construcción,skill/competence,cross-sector,0.7214,http://data.europa.eu/esco/skill/6181f475-110c-497c-a46d-ed2e14e7bc90
UDLA,Universidad de Las Américas,INGENIERÍA CIVIL,4,diseñar sistemas de transporte,skill/competence,cross-sector,0.719,http://data.europa.eu/esco/skill/11f364dd-0814-4398-b00e-10d1be8b27af
UDLA,Universidad de Las Américas,INGENIERÍA CIVIL,5,examinar las infraestructuras civiles,skill/competence,cross-sector,0.7152,http://data.europa.eu/esco/skill/d48b3cfe-80b6-406f-b582-d959b60417f8
UDLA,Universidad de Las Américas,INGENIERÍA CIVIL,6,coordinar equipos de ingeniería,skill/competence,cross-sector,0.7124,http://data.europa.eu/esco/skill/7af6e9e8-1e11-4c0b-b7c6-ac96bbbbc674
UDLA,Universidad de Las Américas,INGENIERÍA CIVIL,7,gestionar proyectos de ingeniería,skill/competence,cross-sector,0.7044,http://data.europa.eu/esco/skill/6a899482-8bcf-40ca-ae67-579a1cc467ab
UDLA,Universidad de Las Américas,INGENIERÍA CIVIL,8,diseñar edificios,skill/competence,cross-sector,0.7022,http://data.europa.eu/esco/skill/7c3cde53-9ff7-4e82-8396-13fdfadd3432
UDLA,Universidad de Las Américas,INGENIERÍA CIVIL,9,ingeniería civil,knowledge,cross-sector,0.7007,http://data.europa.eu/esco/skill/82887396-e5bf-4306-af51-3fe8d82790b2
UDLA,Universidad de Las Américas,INGENIERÍA CIVIL,10,vigilar el cumplimiento de los parámetros de los proyectos de construcción,skill/competence,cross-sector,0.7007,http://data.europa.eu/esco/skill/3dd3dfa7-51c0-40ef-af46-e2df300489f6
UDLA,Universidad de Las Américas,INGENIERÍA CIVIL,11,revisar proyectos de construcción,skill/competence,cross-sector,0.695,http://data.europa.eu/esco/skill/ea9fc9d9-c602-4430-a7fc-edac7429a6a8
UDLA,Universidad de Las Américas,INGENIERÍA CIVIL,12,gestionar la instalación de estructuras para eventos,skill/competence,cross-sector,0.692,http://data.europa.eu/esco/skill/0e503b48-5491-4529-879e-b112251f8d50
UDLA,Universidad de Las Américas,INGENIERÍA CIVIL,13,gestionar los programas públicos,skill/competence,cross-sector,0.6886,http://data.europa.eu/esco/skill/0761f325-13e7-49f4-a41a-ec64ba4e7b9d
UDLA,Universidad de Las Américas,INGENIERÍA CIVIL,14,proteger humedales en el desarrollo de proyectos,skill/competence,cross-sector,0.6862,http://data.europa.eu/esco/skill/e2028206-3060-4e81-8350-77baefabefde
UDLA,Universidad de Las Américas,INGENIERÍA CIVIL,15,supervisar obras de construcción,skill/competence,cross-sector,0.686,http://data.europa.eu/esco/skill/fc1a75bb-70e3-4005-881f-7709bf7b0ed4
UDLA,Universidad de Las Américas,INGENIERÍA CIVIL,16,coordinar actividades de construcción,skill/competence,cross-sector,0.6846,http://data.europa.eu/esco/skill/fff5bc45-b506-4466-8977-4869079c1cb2
UDLA,Universidad de Las Américas,INGENIERÍA CIVIL,17,desarrollar estrategias de rehabilitación tras inundaciones,skill/competence,cross-sector,0.6844,http://data.europa.eu/esco/skill/6b5d032a-b85a-44ea-9dad-5201048d2dd2
UDLA,Universidad de Las Américas,INGENIERÍA CIVIL,18,gestionar contratos,skill/competence,cross-sector,0.6844,http://data.europa.eu/esco/skill/92721092-fe7c-4689-96bd-4f02385bc0e7
UDLA,Universidad de Las Américas,INGENIERÍA CIVIL,19,gestionar varios proyectos,skill/competence,cross-sector,0.6832,http://data.europa.eu/esco/skill/c881ddd2-9c0e-4743-bd24-36be650493dd
UDLA,Universidad de Las Américas,INGENIERÍA CIVIL,20,cumplir la normativa de construcción,skill/competence,cross-sector,0.6801,http://data.europa.eu/esco/skill/4ccf7d02-764c-4129-a1df-fa1dd2e12647
UDLA,Universidad de Las Américas,INGENIERÍA CIVIL,21,preparar documentos relativos al proyecto de construcción,skill/competence,cross-sector,0.6785,http://data.europa.eu/esco/skill/80274731-15ce-490a-8d5b-f55a36b976b0
UDLA,Universidad de Las Américas,INGENIERÍA CIVIL,22,gestionar proyectos de investigación y desarrollo,skill/competence,cross-sector,0.6778,http://data.europa.eu/esco/skill/d5dbc342-8e39-4998-8237-ebbe05a381ce
UDLA,Universidad de Las Américas,INGENIERÍA CIVIL,23,someter a auditorías a los contratistas,skill/competence,cross-sector,0.6751,http://data.europa.eu/esco/skill/0520d8ba-3c24-4f75-a8b0-f883ddeed82d
UDLA,Universidad de Las Américas,INGENIERÍA CIVIL,24,elaborar las estrategias empresariales,skill/competence,cross-sector,0.6749,http://data.europa.eu/esco/skill/ba2c6181-b036-40b4-8f6d-51499463ccbb
UDLA,Universidad de Las Américas,INGENIERÍA CIVIL,25,ingeniería del tráfico,knowledge,cross-sector,0.6739,http://data.europa.eu/esco/skill/dda26251-7331-41fd-871f-1106ca468189
UDLA,Universidad de Las Américas,INGENIERÍA INDUSTRIAL,1,gestionar empresas de producción,skill/competence,cross-sector,0.8087,http://data.europa.eu/esco/skill/435d1751-8667-41ec-8b32-865b7cd3c684
UDLA,Universidad de Las Américas,INGENIERÍA INDUSTRIAL,2,mejorar procesos empresariales,skill/competence,cross-sector,0.796,http://data.europa.eu/esco/skill/75b30aeb-34c0-40f4-b77d-271d75a98b14
UDLA,Universidad de Las Américas,INGENIERÍA INDUSTRIAL,3,gestionar sistemas de instrumentación,skill/competence,cross-sector,0.7889,http://data.europa.eu/esco/skill/5d71a91f-cc72-4b66-b6e3-d75ecc05e235
UDLA,Universidad de Las Américas,INGENIERÍA INDUSTRIAL,4,impartir formación sobre cómo supervisar la gestión de la calidad,skill/competence,cross-sector,0.7851,http://data.europa.eu/esco/skill/09e7cd13-ea36-4694-afe5-f34373759392
UDLA,Universidad de Las Américas,INGENIERÍA INDUSTRIAL,5,controlar la producción,skill/competence,cross-sector,0.7845,http://data.europa.eu/esco/skill/feceacee-d425-4e73-821a-02dfb85084db
UDLA,Universidad de Las Américas,INGENIERÍA INDUSTRIAL,6,analizar estrategias de gestión de la cadena de suministro,skill/competence,cross-sector,0.7836,http://data.europa.eu/esco/skill/96d549bb-3e62-4c45-92a7-f114df089581
UDLA,Universidad de Las Américas,INGENIERÍA INDUSTRIAL,7,analizar procesos de producción para introducir mejoras,skill/competence,cross-sector,0.7829,http://data.europa.eu/esco/skill/f1b5800e-b763-4740-9586-3fef30568e81
UDLA,Universidad de Las Américas,INGENIERÍA INDUSTRIAL,8,gestionar la calidad,skill/competence,transversal,0.7821,http://data.europa.eu/esco/skill/35ebe444-9ece-4fbc-a55d-e99ea37267ae
UDLA,Universidad de Las Américas,INGENIERÍA INDUSTRIAL,9,inspeccionar la calidad de los productos,skill/competence,cross-sector,0.7806,http://data.europa.eu/esco/skill/1a3660c2-011c-4e96-9b1d-529afc305428
UDLA,Universidad de Las Américas,INGENIERÍA INDUSTRIAL,10,gestionar los aspectos financieros de una empresa,skill/competence,cross-sector,0.7717,http://data.europa.eu/esco/skill/fa6acfc3-0a4f-4192-b77d-80e94d0faf2a
UDLA,Universidad de Las Américas,INGENIERÍA INDUSTRIAL,11,coordinar las actividades de producción,skill/competence,cross-sector,0.7701,http://data.europa.eu/esco/skill/05c00631-b864-4842-b47e-06710c197c7a
UDLA,Universidad de Las Américas,INGENIERÍA INDUSTRIAL,12,crear soluciones para problemas,skill/competence,cross-sector,0.7689,http://data.europa.eu/esco/skill/03b9b491-fc9b-4868-914a-bf7cd47b5041
UDLA,Universidad de Las Américas,INGENIERÍA INDUSTRIAL,13,gestionar procesos,skill/competence,cross-sector,0.7676,http://data.europa.eu/esco/skill/940a70fa-7c58-423b-8d03-34920b59f0f7
UDLA,Universidad de Las Américas,INGENIERÍA INDUSTRIAL,14,verificar las exigencias de fabricación,skill/competence,cross-sector,0.7634,http://data.europa.eu/esco/skill/277f489c-7a47-4791-bd87-61ca01737f96
UDLA,Universidad de Las Américas,INGENIERÍA INDUSTRIAL,15,realizar análisis de control de calidad,skill/competence,cross-sector,0.763,http://data.europa.eu/esco/skill/41a3240f-58ba-44e2-a688-edeb21ea5c16
UDLA,Universidad de Las Américas,INGENIERÍA INDUSTRIAL,16,analizar procesos empresariales,skill/competence,cross-sector,0.7628,http://data.europa.eu/esco/skill/56042303-972b-41be-9310-58467599ff7e
UDLA,Universidad de Las Américas,INGENIERÍA INDUSTRIAL,17,desarrollar normas y procedimientos de fabricación,skill/competence,cross-sector,0.7624,http://data.europa.eu/esco/skill/764db027-9063-4468-acb3-c73ecfc76f35
UDLA,Universidad de Las Américas,INGENIERÍA INDUSTRIAL,18,planificar la gestión de productos,skill/competence,cross-sector,0.7624,http://data.europa.eu/esco/skill/29fb886c-6be0-4e93-9ea1-232881f2092a
UDLA,Universidad de Las Américas,INGENIERÍA INDUSTRIAL,19,gestionar recursos empresariales,skill/competence,cross-sector,0.7612,http://data.europa.eu/esco/skill/911e13ee-1eec-4243-88c8-3c08a3681a19
UDLA,Universidad de Las Américas,INGENIERÍA INDUSTRIAL,20,programar controles de equipos,skill/competence,cross-sector,0.7591,http://data.europa.eu/esco/skill/5fc0d7d8-bb81-4c1e-b420-e0f1ef8c2743
UDLA,Universidad de Las Américas,INGENIERÍA INDUSTRIAL,21,gestionar los suministros,skill/competence,cross-sector,0.758,http://data.europa.eu/esco/skill/020b3c27-bae1-4b85-9d6f-eccee0f5ed99
UDLA,Universidad de Las Américas,INGENIERÍA INDUSTRIAL,22,optimizar los parámetros del proceso de producción,skill/competence,cross-sector,0.7573,http://data.europa.eu/esco/skill/0f0698e7-04e4-4bf7-9af2-e3191147525a
UDLA,Universidad de Las Américas,INGENIERÍA INDUSTRIAL,23,gestionar la logística,skill/competence,cross-sector,0.7557,http://data.europa.eu/esco/skill/953c0b65-537a-42fe-a90b-26cd36c64361
UDLA,Universidad de Las Américas,INGENIERÍA INDUSTRIAL,24,mejorar procesos químicos,skill/competence,cross-sector,0.7557,http://data.europa.eu/esco/skill/451c8010-7dbb-4f96-b4d4-0955766d9eff
UDLA,Universidad de Las Américas,INGENIERÍA INDUSTRIAL,25,gestionar documentación de fabricación,skill/competence,cross-sector,0.7552,http://data.europa.eu/esco/skill/dd6f8901-b20a-48e9-94ac-b1829dc2cfec
UDLA,Universidad de Las Américas,MECÁNICA,1,diseñar componentes de ingeniería,skill/competence,cross-sector,0.7519,http://data.europa.eu/esco/skill/87434439-c07d-48be-af34-b0cdd03121c4
UDLA,Universidad de Las Américas,MECÁNICA,2,diseñar componentes de automatización,skill/competence,cross-sector,0.7396,http://data.europa.eu/esco/skill/f96f5aa5-6ed7-40dc-a431-68b0a09d6d4b
UDLA,Universidad de Las Américas,MECÁNICA,3,diseñar sistemas electromecánicos,skill/competence,cross-sector,0.7337,http://data.europa.eu/esco/skill/c5422318-3218-4ce9-9bdd-f38b93ff63a3
UDLA,Universidad de Las Américas,MECÁNICA,4,ingeniería ambiental,knowledge,cross-sector,0.7269,http://data.europa.eu/esco/skill/b1b118c4-3291-484e-b64d-6d51fd5da8b3
UDLA,Universidad de Las Américas,MECÁNICA,5,electromecánica,knowledge,cross-sector,0.7237,http://data.europa.eu/esco/skill/2bbdea06-a265-42b5-bb4f-7241b661f069
UDLA,Universidad de Las Américas,MECÁNICA,6,mecatrónica,knowledge,cross-sector,0.7216,http://data.europa.eu/esco/skill/d88cb3f1-8e02-4618-bf32-4b0488066934
UDLA,Universidad de Las Américas,MECÁNICA,7,diseñar sistemas microelectromecánicos,skill/competence,cross-sector,0.7186,http://data.europa.eu/esco/skill/c022ff1b-7783-4e64-89ef-0422c81ff51f
UDLA,Universidad de Las Américas,MECÁNICA,8,diseñar sistemas de control,skill/competence,cross-sector,0.7185,http://data.europa.eu/esco/skill/d560df46-dda4-4407-bab2-b87353a96814
UDLA,Universidad de Las Américas,MECÁNICA,9,proporcionar experiencia técnica,skill/competence,cross-sector,0.7175,http://data.europa.eu/esco/skill/c69587b4-05d3-45bb-b79b-9b85e6603fc2
UDLA,Universidad de Las Américas,MECÁNICA,10,realizar actividades de gestión energética en instalaciones,skill/competence,cross-sector,0.7108,http://data.europa.eu/esco/skill/885808f7-f42b-406e-95f2-28efcd45ddda
UDLA,Universidad de Las Américas,MECÁNICA,11,diseñar sistemas eléctricos,skill/competence,cross-sector,0.7067,http://data.europa.eu/esco/skill/05010f6c-0b40-4525-ac4a-057d46a2b6f4
UDLA,Universidad de Las Américas,MECÁNICA,12,gestionar el impacto medioambiental de las operaciones,skill/competence,cross-sector,0.6993,http://data.europa.eu/esco/skill/d86babea-bf8b-4552-81a8-daf706066ad6
UDLA,Universidad de Las Américas,MECÁNICA,13,gestionar proyectos de ingeniería,skill/competence,cross-sector,0.6993,http://data.europa.eu/esco/skill/6a899482-8bcf-40ca-ae67-579a1cc467ab
UDLA,Universidad de Las Américas,MECÁNICA,14,diseñar sistemas de transporte,skill/competence,cross-sector,0.6988,http://data.europa.eu/esco/skill/11f364dd-0814-4398-b00e-10d1be8b27af
UDLA,Universidad de Las Américas,MECÁNICA,15,desarrollar sistemas de instrumentación,skill/competence,cross-sector,0.6964,http://data.europa.eu/esco/skill/d8c19849-f4cf-458d-90cd-abe735a729bf
UDLA,Universidad de Las Américas,MECÁNICA,16,sistemas mecánicos,knowledge,cross-sector,0.6962,http://data.europa.eu/esco/skill/69bece91-c806-42ad-bde4-db28c7f8fc4b
UDLA,Universidad de Las Américas,MECÁNICA,17,"aplicar conocimientos científicos, tecnológicos y de ingeniería",skill/competence,transversal,0.6942,http://data.europa.eu/esco/skill/5c3ab99d-a3f1-4620-9602-d12d2151a03d
UDLA,Universidad de Las Américas,MECÁNICA,18,herramientas mecánicas,knowledge,cross-sector,0.6936,http://data.europa.eu/esco/skill/44297bbb-306a-46fa-ab1b-fa3fb327ebda
UDLA,Universidad de Las Américas,MECÁNICA,19,gestionar sistemas de instrumentación,skill/competence,cross-sector,0.6935,http://data.europa.eu/esco/skill/5d71a91f-cc72-4b66-b6e3-d75ecc05e235
UDLA,Universidad de Las Américas,MECÁNICA,20,asesorar sobre sistemas de gestión de riesgos ambientales,skill/competence,cross-sector,0.6933,http://data.europa.eu/esco/skill/a366bfc5-8d17-4792-a9f0-db0951528dda
UDLA,Universidad de Las Américas,MECÁNICA,21,asesorar sobre soluciones sostenibles,skill/competence,cross-sector,0.693,http://data.europa.eu/esco/skill/dbef5042-4b99-4e6f-b2ed-1d33b07b3ed6
UDLA,Universidad de Las Américas,MECÁNICA,22,realizar trabajos técnicos difíciles,skill/competence,cross-sector,0.693,http://data.europa.eu/esco/skill/2d780738-9b34-40a3-adbb-590001f6ff86
UDLA,Universidad de Las Américas,MECÁNICA,23,diseñar procesos,skill/competence,cross-sector,0.6926,http://data.europa.eu/esco/skill/2c28fc20-8a60-4311-8899-5ef8729c05b3
UDLA,Universidad de Las Américas,MECÁNICA,24,integrar los principios de la ingeniería en el diseño arquitectónico,skill/competence,cross-sector,0.691,http://data.europa.eu/esco/skill/ee239d14-bfc8-4939-91ff-824b5814ff67
UDLA,Universidad de Las Américas,MECÁNICA,25,ingeniería industrial,knowledge,cross-sector,0.6908,http://data.europa.eu/esco/skill/a1816dfd-dbdc-4499-bef3-ff81dd895b33
UDLA,Universidad de Las Américas,MECATRÓNICA,1,mecatrónica,knowledge,cross-sector,0.8032,http://data.europa.eu/esco/skill/d88cb3f1-8e02-4618-bf32-4b0488066934
UDLA,Universidad de Las Américas,MECATRÓNICA,2,diseñar componentes de automatización,skill/competence,cross-sector,0.8007,http://data.europa.eu/esco/skill/f96f5aa5-6ed7-40dc-a431-68b0a09d6d4b
UDLA,Universidad de Las Américas,MECATRÓNICA,3,diseñar sistemas de control,skill/competence,cross-sector,0.7684,http://data.europa.eu/esco/skill/d560df46-dda4-4407-bab2-b87353a96814
UDLA,Universidad de Las Américas,MECATRÓNICA,4,desarrollar sistemas de instrumentación,skill/competence,cross-sector,0.757,http://data.europa.eu/esco/skill/d8c19849-f4cf-458d-90cd-abe735a729bf
UDLA,Universidad de Las Américas,MECATRÓNICA,5,diseñar sistemas microelectrónicos,skill/competence,cross-sector,0.7415,http://data.europa.eu/esco/skill/8712b176-c063-462f-9d0f-2e3c54d9a2eb
UDLA,Universidad de Las Américas,MECATRÓNICA,6,diseñar sistemas electromecánicos,skill/competence,cross-sector,0.7372,http://data.europa.eu/esco/skill/c5422318-3218-4ce9-9bdd-f38b93ff63a3
UDLA,Universidad de Las Américas,MECATRÓNICA,7,diseñar componentes de ingeniería,skill/competence,cross-sector,0.7315,http://data.europa.eu/esco/skill/87434439-c07d-48be-af34-b0cdd03121c4
UDLA,Universidad de Las Américas,MECATRÓNICA,8,robótica,knowledge,cross-sector,0.7284,http://data.europa.eu/esco/skill/e87ec79a-c9ff-46f5-84fa-7a0f394cdf40
UDLA,Universidad de Las Américas,MECATRÓNICA,9,diseñar circuitos integrados,skill/competence,cross-sector,0.7276,http://data.europa.eu/esco/skill/6d12ac9b-5ec0-49b9-bd70-5a19352585cb
UDLA,Universidad de Las Américas,MECATRÓNICA,10,desarrollar procedimientos de prueba electrónica,skill/competence,cross-sector,0.7246,http://data.europa.eu/esco/skill/0de6bca4-f3aa-452a-8e10-d355b2c1bfc4
UDLA,Universidad de Las Américas,MECATRÓNICA,11,desarrollar procedimientos de prueba,skill/competence,cross-sector,0.7195,http://data.europa.eu/esco/skill/f10142ce-d522-49c3-9fd1-054fb63529d4
UDLA,Universidad de Las Américas,MECATRÓNICA,12,gestionar sistemas de instrumentación,skill/competence,cross-sector,0.7191,http://data.europa.eu/esco/skill/5d71a91f-cc72-4b66-b6e3-d75ecc05e235
UDLA,Universidad de Las Américas,MECATRÓNICA,13,montar equipos de instrumentación,skill/competence,cross-sector,0.7163,http://data.europa.eu/esco/skill/af0b1937-7538-434f-871b-7e8f72e04117
UDLA,Universidad de Las Américas,MECATRÓNICA,14,comunicar y colaborar con ingenieros sobre diseño de productos y desarrollo de productos nuevos,skill/competence,cross-sector,0.7142,http://data.europa.eu/esco/skill/94b2c46e-6338-4a1d-950a-d44eef018c53
UDLA,Universidad de Las Américas,MECATRÓNICA,15,desarrollar procedimientos de ensayo de materiales,skill/competence,cross-sector,0.7106,http://data.europa.eu/esco/skill/658b6ea0-79f5-451d-a037-7593a4416c85
UDLA,Universidad de Las Américas,MECATRÓNICA,16,diseñar sistemas microelectromecánicos,skill/competence,cross-sector,0.7079,http://data.europa.eu/esco/skill/c022ff1b-7783-4e64-89ef-0422c81ff51f
UDLA,Universidad de Las Américas,MECATRÓNICA,17,realizar investigaciones de laboratorio,skill/competence,cross-sector,0.7078,http://data.europa.eu/esco/skill/9e8863fc-e8de-4df1-9bc6-3d5dd85b8070
UDLA,Universidad de Las Américas,MECATRÓNICA,18,desarrollar nuevas técnicas de soldadura,skill/competence,cross-sector,0.7045,http://data.europa.eu/esco/skill/d73a88a6-6325-4c2b-887c-5d598580afad
UDLA,Universidad de Las Américas,MECATRÓNICA,19,actuar de enlace con los ingenieros,skill/competence,cross-sector,0.7029,http://data.europa.eu/esco/skill/c5c51528-ccfc-4c53-b409-c200aaa44222
UDLA,Universidad de Las Américas,MECATRÓNICA,20,operar sistemas de control informatizados,skill/competence,cross-sector,0.7017,http://data.europa.eu/esco/skill/b916d60e-38e9-4241-914a-4e2144bda711
UDLA,Universidad de Las Américas,MECATRÓNICA,21,desarrollar normas y procedimientos de fabricación,skill/competence,cross-sector,0.6999,http://data.europa.eu/esco/skill/764db027-9063-4468-acb3-c73ecfc76f35
UDLA,Universidad de Las Américas,MECATRÓNICA,22,integrar productos nuevos en la cadena de fabricación,skill/competence,cross-sector,0.6992,http://data.europa.eu/esco/skill/8a753714-9a19-4418-9b37-77e79d72c705
UDLA,Universidad de Las Américas,MECATRÓNICA,23,realizar trabajos técnicos difíciles,skill/competence,cross-sector,0.699,http://data.europa.eu/esco/skill/2d780738-9b34-40a3-adbb-590001f6ff86
UDLA,Universidad de Las Américas,MECATRÓNICA,24,diseñar sistemas eléctricos,skill/competence,cross-sector,0.6988,http://data.europa.eu/esco/skill/05010f6c-0b40-4525-ac4a-057d46a2b6f4
UDLA,Universidad de Las Américas,MECATRÓNICA,25,diseñar sistemas electrónicos,skill/competence,cross-sector,0.6976,http://data.europa.eu/esco/skill/feb717ff-fba6-4a91-aa10-ee11cf2da6b4
UDLA,Universidad de Las Américas,SOFTWARE,1,programación informática,knowledge,cross-sector,0.6835,http://data.europa.eu/esco/skill/21d2f96d-35f7-4e3f-9745-c533d2dd6e97
UDLA,Universidad de Las Américas,SOFTWARE,2,utilizar software de diseño especializado,skill/competence,cross-sector,0.6786,http://data.europa.eu/esco/skill/3c1af34b-4562-4c39-a30e-0812b84a147e
UDLA,Universidad de Las Américas,SOFTWARE,3,desarrollar normas y procedimientos de fabricación,skill/competence,cross-sector,0.6768,http://data.europa.eu/esco/skill/764db027-9063-4468-acb3-c73ecfc76f35
UDLA,Universidad de Las Américas,SOFTWARE,4,desarrollar arquitecturas innovadoras de cadena de bloques,skill/competence,cross-sector,0.6738,http://data.europa.eu/esco/skill/01d269d9-b058-4d6c-82a0-3779af9a124b
UDLA,Universidad de Las Américas,SOFTWARE,5,gestionar proyectos de investigación y desarrollo,skill/competence,cross-sector,0.6733,http://data.europa.eu/esco/skill/d5dbc342-8e39-4998-8237-ebbe05a381ce
UDLA,Universidad de Las Américas,SOFTWARE,6,proyecto,knowledge,cross-sector,0.6723,http://data.europa.eu/esco/skill/d1072655-88ce-4445-8803-e6273da273e7
UDLA,Universidad de Las Américas,SOFTWARE,7,gestionar varios proyectos,skill/competence,cross-sector,0.6702,http://data.europa.eu/esco/skill/c881ddd2-9c0e-4743-bd24-36be650493dd
UDLA,Universidad de Las Américas,SOFTWARE,8,aplicar políticas organizativas del sistema,skill/competence,cross-sector,0.6691,http://data.europa.eu/esco/skill/07e47d58-dd0e-4302-9e68-70a188e89065
UDLA,Universidad de Las Américas,SOFTWARE,9,asesorar a la clientela acerca de las posibilidades técnicas,skill/competence,cross-sector,0.6688,http://data.europa.eu/esco/skill/7b3abd38-61ae-42a4-88bb-0884784f9ee1
UDLA,Universidad de Las Américas,SOFTWARE,10,desarrollar procedimientos de prueba,skill/competence,cross-sector,0.6686,http://data.europa.eu/esco/skill/f10142ce-d522-49c3-9fd1-054fb63529d4
UDLA,Universidad de Las Américas,SOFTWARE,11,crear soluciones para problemas informativos,skill/competence,cross-sector,0.6663,http://data.europa.eu/esco/skill/4539aeca-b56f-4d03-ba86-8f675a7f2536
UDLA,Universidad de Las Américas,SOFTWARE,12,elaborar documentación de conformidad con los requisitos legales,skill/competence,cross-sector,0.6652,http://data.europa.eu/esco/skill/695c3249-18e7-4435-bdb8-54a16011159d
UDLA,Universidad de Las Américas,SOFTWARE,13,crear soluciones para problemas,skill/competence,cross-sector,0.665,http://data.europa.eu/esco/skill/03b9b491-fc9b-4868-914a-bf7cd47b5041
UDLA,Universidad de Las Américas,SOFTWARE,14,diseñar sistemas de transporte,skill/competence,cross-sector,0.6639,http://data.europa.eu/esco/skill/11f364dd-0814-4398-b00e-10d1be8b27af
UDLA,Universidad de Las Américas,SOFTWARE,15,detectar necesidades tecnológicas,skill/competence,cross-sector,0.6621,http://data.europa.eu/esco/skill/42fcf80d-7b45-40f3-bd2f-5411c4c0dfa0
UDLA,Universidad de Las Américas,SOFTWARE,16,gestionar la calidad,skill/competence,transversal,0.6619,http://data.europa.eu/esco/skill/35ebe444-9ece-4fbc-a55d-e99ea37267ae
UDLA,Universidad de Las Américas,SOFTWARE,17,resolver problemas de sistemas TIC,skill/competence,cross-sector,0.6614,http://data.europa.eu/esco/skill/9e06bac6-6b91-48ca-8b7d-c1f48cdecd7c
UDLA,Universidad de Las Américas,SOFTWARE,18,proporcionar documentación para el usuario,skill/competence,cross-sector,0.661,http://data.europa.eu/esco/skill/385479b7-5da5-4367-9763-0d15b41bb65b
UDLA,Universidad de Las Américas,SOFTWARE,19,diseñar procesos,skill/competence,cross-sector,0.6592,http://data.europa.eu/esco/skill/2c28fc20-8a60-4311-8899-5ef8729c05b3
UDLA,Universidad de Las Américas,SOFTWARE,20,Proponer soluciones tecnológicas a problemas empresariales,skill/competence,cross-sector,0.6581,http://data.europa.eu/esco/skill/07e51c60-763a-4335-b4ec-70a15f66d328
UDLA,Universidad de Las Américas,SOFTWARE,21,apoyar la puesta en marcha de sistemas de gestión de la calidad,skill/competence,cross-sector,0.6566,http://data.europa.eu/esco/skill/ccbd0898-e225-4abc-8992-57a23b0e2eec
UDLA,Universidad de Las Américas,SOFTWARE,22,elaborar políticas de agricultura,skill/competence,cross-sector,0.6559,http://data.europa.eu/esco/skill/108320f7-c8a1-4386-aed9-91054ab05619
UDLA,Universidad de Las Américas,SOFTWARE,23,traducir requisitos en un diseño visual,skill/competence,cross-sector,0.655,http://data.europa.eu/esco/skill/2d6d4784-0992-48e7-b100-22d7229b3f0a
UDLA,Universidad de Las Américas,SOFTWARE,24,innovar las prácticas actuales,skill/competence,cross-sector,0.6549,http://data.europa.eu/esco/skill/f975091a-e5a5-4472-ac17-11680e53e98f
UDLA,Universidad de Las Américas,SOFTWARE,25,resolver problemas técnicos,skill/competence,cross-sector,0.6543,http://data.europa.eu/esco/skill/14832d87-2f2f-4895-b290-e4760ebae42a
UTPL,Universidad Técnica Particular de Loja,ADMINISTRACIÓN DE EMPRESAS,1,gestionar empresas de producción,skill/competence,cross-sector,0.8046,http://data.europa.eu/esco/skill/435d1751-8667-41ec-8b32-865b7cd3c684
UTPL,Universidad Técnica Particular de Loja,ADMINISTRACIÓN DE EMPRESAS,2,elaborar las estrategias empresariales,skill/competence,cross-sector,0.8023,http://data.europa.eu/esco/skill/ba2c6181-b036-40b4-8f6d-51499463ccbb
UTPL,Universidad Técnica Particular de Loja,ADMINISTRACIÓN DE EMPRESAS,3,gestionar recursos humanos,skill/competence,cross-sector,0.79,http://data.europa.eu/esco/skill/339ac029-066a-4985-9f9d-b3d7c8fea0bb
UTPL,Universidad Técnica Particular de Loja,ADMINISTRACIÓN DE EMPRESAS,4,participar en las operaciones cotidianas de la empresa,skill/competence,cross-sector,0.7747,http://data.europa.eu/esco/skill/ce4cbc3a-bde0-43b4-9526-e643c4fe5b04
UTPL,Universidad Técnica Particular de Loja,ADMINISTRACIÓN DE EMPRESAS,5,coordinar actividades de planificación comercial,skill/competence,cross-sector,0.768,http://data.europa.eu/esco/skill/90398aca-82b7-4f56-8e0f-814d949162b4
UTPL,Universidad Técnica Particular de Loja,ADMINISTRACIÓN DE EMPRESAS,6,guiar a los gestores de los diferentes departamentos de la empresa,skill/competence,cross-sector,0.768,http://data.europa.eu/esco/skill/3e61ee41-2bd9-466f-b313-00ce04072410
UTPL,Universidad Técnica Particular de Loja,ADMINISTRACIÓN DE EMPRESAS,7,mejorar procesos empresariales,skill/competence,cross-sector,0.7603,http://data.europa.eu/esco/skill/75b30aeb-34c0-40f4-b77d-271d75a98b14
UTPL,Universidad Técnica Particular de Loja,ADMINISTRACIÓN DE EMPRESAS,8,realizar diversas tareas organizativas en la empresa,skill/competence,cross-sector,0.7564,http://data.europa.eu/esco/skill/01755f08-4df4-4cf0-8d22-08f94cad68b5
UTPL,Universidad Técnica Particular de Loja,ADMINISTRACIÓN DE EMPRESAS,9,desarrollar políticas de la organización,skill/competence,cross-sector,0.7555,http://data.europa.eu/esco/skill/3254275d-a1b5-4640-9481-02f38780ac35
UTPL,Universidad Técnica Particular de Loja,ADMINISTRACIÓN DE EMPRESAS,10,gestionar varios proyectos,skill/competence,cross-sector,0.7543,http://data.europa.eu/esco/skill/c881ddd2-9c0e-4743-bd24-36be650493dd
UTPL,Universidad Técnica Particular de Loja,ADMINISTRACIÓN DE EMPRESAS,11,desarrollar estrategias de comunicación,skill/competence,cross-sector,0.7512,http://data.europa.eu/esco/skill/3c834f6e-523a-49ee-8ed1-e073e28ae6fe
UTPL,Universidad Técnica Particular de Loja,ADMINISTRACIÓN DE EMPRESAS,12,gestionar proyectos,skill/competence,cross-sector,0.7508,http://data.europa.eu/esco/skill/cd5efa8c-e44d-4cbc-91c6-796018dbed68
UTPL,Universidad Técnica Particular de Loja,ADMINISTRACIÓN DE EMPRESAS,13,tener espíritu emprendedor,skill/competence,transversal,0.7497,http://data.europa.eu/esco/skill/bdcf429c-5ccf-4c3d-bb61-4c987573a35e
UTPL,Universidad Técnica Particular de Loja,ADMINISTRACIÓN DE EMPRESAS,14,gestionar conocimientos empresariales,skill/competence,cross-sector,0.7458,http://data.europa.eu/esco/skill/41bf7ede-fc84-4a57-8c89-b548d11b0ba1
UTPL,Universidad Técnica Particular de Loja,ADMINISTRACIÓN DE EMPRESAS,15,elaborar políticas de economía,skill/competence,cross-sector,0.7446,http://data.europa.eu/esco/skill/8394fefb-f62a-48c0-a156-3117cefdb9b3
UTPL,Universidad Técnica Particular de Loja,ADMINISTRACIÓN DE EMPRESAS,16,gestionar recursos empresariales,skill/competence,cross-sector,0.742,http://data.europa.eu/esco/skill/911e13ee-1eec-4243-88c8-3c08a3681a19
UTPL,Universidad Técnica Particular de Loja,ADMINISTRACIÓN DE EMPRESAS,17,informar sobre la gestión general de una empresa,skill/competence,cross-sector,0.7393,http://data.europa.eu/esco/skill/307ffd2d-8fb3-43ff-8ad8-4052382f8f83
UTPL,Universidad Técnica Particular de Loja,ADMINISTRACIÓN DE EMPRESAS,18,transmitir planes de negocios a colaboradores,skill/competence,cross-sector,0.7391,http://data.europa.eu/esco/skill/a9c205ef-365a-4ae4-b905-cb48ba761ff0
UTPL,Universidad Técnica Particular de Loja,ADMINISTRACIÓN DE EMPRESAS,19,ejercer la administración,skill/competence,cross-sector,0.7382,http://data.europa.eu/esco/skill/151174e2-2a27-4c1e-be68-6446278d34b7
UTPL,Universidad Técnica Particular de Loja,ADMINISTRACIÓN DE EMPRESAS,20,formar equipos dentro de la empresa en base a las competencias,skill/competence,cross-sector,0.7375,http://data.europa.eu/esco/skill/f1155d3f-fbca-4298-a31c-f6955653bacf
UTPL,Universidad Técnica Particular de Loja,ADMINISTRACIÓN DE EMPRESAS,21,realizar gestión de clientes,skill/competence,cross-sector,0.737,http://data.europa.eu/esco/skill/91306a20-9b81-4f3d-97eb-f5368b607da7
UTPL,Universidad Técnica Particular de Loja,ADMINISTRACIÓN DE EMPRESAS,22,realizar la gestión de un evento,skill/competence,cross-sector,0.737,http://data.europa.eu/esco/skill/03a0ab28-ce99-4e14-baf8-a66c55da28f8
UTPL,Universidad Técnica Particular de Loja,ADMINISTRACIÓN DE EMPRESAS,23,gestionar los aspectos financieros de una empresa,skill/competence,cross-sector,0.736,http://data.europa.eu/esco/skill/fa6acfc3-0a4f-4192-b77d-80e94d0faf2a
UTPL,Universidad Técnica Particular de Loja,ADMINISTRACIÓN DE EMPRESAS,24,apoyar a los gestores y directivos,skill/competence,cross-sector,0.731,http://data.europa.eu/esco/skill/4bd6e2ad-bf69-4198-b3ac-3baabd9da46e
UTPL,Universidad Técnica Particular de Loja,ADMINISTRACIÓN DE EMPRESAS,25,gestionar la experiencia de la clientela,skill/competence,cross-sector,0.73,http://data.europa.eu/esco/skill/4b95c7bb-5672-4e4a-88ea-ba96c12e8ca2
UTPL,Universidad Técnica Particular de Loja,ECONOMÍA,1,elaborar políticas de economía,skill/competence,cross-sector,0.7829,http://data.europa.eu/esco/skill/8394fefb-f62a-48c0-a156-3117cefdb9b3
UTPL,Universidad Técnica Particular de Loja,ECONOMÍA,2,asesorar sobre el desarrollo económico,skill/competence,cross-sector,0.7358,http://data.europa.eu/esco/skill/384ed14c-bf1f-4a65-aef6-6e711f43c4ce
UTPL,Universidad Técnica Particular de Loja,ECONOMÍA,3,realizar un análisis empresarial,skill/competence,cross-sector,0.7322,http://data.europa.eu/esco/skill/27ed854c-15b8-4ba2-90e9-ae888a219703
UTPL,Universidad Técnica Particular de Loja,ECONOMÍA,4,analizar las tendencias económicas,skill/competence,cross-sector,0.7282,http://data.europa.eu/esco/skill/5f302d63-048e-451c-b150-97c124a5a26b
UTPL,Universidad Técnica Particular de Loja,ECONOMÍA,5,realizar estudios de mercado,skill/competence,cross-sector,0.7185,http://data.europa.eu/esco/skill/fe39d4db-4cb5-4299-bb9f-896c8fd6ab13
UTPL,Universidad Técnica Particular de Loja,ECONOMÍA,6,tener en cuenta los criterios económicos en la toma de decisiones,skill/competence,cross-sector,0.7178,http://data.europa.eu/esco/skill/d41262ae-eca1-4ede-89a8-46d2d99a7a31
UTPL,Universidad Técnica Particular de Loja,ECONOMÍA,7,predecir tendencias económicas,skill/competence,cross-sector,0.7068,http://data.europa.eu/esco/skill/f2a34d6b-131a-4b8f-a110-898b9c91d18f
UTPL,Universidad Técnica Particular de Loja,ECONOMÍA,8,analizar los factores externos a una empresa,skill/competence,cross-sector,0.7056,http://data.europa.eu/esco/skill/ce5b1446-b5e3-4f05-a5ac-83f2ee142a44
UTPL,Universidad Técnica Particular de Loja,ECONOMÍA,9,"llevar a cabo análisis de factores políticos, económicos, sociales, tecnológicos, ambientales y jurídicos",skill/competence,cross-sector,0.7023,http://data.europa.eu/esco/skill/9979e727-3104-42e0-8f41-4af2578111ea
UTPL,Universidad Técnica Particular de Loja,ECONOMÍA,10,desarrollar políticas de la organización,skill/competence,cross-sector,0.7014,http://data.europa.eu/esco/skill/3254275d-a1b5-4640-9481-02f38780ac35
UTPL,Universidad Técnica Particular de Loja,ECONOMÍA,11,elaborar software estadístico,skill/competence,cross-sector,0.7011,http://data.europa.eu/esco/skill/bb165899-d95f-4433-95f2-173fefd716d2
UTPL,Universidad Técnica Particular de Loja,ECONOMÍA,12,elaborar las estrategias empresariales,skill/competence,cross-sector,0.6989,http://data.europa.eu/esco/skill/ba2c6181-b036-40b4-8f6d-51499463ccbb
UTPL,Universidad Técnica Particular de Loja,ECONOMÍA,13,crear soluciones para problemas,skill/competence,cross-sector,0.6975,http://data.europa.eu/esco/skill/03b9b491-fc9b-4868-914a-bf7cd47b5041
UTPL,Universidad Técnica Particular de Loja,ECONOMÍA,14,economía,knowledge,cross-sector,0.696,http://data.europa.eu/esco/skill/88af9294-b697-4687-ae19-aefbb6234dfa
UTPL,Universidad Técnica Particular de Loja,ECONOMÍA,15,gestionar riesgos comerciales,skill/competence,cross-sector,0.6947,http://data.europa.eu/esco/skill/80ae18bf-f3a4-4f83-b372-7c5c9d686865
UTPL,Universidad Técnica Particular de Loja,ECONOMÍA,16,análisis empresarial,knowledge,cross-sector,0.6945,http://data.europa.eu/esco/skill/633a3637-2c6b-40ae-ac38-289eb2a62aa6
UTPL,Universidad Técnica Particular de Loja,ECONOMÍA,17,asesorar sobre políticas de asuntos exteriores,skill/competence,cross-sector,0.6901,http://data.europa.eu/esco/skill/ec8a9c7f-1d84-4c8a-82c4-d4afe2874483
UTPL,Universidad Técnica Particular de Loja,ECONOMÍA,18,evaluar las necesidades energéticas,skill/competence,cross-sector,0.6869,http://data.europa.eu/esco/skill/36fccad9-1d20-4104-bcc2-a8ea9d1ce5ea
UTPL,Universidad Técnica Particular de Loja,ECONOMÍA,19,analizar el riesgo financiero,skill/competence,cross-sector,0.6867,http://data.europa.eu/esco/skill/eb8babfb-ab91-4937-a032-6a79f82e9b7f
UTPL,Universidad Técnica Particular de Loja,ECONOMÍA,20,sensibilizar a los responsables de la formulación de políticas sobre los problemas de los servicios sociales,skill/competence,cross-sector,0.6864,http://data.europa.eu/esco/skill/f914df1a-c9fd-47ab-b1ec-bc7c6f572640
UTPL,Universidad Técnica Particular de Loja,ECONOMÍA,21,realizar gestión de clientes,skill/competence,cross-sector,0.6857,http://data.europa.eu/esco/skill/91306a20-9b81-4f3d-97eb-f5368b607da7
UTPL,Universidad Técnica Particular de Loja,ECONOMÍA,22,supervisar el funcionamiento del mercado internacional,skill/competence,cross-sector,0.6854,http://data.europa.eu/esco/skill/293301db-be3c-4cba-b3ee-6cc9c55fd70a
UTPL,Universidad Técnica Particular de Loja,ECONOMÍA,23,analizar las necesidades de una comunidad,skill/competence,cross-sector,0.6847,http://data.europa.eu/esco/skill/fbe6232a-e2b2-4830-a5e6-ed6415f01e85
UTPL,Universidad Técnica Particular de Loja,ECONOMÍA,24,realizar un análisis de las necesidades de los clientes,skill/competence,cross-sector,0.6845,http://data.europa.eu/esco/skill/31c83903-8fc8-4bd8-9ca4-7a98a9c31eae
UTPL,Universidad Técnica Particular de Loja,ECONOMÍA,25,extraer las conclusiones de los resultados de un estudio de mercado,skill/competence,cross-sector,0.6842,http://data.europa.eu/esco/skill/46cb7282-7fb0-4d3c-b6b8-bfe81fab077e
UTPL,Universidad Técnica Particular de Loja,INGENIERÍA CIVIL,1,asesorar sobre temas de construcción,skill/competence,cross-sector,0.735,http://data.europa.eu/esco/skill/3b64ab47-a874-403a-b781-7b23c2fc3c6c
UTPL,Universidad Técnica Particular de Loja,INGENIERÍA CIVIL,2,supervisar un proyecto de construcción,skill/competence,cross-sector,0.7271,http://data.europa.eu/esco/skill/1de548e0-9535-4d2e-9d20-d4474c1ea813
UTPL,Universidad Técnica Particular de Loja,INGENIERÍA CIVIL,3,garantizar el cumplimiento de los plazos de construcción,skill/competence,cross-sector,0.7214,http://data.europa.eu/esco/skill/6181f475-110c-497c-a46d-ed2e14e7bc90
UTPL,Universidad Técnica Particular de Loja,INGENIERÍA CIVIL,4,diseñar sistemas de transporte,skill/competence,cross-sector,0.7165,http://data.europa.eu/esco/skill/11f364dd-0814-4398-b00e-10d1be8b27af
UTPL,Universidad Técnica Particular de Loja,INGENIERÍA CIVIL,5,examinar las infraestructuras civiles,skill/competence,cross-sector,0.711,http://data.europa.eu/esco/skill/d48b3cfe-80b6-406f-b582-d959b60417f8
UTPL,Universidad Técnica Particular de Loja,INGENIERÍA CIVIL,6,coordinar equipos de ingeniería,skill/competence,cross-sector,0.7063,http://data.europa.eu/esco/skill/7af6e9e8-1e11-4c0b-b7c6-ac96bbbbc674
UTPL,Universidad Técnica Particular de Loja,INGENIERÍA CIVIL,7,diseñar edificios,skill/competence,cross-sector,0.7061,http://data.europa.eu/esco/skill/7c3cde53-9ff7-4e82-8396-13fdfadd3432
UTPL,Universidad Técnica Particular de Loja,INGENIERÍA CIVIL,8,vigilar el cumplimiento de los parámetros de los proyectos de construcción,skill/competence,cross-sector,0.706,http://data.europa.eu/esco/skill/3dd3dfa7-51c0-40ef-af46-e2df300489f6
UTPL,Universidad Técnica Particular de Loja,INGENIERÍA CIVIL,9,gestionar proyectos de ingeniería,skill/competence,cross-sector,0.7007,http://data.europa.eu/esco/skill/6a899482-8bcf-40ca-ae67-579a1cc467ab
UTPL,Universidad Técnica Particular de Loja,INGENIERÍA CIVIL,10,revisar proyectos de construcción,skill/competence,cross-sector,0.696,http://data.europa.eu/esco/skill/ea9fc9d9-c602-4430-a7fc-edac7429a6a8
UTPL,Universidad Técnica Particular de Loja,INGENIERÍA CIVIL,11,ingeniería civil,knowledge,cross-sector,0.6959,http://data.europa.eu/esco/skill/82887396-e5bf-4306-af51-3fe8d82790b2
UTPL,Universidad Técnica Particular de Loja,INGENIERÍA CIVIL,12,gestionar los programas públicos,skill/competence,cross-sector,0.6884,http://data.europa.eu/esco/skill/0761f325-13e7-49f4-a41a-ec64ba4e7b9d
UTPL,Universidad Técnica Particular de Loja,INGENIERÍA CIVIL,13,gestionar la instalación de estructuras para eventos,skill/competence,cross-sector,0.6878,http://data.europa.eu/esco/skill/0e503b48-5491-4529-879e-b112251f8d50
UTPL,Universidad Técnica Particular de Loja,INGENIERÍA CIVIL,14,coordinar actividades de construcción,skill/competence,cross-sector,0.687,http://data.europa.eu/esco/skill/fff5bc45-b506-4466-8977-4869079c1cb2
UTPL,Universidad Técnica Particular de Loja,INGENIERÍA CIVIL,15,supervisar obras de construcción,skill/competence,cross-sector,0.6869,http://data.europa.eu/esco/skill/fc1a75bb-70e3-4005-881f-7709bf7b0ed4
UTPL,Universidad Técnica Particular de Loja,INGENIERÍA CIVIL,16,preparar documentos relativos al proyecto de construcción,skill/competence,cross-sector,0.6843,http://data.europa.eu/esco/skill/80274731-15ce-490a-8d5b-f55a36b976b0
UTPL,Universidad Técnica Particular de Loja,INGENIERÍA CIVIL,17,gestionar varios proyectos,skill/competence,cross-sector,0.6831,http://data.europa.eu/esco/skill/c881ddd2-9c0e-4743-bd24-36be650493dd
UTPL,Universidad Técnica Particular de Loja,INGENIERÍA CIVIL,18,gestionar contratos,skill/competence,cross-sector,0.6812,http://data.europa.eu/esco/skill/92721092-fe7c-4689-96bd-4f02385bc0e7
UTPL,Universidad Técnica Particular de Loja,INGENIERÍA CIVIL,19,cumplir la normativa de construcción,skill/competence,cross-sector,0.6772,http://data.europa.eu/esco/skill/4ccf7d02-764c-4129-a1df-fa1dd2e12647
UTPL,Universidad Técnica Particular de Loja,INGENIERÍA CIVIL,20,gestionar proyectos de investigación y desarrollo,skill/competence,cross-sector,0.6761,http://data.europa.eu/esco/skill/d5dbc342-8e39-4998-8237-ebbe05a381ce
UTPL,Universidad Técnica Particular de Loja,INGENIERÍA CIVIL,21,elaborar las estrategias empresariales,skill/competence,cross-sector,0.6761,http://data.europa.eu/esco/skill/ba2c6181-b036-40b4-8f6d-51499463ccbb
UTPL,Universidad Técnica Particular de Loja,INGENIERÍA CIVIL,22,supervisar el funcionamiento de los equipos,skill/competence,cross-sector,0.6754,http://data.europa.eu/esco/skill/ca17f0df-59e4-4ed2-9360-fc5325bc7151
UTPL,Universidad Técnica Particular de Loja,INGENIERÍA CIVIL,23,llevar a cabo las actividades de un proyecto,skill/competence,cross-sector,0.675,http://data.europa.eu/esco/skill/1fcce318-3212-487a-ac07-4941bc85060d
UTPL,Universidad Técnica Particular de Loja,INGENIERÍA CIVIL,24,desarrollar estrategias de rehabilitación tras inundaciones,skill/competence,cross-sector,0.6743,http://data.europa.eu/esco/skill/6b5d032a-b85a-44ea-9dad-5201048d2dd2
UTPL,Universidad Técnica Particular de Loja,INGENIERÍA CIVIL,25,someter a auditorías a los contratistas,skill/competence,cross-sector,0.6738,http://data.europa.eu/esco/skill/0520d8ba-3c24-4f75-a8b0-f883ddeed82d
UTPL,Universidad Técnica Particular de Loja,INGENIERÍA INDUSTRIAL,1,analizar estrategias de gestión de la cadena de suministro,skill/competence,cross-sector,0.8281,http://data.europa.eu/esco/skill/96d549bb-3e62-4c45-92a7-f114df089581
UTPL,Universidad Técnica Particular de Loja,INGENIERÍA INDUSTRIAL,2,gestionar los suministros,skill/competence,cross-sector,0.8194,http://data.europa.eu/esco/skill/020b3c27-bae1-4b85-9d6f-eccee0f5ed99
UTPL,Universidad Técnica Particular de Loja,INGENIERÍA INDUSTRIAL,3,gestionar empresas de producción,skill/competence,cross-sector,0.7967,http://data.europa.eu/esco/skill/435d1751-8667-41ec-8b32-865b7cd3c684
UTPL,Universidad Técnica Particular de Loja,INGENIERÍA INDUSTRIAL,4,integrar productos nuevos en la cadena de fabricación,skill/competence,cross-sector,0.7944,http://data.europa.eu/esco/skill/8a753714-9a19-4418-9b37-77e79d72c705
UTPL,Universidad Técnica Particular de Loja,INGENIERÍA INDUSTRIAL,5,controlar la producción,skill/competence,cross-sector,0.7894,http://data.europa.eu/esco/skill/feceacee-d425-4e73-821a-02dfb85084db
UTPL,Universidad Técnica Particular de Loja,INGENIERÍA INDUSTRIAL,6,gestionar la logística,skill/competence,cross-sector,0.7877,http://data.europa.eu/esco/skill/953c0b65-537a-42fe-a90b-26cd36c64361
UTPL,Universidad Técnica Particular de Loja,INGENIERÍA INDUSTRIAL,7,gestionar la calidad,skill/competence,transversal,0.7749,http://data.europa.eu/esco/skill/35ebe444-9ece-4fbc-a55d-e99ea37267ae
UTPL,Universidad Técnica Particular de Loja,INGENIERÍA INDUSTRIAL,8,realizar el control de procesos en la industria de prendas de vestir,skill/competence,cross-sector,0.7721,http://data.europa.eu/esco/skill/58c080f9-71d5-429d-9476-bc9e742d460c
UTPL,Universidad Técnica Particular de Loja,INGENIERÍA INDUSTRIAL,9,coordinar las actividades de producción,skill/competence,cross-sector,0.7705,http://data.europa.eu/esco/skill/05c00631-b864-4842-b47e-06710c197c7a
UTPL,Universidad Técnica Particular de Loja,INGENIERÍA INDUSTRIAL,10,planificar la gestión de productos,skill/competence,cross-sector,0.7684,http://data.europa.eu/esco/skill/29fb886c-6be0-4e93-9ea1-232881f2092a
UTPL,Universidad Técnica Particular de Loja,INGENIERÍA INDUSTRIAL,11,verificar las exigencias de fabricación,skill/competence,cross-sector,0.7684,http://data.europa.eu/esco/skill/277f489c-7a47-4791-bd87-61ca01737f96
UTPL,Universidad Técnica Particular de Loja,INGENIERÍA INDUSTRIAL,12,impartir formación sobre cómo supervisar la gestión de la calidad,skill/competence,cross-sector,0.7679,http://data.europa.eu/esco/skill/09e7cd13-ea36-4694-afe5-f34373759392
UTPL,Universidad Técnica Particular de Loja,INGENIERÍA INDUSTRIAL,13,analizar procesos de producción para introducir mejoras,skill/competence,cross-sector,0.7656,http://data.europa.eu/esco/skill/f1b5800e-b763-4740-9586-3fef30568e81
UTPL,Universidad Técnica Particular de Loja,INGENIERÍA INDUSTRIAL,14,gestión de la cadena de suministro,knowledge,cross-sector,0.7656,http://data.europa.eu/esco/skill/f929c89e-c363-4132-a918-e021d57b307c
UTPL,Universidad Técnica Particular de Loja,INGENIERÍA INDUSTRIAL,15,planificar procesos de fabricación,skill/competence,cross-sector,0.7651,http://data.europa.eu/esco/skill/7d0f33ea-e724-4d77-8b75-ee4fe66bb9ba
UTPL,Universidad Técnica Particular de Loja,INGENIERÍA INDUSTRIAL,16,inspeccionar la calidad de los productos,skill/competence,cross-sector,0.7632,http://data.europa.eu/esco/skill/1a3660c2-011c-4e96-9b1d-529afc305428
UTPL,Universidad Técnica Particular de Loja,INGENIERÍA INDUSTRIAL,17,desarrollar normas y procedimientos de fabricación,skill/competence,cross-sector,0.7631,http://data.europa.eu/esco/skill/764db027-9063-4468-acb3-c73ecfc76f35
UTPL,Universidad Técnica Particular de Loja,INGENIERÍA INDUSTRIAL,18,programar la producción,skill/competence,cross-sector,0.7629,http://data.europa.eu/esco/skill/2a778aeb-f246-4f03-9a96-c60183001037
UTPL,Universidad Técnica Particular de Loja,INGENIERÍA INDUSTRIAL,19,mejorar procesos empresariales,skill/competence,cross-sector,0.7613,http://data.europa.eu/esco/skill/75b30aeb-34c0-40f4-b77d-271d75a98b14
UTPL,Universidad Técnica Particular de Loja,INGENIERÍA INDUSTRIAL,20,supervisar la producción de la fábrica,skill/competence,cross-sector,0.7605,http://data.europa.eu/esco/skill/c09dce1b-e198-487e-b63f-934e10a4c181
UTPL,Universidad Técnica Particular de Loja,INGENIERÍA INDUSTRIAL,21,gestionar recursos empresariales,skill/competence,cross-sector,0.7499,http://data.europa.eu/esco/skill/911e13ee-1eec-4243-88c8-3c08a3681a19
UTPL,Universidad Técnica Particular de Loja,INGENIERÍA INDUSTRIAL,22,supervisar el control de calidad,skill/competence,cross-sector,0.7485,http://data.europa.eu/esco/skill/5d34adde-0b78-42b4-9d3d-69e9388d8398
UTPL,Universidad Técnica Particular de Loja,INGENIERÍA INDUSTRIAL,23,establecer directrices de fabricación,skill/competence,cross-sector,0.7475,http://data.europa.eu/esco/skill/37520413-563e-4d99-a14c-1c6dca3cf833
UTPL,Universidad Técnica Particular de Loja,INGENIERÍA INDUSTRIAL,24,optimizar los parámetros del proceso de producción,skill/competence,cross-sector,0.7473,http://data.europa.eu/esco/skill/0f0698e7-04e4-4bf7-9af2-e3191147525a
UTPL,Universidad Técnica Particular de Loja,INGENIERÍA INDUSTRIAL,25,mejorar el flujo de trabajo de producción,skill/competence,cross-sector,0.7471,http://data.europa.eu/esco/skill/8add048c-4d51-41c5-8aa2-f57412c4a637
UTPL,Universidad Técnica Particular de Loja,COMPUTACIÓN,1,elaborar software estadístico,skill/competence,cross-sector,0.7375,http://data.europa.eu/esco/skill/bb165899-d95f-4433-95f2-173fefd716d2
UTPL,Universidad Técnica Particular de Loja,COMPUTACIÓN,2,programación informática,knowledge,cross-sector,0.7245,http://data.europa.eu/esco/skill/21d2f96d-35f7-4e3f-9745-c533d2dd6e97
UTPL,Universidad Técnica Particular de Loja,COMPUTACIÓN,3,crear soluciones para problemas,skill/competence,cross-sector,0.7193,http://data.europa.eu/esco/skill/03b9b491-fc9b-4868-914a-bf7cd47b5041
UTPL,Universidad Técnica Particular de Loja,COMPUTACIÓN,4,resolver problemas de sistemas TIC,skill/competence,cross-sector,0.7182,http://data.europa.eu/esco/skill/9e06bac6-6b91-48ca-8b7d-c1f48cdecd7c
UTPL,Universidad Técnica Particular de Loja,COMPUTACIÓN,5,resolver problemas técnicos,skill/competence,cross-sector,0.7178,http://data.europa.eu/esco/skill/14832d87-2f2f-4895-b290-e4760ebae42a
UTPL,Universidad Técnica Particular de Loja,COMPUTACIÓN,6,resolver problemas,skill/competence,transversal,0.7141,http://data.europa.eu/esco/skill/adc6dc11-3376-467b-96c5-9b0a21edc869
UTPL,Universidad Técnica Particular de Loja,COMPUTACIÓN,7,desarrollar normas y procedimientos de fabricación,skill/competence,cross-sector,0.7125,http://data.europa.eu/esco/skill/764db027-9063-4468-acb3-c73ecfc76f35
UTPL,Universidad Técnica Particular de Loja,COMPUTACIÓN,8,gestionar proyectos de investigación y desarrollo,skill/competence,cross-sector,0.7119,http://data.europa.eu/esco/skill/d5dbc342-8e39-4998-8237-ebbe05a381ce
UTPL,Universidad Técnica Particular de Loja,COMPUTACIÓN,9,gestionar sistemas de instrumentación,skill/competence,cross-sector,0.7114,http://data.europa.eu/esco/skill/5d71a91f-cc72-4b66-b6e3-d75ecc05e235
UTPL,Universidad Técnica Particular de Loja,COMPUTACIÓN,10,diseñar sistemas de control,skill/competence,cross-sector,0.7105,http://data.europa.eu/esco/skill/d560df46-dda4-4407-bab2-b87353a96814
UTPL,Universidad Técnica Particular de Loja,COMPUTACIÓN,11,Proponer soluciones tecnológicas a problemas empresariales,skill/competence,cross-sector,0.7095,http://data.europa.eu/esco/skill/07e51c60-763a-4335-b4ec-70a15f66d328
UTPL,Universidad Técnica Particular de Loja,COMPUTACIÓN,12,desarrollar procedimientos de prueba,skill/competence,cross-sector,0.7085,http://data.europa.eu/esco/skill/f10142ce-d522-49c3-9fd1-054fb63529d4
UTPL,Universidad Técnica Particular de Loja,COMPUTACIÓN,13,aplicar políticas organizativas del sistema,skill/competence,cross-sector,0.7083,http://data.europa.eu/esco/skill/07e47d58-dd0e-4302-9e68-70a188e89065
UTPL,Universidad Técnica Particular de Loja,COMPUTACIÓN,14,gestionar datos de investigación,skill/competence,cross-sector,0.7076,http://data.europa.eu/esco/skill/08b04e53-ed25-41a2-9f90-0b9cd939ba3d
UTPL,Universidad Técnica Particular de Loja,COMPUTACIÓN,15,desarrollar políticas de la organización,skill/competence,cross-sector,0.707,http://data.europa.eu/esco/skill/3254275d-a1b5-4640-9481-02f38780ac35
UTPL,Universidad Técnica Particular de Loja,COMPUTACIÓN,16,crear soluciones para problemas informativos,skill/competence,cross-sector,0.7068,http://data.europa.eu/esco/skill/4539aeca-b56f-4d03-ba86-8f675a7f2536
UTPL,Universidad Técnica Particular de Loja,COMPUTACIÓN,17,realizar gestión de clientes,skill/competence,cross-sector,0.7059,http://data.europa.eu/esco/skill/91306a20-9b81-4f3d-97eb-f5368b607da7
UTPL,Universidad Técnica Particular de Loja,COMPUTACIÓN,18,asesorar a la clientela acerca de las posibilidades técnicas,skill/competence,cross-sector,0.7038,http://data.europa.eu/esco/skill/7b3abd38-61ae-42a4-88bb-0884784f9ee1
UTPL,Universidad Técnica Particular de Loja,COMPUTACIÓN,19,desarrollar procedimientos de prueba electrónica,skill/competence,cross-sector,0.7025,http://data.europa.eu/esco/skill/0de6bca4-f3aa-452a-8e10-d355b2c1bfc4
UTPL,Universidad Técnica Particular de Loja,COMPUTACIÓN,20,diseñar procesos,skill/competence,cross-sector,0.7017,http://data.europa.eu/esco/skill/2c28fc20-8a60-4311-8899-5ef8729c05b3
UTPL,Universidad Técnica Particular de Loja,COMPUTACIÓN,21,diseñar sistemas microelectrónicos,skill/competence,cross-sector,0.701,http://data.europa.eu/esco/skill/8712b176-c063-462f-9d0f-2e3c54d9a2eb
UTPL,Universidad Técnica Particular de Loja,COMPUTACIÓN,22,proporcionar documentación para el usuario,skill/competence,cross-sector,0.7009,http://data.europa.eu/esco/skill/385479b7-5da5-4367-9763-0d15b41bb65b
UTPL,Universidad Técnica Particular de Loja,COMPUTACIÓN,23,"gestionar datos, información y contenido digitales",skill/competence,cross-sector,0.699,http://data.europa.eu/esco/skill/4d97e3c3-f335-47cc-a4ee-0d779fd42222
UTPL,Universidad Técnica Particular de Loja,COMPUTACIÓN,24,identificar requisitos del cliente,skill/competence,cross-sector,0.6968,http://data.europa.eu/esco/skill/0e0c9c11-b39e-43cf-ba95-2fe646f5de64
UTPL,Universidad Técnica Particular de Loja,COMPUTACIÓN,25,detectar necesidades tecnológicas,skill/competence,cross-sector,0.6967,http://data.europa.eu/esco/skill/42fcf80d-7b45-40f3-bd2f-5411c4c0dfa0
UTPL,Universidad Técnica Particular de Loja,TELECOMUNICACIONES,1,desarrollar estrategias de comunicación,skill/competence,cross-sector,0.7753,http://data.europa.eu/esco/skill/3c834f6e-523a-49ee-8ed1-e073e28ae6fe
UTPL,Universidad Técnica Particular de Loja,TELECOMUNICACIONES,2,coordinar comunicaciones remotas,skill/competence,cross-sector,0.7598,http://data.europa.eu/esco/skill/9bafaea2-76cd-4532-ab77-8b3d21fa6235
UTPL,Universidad Técnica Particular de Loja,TELECOMUNICACIONES,3,sector de las telecomunicaciones,knowledge,cross-sector,0.7494,http://data.europa.eu/esco/skill/60b44dab-03f1-46de-be08-0e5ba8662b3d
UTPL,Universidad Técnica Particular de Loja,TELECOMUNICACIONES,4,gestionar proyectos de investigación y desarrollo,skill/competence,cross-sector,0.7424,http://data.europa.eu/esco/skill/d5dbc342-8e39-4998-8237-ebbe05a381ce
UTPL,Universidad Técnica Particular de Loja,TELECOMUNICACIONES,5,gestionar las comunicaciones visuales,skill/competence,cross-sector,0.7358,http://data.europa.eu/esco/skill/50b96d21-f2eb-4f35-a8d3-77eee15ef51f
UTPL,Universidad Técnica Particular de Loja,TELECOMUNICACIONES,6,coordinar equipos de ingeniería,skill/competence,cross-sector,0.7358,http://data.europa.eu/esco/skill/7af6e9e8-1e11-4c0b-b7c6-ac96bbbbc674
UTPL,Universidad Técnica Particular de Loja,TELECOMUNICACIONES,7,ingeniería de telecomunicaciones,knowledge,cross-sector,0.7355,http://data.europa.eu/esco/skill/14764a75-3104-4875-ba1d-57c059b9b013
UTPL,Universidad Técnica Particular de Loja,TELECOMUNICACIONES,8,instalar líneas de energía eléctrica,skill/competence,cross-sector,0.7354,http://data.europa.eu/esco/skill/0c627853-241e-405b-9044-aaff6bca133e
UTPL,Universidad Técnica Particular de Loja,TELECOMUNICACIONES,9,diseñar sistemas de control,skill/competence,cross-sector,0.734,http://data.europa.eu/esco/skill/d560df46-dda4-4407-bab2-b87353a96814
UTPL,Universidad Técnica Particular de Loja,TELECOMUNICACIONES,10,elaborar las estrategias empresariales,skill/competence,cross-sector,0.7287,http://data.europa.eu/esco/skill/ba2c6181-b036-40b4-8f6d-51499463ccbb
UTPL,Universidad Técnica Particular de Loja,TELECOMUNICACIONES,11,realizar gestión de clientes,skill/competence,cross-sector,0.7261,http://data.europa.eu/esco/skill/91306a20-9b81-4f3d-97eb-f5368b607da7
UTPL,Universidad Técnica Particular de Loja,TELECOMUNICACIONES,12,crear soluciones para problemas informativos,skill/competence,cross-sector,0.726,http://data.europa.eu/esco/skill/4539aeca-b56f-4d03-ba86-8f675a7f2536
UTPL,Universidad Técnica Particular de Loja,TELECOMUNICACIONES,13,evaluar las necesidades energéticas,skill/competence,cross-sector,0.7232,http://data.europa.eu/esco/skill/36fccad9-1d20-4104-bcc2-a8ea9d1ce5ea
UTPL,Universidad Técnica Particular de Loja,TELECOMUNICACIONES,14,coordinar actividades de planificación comercial,skill/competence,cross-sector,0.7227,http://data.europa.eu/esco/skill/90398aca-82b7-4f56-8e0f-814d949162b4
UTPL,Universidad Técnica Particular de Loja,TELECOMUNICACIONES,15,gestionar canales de distribución,skill/competence,cross-sector,0.7224,http://data.europa.eu/esco/skill/5a5adfe3-5afe-4a24-b9a8-cee8481995e7
UTPL,Universidad Técnica Particular de Loja,TELECOMUNICACIONES,16,detectar y corregir errores de las tecnologías de la información y de las comunicaciones,skill/competence,cross-sector,0.7223,http://data.europa.eu/esco/skill/744442ac-c157-4350-8be0-ce454df4f5c5
UTPL,Universidad Técnica Particular de Loja,TELECOMUNICACIONES,17,controlar las tendencias en tecnología,skill/competence,cross-sector,0.7208,http://data.europa.eu/esco/skill/7a17d7ce-01a2-4746-bbcc-22ffe22fa16e
UTPL,Universidad Técnica Particular de Loja,TELECOMUNICACIONES,18,asesorar sobre estrategias de comunicación,skill/competence,cross-sector,0.7181,http://data.europa.eu/esco/skill/69f36674-440a-4fa0-89f9-1b70172ebb9d
UTPL,Universidad Técnica Particular de Loja,TELECOMUNICACIONES,19,asesorar a la clientela acerca de las posibilidades técnicas,skill/competence,cross-sector,0.7127,http://data.europa.eu/esco/skill/7b3abd38-61ae-42a4-88bb-0884784f9ee1
UTPL,Universidad Técnica Particular de Loja,TELECOMUNICACIONES,20,garantizar la seguridad de las operaciones en sistemas de suministro de energía eléctrica,skill/competence,cross-sector,0.7117,http://data.europa.eu/esco/skill/2b76cbbf-eddc-4a12-a120-f4ea370820a5
UTPL,Universidad Técnica Particular de Loja,TELECOMUNICACIONES,21,transmitir los mensajes,skill/competence,cross-sector,0.711,http://data.europa.eu/esco/skill/81dc035c-921b-4fea-a453-94538e86097c
UTPL,Universidad Técnica Particular de Loja,TELECOMUNICACIONES,22,diseñar sistemas microelectrónicos,skill/competence,cross-sector,0.7105,http://data.europa.eu/esco/skill/8712b176-c063-462f-9d0f-2e3c54d9a2eb
UTPL,Universidad Técnica Particular de Loja,TELECOMUNICACIONES,23,diseñar sistemas de transporte,skill/competence,cross-sector,0.7101,http://data.europa.eu/esco/skill/11f364dd-0814-4398-b00e-10d1be8b27af
UTPL,Universidad Técnica Particular de Loja,TELECOMUNICACIONES,24,coordinar campañas publicitarias,skill/competence,cross-sector,0.71,http://data.europa.eu/esco/skill/ae6af2c6-890d-40a7-9849-326a8c21df76
UTPL,Universidad Técnica Particular de Loja,TELECOMUNICACIONES,25,comunicarse con los jefes y directivos,skill/competence,cross-sector,0.7082,http://data.europa.eu/esco/skill/f14ff4b7-be1e-4b55-b39b-520005f8a97e
UTPL,Universidad Técnica Particular de Loja,ELECTRICIDAD,1,evaluar las necesidades energéticas,skill/competence,cross-sector,0.807,http://data.europa.eu/esco/skill/36fccad9-1d20-4104-bcc2-a8ea9d1ce5ea
UTPL,Universidad Técnica Particular de Loja,ELECTRICIDAD,2,realizar actividades de gestión energética en instalaciones,skill/competence,cross-sector,0.7737,http://data.europa.eu/esco/skill/885808f7-f42b-406e-95f2-28efcd45ddda
UTPL,Universidad Técnica Particular de Loja,ELECTRICIDAD,3,garantizar el cumplimiento del plan de distribución de energía,skill/competence,cross-sector,0.763,http://data.europa.eu/esco/skill/694e1e70-3e22-4d72-a3ac-b5f92951423d
UTPL,Universidad Técnica Particular de Loja,ELECTRICIDAD,4,instalar líneas de energía eléctrica,skill/competence,cross-sector,0.7501,http://data.europa.eu/esco/skill/0c627853-241e-405b-9044-aaff6bca133e
UTPL,Universidad Técnica Particular de Loja,ELECTRICIDAD,5,asesorar sobre cuestiones relativas a la energía renovable marina,skill/competence,cross-sector,0.7417,http://data.europa.eu/esco/skill/610ccf09-e9f2-4268-bb93-442dde5bf26e
UTPL,Universidad Técnica Particular de Loja,ELECTRICIDAD,6,garantizar la seguridad de las operaciones en sistemas de suministro de energía eléctrica,skill/competence,cross-sector,0.7329,http://data.europa.eu/esco/skill/2b76cbbf-eddc-4a12-a120-f4ea370820a5
UTPL,Universidad Técnica Particular de Loja,ELECTRICIDAD,7,gestionar la recepción de suministros eléctricos,skill/competence,cross-sector,0.7327,http://data.europa.eu/esco/skill/c796e1fa-cbbd-4639-b8d9-cbcdc130c7a2
UTPL,Universidad Técnica Particular de Loja,ELECTRICIDAD,8,electrónica de potencia,knowledge,cross-sector,0.7229,http://data.europa.eu/esco/skill/86ff9a65-66eb-4c8f-93d8-22e0a467fc08
UTPL,Universidad Técnica Particular de Loja,ELECTRICIDAD,9,analizar las tendencias del mercado de la energía,skill/competence,cross-sector,0.7222,http://data.europa.eu/esco/skill/28878fd9-9a17-452a-b3b8-5db5c63d7905
UTPL,Universidad Técnica Particular de Loja,ELECTRICIDAD,10,energía renovable,knowledge,cross-sector,0.7201,http://data.europa.eu/esco/skill/1e38f5be-bb7d-42c5-8301-c16cf400f8ee
UTPL,Universidad Técnica Particular de Loja,ELECTRICIDAD,11,diseñar sistemas de control,skill/competence,cross-sector,0.7184,http://data.europa.eu/esco/skill/d560df46-dda4-4407-bab2-b87353a96814
UTPL,Universidad Técnica Particular de Loja,ELECTRICIDAD,12,gestionar proyectos de investigación y desarrollo,skill/competence,cross-sector,0.7098,http://data.europa.eu/esco/skill/d5dbc342-8e39-4998-8237-ebbe05a381ce
UTPL,Universidad Técnica Particular de Loja,ELECTRICIDAD,13,ingeniería eléctrica,knowledge,cross-sector,0.7075,http://data.europa.eu/esco/skill/3e40c7d0-0e36-4b33-bc33-0aa87eda0561
UTPL,Universidad Técnica Particular de Loja,ELECTRICIDAD,14,gestionar la instalación de estructuras para eventos,skill/competence,cross-sector,0.7075,http://data.europa.eu/esco/skill/0e503b48-5491-4529-879e-b112251f8d50
UTPL,Universidad Técnica Particular de Loja,ELECTRICIDAD,15,mantener motores eléctricos,skill/competence,cross-sector,0.7072,http://data.europa.eu/esco/skill/2876970d-90af-45bd-9cfd-c0af757947ea
UTPL,Universidad Técnica Particular de Loja,ELECTRICIDAD,16,normas de seguridad para trabajos con energía eléctrica,knowledge,cross-sector,0.707,http://data.europa.eu/esco/skill/6360d655-3494-45f6-bfc6-d5f63afc355b
UTPL,Universidad Técnica Particular de Loja,ELECTRICIDAD,17,asistir a usuarios de instrumentos eléctricos,skill/competence,cross-sector,0.7055,http://data.europa.eu/esco/skill/520f01d1-91a9-44cb-a3e6-b803e18f439c
UTPL,Universidad Técnica Particular de Loja,ELECTRICIDAD,18,mantener reactores nucleares,skill/competence,cross-sector,0.7044,http://data.europa.eu/esco/skill/2fd77342-8b8d-414e-8b03-5a65f79e9b78
UTPL,Universidad Técnica Particular de Loja,ELECTRICIDAD,19,instalar equipos eléctricos y electrónicos,skill/competence,cross-sector,0.7041,http://data.europa.eu/esco/skill/52797dce-911c-4e6d-b0cb-491f6469014f
UTPL,Universidad Técnica Particular de Loja,ELECTRICIDAD,20,diseñar sistemas eléctricos,skill/competence,cross-sector,0.6967,http://data.europa.eu/esco/skill/05010f6c-0b40-4525-ac4a-057d46a2b6f4
UTPL,Universidad Técnica Particular de Loja,ELECTRICIDAD,21,coordinar esfuerzos ambientales,skill/competence,cross-sector,0.696,http://data.europa.eu/esco/skill/bd70f004-e1d6-43f0-96f1-59c014a4ea01
UTPL,Universidad Técnica Particular de Loja,ELECTRICIDAD,22,mantener equipos electromecánicos,skill/competence,cross-sector,0.696,http://data.europa.eu/esco/skill/e0ded9a1-372d-46c8-80b5-ad994d606ef2
UTPL,Universidad Técnica Particular de Loja,ELECTRICIDAD,23,máquinas eléctricas,knowledge,cross-sector,0.6946,http://data.europa.eu/esco/skill/f0ab5d57-4be7-411b-afce-b4a76a142302
UTPL,Universidad Técnica Particular de Loja,ELECTRICIDAD,24,inspeccionar tendidos eléctricos aéreos,skill/competence,cross-sector,0.6926,http://data.europa.eu/esco/skill/22d69f7d-cbbf-4098-a5a8-a1b2f73cafb0
UTPL,Universidad Técnica Particular de Loja,ELECTRICIDAD,25,montar generadores,skill/competence,cross-sector,0.6901,http://data.europa.eu/esco/skill/942edf03-a450-4261-b65c-9b447fdddc51
UTPL,Universidad Técnica Particular de Loja,ELECTRÓNICA Y AUTOMATIZACIÓN,1,diseñar sistemas de control,skill/competence,cross-sector,0.8112,http://data.europa.eu/esco/skill/d560df46-dda4-4407-bab2-b87353a96814
UTPL,Universidad Técnica Particular de Loja,ELECTRÓNICA Y AUTOMATIZACIÓN,2,desarrollar procedimientos de prueba electrónica,skill/competence,cross-sector,0.7781,http://data.europa.eu/esco/skill/0de6bca4-f3aa-452a-8e10-d355b2c1bfc4
UTPL,Universidad Técnica Particular de Loja,ELECTRÓNICA Y AUTOMATIZACIÓN,3,operar sistemas de control informatizados,skill/competence,cross-sector,0.7723,http://data.europa.eu/esco/skill/b916d60e-38e9-4241-914a-4e2144bda711
UTPL,Universidad Técnica Particular de Loja,ELECTRÓNICA Y AUTOMATIZACIÓN,4,gestionar sistemas de instrumentación,skill/competence,cross-sector,0.7663,http://data.europa.eu/esco/skill/5d71a91f-cc72-4b66-b6e3-d75ecc05e235
UTPL,Universidad Técnica Particular de Loja,ELECTRÓNICA Y AUTOMATIZACIÓN,5,diseñar componentes de automatización,skill/competence,cross-sector,0.7637,http://data.europa.eu/esco/skill/f96f5aa5-6ed7-40dc-a431-68b0a09d6d4b
UTPL,Universidad Técnica Particular de Loja,ELECTRÓNICA Y AUTOMATIZACIÓN,6,desarrollar sistemas de instrumentación,skill/competence,cross-sector,0.7589,http://data.europa.eu/esco/skill/d8c19849-f4cf-458d-90cd-abe735a729bf
UTPL,Universidad Técnica Particular de Loja,ELECTRÓNICA Y AUTOMATIZACIÓN,7,diseñar sistemas microelectrónicos,skill/competence,cross-sector,0.7565,http://data.europa.eu/esco/skill/8712b176-c063-462f-9d0f-2e3c54d9a2eb
UTPL,Universidad Técnica Particular de Loja,ELECTRÓNICA Y AUTOMATIZACIÓN,8,montar equipos de instrumentación,skill/competence,cross-sector,0.7502,http://data.europa.eu/esco/skill/af0b1937-7538-434f-871b-7e8f72e04117
UTPL,Universidad Técnica Particular de Loja,ELECTRÓNICA Y AUTOMATIZACIÓN,9,electrónica,knowledge,cross-sector,0.7498,http://data.europa.eu/esco/skill/95c35c3a-035f-47c2-90cf-7e934d20fc08
UTPL,Universidad Técnica Particular de Loja,ELECTRÓNICA Y AUTOMATIZACIÓN,10,supervisar el funcionamiento de los equipos,skill/competence,cross-sector,0.7463,http://data.europa.eu/esco/skill/ca17f0df-59e4-4ed2-9360-fc5325bc7151
UTPL,Universidad Técnica Particular de Loja,ELECTRÓNICA Y AUTOMATIZACIÓN,11,mantener sistemas electrónicos,skill/competence,cross-sector,0.7435,http://data.europa.eu/esco/skill/89bb44dc-9f4c-400b-86cd-dcd0bd599a58
UTPL,Universidad Técnica Particular de Loja,ELECTRÓNICA Y AUTOMATIZACIÓN,12,controlar las tendencias en tecnología,skill/competence,cross-sector,0.7417,http://data.europa.eu/esco/skill/7a17d7ce-01a2-4746-bbcc-22ffe22fa16e
UTPL,Universidad Técnica Particular de Loja,ELECTRÓNICA Y AUTOMATIZACIÓN,13,gestionar proyectos de investigación y desarrollo,skill/competence,cross-sector,0.7414,http://data.europa.eu/esco/skill/d5dbc342-8e39-4998-8237-ebbe05a381ce
UTPL,Universidad Técnica Particular de Loja,ELECTRÓNICA Y AUTOMATIZACIÓN,14,diseñar sistemas eléctricos,skill/competence,cross-sector,0.741,http://data.europa.eu/esco/skill/05010f6c-0b40-4525-ac4a-057d46a2b6f4
UTPL,Universidad Técnica Particular de Loja,ELECTRÓNICA Y AUTOMATIZACIÓN,15,mantener equipos electrónicos,skill/competence,cross-sector,0.739,http://data.europa.eu/esco/skill/ba45db8f-34e8-4f29-af0b-e6645e1d693f
UTPL,Universidad Técnica Particular de Loja,ELECTRÓNICA Y AUTOMATIZACIÓN,16,asistir a usuarios de instrumentos eléctricos,skill/competence,cross-sector,0.7357,http://data.europa.eu/esco/skill/520f01d1-91a9-44cb-a3e6-b803e18f439c
UTPL,Universidad Técnica Particular de Loja,ELECTRÓNICA Y AUTOMATIZACIÓN,17,establecer directrices de fabricación,skill/competence,cross-sector,0.7351,http://data.europa.eu/esco/skill/37520413-563e-4d99-a14c-1c6dca3cf833
UTPL,Universidad Técnica Particular de Loja,ELECTRÓNICA Y AUTOMATIZACIÓN,18,desarrollar normas y procedimientos de fabricación,skill/competence,cross-sector,0.7325,http://data.europa.eu/esco/skill/764db027-9063-4468-acb3-c73ecfc76f35
UTPL,Universidad Técnica Particular de Loja,ELECTRÓNICA Y AUTOMATIZACIÓN,19,evaluar las necesidades energéticas,skill/competence,cross-sector,0.7312,http://data.europa.eu/esco/skill/36fccad9-1d20-4104-bcc2-a8ea9d1ce5ea
UTPL,Universidad Técnica Particular de Loja,ELECTRÓNICA Y AUTOMATIZACIÓN,20,gestionar la recepción de suministros eléctricos,skill/competence,cross-sector,0.7308,http://data.europa.eu/esco/skill/c796e1fa-cbbd-4639-b8d9-cbcdc130c7a2
UTPL,Universidad Técnica Particular de Loja,ELECTRÓNICA Y AUTOMATIZACIÓN,21,garantizar la seguridad de las operaciones en sistemas de suministro de energía eléctrica,skill/competence,cross-sector,0.7277,http://data.europa.eu/esco/skill/2b76cbbf-eddc-4a12-a120-f4ea370820a5
UTPL,Universidad Técnica Particular de Loja,ELECTRÓNICA Y AUTOMATIZACIÓN,22,instalar equipos eléctricos y electrónicos,skill/competence,cross-sector,0.727,http://data.europa.eu/esco/skill/52797dce-911c-4e6d-b0cb-491f6469014f
UTPL,Universidad Técnica Particular de Loja,ELECTRÓNICA Y AUTOMATIZACIÓN,23,asegurarse de que los productos cumplen los requisitos legales,skill/competence,cross-sector,0.7252,http://data.europa.eu/esco/skill/f453b1a6-c7db-4d9d-9ba3-47c45159bfe3
UTPL,Universidad Técnica Particular de Loja,ELECTRÓNICA Y AUTOMATIZACIÓN,24,diseñar sistemas electrónicos,skill/competence,cross-sector,0.7231,http://data.europa.eu/esco/skill/feb717ff-fba6-4a91-aa10-ee11cf2da6b4
UTPL,Universidad Técnica Particular de Loja,ELECTRÓNICA Y AUTOMATIZACIÓN,25,manejar el generador de señales,skill/competence,cross-sector,0.7223,http://data.europa.eu/esco/skill/8682024b-2c8b-4de4-8cd7-23ea6169da57
UTPL,Universidad Técnica Particular de Loja,SISTEMAS DE INFORMACIÓN,1,"gestionar datos, información y contenido digitales",skill/competence,cross-sector,0.7436,http://data.europa.eu/esco/skill/4d97e3c3-f335-47cc-a4ee-0d779fd42222
UTPL,Universidad Técnica Particular de Loja,SISTEMAS DE INFORMACIÓN,2,gestionar sistemas de instrumentación,skill/competence,cross-sector,0.7389,http://data.europa.eu/esco/skill/5d71a91f-cc72-4b66-b6e3-d75ecc05e235
UTPL,Universidad Técnica Particular de Loja,SISTEMAS DE INFORMACIÓN,3,crear soluciones para problemas informativos,skill/competence,cross-sector,0.7338,http://data.europa.eu/esco/skill/4539aeca-b56f-4d03-ba86-8f675a7f2536
UTPL,Universidad Técnica Particular de Loja,SISTEMAS DE INFORMACIÓN,4,realizar gestión de clientes,skill/competence,cross-sector,0.7311,http://data.europa.eu/esco/skill/91306a20-9b81-4f3d-97eb-f5368b607da7
UTPL,Universidad Técnica Particular de Loja,SISTEMAS DE INFORMACIÓN,5,asesorar a la clientela acerca de las posibilidades técnicas,skill/competence,cross-sector,0.7289,http://data.europa.eu/esco/skill/7b3abd38-61ae-42a4-88bb-0884784f9ee1
UTPL,Universidad Técnica Particular de Loja,SISTEMAS DE INFORMACIÓN,6,gestionar datos de investigación,skill/competence,cross-sector,0.7285,http://data.europa.eu/esco/skill/08b04e53-ed25-41a2-9f90-0b9cd939ba3d
UTPL,Universidad Técnica Particular de Loja,SISTEMAS DE INFORMACIÓN,7,resolver problemas de sistemas TIC,skill/competence,cross-sector,0.7239,http://data.europa.eu/esco/skill/9e06bac6-6b91-48ca-8b7d-c1f48cdecd7c
UTPL,Universidad Técnica Particular de Loja,SISTEMAS DE INFORMACIÓN,8,gestionar sistemas administrativos,skill/competence,cross-sector,0.7227,http://data.europa.eu/esco/skill/6ae8306a-4f9d-4410-ac82-6406f3cbd16a
UTPL,Universidad Técnica Particular de Loja,SISTEMAS DE INFORMACIÓN,9,crear soluciones para problemas,skill/competence,cross-sector,0.7212,http://data.europa.eu/esco/skill/03b9b491-fc9b-4868-914a-bf7cd47b5041
UTPL,Universidad Técnica Particular de Loja,SISTEMAS DE INFORMACIÓN,10,detectar necesidades tecnológicas,skill/competence,cross-sector,0.7201,http://data.europa.eu/esco/skill/42fcf80d-7b45-40f3-bd2f-5411c4c0dfa0
UTPL,Universidad Técnica Particular de Loja,SISTEMAS DE INFORMACIÓN,11,Proponer soluciones tecnológicas a problemas empresariales,skill/competence,cross-sector,0.7177,http://data.europa.eu/esco/skill/07e51c60-763a-4335-b4ec-70a15f66d328
UTPL,Universidad Técnica Particular de Loja,SISTEMAS DE INFORMACIÓN,12,administrar una página web,skill/competence,cross-sector,0.7177,http://data.europa.eu/esco/skill/d04ee340-5378-4601-8181-19da6d5cbfe0
UTPL,Universidad Técnica Particular de Loja,SISTEMAS DE INFORMACIÓN,13,gestionar proyectos de investigación y desarrollo,skill/competence,cross-sector,0.716,http://data.europa.eu/esco/skill/d5dbc342-8e39-4998-8237-ebbe05a381ce
UTPL,Universidad Técnica Particular de Loja,SISTEMAS DE INFORMACIÓN,14,gestionar bases de datos,skill/competence,cross-sector,0.7154,http://data.europa.eu/esco/skill/29fb0fb5-dfc4-4098-ac9b-3a712000f48f
UTPL,Universidad Técnica Particular de Loja,SISTEMAS DE INFORMACIÓN,15,desarrollar normas de información,skill/competence,cross-sector,0.7137,http://data.europa.eu/esco/skill/1b3fc0e0-c6f9-45fc-9c6e-14bbba662979
UTPL,Universidad Técnica Particular de Loja,SISTEMAS DE INFORMACIÓN,16,gestionar información en asistencia sanitaria,skill/competence,cross-sector,0.7127,http://data.europa.eu/esco/skill/6c3e28d6-e3cc-4b25-a5da-a0dce043cf17
UTPL,Universidad Técnica Particular de Loja,SISTEMAS DE INFORMACIÓN,17,gestionar varios proyectos,skill/competence,cross-sector,0.7117,http://data.europa.eu/esco/skill/c881ddd2-9c0e-4743-bd24-36be650493dd
UTPL,Universidad Técnica Particular de Loja,SISTEMAS DE INFORMACIÓN,18,gestionar procesos de flujo de trabajo,skill/competence,cross-sector,0.7097,http://data.europa.eu/esco/skill/7add3681-17b6-4027-8a9d-ee92d2b96a42
UTPL,Universidad Técnica Particular de Loja,SISTEMAS DE INFORMACIÓN,19,desarrollar políticas de la organización,skill/competence,cross-sector,0.7084,http://data.europa.eu/esco/skill/3254275d-a1b5-4640-9481-02f38780ac35
UTPL,Universidad Técnica Particular de Loja,SISTEMAS DE INFORMACIÓN,20,gestionar documentos digitales,skill/competence,cross-sector,0.7083,http://data.europa.eu/esco/skill/b769f524-0f25-44d7-8538-5c46710a040e
UTPL,Universidad Técnica Particular de Loja,SISTEMAS DE INFORMACIÓN,21,"utilizar tecnologías digitales para compartir datos, información y contenido digitales",skill/competence,cross-sector,0.7068,http://data.europa.eu/esco/skill/40001d93-8937-4859-89d5-2dca53290ff4
UTPL,Universidad Técnica Particular de Loja,SISTEMAS DE INFORMACIÓN,22,gestionar conocimientos empresariales,skill/competence,cross-sector,0.7066,http://data.europa.eu/esco/skill/41bf7ede-fc84-4a57-8c89-b548d11b0ba1
UTPL,Universidad Técnica Particular de Loja,SISTEMAS DE INFORMACIÓN,23,gestionar publicaciones abiertas,skill/competence,cross-sector,0.704,http://data.europa.eu/esco/skill/da930e2f-6047-4616-a598-bba8ecef3039
UTPL,Universidad Técnica Particular de Loja,SISTEMAS DE INFORMACIÓN,24,utilizar bases de datos,skill/competence,cross-sector,0.7037,http://data.europa.eu/esco/skill/4463a721-69f3-413d-8321-43e3af13a4f1
UTPL,Universidad Técnica Particular de Loja,SISTEMAS DE INFORMACIÓN,25,proporcionar soporte de TIC,skill/competence,cross-sector,0.7028,http://data.europa.eu/esco/skill/c2296e2e-5fef-4f24-a24f-e5b3792268be
ESPE,Universidad de las Fuerzas Armadas-ESPE,ADMINISTRACIÓN DE EMPRESAS,1,elaborar las estrategias empresariales,skill/competence,cross-sector,0.795,http://data.europa.eu/esco/skill/ba2c6181-b036-40b4-8f6d-51499463ccbb
ESPE,Universidad de las Fuerzas Armadas-ESPE,ADMINISTRACIÓN DE EMPRESAS,2,gestionar empresas de producción,skill/competence,cross-sector,0.7918,http://data.europa.eu/esco/skill/435d1751-8667-41ec-8b32-865b7cd3c684
ESPE,Universidad de las Fuerzas Armadas-ESPE,ADMINISTRACIÓN DE EMPRESAS,3,guiar a los gestores de los diferentes departamentos de la empresa,skill/competence,cross-sector,0.78,http://data.europa.eu/esco/skill/3e61ee41-2bd9-466f-b313-00ce04072410
ESPE,Universidad de las Fuerzas Armadas-ESPE,ADMINISTRACIÓN DE EMPRESAS,4,gestionar recursos humanos,skill/competence,cross-sector,0.7757,http://data.europa.eu/esco/skill/339ac029-066a-4985-9f9d-b3d7c8fea0bb
ESPE,Universidad de las Fuerzas Armadas-ESPE,ADMINISTRACIÓN DE EMPRESAS,5,mejorar procesos empresariales,skill/competence,cross-sector,0.7715,http://data.europa.eu/esco/skill/75b30aeb-34c0-40f4-b77d-271d75a98b14
ESPE,Universidad de las Fuerzas Armadas-ESPE,ADMINISTRACIÓN DE EMPRESAS,6,participar en las operaciones cotidianas de la empresa,skill/competence,cross-sector,0.7652,http://data.europa.eu/esco/skill/ce4cbc3a-bde0-43b4-9526-e643c4fe5b04
ESPE,Universidad de las Fuerzas Armadas-ESPE,ADMINISTRACIÓN DE EMPRESAS,7,tener espíritu emprendedor,skill/competence,transversal,0.7568,http://data.europa.eu/esco/skill/bdcf429c-5ccf-4c3d-bb61-4c987573a35e
ESPE,Universidad de las Fuerzas Armadas-ESPE,ADMINISTRACIÓN DE EMPRESAS,8,desarrollar políticas de la organización,skill/competence,cross-sector,0.7541,http://data.europa.eu/esco/skill/3254275d-a1b5-4640-9481-02f38780ac35
ESPE,Universidad de las Fuerzas Armadas-ESPE,ADMINISTRACIÓN DE EMPRESAS,9,gestionar varios proyectos,skill/competence,cross-sector,0.752,http://data.europa.eu/esco/skill/c881ddd2-9c0e-4743-bd24-36be650493dd
ESPE,Universidad de las Fuerzas Armadas-ESPE,ADMINISTRACIÓN DE EMPRESAS,10,ejercer la administración,skill/competence,cross-sector,0.7506,http://data.europa.eu/esco/skill/151174e2-2a27-4c1e-be68-6446278d34b7
ESPE,Universidad de las Fuerzas Armadas-ESPE,ADMINISTRACIÓN DE EMPRESAS,11,gestionar proyectos,skill/competence,cross-sector,0.7471,http://data.europa.eu/esco/skill/cd5efa8c-e44d-4cbc-91c6-796018dbed68
ESPE,Universidad de las Fuerzas Armadas-ESPE,ADMINISTRACIÓN DE EMPRESAS,12,respetar las normas internas de una empresa,skill/competence,cross-sector,0.7469,http://data.europa.eu/esco/skill/f5f5b244-6cea-4fbc-8a50-8f712791bc09
ESPE,Universidad de las Fuerzas Armadas-ESPE,ADMINISTRACIÓN DE EMPRESAS,13,gestionar conocimientos empresariales,skill/competence,cross-sector,0.7454,http://data.europa.eu/esco/skill/41bf7ede-fc84-4a57-8c89-b548d11b0ba1
ESPE,Universidad de las Fuerzas Armadas-ESPE,ADMINISTRACIÓN DE EMPRESAS,14,elaborar políticas de economía,skill/competence,cross-sector,0.7438,http://data.europa.eu/esco/skill/8394fefb-f62a-48c0-a156-3117cefdb9b3
ESPE,Universidad de las Fuerzas Armadas-ESPE,ADMINISTRACIÓN DE EMPRESAS,15,desarrollar estrategias de comunicación,skill/competence,cross-sector,0.7422,http://data.europa.eu/esco/skill/3c834f6e-523a-49ee-8ed1-e073e28ae6fe
ESPE,Universidad de las Fuerzas Armadas-ESPE,ADMINISTRACIÓN DE EMPRESAS,16,asumir la responsabilidad de la gestión de una empresa,skill/competence,cross-sector,0.7389,http://data.europa.eu/esco/skill/ddc8da70-b94f-43ef-88dc-aebc7bef4f7d
ESPE,Universidad de las Fuerzas Armadas-ESPE,ADMINISTRACIÓN DE EMPRESAS,17,gestionar recursos empresariales,skill/competence,cross-sector,0.7383,http://data.europa.eu/esco/skill/911e13ee-1eec-4243-88c8-3c08a3681a19
ESPE,Universidad de las Fuerzas Armadas-ESPE,ADMINISTRACIÓN DE EMPRESAS,18,formar equipos dentro de la empresa en base a las competencias,skill/competence,cross-sector,0.7379,http://data.europa.eu/esco/skill/f1155d3f-fbca-4298-a31c-f6955653bacf
ESPE,Universidad de las Fuerzas Armadas-ESPE,ADMINISTRACIÓN DE EMPRESAS,19,realizar diversas tareas organizativas en la empresa,skill/competence,cross-sector,0.7363,http://data.europa.eu/esco/skill/01755f08-4df4-4cf0-8d22-08f94cad68b5
ESPE,Universidad de las Fuerzas Armadas-ESPE,ADMINISTRACIÓN DE EMPRESAS,20,informar sobre la gestión general de una empresa,skill/competence,cross-sector,0.735,http://data.europa.eu/esco/skill/307ffd2d-8fb3-43ff-8ad8-4052382f8f83
ESPE,Universidad de las Fuerzas Armadas-ESPE,ADMINISTRACIÓN DE EMPRESAS,21,gestionar la experiencia de la clientela,skill/competence,cross-sector,0.7348,http://data.europa.eu/esco/skill/4b95c7bb-5672-4e4a-88ea-ba96c12e8ca2
ESPE,Universidad de las Fuerzas Armadas-ESPE,ADMINISTRACIÓN DE EMPRESAS,22,liderar a otras personas,skill/competence,transversal,0.7345,http://data.europa.eu/esco/skill/75d8e5d9-bef3-418b-9011-01bff9f27207
ESPE,Universidad de las Fuerzas Armadas-ESPE,ADMINISTRACIÓN DE EMPRESAS,23,capacitar a empleados,skill/competence,cross-sector,0.7341,http://data.europa.eu/esco/skill/e54ff029-1ce9-447d-a5b2-eb7283a23e6e
ESPE,Universidad de las Fuerzas Armadas-ESPE,ADMINISTRACIÓN DE EMPRESAS,24,aplicar las políticas de la empresa,skill/competence,cross-sector,0.7332,http://data.europa.eu/esco/skill/0a43729f-2a79-4dae-9faa-95520daae79f
ESPE,Universidad de las Fuerzas Armadas-ESPE,ADMINISTRACIÓN DE EMPRESAS,25,realizar la gestión de un evento,skill/competence,cross-sector,0.7331,http://data.europa.eu/esco/skill/03a0ab28-ce99-4e14-baf8-a66c55da28f8
ESPE,Universidad de las Fuerzas Armadas-ESPE,COMPUTACIÓN,1,resolver problemas de sistemas TIC,skill/competence,cross-sector,0.7273,http://data.europa.eu/esco/skill/9e06bac6-6b91-48ca-8b7d-c1f48cdecd7c
ESPE,Universidad de las Fuerzas Armadas-ESPE,COMPUTACIÓN,2,elaborar software estadístico,skill/competence,cross-sector,0.7176,http://data.europa.eu/esco/skill/bb165899-d95f-4433-95f2-173fefd716d2
ESPE,Universidad de las Fuerzas Armadas-ESPE,COMPUTACIÓN,3,aplicar políticas organizativas del sistema,skill/competence,cross-sector,0.7144,http://data.europa.eu/esco/skill/07e47d58-dd0e-4302-9e68-70a188e89065
ESPE,Universidad de las Fuerzas Armadas-ESPE,COMPUTACIÓN,4,garantizar el cumplimiento de la legislación en materia de seguridad,skill/competence,cross-sector,0.7109,http://data.europa.eu/esco/skill/233be639-bdb5-4099-ab40-96d537d6c1f3
ESPE,Universidad de las Fuerzas Armadas-ESPE,COMPUTACIÓN,5,programación informática,knowledge,cross-sector,0.7076,http://data.europa.eu/esco/skill/21d2f96d-35f7-4e3f-9745-c533d2dd6e97
ESPE,Universidad de las Fuerzas Armadas-ESPE,COMPUTACIÓN,6,gestionar sistemas de instrumentación,skill/competence,cross-sector,0.705,http://data.europa.eu/esco/skill/5d71a91f-cc72-4b66-b6e3-d75ecc05e235
ESPE,Universidad de las Fuerzas Armadas-ESPE,COMPUTACIÓN,7,"gestionar datos, información y contenido digitales",skill/competence,cross-sector,0.7047,http://data.europa.eu/esco/skill/4d97e3c3-f335-47cc-a4ee-0d779fd42222
ESPE,Universidad de las Fuerzas Armadas-ESPE,COMPUTACIÓN,8,resolver problemas técnicos,skill/competence,cross-sector,0.7046,http://data.europa.eu/esco/skill/14832d87-2f2f-4895-b290-e4760ebae42a
ESPE,Universidad de las Fuerzas Armadas-ESPE,COMPUTACIÓN,9,mantener soporte físico informático,skill/competence,cross-sector,0.7044,http://data.europa.eu/esco/skill/c77db25e-bb51-4a10-b2ad-99b48b1b4a37
ESPE,Universidad de las Fuerzas Armadas-ESPE,COMPUTACIÓN,10,gestionar sistemas administrativos,skill/competence,cross-sector,0.7039,http://data.europa.eu/esco/skill/6ae8306a-4f9d-4410-ac82-6406f3cbd16a
ESPE,Universidad de las Fuerzas Armadas-ESPE,COMPUTACIÓN,11,desarrollar normas y procedimientos de fabricación,skill/competence,cross-sector,0.7033,http://data.europa.eu/esco/skill/764db027-9063-4468-acb3-c73ecfc76f35
ESPE,Universidad de las Fuerzas Armadas-ESPE,COMPUTACIÓN,12,diseñar procesos,skill/competence,cross-sector,0.701,http://data.europa.eu/esco/skill/2c28fc20-8a60-4311-8899-5ef8729c05b3
ESPE,Universidad de las Fuerzas Armadas-ESPE,COMPUTACIÓN,13,crear soluciones para problemas informativos,skill/competence,cross-sector,0.7003,http://data.europa.eu/esco/skill/4539aeca-b56f-4d03-ba86-8f675a7f2536
ESPE,Universidad de las Fuerzas Armadas-ESPE,COMPUTACIÓN,14,desarrollar políticas de la organización,skill/competence,cross-sector,0.6993,http://data.europa.eu/esco/skill/3254275d-a1b5-4640-9481-02f38780ac35
ESPE,Universidad de las Fuerzas Armadas-ESPE,COMPUTACIÓN,15,crear soluciones para problemas,skill/competence,cross-sector,0.699,http://data.europa.eu/esco/skill/03b9b491-fc9b-4868-914a-bf7cd47b5041
ESPE,Universidad de las Fuerzas Armadas-ESPE,COMPUTACIÓN,16,gestionar varios proyectos,skill/competence,cross-sector,0.6983,http://data.europa.eu/esco/skill/c881ddd2-9c0e-4743-bd24-36be650493dd
ESPE,Universidad de las Fuerzas Armadas-ESPE,COMPUTACIÓN,17,tener competencias informáticas,skill/competence,cross-sector,0.6982,http://data.europa.eu/esco/skill/d15ce60f-ddab-41ce-ba56-398451b77b60
ESPE,Universidad de las Fuerzas Armadas-ESPE,COMPUTACIÓN,18,coordinar equipos de ingeniería,skill/competence,cross-sector,0.6981,http://data.europa.eu/esco/skill/7af6e9e8-1e11-4c0b-b7c6-ac96bbbbc674
ESPE,Universidad de las Fuerzas Armadas-ESPE,COMPUTACIÓN,19,diseñar sistemas de control,skill/competence,cross-sector,0.6974,http://data.europa.eu/esco/skill/d560df46-dda4-4407-bab2-b87353a96814
ESPE,Universidad de las Fuerzas Armadas-ESPE,COMPUTACIÓN,20,gestionar proyectos de investigación y desarrollo,skill/competence,cross-sector,0.6958,http://data.europa.eu/esco/skill/d5dbc342-8e39-4998-8237-ebbe05a381ce
ESPE,Universidad de las Fuerzas Armadas-ESPE,COMPUTACIÓN,21,detectar necesidades tecnológicas,skill/competence,cross-sector,0.6958,http://data.europa.eu/esco/skill/42fcf80d-7b45-40f3-bd2f-5411c4c0dfa0
ESPE,Universidad de las Fuerzas Armadas-ESPE,COMPUTACIÓN,22,Proponer soluciones tecnológicas a problemas empresariales,skill/competence,cross-sector,0.6958,http://data.europa.eu/esco/skill/07e51c60-763a-4335-b4ec-70a15f66d328
ESPE,Universidad de las Fuerzas Armadas-ESPE,COMPUTACIÓN,23,tecnología informática,knowledge,cross-sector,0.6954,http://data.europa.eu/esco/skill/ddc3119d-1d6e-4324-9125-a3380d299ac5
ESPE,Universidad de las Fuerzas Armadas-ESPE,COMPUTACIÓN,24,desarrollar procedimientos de prueba electrónica,skill/competence,cross-sector,0.6951,http://data.europa.eu/esco/skill/0de6bca4-f3aa-452a-8e10-d355b2c1bfc4
ESPE,Universidad de las Fuerzas Armadas-ESPE,COMPUTACIÓN,25,utilizar herramientas informáticas,skill/competence,cross-sector,0.6951,http://data.europa.eu/esco/skill/f632251a-4078-4546-b19f-7ef528d08325
ESPE,Universidad de las Fuerzas Armadas-ESPE,ELECTRÓNICA Y AUTOMATIZACIÓN,1,diseñar sistemas de control,skill/competence,cross-sector,0.7996,http://data.europa.eu/esco/skill/d560df46-dda4-4407-bab2-b87353a96814
ESPE,Universidad de las Fuerzas Armadas-ESPE,ELECTRÓNICA Y AUTOMATIZACIÓN,2,desarrollar procedimientos de prueba electrónica,skill/competence,cross-sector,0.7725,http://data.europa.eu/esco/skill/0de6bca4-f3aa-452a-8e10-d355b2c1bfc4
ESPE,Universidad de las Fuerzas Armadas-ESPE,ELECTRÓNICA Y AUTOMATIZACIÓN,3,diseñar componentes de automatización,skill/competence,cross-sector,0.7594,http://data.europa.eu/esco/skill/f96f5aa5-6ed7-40dc-a431-68b0a09d6d4b
ESPE,Universidad de las Fuerzas Armadas-ESPE,ELECTRÓNICA Y AUTOMATIZACIÓN,4,operar sistemas de control informatizados,skill/competence,cross-sector,0.7542,http://data.europa.eu/esco/skill/b916d60e-38e9-4241-914a-4e2144bda711
ESPE,Universidad de las Fuerzas Armadas-ESPE,ELECTRÓNICA Y AUTOMATIZACIÓN,5,desarrollar sistemas de instrumentación,skill/competence,cross-sector,0.7515,http://data.europa.eu/esco/skill/d8c19849-f4cf-458d-90cd-abe735a729bf
ESPE,Universidad de las Fuerzas Armadas-ESPE,ELECTRÓNICA Y AUTOMATIZACIÓN,6,desarrollar normas y procedimientos de fabricación,skill/competence,cross-sector,0.7464,http://data.europa.eu/esco/skill/764db027-9063-4468-acb3-c73ecfc76f35
ESPE,Universidad de las Fuerzas Armadas-ESPE,ELECTRÓNICA Y AUTOMATIZACIÓN,7,supervisar el funcionamiento de los equipos,skill/competence,cross-sector,0.7444,http://data.europa.eu/esco/skill/ca17f0df-59e4-4ed2-9360-fc5325bc7151
ESPE,Universidad de las Fuerzas Armadas-ESPE,ELECTRÓNICA Y AUTOMATIZACIÓN,8,gestionar sistemas de instrumentación,skill/competence,cross-sector,0.7438,http://data.europa.eu/esco/skill/5d71a91f-cc72-4b66-b6e3-d75ecc05e235
ESPE,Universidad de las Fuerzas Armadas-ESPE,ELECTRÓNICA Y AUTOMATIZACIÓN,9,establecer directrices de fabricación,skill/competence,cross-sector,0.7358,http://data.europa.eu/esco/skill/37520413-563e-4d99-a14c-1c6dca3cf833
ESPE,Universidad de las Fuerzas Armadas-ESPE,ELECTRÓNICA Y AUTOMATIZACIÓN,10,diseñar sistemas microelectrónicos,skill/competence,cross-sector,0.7326,http://data.europa.eu/esco/skill/8712b176-c063-462f-9d0f-2e3c54d9a2eb
ESPE,Universidad de las Fuerzas Armadas-ESPE,ELECTRÓNICA Y AUTOMATIZACIÓN,11,electrónica,knowledge,cross-sector,0.7268,http://data.europa.eu/esco/skill/95c35c3a-035f-47c2-90cf-7e934d20fc08
ESPE,Universidad de las Fuerzas Armadas-ESPE,ELECTRÓNICA Y AUTOMATIZACIÓN,12,montar equipos de instrumentación,skill/competence,cross-sector,0.7267,http://data.europa.eu/esco/skill/af0b1937-7538-434f-871b-7e8f72e04117
ESPE,Universidad de las Fuerzas Armadas-ESPE,ELECTRÓNICA Y AUTOMATIZACIÓN,13,asegurarse de que los productos cumplen los requisitos legales,skill/competence,cross-sector,0.725,http://data.europa.eu/esco/skill/f453b1a6-c7db-4d9d-9ba3-47c45159bfe3
ESPE,Universidad de las Fuerzas Armadas-ESPE,ELECTRÓNICA Y AUTOMATIZACIÓN,14,controlar las tendencias en tecnología,skill/competence,cross-sector,0.723,http://data.europa.eu/esco/skill/7a17d7ce-01a2-4746-bbcc-22ffe22fa16e
ESPE,Universidad de las Fuerzas Armadas-ESPE,ELECTRÓNICA Y AUTOMATIZACIÓN,15,mantener equipos electrónicos,skill/competence,cross-sector,0.7222,http://data.europa.eu/esco/skill/ba45db8f-34e8-4f29-af0b-e6645e1d693f
ESPE,Universidad de las Fuerzas Armadas-ESPE,ELECTRÓNICA Y AUTOMATIZACIÓN,16,mantener sistemas electrónicos,skill/competence,cross-sector,0.7212,http://data.europa.eu/esco/skill/89bb44dc-9f4c-400b-86cd-dcd0bd599a58
ESPE,Universidad de las Fuerzas Armadas-ESPE,ELECTRÓNICA Y AUTOMATIZACIÓN,17,garantizar la seguridad de las operaciones en sistemas de suministro de energía eléctrica,skill/competence,cross-sector,0.7178,http://data.europa.eu/esco/skill/2b76cbbf-eddc-4a12-a120-f4ea370820a5
ESPE,Universidad de las Fuerzas Armadas-ESPE,ELECTRÓNICA Y AUTOMATIZACIÓN,18,asesorar a la clientela acerca de las posibilidades técnicas,skill/competence,cross-sector,0.7173,http://data.europa.eu/esco/skill/7b3abd38-61ae-42a4-88bb-0884784f9ee1
ESPE,Universidad de las Fuerzas Armadas-ESPE,ELECTRÓNICA Y AUTOMATIZACIÓN,19,asistir a usuarios de instrumentos eléctricos,skill/competence,cross-sector,0.7166,http://data.europa.eu/esco/skill/520f01d1-91a9-44cb-a3e6-b803e18f439c
ESPE,Universidad de las Fuerzas Armadas-ESPE,ELECTRÓNICA Y AUTOMATIZACIÓN,20,gestionar proyectos de investigación y desarrollo,skill/competence,cross-sector,0.7151,http://data.europa.eu/esco/skill/d5dbc342-8e39-4998-8237-ebbe05a381ce
ESPE,Universidad de las Fuerzas Armadas-ESPE,ELECTRÓNICA Y AUTOMATIZACIÓN,21,diseñar sistemas eléctricos,skill/competence,cross-sector,0.7144,http://data.europa.eu/esco/skill/05010f6c-0b40-4525-ac4a-057d46a2b6f4
ESPE,Universidad de las Fuerzas Armadas-ESPE,ELECTRÓNICA Y AUTOMATIZACIÓN,22,desarrollar procedimientos de prueba,skill/competence,cross-sector,0.7139,http://data.europa.eu/esco/skill/f10142ce-d522-49c3-9fd1-054fb63529d4
ESPE,Universidad de las Fuerzas Armadas-ESPE,ELECTRÓNICA Y AUTOMATIZACIÓN,23,evaluar las necesidades energéticas,skill/competence,cross-sector,0.7125,http://data.europa.eu/esco/skill/36fccad9-1d20-4104-bcc2-a8ea9d1ce5ea
ESPE,Universidad de las Fuerzas Armadas-ESPE,ELECTRÓNICA Y AUTOMATIZACIÓN,24,mantener equipos electromecánicos,skill/competence,cross-sector,0.7094,http://data.europa.eu/esco/skill/e0ded9a1-372d-46c8-80b5-ad994d606ef2
ESPE,Universidad de las Fuerzas Armadas-ESPE,ELECTRÓNICA Y AUTOMATIZACIÓN,25,gestionar la recepción de suministros eléctricos,skill/competence,cross-sector,0.7091,http://data.europa.eu/esco/skill/c796e1fa-cbbd-4639-b8d9-cbcdc130c7a2
ESPE,Universidad de las Fuerzas Armadas-ESPE,INGENIERÍA CIVIL,1,supervisar un proyecto de construcción,skill/competence,cross-sector,0.7384,http://data.europa.eu/esco/skill/1de548e0-9535-4d2e-9d20-d4474c1ea813
ESPE,Universidad de las Fuerzas Armadas-ESPE,INGENIERÍA CIVIL,2,garantizar el cumplimiento de los plazos de construcción,skill/competence,cross-sector,0.7356,http://data.europa.eu/esco/skill/6181f475-110c-497c-a46d-ed2e14e7bc90
ESPE,Universidad de las Fuerzas Armadas-ESPE,INGENIERÍA CIVIL,3,asesorar sobre temas de construcción,skill/competence,cross-sector,0.7335,http://data.europa.eu/esco/skill/3b64ab47-a874-403a-b781-7b23c2fc3c6c
ESPE,Universidad de las Fuerzas Armadas-ESPE,INGENIERÍA CIVIL,4,examinar las infraestructuras civiles,skill/competence,cross-sector,0.7281,http://data.europa.eu/esco/skill/d48b3cfe-80b6-406f-b582-d959b60417f8
ESPE,Universidad de las Fuerzas Armadas-ESPE,INGENIERÍA CIVIL,5,vigilar el cumplimiento de los parámetros de los proyectos de construcción,skill/competence,cross-sector,0.725,http://data.europa.eu/esco/skill/3dd3dfa7-51c0-40ef-af46-e2df300489f6
ESPE,Universidad de las Fuerzas Armadas-ESPE,INGENIERÍA CIVIL,6,coordinar equipos de ingeniería,skill/competence,cross-sector,0.7177,http://data.europa.eu/esco/skill/7af6e9e8-1e11-4c0b-b7c6-ac96bbbbc674
ESPE,Universidad de las Fuerzas Armadas-ESPE,INGENIERÍA CIVIL,7,revisar proyectos de construcción,skill/competence,cross-sector,0.7057,http://data.europa.eu/esco/skill/ea9fc9d9-c602-4430-a7fc-edac7429a6a8
ESPE,Universidad de las Fuerzas Armadas-ESPE,INGENIERÍA CIVIL,8,supervisar obras de construcción,skill/competence,cross-sector,0.7047,http://data.europa.eu/esco/skill/fc1a75bb-70e3-4005-881f-7709bf7b0ed4
ESPE,Universidad de las Fuerzas Armadas-ESPE,INGENIERÍA CIVIL,9,diseñar sistemas de transporte,skill/competence,cross-sector,0.7022,http://data.europa.eu/esco/skill/11f364dd-0814-4398-b00e-10d1be8b27af
ESPE,Universidad de las Fuerzas Armadas-ESPE,INGENIERÍA CIVIL,10,gestionar proyectos de ingeniería,skill/competence,cross-sector,0.7018,http://data.europa.eu/esco/skill/6a899482-8bcf-40ca-ae67-579a1cc467ab
ESPE,Universidad de las Fuerzas Armadas-ESPE,INGENIERÍA CIVIL,11,gestionar los programas públicos,skill/competence,cross-sector,0.698,http://data.europa.eu/esco/skill/0761f325-13e7-49f4-a41a-ec64ba4e7b9d
ESPE,Universidad de las Fuerzas Armadas-ESPE,INGENIERÍA CIVIL,12,coordinar actividades de construcción,skill/competence,cross-sector,0.6977,http://data.europa.eu/esco/skill/fff5bc45-b506-4466-8977-4869079c1cb2
ESPE,Universidad de las Fuerzas Armadas-ESPE,INGENIERÍA CIVIL,13,gestionar la instalación de estructuras para eventos,skill/competence,cross-sector,0.6977,http://data.europa.eu/esco/skill/0e503b48-5491-4529-879e-b112251f8d50
ESPE,Universidad de las Fuerzas Armadas-ESPE,INGENIERÍA CIVIL,14,supervisar la ejecución de políticas públicas,skill/competence,cross-sector,0.693,http://data.europa.eu/esco/skill/f78d5c04-a440-4068-90c2-fab03409a911
ESPE,Universidad de las Fuerzas Armadas-ESPE,INGENIERÍA CIVIL,15,supervisar el funcionamiento de los equipos,skill/competence,cross-sector,0.6886,http://data.europa.eu/esco/skill/ca17f0df-59e4-4ed2-9360-fc5325bc7151
ESPE,Universidad de las Fuerzas Armadas-ESPE,INGENIERÍA CIVIL,16,supervisar vehículos que transportan mercancías peligrosas,skill/competence,cross-sector,0.6859,http://data.europa.eu/esco/skill/61484ab7-e5da-4fc1-82bd-72c3fa6ffab3
ESPE,Universidad de las Fuerzas Armadas-ESPE,INGENIERÍA CIVIL,17,gestionar varios proyectos,skill/competence,cross-sector,0.685,http://data.europa.eu/esco/skill/c881ddd2-9c0e-4743-bd24-36be650493dd
ESPE,Universidad de las Fuerzas Armadas-ESPE,INGENIERÍA CIVIL,18,seguir las prioridades de gestión de la integridad de la línea de tuberías,skill/competence,cross-sector,0.6847,http://data.europa.eu/esco/skill/eb6b7a26-69ab-43f5-9ab4-d09f8904f8e0
ESPE,Universidad de las Fuerzas Armadas-ESPE,INGENIERÍA CIVIL,19,gestionar la financiación pública,skill/competence,cross-sector,0.6832,http://data.europa.eu/esco/skill/234d1c8f-c921-483e-9a6e-4fbfc14946dc
ESPE,Universidad de las Fuerzas Armadas-ESPE,INGENIERÍA CIVIL,20,preparar documentos relativos al proyecto de construcción,skill/competence,cross-sector,0.6832,http://data.europa.eu/esco/skill/80274731-15ce-490a-8d5b-f55a36b976b0
ESPE,Universidad de las Fuerzas Armadas-ESPE,INGENIERÍA CIVIL,21,elaborar las estrategias empresariales,skill/competence,cross-sector,0.6823,http://data.europa.eu/esco/skill/ba2c6181-b036-40b4-8f6d-51499463ccbb
ESPE,Universidad de las Fuerzas Armadas-ESPE,INGENIERÍA CIVIL,22,cumplir la normativa de construcción,skill/competence,cross-sector,0.6821,http://data.europa.eu/esco/skill/4ccf7d02-764c-4129-a1df-fa1dd2e12647
ESPE,Universidad de las Fuerzas Armadas-ESPE,INGENIERÍA CIVIL,23,someter a auditorías a los contratistas,skill/competence,cross-sector,0.6797,http://data.europa.eu/esco/skill/0520d8ba-3c24-4f75-a8b0-f883ddeed82d
ESPE,Universidad de las Fuerzas Armadas-ESPE,INGENIERÍA CIVIL,24,desarrollar estrategias de rehabilitación tras inundaciones,skill/competence,cross-sector,0.6791,http://data.europa.eu/esco/skill/6b5d032a-b85a-44ea-9dad-5201048d2dd2
ESPE,Universidad de las Fuerzas Armadas-ESPE,INGENIERÍA CIVIL,25,ingeniería civil,knowledge,cross-sector,0.6757,http://data.europa.eu/esco/skill/82887396-e5bf-4306-af51-3fe8d82790b2
ESPE,Universidad de las Fuerzas Armadas-ESPE,MECÁNICA,1,diseñar componentes de automatización,skill/competence,cross-sector,0.7503,http://data.europa.eu/esco/skill/f96f5aa5-6ed7-40dc-a431-68b0a09d6d4b
ESPE,Universidad de las Fuerzas Armadas-ESPE,MECÁNICA,2,desarrollar normas y procedimientos de fabricación,skill/competence,cross-sector,0.7444,http://data.europa.eu/esco/skill/764db027-9063-4468-acb3-c73ecfc76f35
ESPE,Universidad de las Fuerzas Armadas-ESPE,MECÁNICA,3,ingeniería industrial,knowledge,cross-sector,0.7394,http://data.europa.eu/esco/skill/a1816dfd-dbdc-4499-bef3-ff81dd895b33
ESPE,Universidad de las Fuerzas Armadas-ESPE,MECÁNICA,4,diseñar componentes de ingeniería,skill/competence,cross-sector,0.7382,http://data.europa.eu/esco/skill/87434439-c07d-48be-af34-b0cdd03121c4
ESPE,Universidad de las Fuerzas Armadas-ESPE,MECÁNICA,5,diseñar sistemas de control,skill/competence,cross-sector,0.7305,http://data.europa.eu/esco/skill/d560df46-dda4-4407-bab2-b87353a96814
ESPE,Universidad de las Fuerzas Armadas-ESPE,MECÁNICA,6,gestionar sistemas de instrumentación,skill/competence,cross-sector,0.7231,http://data.europa.eu/esco/skill/5d71a91f-cc72-4b66-b6e3-d75ecc05e235
ESPE,Universidad de las Fuerzas Armadas-ESPE,MECÁNICA,7,electromecánica,knowledge,cross-sector,0.7224,http://data.europa.eu/esco/skill/2bbdea06-a265-42b5-bb4f-7241b661f069
ESPE,Universidad de las Fuerzas Armadas-ESPE,MECÁNICA,8,proporcionar experiencia técnica,skill/competence,cross-sector,0.7224,http://data.europa.eu/esco/skill/c69587b4-05d3-45bb-b79b-9b85e6603fc2
ESPE,Universidad de las Fuerzas Armadas-ESPE,MECÁNICA,9,sistemas mecánicos,knowledge,cross-sector,0.7186,http://data.europa.eu/esco/skill/69bece91-c806-42ad-bde4-db28c7f8fc4b
ESPE,Universidad de las Fuerzas Armadas-ESPE,MECÁNICA,10,realizar todas las actividades de ingeniería de procesos,skill/competence,cross-sector,0.7172,http://data.europa.eu/esco/skill/8b9d609a-6d62-4d5c-9133-01d41979cfac
ESPE,Universidad de las Fuerzas Armadas-ESPE,MECÁNICA,11,escribir manuales,skill/competence,cross-sector,0.7159,http://data.europa.eu/esco/skill/cbd9cd0f-6c22-4bbc-8af2-dc9c7f5efcb5
ESPE,Universidad de las Fuerzas Armadas-ESPE,MECÁNICA,12,mecatrónica,knowledge,cross-sector,0.7128,http://data.europa.eu/esco/skill/d88cb3f1-8e02-4618-bf32-4b0488066934
ESPE,Universidad de las Fuerzas Armadas-ESPE,MECÁNICA,13,coordinar equipos de ingeniería,skill/competence,cross-sector,0.7125,http://data.europa.eu/esco/skill/7af6e9e8-1e11-4c0b-b7c6-ac96bbbbc674
ESPE,Universidad de las Fuerzas Armadas-ESPE,MECÁNICA,14,ingeniería ambiental,knowledge,cross-sector,0.7112,http://data.europa.eu/esco/skill/b1b118c4-3291-484e-b64d-6d51fd5da8b3
ESPE,Universidad de las Fuerzas Armadas-ESPE,MECÁNICA,15,ingeniería de seguridad,knowledge,cross-sector,0.7111,http://data.europa.eu/esco/skill/47d491a9-f7c0-4b13-a10f-983d3aa0113e
ESPE,Universidad de las Fuerzas Armadas-ESPE,MECÁNICA,16,ingeniería de protección contra los incendios,knowledge,cross-sector,0.7111,http://data.europa.eu/esco/skill/6633d687-cb8d-4743-a69c-cfb963fe4f4c
ESPE,Universidad de las Fuerzas Armadas-ESPE,MECÁNICA,17,principios de ingeniería mecánica,knowledge,cross-sector,0.711,http://data.europa.eu/esco/skill/54804209-6aac-4ca4-bf3c-aef4fbe18f8c
ESPE,Universidad de las Fuerzas Armadas-ESPE,MECÁNICA,18,herramientas mecánicas,knowledge,cross-sector,0.7095,http://data.europa.eu/esco/skill/44297bbb-306a-46fa-ab1b-fa3fb327ebda
ESPE,Universidad de las Fuerzas Armadas-ESPE,MECÁNICA,19,desarrollar procedimientos de ensayo de materiales,skill/competence,cross-sector,0.7094,http://data.europa.eu/esco/skill/658b6ea0-79f5-451d-a037-7593a4416c85
ESPE,Universidad de las Fuerzas Armadas-ESPE,MECÁNICA,20,mecánica,knowledge,cross-sector,0.7087,http://data.europa.eu/esco/skill/efa141df-f382-418f-9121-bd88fd735669
ESPE,Universidad de las Fuerzas Armadas-ESPE,MECÁNICA,21,examinar principios de ingeniería,skill/competence,cross-sector,0.7085,http://data.europa.eu/esco/skill/8bc1c7da-c832-4896-a441-30d087c46aad
ESPE,Universidad de las Fuerzas Armadas-ESPE,MECÁNICA,22,gestionar proyectos de ingeniería,skill/competence,cross-sector,0.7084,http://data.europa.eu/esco/skill/6a899482-8bcf-40ca-ae67-579a1cc467ab
ESPE,Universidad de las Fuerzas Armadas-ESPE,MECÁNICA,23,mantener equipos electromecánicos,skill/competence,cross-sector,0.7069,http://data.europa.eu/esco/skill/e0ded9a1-372d-46c8-80b5-ad994d606ef2
ESPE,Universidad de las Fuerzas Armadas-ESPE,MECÁNICA,24,planificar procesos de fabricación,skill/competence,cross-sector,0.7036,http://data.europa.eu/esco/skill/7d0f33ea-e724-4d77-8b75-ee4fe66bb9ba
ESPE,Universidad de las Fuerzas Armadas-ESPE,MECÁNICA,25,desarrollar sistemas de instrumentación,skill/competence,cross-sector,0.7028,http://data.europa.eu/esco/skill/d8c19849-f4cf-458d-90cd-abe735a729bf
ESPE,Universidad de las Fuerzas Armadas-ESPE,MECATRÓNICA,1,diseñar componentes de automatización,skill/competence,cross-sector,0.7923,http://data.europa.eu/esco/skill/f96f5aa5-6ed7-40dc-a431-68b0a09d6d4b
ESPE,Universidad de las Fuerzas Armadas-ESPE,MECATRÓNICA,2,mecatrónica,knowledge,cross-sector,0.781,http://data.europa.eu/esco/skill/d88cb3f1-8e02-4618-bf32-4b0488066934
ESPE,Universidad de las Fuerzas Armadas-ESPE,MECATRÓNICA,3,desarrollar sistemas de instrumentación,skill/competence,cross-sector,0.7595,http://data.europa.eu/esco/skill/d8c19849-f4cf-458d-90cd-abe735a729bf
ESPE,Universidad de las Fuerzas Armadas-ESPE,MECATRÓNICA,4,diseñar sistemas de control,skill/competence,cross-sector,0.7561,http://data.europa.eu/esco/skill/d560df46-dda4-4407-bab2-b87353a96814
ESPE,Universidad de las Fuerzas Armadas-ESPE,MECATRÓNICA,5,robótica,knowledge,cross-sector,0.7349,http://data.europa.eu/esco/skill/e87ec79a-c9ff-46f5-84fa-7a0f394cdf40
ESPE,Universidad de las Fuerzas Armadas-ESPE,MECATRÓNICA,6,gestionar sistemas de instrumentación,skill/competence,cross-sector,0.7264,http://data.europa.eu/esco/skill/5d71a91f-cc72-4b66-b6e3-d75ecc05e235
ESPE,Universidad de las Fuerzas Armadas-ESPE,MECATRÓNICA,7,diseñar sistemas microelectrónicos,skill/competence,cross-sector,0.7162,http://data.europa.eu/esco/skill/8712b176-c063-462f-9d0f-2e3c54d9a2eb
ESPE,Universidad de las Fuerzas Armadas-ESPE,MECATRÓNICA,8,montar equipos de instrumentación,skill/competence,cross-sector,0.7147,http://data.europa.eu/esco/skill/af0b1937-7538-434f-871b-7e8f72e04117
ESPE,Universidad de las Fuerzas Armadas-ESPE,MECATRÓNICA,9,desarrollar nuevas técnicas de soldadura,skill/competence,cross-sector,0.7137,http://data.europa.eu/esco/skill/d73a88a6-6325-4c2b-887c-5d598580afad
ESPE,Universidad de las Fuerzas Armadas-ESPE,MECATRÓNICA,10,diseñar sistemas electromecánicos,skill/competence,cross-sector,0.7136,http://data.europa.eu/esco/skill/c5422318-3218-4ce9-9bdd-f38b93ff63a3
ESPE,Universidad de las Fuerzas Armadas-ESPE,MECATRÓNICA,11,diseñar circuitos integrados,skill/competence,cross-sector,0.7132,http://data.europa.eu/esco/skill/6d12ac9b-5ec0-49b9-bd70-5a19352585cb
ESPE,Universidad de las Fuerzas Armadas-ESPE,MECATRÓNICA,12,diseñar componentes de ingeniería,skill/competence,cross-sector,0.7103,http://data.europa.eu/esco/skill/87434439-c07d-48be-af34-b0cdd03121c4
ESPE,Universidad de las Fuerzas Armadas-ESPE,MECATRÓNICA,13,realizar investigaciones de laboratorio,skill/competence,cross-sector,0.7072,http://data.europa.eu/esco/skill/9e8863fc-e8de-4df1-9bc6-3d5dd85b8070
ESPE,Universidad de las Fuerzas Armadas-ESPE,MECATRÓNICA,14,desarrollar procedimientos de prueba electrónica,skill/competence,cross-sector,0.7042,http://data.europa.eu/esco/skill/0de6bca4-f3aa-452a-8e10-d355b2c1bfc4
ESPE,Universidad de las Fuerzas Armadas-ESPE,MECATRÓNICA,15,desarrollar procedimientos de prueba,skill/competence,cross-sector,0.703,http://data.europa.eu/esco/skill/f10142ce-d522-49c3-9fd1-054fb63529d4
ESPE,Universidad de las Fuerzas Armadas-ESPE,MECATRÓNICA,16,desarrollar normas y procedimientos de fabricación,skill/competence,cross-sector,0.7009,http://data.europa.eu/esco/skill/764db027-9063-4468-acb3-c73ecfc76f35
ESPE,Universidad de las Fuerzas Armadas-ESPE,MECATRÓNICA,17,operar sistemas de control informatizados,skill/competence,cross-sector,0.6971,http://data.europa.eu/esco/skill/b916d60e-38e9-4241-914a-4e2144bda711
ESPE,Universidad de las Fuerzas Armadas-ESPE,MECATRÓNICA,18,integrar productos nuevos en la cadena de fabricación,skill/competence,cross-sector,0.6931,http://data.europa.eu/esco/skill/8a753714-9a19-4418-9b37-77e79d72c705
ESPE,Universidad de las Fuerzas Armadas-ESPE,MECATRÓNICA,19,desarrollar procedimientos de ensayo de materiales,skill/competence,cross-sector,0.6925,http://data.europa.eu/esco/skill/658b6ea0-79f5-451d-a037-7593a4416c85
ESPE,Universidad de las Fuerzas Armadas-ESPE,MECATRÓNICA,20,diseñar sistemas microelectromecánicos,skill/competence,cross-sector,0.6922,http://data.europa.eu/esco/skill/c022ff1b-7783-4e64-89ef-0422c81ff51f
ESPE,Universidad de las Fuerzas Armadas-ESPE,MECATRÓNICA,21,ingeniería industrial,knowledge,cross-sector,0.6901,http://data.europa.eu/esco/skill/a1816dfd-dbdc-4499-bef3-ff81dd895b33
ESPE,Universidad de las Fuerzas Armadas-ESPE,MECATRÓNICA,22,programar sistemas de control de máquinas,skill/competence,cross-sector,0.6862,http://data.europa.eu/esco/skill/a1a032e1-4b7a-4603-8516-43d83707ffac
ESPE,Universidad de las Fuerzas Armadas-ESPE,MECATRÓNICA,23,comunicar y colaborar con ingenieros sobre diseño de productos y desarrollo de productos nuevos,skill/competence,cross-sector,0.6862,http://data.europa.eu/esco/skill/94b2c46e-6338-4a1d-950a-d44eef018c53
ESPE,Universidad de las Fuerzas Armadas-ESPE,MECATRÓNICA,24,actuar de enlace con los ingenieros,skill/competence,cross-sector,0.6848,http://data.europa.eu/esco/skill/c5c51528-ccfc-4c53-b409-c200aaa44222
ESPE,Universidad de las Fuerzas Armadas-ESPE,MECATRÓNICA,25,realizar trabajos técnicos difíciles,skill/competence,cross-sector,0.6839,http://data.europa.eu/esco/skill/2d780738-9b34-40a3-adbb-590001f6ff86
ESPE,Universidad de las Fuerzas Armadas-ESPE,SISTEMAS DE INFORMACIÓN,1,"gestionar datos, información y contenido digitales",skill/competence,cross-sector,0.7553,http://data.europa.eu/esco/skill/4d97e3c3-f335-47cc-a4ee-0d779fd42222
ESPE,Universidad de las Fuerzas Armadas-ESPE,SISTEMAS DE INFORMACIÓN,2,resolver problemas de sistemas TIC,skill/competence,cross-sector,0.7491,http://data.europa.eu/esco/skill/9e06bac6-6b91-48ca-8b7d-c1f48cdecd7c
ESPE,Universidad de las Fuerzas Armadas-ESPE,SISTEMAS DE INFORMACIÓN,3,gestionar sistemas de instrumentación,skill/competence,cross-sector,0.744,http://data.europa.eu/esco/skill/5d71a91f-cc72-4b66-b6e3-d75ecc05e235
ESPE,Universidad de las Fuerzas Armadas-ESPE,SISTEMAS DE INFORMACIÓN,4,gestionar sistemas administrativos,skill/competence,cross-sector,0.7325,http://data.europa.eu/esco/skill/6ae8306a-4f9d-4410-ac82-6406f3cbd16a
ESPE,Universidad de las Fuerzas Armadas-ESPE,SISTEMAS DE INFORMACIÓN,5,tecnología informática,knowledge,cross-sector,0.7212,http://data.europa.eu/esco/skill/ddc3119d-1d6e-4324-9125-a3380d299ac5
ESPE,Universidad de las Fuerzas Armadas-ESPE,SISTEMAS DE INFORMACIÓN,6,gestionar la identidad digital,skill/competence,cross-sector,0.7182,http://data.europa.eu/esco/skill/bc0b0b5d-f6be-405a-b224-b6902a4dbe97
ESPE,Universidad de las Fuerzas Armadas-ESPE,SISTEMAS DE INFORMACIÓN,7,proporcionar soporte de TIC,skill/competence,cross-sector,0.7168,http://data.europa.eu/esco/skill/c2296e2e-5fef-4f24-a24f-e5b3792268be
ESPE,Universidad de las Fuerzas Armadas-ESPE,SISTEMAS DE INFORMACIÓN,8,detectar necesidades tecnológicas,skill/competence,cross-sector,0.7134,http://data.europa.eu/esco/skill/42fcf80d-7b45-40f3-bd2f-5411c4c0dfa0
ESPE,Universidad de las Fuerzas Armadas-ESPE,SISTEMAS DE INFORMACIÓN,9,utilizar herramientas informáticas,skill/competence,cross-sector,0.7134,http://data.europa.eu/esco/skill/f632251a-4078-4546-b19f-7ef528d08325
ESPE,Universidad de las Fuerzas Armadas-ESPE,SISTEMAS DE INFORMACIÓN,10,gestionar al equipo encargado de la seguridad,skill/competence,cross-sector,0.712,http://data.europa.eu/esco/skill/6cd29d73-e352-40b4-89c5-cdb3faff0a38
ESPE,Universidad de las Fuerzas Armadas-ESPE,SISTEMAS DE INFORMACIÓN,11,crear soluciones para problemas informativos,skill/competence,cross-sector,0.7118,http://data.europa.eu/esco/skill/4539aeca-b56f-4d03-ba86-8f675a7f2536
ESPE,Universidad de las Fuerzas Armadas-ESPE,SISTEMAS DE INFORMACIÓN,12,"utilizar tecnologías digitales para compartir datos, información y contenido digitales",skill/competence,cross-sector,0.7117,http://data.europa.eu/esco/skill/40001d93-8937-4859-89d5-2dca53290ff4
ESPE,Universidad de las Fuerzas Armadas-ESPE,SISTEMAS DE INFORMACIÓN,13,gestionar varios proyectos,skill/competence,cross-sector,0.7107,http://data.europa.eu/esco/skill/c881ddd2-9c0e-4743-bd24-36be650493dd
ESPE,Universidad de las Fuerzas Armadas-ESPE,SISTEMAS DE INFORMACIÓN,14,mantener soporte físico informático,skill/competence,cross-sector,0.7106,http://data.europa.eu/esco/skill/c77db25e-bb51-4a10-b2ad-99b48b1b4a37
ESPE,Universidad de las Fuerzas Armadas-ESPE,SISTEMAS DE INFORMACIÓN,15,gestionar documentos digitales,skill/competence,cross-sector,0.7081,http://data.europa.eu/esco/skill/b769f524-0f25-44d7-8538-5c46710a040e
ESPE,Universidad de las Fuerzas Armadas-ESPE,SISTEMAS DE INFORMACIÓN,16,utilizar sistemas TCI,skill/competence,cross-sector,0.708,http://data.europa.eu/esco/skill/31d35d3d-2bf2-49aa-9c20-92566ef80277
ESPE,Universidad de las Fuerzas Armadas-ESPE,SISTEMAS DE INFORMACIÓN,17,gestionar la instalación de estructuras para eventos,skill/competence,cross-sector,0.7079,http://data.europa.eu/esco/skill/0e503b48-5491-4529-879e-b112251f8d50
ESPE,Universidad de las Fuerzas Armadas-ESPE,SISTEMAS DE INFORMACIÓN,18,gestionar información en asistencia sanitaria,skill/competence,cross-sector,0.7074,http://data.europa.eu/esco/skill/6c3e28d6-e3cc-4b25-a5da-a0dce043cf17
ESPE,Universidad de las Fuerzas Armadas-ESPE,SISTEMAS DE INFORMACIÓN,19,resolver problemas técnicos,skill/competence,cross-sector,0.7074,http://data.europa.eu/esco/skill/14832d87-2f2f-4895-b290-e4760ebae42a
ESPE,Universidad de las Fuerzas Armadas-ESPE,SISTEMAS DE INFORMACIÓN,20,administrar una página web,skill/competence,cross-sector,0.707,http://data.europa.eu/esco/skill/d04ee340-5378-4601-8181-19da6d5cbfe0
ESPE,Universidad de las Fuerzas Armadas-ESPE,SISTEMAS DE INFORMACIÓN,21,gestionar proyectos de investigación y desarrollo,skill/competence,cross-sector,0.7065,http://data.europa.eu/esco/skill/d5dbc342-8e39-4998-8237-ebbe05a381ce
ESPE,Universidad de las Fuerzas Armadas-ESPE,SISTEMAS DE INFORMACIÓN,22,aplicar gestión de seguridad,skill/competence,cross-sector,0.7053,http://data.europa.eu/esco/skill/989dc903-5838-4d84-8e04-e5b7a2ba97c5
ESPE,Universidad de las Fuerzas Armadas-ESPE,SISTEMAS DE INFORMACIÓN,23,desarrollar normas de información,skill/competence,cross-sector,0.7045,http://data.europa.eu/esco/skill/1b3fc0e0-c6f9-45fc-9c6e-14bbba662979
ESPE,Universidad de las Fuerzas Armadas-ESPE,SISTEMAS DE INFORMACIÓN,24,desarrollar políticas de la organización,skill/competence,cross-sector,0.7037,http://data.europa.eu/esco/skill/3254275d-a1b5-4640-9481-02f38780ac35
ESPE,Universidad de las Fuerzas Armadas-ESPE,SISTEMAS DE INFORMACIÓN,25,supervisar la planificación de sistemas de seguridad,skill/competence,cross-sector,0.7037,http://data.europa.eu/esco/skill/2abfac2e-ad51-49fd-bbed-34953c95ab20
ESPE,Universidad de las Fuerzas Armadas-ESPE,TELECOMUNICACIONES,1,desarrollar estrategias de comunicación,skill/competence,cross-sector,0.7621,http://data.europa.eu/esco/skill/3c834f6e-523a-49ee-8ed1-e073e28ae6fe
ESPE,Universidad de las Fuerzas Armadas-ESPE,TELECOMUNICACIONES,2,coordinar comunicaciones remotas,skill/competence,cross-sector,0.7576,http://data.europa.eu/esco/skill/9bafaea2-76cd-4532-ab77-8b3d21fa6235
ESPE,Universidad de las Fuerzas Armadas-ESPE,TELECOMUNICACIONES,3,crear soluciones para problemas informativos,skill/competence,cross-sector,0.738,http://data.europa.eu/esco/skill/4539aeca-b56f-4d03-ba86-8f675a7f2536
ESPE,Universidad de las Fuerzas Armadas-ESPE,TELECOMUNICACIONES,4,sector de las telecomunicaciones,knowledge,cross-sector,0.7355,http://data.europa.eu/esco/skill/60b44dab-03f1-46de-be08-0e5ba8662b3d
ESPE,Universidad de las Fuerzas Armadas-ESPE,TELECOMUNICACIONES,5,asesorar sobre estrategias de comunicación,skill/competence,cross-sector,0.7333,http://data.europa.eu/esco/skill/69f36674-440a-4fa0-89f9-1b70172ebb9d
ESPE,Universidad de las Fuerzas Armadas-ESPE,TELECOMUNICACIONES,6,coordinar equipos de ingeniería,skill/competence,cross-sector,0.731,http://data.europa.eu/esco/skill/7af6e9e8-1e11-4c0b-b7c6-ac96bbbbc674
ESPE,Universidad de las Fuerzas Armadas-ESPE,TELECOMUNICACIONES,7,gestionar proyectos de investigación y desarrollo,skill/competence,cross-sector,0.7275,http://data.europa.eu/esco/skill/d5dbc342-8e39-4998-8237-ebbe05a381ce
ESPE,Universidad de las Fuerzas Armadas-ESPE,TELECOMUNICACIONES,8,elaborar las estrategias empresariales,skill/competence,cross-sector,0.727,http://data.europa.eu/esco/skill/ba2c6181-b036-40b4-8f6d-51499463ccbb
ESPE,Universidad de las Fuerzas Armadas-ESPE,TELECOMUNICACIONES,9,detectar y corregir errores de las tecnologías de la información y de las comunicaciones,skill/competence,cross-sector,0.7255,http://data.europa.eu/esco/skill/744442ac-c157-4350-8be0-ce454df4f5c5
ESPE,Universidad de las Fuerzas Armadas-ESPE,TELECOMUNICACIONES,10,diseñar sistemas de control,skill/competence,cross-sector,0.7231,http://data.europa.eu/esco/skill/d560df46-dda4-4407-bab2-b87353a96814
ESPE,Universidad de las Fuerzas Armadas-ESPE,TELECOMUNICACIONES,11,controlar las tendencias en tecnología,skill/competence,cross-sector,0.7205,http://data.europa.eu/esco/skill/7a17d7ce-01a2-4746-bbcc-22ffe22fa16e
ESPE,Universidad de las Fuerzas Armadas-ESPE,TELECOMUNICACIONES,12,coordinar campañas publicitarias,skill/competence,cross-sector,0.7139,http://data.europa.eu/esco/skill/ae6af2c6-890d-40a7-9849-326a8c21df76
ESPE,Universidad de las Fuerzas Armadas-ESPE,TELECOMUNICACIONES,13,comunicarse con los jefes y directivos,skill/competence,cross-sector,0.7118,http://data.europa.eu/esco/skill/f14ff4b7-be1e-4b55-b39b-520005f8a97e
ESPE,Universidad de las Fuerzas Armadas-ESPE,TELECOMUNICACIONES,14,gestionar las comunicaciones visuales,skill/competence,cross-sector,0.7099,http://data.europa.eu/esco/skill/50b96d21-f2eb-4f35-a8d3-77eee15ef51f
ESPE,Universidad de las Fuerzas Armadas-ESPE,TELECOMUNICACIONES,15,comunicar y colaborar con ingenieros sobre diseño de productos y desarrollo de productos nuevos,skill/competence,cross-sector,0.7083,http://data.europa.eu/esco/skill/94b2c46e-6338-4a1d-950a-d44eef018c53
ESPE,Universidad de las Fuerzas Armadas-ESPE,TELECOMUNICACIONES,16,realizar gestión de clientes,skill/competence,cross-sector,0.7067,http://data.europa.eu/esco/skill/91306a20-9b81-4f3d-97eb-f5368b607da7
ESPE,Universidad de las Fuerzas Armadas-ESPE,TELECOMUNICACIONES,17,diseñar sistemas de transporte,skill/competence,cross-sector,0.7065,http://data.europa.eu/esco/skill/11f364dd-0814-4398-b00e-10d1be8b27af
ESPE,Universidad de las Fuerzas Armadas-ESPE,TELECOMUNICACIONES,18,mantenerse al día sobre las innovaciones en el ámbito empresarial,skill/competence,cross-sector,0.706,http://data.europa.eu/esco/skill/7f70572d-f0c1-4039-9954-b57dc69981f6
ESPE,Universidad de las Fuerzas Armadas-ESPE,TELECOMUNICACIONES,19,ingeniería de telecomunicaciones,knowledge,cross-sector,0.7056,http://data.europa.eu/esco/skill/14764a75-3104-4875-ba1d-57c059b9b013
ESPE,Universidad de las Fuerzas Armadas-ESPE,TELECOMUNICACIONES,20,coordinar actividades de planificación comercial,skill/competence,cross-sector,0.7033,http://data.europa.eu/esco/skill/90398aca-82b7-4f56-8e0f-814d949162b4
ESPE,Universidad de las Fuerzas Armadas-ESPE,TELECOMUNICACIONES,21,comunicarse de forma profesional con colegas en otros campos,skill/competence,cross-sector,0.7028,http://data.europa.eu/esco/skill/574bf430-50a1-4734-9719-a823e7d80b10
ESPE,Universidad de las Fuerzas Armadas-ESPE,TELECOMUNICACIONES,22,instalar líneas de energía eléctrica,skill/competence,cross-sector,0.7027,http://data.europa.eu/esco/skill/0c627853-241e-405b-9044-aaff6bca133e
ESPE,Universidad de las Fuerzas Armadas-ESPE,TELECOMUNICACIONES,23,diseñar edificios,skill/competence,cross-sector,0.7027,http://data.europa.eu/esco/skill/7c3cde53-9ff7-4e82-8396-13fdfadd3432
ESPE,Universidad de las Fuerzas Armadas-ESPE,TELECOMUNICACIONES,24,crear una red profesional con investigadores y científicos,skill/competence,cross-sector,0.7009,http://data.europa.eu/esco/skill/cc61f9e5-d4fc-470e-8606-1ce865ff8386
ESPE,Universidad de las Fuerzas Armadas-ESPE,TELECOMUNICACIONES,25,Proponer soluciones tecnológicas a problemas empresariales,skill/competence,cross-sector,0.7008,http://data.europa.eu/esco/skill/07e51c60-763a-4335-b4ec-70a15f66d328
UCSG,Universidad Católica de Santiago de Guayaquil (UCSG),ADMINISTRACIÓN DE EMPRESAS,1,elaborar las estrategias empresariales,skill/competence,cross-sector,0.7839,http://data.europa.eu/esco/skill/ba2c6181-b036-40b4-8f6d-51499463ccbb
UCSG,Universidad Católica de Santiago de Guayaquil (UCSG),ADMINISTRACIÓN DE EMPRESAS,2,gestionar empresas de producción,skill/competence,cross-sector,0.7824,http://data.europa.eu/esco/skill/435d1751-8667-41ec-8b32-865b7cd3c684
UCSG,Universidad Católica de Santiago de Guayaquil (UCSG),ADMINISTRACIÓN DE EMPRESAS,3,gestionar recursos humanos,skill/competence,cross-sector,0.7713,http://data.europa.eu/esco/skill/339ac029-066a-4985-9f9d-b3d7c8fea0bb
UCSG,Universidad Católica de Santiago de Guayaquil (UCSG),ADMINISTRACIÓN DE EMPRESAS,4,tener espíritu emprendedor,skill/competence,transversal,0.7612,http://data.europa.eu/esco/skill/bdcf429c-5ccf-4c3d-bb61-4c987573a35e
UCSG,Universidad Católica de Santiago de Guayaquil (UCSG),ADMINISTRACIÓN DE EMPRESAS,5,participar en las operaciones cotidianas de la empresa,skill/competence,cross-sector,0.7583,http://data.europa.eu/esco/skill/ce4cbc3a-bde0-43b4-9526-e643c4fe5b04
UCSG,Universidad Católica de Santiago de Guayaquil (UCSG),ADMINISTRACIÓN DE EMPRESAS,6,guiar a los gestores de los diferentes departamentos de la empresa,skill/competence,cross-sector,0.753,http://data.europa.eu/esco/skill/3e61ee41-2bd9-466f-b313-00ce04072410
UCSG,Universidad Católica de Santiago de Guayaquil (UCSG),ADMINISTRACIÓN DE EMPRESAS,7,gestionar proyectos,skill/competence,cross-sector,0.7464,http://data.europa.eu/esco/skill/cd5efa8c-e44d-4cbc-91c6-796018dbed68
UCSG,Universidad Católica de Santiago de Guayaquil (UCSG),ADMINISTRACIÓN DE EMPRESAS,8,coordinar actividades de planificación comercial,skill/competence,cross-sector,0.7462,http://data.europa.eu/esco/skill/90398aca-82b7-4f56-8e0f-814d949162b4
UCSG,Universidad Católica de Santiago de Guayaquil (UCSG),ADMINISTRACIÓN DE EMPRESAS,9,desarrollar políticas de la organización,skill/competence,cross-sector,0.7456,http://data.europa.eu/esco/skill/3254275d-a1b5-4640-9481-02f38780ac35
UCSG,Universidad Católica de Santiago de Guayaquil (UCSG),ADMINISTRACIÓN DE EMPRESAS,10,mejorar procesos empresariales,skill/competence,cross-sector,0.7438,http://data.europa.eu/esco/skill/75b30aeb-34c0-40f4-b77d-271d75a98b14
UCSG,Universidad Católica de Santiago de Guayaquil (UCSG),ADMINISTRACIÓN DE EMPRESAS,11,gestionar varios proyectos,skill/competence,cross-sector,0.7433,http://data.europa.eu/esco/skill/c881ddd2-9c0e-4743-bd24-36be650493dd
UCSG,Universidad Católica de Santiago de Guayaquil (UCSG),ADMINISTRACIÓN DE EMPRESAS,12,realizar una planificación estratégica,skill/competence,cross-sector,0.742,http://data.europa.eu/esco/skill/f7b5d916-52f0-4865-b6a6-e1a3b711cb5e
UCSG,Universidad Católica de Santiago de Guayaquil (UCSG),ADMINISTRACIÓN DE EMPRESAS,13,formar equipos dentro de la empresa en base a las competencias,skill/competence,cross-sector,0.7409,http://data.europa.eu/esco/skill/f1155d3f-fbca-4298-a31c-f6955653bacf
UCSG,Universidad Católica de Santiago de Guayaquil (UCSG),ADMINISTRACIÓN DE EMPRESAS,14,desarrollar estrategias de comunicación,skill/competence,cross-sector,0.7394,http://data.europa.eu/esco/skill/3c834f6e-523a-49ee-8ed1-e073e28ae6fe
UCSG,Universidad Católica de Santiago de Guayaquil (UCSG),ADMINISTRACIÓN DE EMPRESAS,15,liderar el proceso de planificación estratégica de la marca,skill/competence,cross-sector,0.7298,http://data.europa.eu/esco/skill/fb221711-05c3-4196-ba72-813ed5bd040e
UCSG,Universidad Católica de Santiago de Guayaquil (UCSG),ADMINISTRACIÓN DE EMPRESAS,16,elaborar políticas de economía,skill/competence,cross-sector,0.7271,http://data.europa.eu/esco/skill/8394fefb-f62a-48c0-a156-3117cefdb9b3
UCSG,Universidad Católica de Santiago de Guayaquil (UCSG),ADMINISTRACIÓN DE EMPRESAS,17,gestionar recursos financieros y materiales,skill/competence,transversal,0.7262,http://data.europa.eu/esco/skill/1ddc021d-d818-4731-904f-842d7491f419
UCSG,Universidad Católica de Santiago de Guayaquil (UCSG),ADMINISTRACIÓN DE EMPRESAS,18,ejercer la administración,skill/competence,cross-sector,0.726,http://data.europa.eu/esco/skill/151174e2-2a27-4c1e-be68-6446278d34b7
UCSG,Universidad Católica de Santiago de Guayaquil (UCSG),ADMINISTRACIÓN DE EMPRESAS,19,realizar diversas tareas organizativas en la empresa,skill/competence,cross-sector,0.7252,http://data.europa.eu/esco/skill/01755f08-4df4-4cf0-8d22-08f94cad68b5
UCSG,Universidad Católica de Santiago de Guayaquil (UCSG),ADMINISTRACIÓN DE EMPRESAS,20,gestionar los aspectos financieros de una empresa,skill/competence,cross-sector,0.7251,http://data.europa.eu/esco/skill/fa6acfc3-0a4f-4192-b77d-80e94d0faf2a
UCSG,Universidad Católica de Santiago de Guayaquil (UCSG),ADMINISTRACIÓN DE EMPRESAS,21,aplicar gestión estratégica,skill/competence,cross-sector,0.7248,http://data.europa.eu/esco/skill/953445c0-4770-4be0-91cf-270a64c0e297
UCSG,Universidad Católica de Santiago de Guayaquil (UCSG),ADMINISTRACIÓN DE EMPRESAS,22,transmitir planes de negocios a colaboradores,skill/competence,cross-sector,0.7214,http://data.europa.eu/esco/skill/a9c205ef-365a-4ae4-b905-cb48ba761ff0
UCSG,Universidad Católica de Santiago de Guayaquil (UCSG),ADMINISTRACIÓN DE EMPRESAS,23,gestionar conocimientos empresariales,skill/competence,cross-sector,0.7208,http://data.europa.eu/esco/skill/41bf7ede-fc84-4a57-8c89-b548d11b0ba1
UCSG,Universidad Católica de Santiago de Guayaquil (UCSG),ADMINISTRACIÓN DE EMPRESAS,24,realizar la gestión de un evento,skill/competence,cross-sector,0.7199,http://data.europa.eu/esco/skill/03a0ab28-ce99-4e14-baf8-a66c55da28f8
UCSG,Universidad Católica de Santiago de Guayaquil (UCSG),ADMINISTRACIÓN DE EMPRESAS,25,gestionar recursos empresariales,skill/competence,cross-sector,0.7196,http://data.europa.eu/esco/skill/911e13ee-1eec-4243-88c8-3c08a3681a19
UCSG,Universidad Católica de Santiago de Guayaquil (UCSG),ECONOMÍA,1,analizar datos,skill/competence,cross-sector,0.7402,http://data.europa.eu/esco/skill/a571ae14-3e16-4fd3-a615-5646e0b0b696
UCSG,Universidad Católica de Santiago de Guayaquil (UCSG),ECONOMÍA,2,realizar un análisis empresarial,skill/competence,cross-sector,0.7372,http://data.europa.eu/esco/skill/27ed854c-15b8-4ba2-90e9-ae888a219703
UCSG,Universidad Católica de Santiago de Guayaquil (UCSG),ECONOMÍA,3,analizar las tendencias económicas,skill/competence,cross-sector,0.7366,http://data.europa.eu/esco/skill/5f302d63-048e-451c-b150-97c124a5a26b
UCSG,Universidad Católica de Santiago de Guayaquil (UCSG),ECONOMÍA,4,realizar estudios de mercado,skill/competence,cross-sector,0.736,http://data.europa.eu/esco/skill/fe39d4db-4cb5-4299-bb9f-896c8fd6ab13
UCSG,Universidad Católica de Santiago de Guayaquil (UCSG),ECONOMÍA,5,elaborar políticas de economía,skill/competence,cross-sector,0.7343,http://data.europa.eu/esco/skill/8394fefb-f62a-48c0-a156-3117cefdb9b3
UCSG,Universidad Católica de Santiago de Guayaquil (UCSG),ECONOMÍA,6,interpretar datos actuales,skill/competence,cross-sector,0.7319,http://data.europa.eu/esco/skill/1e77e42a-181f-4b48-8e74-201ce50ffc29
UCSG,Universidad Católica de Santiago de Guayaquil (UCSG),ECONOMÍA,7,utilizar analítica con fines comerciales,skill/competence,cross-sector,0.7286,http://data.europa.eu/esco/skill/683bc3e3-6ec1-4ad2-8d62-d0ac1fabbe76
UCSG,Universidad Católica de Santiago de Guayaquil (UCSG),ECONOMÍA,8,interpretar la información comercial,skill/competence,cross-sector,0.7266,http://data.europa.eu/esco/skill/3cb68bb2-66fc-495a-af82-012338a9402b
UCSG,Universidad Católica de Santiago de Guayaquil (UCSG),ECONOMÍA,9,predecir tendencias económicas,skill/competence,cross-sector,0.7239,http://data.europa.eu/esco/skill/f2a34d6b-131a-4b8f-a110-898b9c91d18f
UCSG,Universidad Católica de Santiago de Guayaquil (UCSG),ECONOMÍA,10,análisis de datos,knowledge,cross-sector,0.7211,http://data.europa.eu/esco/skill/97bd1c21-66b2-4b7e-ad0f-e3cda590e378
UCSG,Universidad Católica de Santiago de Guayaquil (UCSG),ECONOMÍA,11,analizar inteligencia de datos,skill/competence,cross-sector,0.7204,http://data.europa.eu/esco/skill/47a49cd6-097d-457a-9f7b-c290c14930d5
UCSG,Universidad Católica de Santiago de Guayaquil (UCSG),ECONOMÍA,12,ciencia de datos,knowledge,cross-sector,0.716,http://data.europa.eu/esco/skill/edebd83d-35f6-4ed5-a940-6c203d178c01
UCSG,Universidad Católica de Santiago de Guayaquil (UCSG),ECONOMÍA,13,analizar datos de la clientela,skill/competence,cross-sector,0.7156,http://data.europa.eu/esco/skill/d63f49de-cb72-4ce3-9553-a374a4f32f52
UCSG,Universidad Católica de Santiago de Guayaquil (UCSG),ECONOMÍA,14,realizar un análisis de las necesidades de los clientes,skill/competence,cross-sector,0.7128,http://data.europa.eu/esco/skill/31c83903-8fc8-4bd8-9ca4-7a98a9c31eae
UCSG,Universidad Católica de Santiago de Guayaquil (UCSG),ECONOMÍA,15,realizar un análisis de datos,skill/competence,cross-sector,0.7092,http://data.europa.eu/esco/skill/2b92a5b2-6758-4ee3-9fb4-b6387a55cc8f
UCSG,Universidad Católica de Santiago de Guayaquil (UCSG),ECONOMÍA,16,análisis empresarial,knowledge,cross-sector,0.7074,http://data.europa.eu/esco/skill/633a3637-2c6b-40ae-ac38-289eb2a62aa6
UCSG,Universidad Católica de Santiago de Guayaquil (UCSG),ECONOMÍA,17,gestionar datos de investigación,skill/competence,cross-sector,0.7051,http://data.europa.eu/esco/skill/08b04e53-ed25-41a2-9f90-0b9cd939ba3d
UCSG,Universidad Católica de Santiago de Guayaquil (UCSG),ECONOMÍA,18,analizar tendencias en el mercado financiero,skill/competence,cross-sector,0.7013,http://data.europa.eu/esco/skill/292549e6-08ec-456c-b008-eba7a0a68428
UCSG,Universidad Católica de Santiago de Guayaquil (UCSG),ECONOMÍA,19,economía,knowledge,cross-sector,0.6962,http://data.europa.eu/esco/skill/88af9294-b697-4687-ae19-aefbb6234dfa
UCSG,Universidad Católica de Santiago de Guayaquil (UCSG),ECONOMÍA,20,analizar los factores externos a una empresa,skill/competence,cross-sector,0.6951,http://data.europa.eu/esco/skill/ce5b1446-b5e3-4f05-a5ac-83f2ee142a44
UCSG,Universidad Católica de Santiago de Guayaquil (UCSG),ECONOMÍA,21,obtener información financiera,skill/competence,cross-sector,0.6947,http://data.europa.eu/esco/skill/71ae4f64-6505-4b6f-91b9-5acfa5721798
UCSG,Universidad Católica de Santiago de Guayaquil (UCSG),ECONOMÍA,22,tomar decisiones basadas en datos,skill/competence,cross-sector,0.694,http://data.europa.eu/esco/skill/be20d05c-f6b4-4580-9fcf-f00f4baab562
UCSG,Universidad Católica de Santiago de Guayaquil (UCSG),ECONOMÍA,23,estudiar a los usuarios de los sitios web,skill/competence,cross-sector,0.6931,http://data.europa.eu/esco/skill/5e14de3d-d055-427e-9f5b-eb068f56b019
UCSG,Universidad Católica de Santiago de Guayaquil (UCSG),ECONOMÍA,24,utilizar técnicas de tratamiento de datos,skill/competence,cross-sector,0.6929,http://data.europa.eu/esco/skill/1b70a55d-b8a4-49fc-96c6-15ab4cff2522
UCSG,Universidad Católica de Santiago de Guayaquil (UCSG),ECONOMÍA,25,analizar datos científicos,skill/competence,cross-sector,0.6906,http://data.europa.eu/esco/skill/36ff57b0-637d-4a83-a0e8-d14f86f9f078
UCSG,Universidad Católica de Santiago de Guayaquil (UCSG),INGENIERÍA CIVIL,1,supervisar un proyecto de construcción,skill/competence,cross-sector,0.7357,http://data.europa.eu/esco/skill/1de548e0-9535-4d2e-9d20-d4474c1ea813
UCSG,Universidad Católica de Santiago de Guayaquil (UCSG),INGENIERÍA CIVIL,2,garantizar el cumplimiento de los plazos de construcción,skill/competence,cross-sector,0.7351,http://data.europa.eu/esco/skill/6181f475-110c-497c-a46d-ed2e14e7bc90
UCSG,Universidad Católica de Santiago de Guayaquil (UCSG),INGENIERÍA CIVIL,3,asesorar sobre temas de construcción,skill/competence,cross-sector,0.7347,http://data.europa.eu/esco/skill/3b64ab47-a874-403a-b781-7b23c2fc3c6c
UCSG,Universidad Católica de Santiago de Guayaquil (UCSG),INGENIERÍA CIVIL,4,vigilar el cumplimiento de los parámetros de los proyectos de construcción,skill/competence,cross-sector,0.7217,http://data.europa.eu/esco/skill/3dd3dfa7-51c0-40ef-af46-e2df300489f6
UCSG,Universidad Católica de Santiago de Guayaquil (UCSG),INGENIERÍA CIVIL,5,diseñar sistemas de transporte,skill/competence,cross-sector,0.7152,http://data.europa.eu/esco/skill/11f364dd-0814-4398-b00e-10d1be8b27af
UCSG,Universidad Católica de Santiago de Guayaquil (UCSG),INGENIERÍA CIVIL,6,examinar las infraestructuras civiles,skill/competence,cross-sector,0.7129,http://data.europa.eu/esco/skill/d48b3cfe-80b6-406f-b582-d959b60417f8
UCSG,Universidad Católica de Santiago de Guayaquil (UCSG),INGENIERÍA CIVIL,7,coordinar equipos de ingeniería,skill/competence,cross-sector,0.7056,http://data.europa.eu/esco/skill/7af6e9e8-1e11-4c0b-b7c6-ac96bbbbc674
UCSG,Universidad Católica de Santiago de Guayaquil (UCSG),INGENIERÍA CIVIL,8,diseñar edificios,skill/competence,cross-sector,0.7038,http://data.europa.eu/esco/skill/7c3cde53-9ff7-4e82-8396-13fdfadd3432
UCSG,Universidad Católica de Santiago de Guayaquil (UCSG),INGENIERÍA CIVIL,9,revisar proyectos de construcción,skill/competence,cross-sector,0.6944,http://data.europa.eu/esco/skill/ea9fc9d9-c602-4430-a7fc-edac7429a6a8
UCSG,Universidad Católica de Santiago de Guayaquil (UCSG),INGENIERÍA CIVIL,10,proteger humedales en el desarrollo de proyectos,skill/competence,cross-sector,0.6929,http://data.europa.eu/esco/skill/e2028206-3060-4e81-8350-77baefabefde
UCSG,Universidad Católica de Santiago de Guayaquil (UCSG),INGENIERÍA CIVIL,11,gestionar varios proyectos,skill/competence,cross-sector,0.6925,http://data.europa.eu/esco/skill/c881ddd2-9c0e-4743-bd24-36be650493dd
UCSG,Universidad Católica de Santiago de Guayaquil (UCSG),INGENIERÍA CIVIL,12,gestionar proyectos de ingeniería,skill/competence,cross-sector,0.6922,http://data.europa.eu/esco/skill/6a899482-8bcf-40ca-ae67-579a1cc467ab
UCSG,Universidad Católica de Santiago de Guayaquil (UCSG),INGENIERÍA CIVIL,13,someter a auditorías a los contratistas,skill/competence,cross-sector,0.6901,http://data.europa.eu/esco/skill/0520d8ba-3c24-4f75-a8b0-f883ddeed82d
UCSG,Universidad Católica de Santiago de Guayaquil (UCSG),INGENIERÍA CIVIL,14,desarrollar estrategias de rehabilitación tras inundaciones,skill/competence,cross-sector,0.6895,http://data.europa.eu/esco/skill/6b5d032a-b85a-44ea-9dad-5201048d2dd2
UCSG,Universidad Católica de Santiago de Guayaquil (UCSG),INGENIERÍA CIVIL,15,gestionar proyectos de investigación y desarrollo,skill/competence,cross-sector,0.6863,http://data.europa.eu/esco/skill/d5dbc342-8e39-4998-8237-ebbe05a381ce
UCSG,Universidad Católica de Santiago de Guayaquil (UCSG),INGENIERÍA CIVIL,16,ingeniería civil,knowledge,cross-sector,0.6844,http://data.europa.eu/esco/skill/82887396-e5bf-4306-af51-3fe8d82790b2
UCSG,Universidad Católica de Santiago de Guayaquil (UCSG),INGENIERÍA CIVIL,17,gestionar la instalación de estructuras para eventos,skill/competence,cross-sector,0.6843,http://data.europa.eu/esco/skill/0e503b48-5491-4529-879e-b112251f8d50
UCSG,Universidad Católica de Santiago de Guayaquil (UCSG),INGENIERÍA CIVIL,18,supervisar obras de construcción,skill/competence,cross-sector,0.6839,http://data.europa.eu/esco/skill/fc1a75bb-70e3-4005-881f-7709bf7b0ed4
UCSG,Universidad Católica de Santiago de Guayaquil (UCSG),INGENIERÍA CIVIL,19,gestionar los programas públicos,skill/competence,cross-sector,0.6815,http://data.europa.eu/esco/skill/0761f325-13e7-49f4-a41a-ec64ba4e7b9d
UCSG,Universidad Católica de Santiago de Guayaquil (UCSG),INGENIERÍA CIVIL,20,preparar documentos relativos al proyecto de construcción,skill/competence,cross-sector,0.681,http://data.europa.eu/esco/skill/80274731-15ce-490a-8d5b-f55a36b976b0
UCSG,Universidad Católica de Santiago de Guayaquil (UCSG),INGENIERÍA CIVIL,21,gestionar contratos,skill/competence,cross-sector,0.6805,http://data.europa.eu/esco/skill/92721092-fe7c-4689-96bd-4f02385bc0e7
UCSG,Universidad Católica de Santiago de Guayaquil (UCSG),INGENIERÍA CIVIL,22,coordinar actividades de construcción,skill/competence,cross-sector,0.6793,http://data.europa.eu/esco/skill/fff5bc45-b506-4466-8977-4869079c1cb2
UCSG,Universidad Católica de Santiago de Guayaquil (UCSG),INGENIERÍA CIVIL,23,elaborar las estrategias empresariales,skill/competence,cross-sector,0.6785,http://data.europa.eu/esco/skill/ba2c6181-b036-40b4-8f6d-51499463ccbb
UCSG,Universidad Católica de Santiago de Guayaquil (UCSG),INGENIERÍA CIVIL,24,supervisar sistemas de gestión ambiental,skill/competence,cross-sector,0.6774,http://data.europa.eu/esco/skill/b13e0689-636d-42d0-86c3-df9d6f85a882
UCSG,Universidad Católica de Santiago de Guayaquil (UCSG),INGENIERÍA CIVIL,25,gestionar el impacto medioambiental de las operaciones,skill/competence,cross-sector,0.6768,http://data.europa.eu/esco/skill/d86babea-bf8b-4552-81a8-daf706066ad6
UCSG,Universidad Católica de Santiago de Guayaquil (UCSG),INGENIERÍA INDUSTRIAL,1,gestionar los suministros,skill/competence,cross-sector,0.8269,http://data.europa.eu/esco/skill/020b3c27-bae1-4b85-9d6f-eccee0f5ed99
UCSG,Universidad Católica de Santiago de Guayaquil (UCSG),INGENIERÍA INDUSTRIAL,2,analizar estrategias de gestión de la cadena de suministro,skill/competence,cross-sector,0.815,http://data.europa.eu/esco/skill/96d549bb-3e62-4c45-92a7-f114df089581
UCSG,Universidad Católica de Santiago de Guayaquil (UCSG),INGENIERÍA INDUSTRIAL,3,gestionar empresas de producción,skill/competence,cross-sector,0.807,http://data.europa.eu/esco/skill/435d1751-8667-41ec-8b32-865b7cd3c684
UCSG,Universidad Católica de Santiago de Guayaquil (UCSG),INGENIERÍA INDUSTRIAL,4,gestionar la calidad,skill/competence,transversal,0.7913,http://data.europa.eu/esco/skill/35ebe444-9ece-4fbc-a55d-e99ea37267ae
UCSG,Universidad Católica de Santiago de Guayaquil (UCSG),INGENIERÍA INDUSTRIAL,5,integrar productos nuevos en la cadena de fabricación,skill/competence,cross-sector,0.7887,http://data.europa.eu/esco/skill/8a753714-9a19-4418-9b37-77e79d72c705
UCSG,Universidad Católica de Santiago de Guayaquil (UCSG),INGENIERÍA INDUSTRIAL,6,controlar la producción,skill/competence,cross-sector,0.7831,http://data.europa.eu/esco/skill/feceacee-d425-4e73-821a-02dfb85084db
UCSG,Universidad Católica de Santiago de Guayaquil (UCSG),INGENIERÍA INDUSTRIAL,7,impartir formación sobre cómo supervisar la gestión de la calidad,skill/competence,cross-sector,0.7826,http://data.europa.eu/esco/skill/09e7cd13-ea36-4694-afe5-f34373759392
UCSG,Universidad Católica de Santiago de Guayaquil (UCSG),INGENIERÍA INDUSTRIAL,8,inspeccionar la calidad de los productos,skill/competence,cross-sector,0.7744,http://data.europa.eu/esco/skill/1a3660c2-011c-4e96-9b1d-529afc305428
UCSG,Universidad Católica de Santiago de Guayaquil (UCSG),INGENIERÍA INDUSTRIAL,9,gestionar la logística,skill/competence,cross-sector,0.7726,http://data.europa.eu/esco/skill/953c0b65-537a-42fe-a90b-26cd36c64361
UCSG,Universidad Católica de Santiago de Guayaquil (UCSG),INGENIERÍA INDUSTRIAL,10,gestión de la cadena de suministro,knowledge,cross-sector,0.7692,http://data.europa.eu/esco/skill/f929c89e-c363-4132-a918-e021d57b307c
UCSG,Universidad Católica de Santiago de Guayaquil (UCSG),INGENIERÍA INDUSTRIAL,11,verificar las exigencias de fabricación,skill/competence,cross-sector,0.7661,http://data.europa.eu/esco/skill/277f489c-7a47-4791-bd87-61ca01737f96
UCSG,Universidad Católica de Santiago de Guayaquil (UCSG),INGENIERÍA INDUSTRIAL,12,desarrollar normas y procedimientos de fabricación,skill/competence,cross-sector,0.761,http://data.europa.eu/esco/skill/764db027-9063-4468-acb3-c73ecfc76f35
UCSG,Universidad Católica de Santiago de Guayaquil (UCSG),INGENIERÍA INDUSTRIAL,13,analizar procesos de producción para introducir mejoras,skill/competence,cross-sector,0.7601,http://data.europa.eu/esco/skill/f1b5800e-b763-4740-9586-3fef30568e81
UCSG,Universidad Católica de Santiago de Guayaquil (UCSG),INGENIERÍA INDUSTRIAL,14,realizar el control de procesos en la industria de prendas de vestir,skill/competence,cross-sector,0.759,http://data.europa.eu/esco/skill/58c080f9-71d5-429d-9476-bc9e742d460c
UCSG,Universidad Católica de Santiago de Guayaquil (UCSG),INGENIERÍA INDUSTRIAL,15,coordinar las actividades de producción,skill/competence,cross-sector,0.7583,http://data.europa.eu/esco/skill/05c00631-b864-4842-b47e-06710c197c7a
UCSG,Universidad Católica de Santiago de Guayaquil (UCSG),INGENIERÍA INDUSTRIAL,16,mejorar procesos empresariales,skill/competence,cross-sector,0.7567,http://data.europa.eu/esco/skill/75b30aeb-34c0-40f4-b77d-271d75a98b14
UCSG,Universidad Católica de Santiago de Guayaquil (UCSG),INGENIERÍA INDUSTRIAL,17,supervisar la producción de la fábrica,skill/competence,cross-sector,0.7563,http://data.europa.eu/esco/skill/c09dce1b-e198-487e-b63f-934e10a4c181
UCSG,Universidad Católica de Santiago de Guayaquil (UCSG),INGENIERÍA INDUSTRIAL,18,gestionar recursos empresariales,skill/competence,cross-sector,0.7537,http://data.europa.eu/esco/skill/911e13ee-1eec-4243-88c8-3c08a3681a19
UCSG,Universidad Católica de Santiago de Guayaquil (UCSG),INGENIERÍA INDUSTRIAL,19,programar la producción,skill/competence,cross-sector,0.7531,http://data.europa.eu/esco/skill/2a778aeb-f246-4f03-9a96-c60183001037
UCSG,Universidad Católica de Santiago de Guayaquil (UCSG),INGENIERÍA INDUSTRIAL,20,planificar procesos de fabricación,skill/competence,cross-sector,0.7527,http://data.europa.eu/esco/skill/7d0f33ea-e724-4d77-8b75-ee4fe66bb9ba
UCSG,Universidad Católica de Santiago de Guayaquil (UCSG),INGENIERÍA INDUSTRIAL,21,aplicar métodos de producción avanzados,skill/competence,cross-sector,0.7511,http://data.europa.eu/esco/skill/4f0e579d-ca7b-427c-ace6-9e2de3eb19c7
UCSG,Universidad Católica de Santiago de Guayaquil (UCSG),INGENIERÍA INDUSTRIAL,22,optimizar los parámetros del proceso de producción,skill/competence,cross-sector,0.749,http://data.europa.eu/esco/skill/0f0698e7-04e4-4bf7-9af2-e3191147525a
UCSG,Universidad Católica de Santiago de Guayaquil (UCSG),INGENIERÍA INDUSTRIAL,23,supervisar el control de calidad,skill/competence,cross-sector,0.7483,http://data.europa.eu/esco/skill/5d34adde-0b78-42b4-9d3d-69e9388d8398
UCSG,Universidad Católica de Santiago de Guayaquil (UCSG),INGENIERÍA INDUSTRIAL,24,gestionar sistemas de instrumentación,skill/competence,cross-sector,0.7479,http://data.europa.eu/esco/skill/5d71a91f-cc72-4b66-b6e3-d75ecc05e235
UCSG,Universidad Católica de Santiago de Guayaquil (UCSG),INGENIERÍA INDUSTRIAL,25,elaborar procedimientos en caso de defectos,skill/competence,cross-sector,0.7456,http://data.europa.eu/esco/skill/c65c7304-03b5-4065-a140-ddc405e670d1
UCSG,Universidad Católica de Santiago de Guayaquil (UCSG),INGENIERÍA QUÍMICA,1,fabricar productos químicos,skill/competence,cross-sector,0.7742,http://data.europa.eu/esco/skill/4309a39d-af97-4e56-8d0e-5351b7b8dd01
UCSG,Universidad Católica de Santiago de Guayaquil (UCSG),INGENIERÍA QUÍMICA,2,mejorar procesos químicos,skill/competence,cross-sector,0.7706,http://data.europa.eu/esco/skill/451c8010-7dbb-4f96-b4d4-0955766d9eff
UCSG,Universidad Católica de Santiago de Guayaquil (UCSG),INGENIERÍA QUÍMICA,3,gestionar el impacto medioambiental de las operaciones,skill/competence,cross-sector,0.7521,http://data.europa.eu/esco/skill/d86babea-bf8b-4552-81a8-daf706066ad6
UCSG,Universidad Católica de Santiago de Guayaquil (UCSG),INGENIERÍA QUÍMICA,4,gestionar procedimientos de ensayos de sustancias químicas,skill/competence,cross-sector,0.7483,http://data.europa.eu/esco/skill/abcfd4de-3b3d-48ed-a002-36071bad8d46
UCSG,Universidad Católica de Santiago de Guayaquil (UCSG),INGENIERÍA QUÍMICA,5,manipular productos químicos,skill/competence,cross-sector,0.7483,http://data.europa.eu/esco/skill/2416dc09-6384-409e-8b1d-80bb7a2e7369
UCSG,Universidad Católica de Santiago de Guayaquil (UCSG),INGENIERÍA QUÍMICA,6,elaborar fórmulas de fabricación,skill/competence,cross-sector,0.7413,http://data.europa.eu/esco/skill/b2ad4e50-cb82-4a34-ab3e-5b5f6c4f9b65
UCSG,Universidad Católica de Santiago de Guayaquil (UCSG),INGENIERÍA QUÍMICA,7,desarrollar normas y procedimientos de fabricación,skill/competence,cross-sector,0.7381,http://data.europa.eu/esco/skill/764db027-9063-4468-acb3-c73ecfc76f35
UCSG,Universidad Católica de Santiago de Guayaquil (UCSG),INGENIERÍA QUÍMICA,8,trabajar con sustancias químicas,skill/competence,cross-sector,0.7356,http://data.europa.eu/esco/skill/929a997b-d56c-4383-b36d-6de9fa0e1721
UCSG,Universidad Católica de Santiago de Guayaquil (UCSG),INGENIERÍA QUÍMICA,9,desarrollar procedimientos de ensayo de materiales,skill/competence,cross-sector,0.7352,http://data.europa.eu/esco/skill/658b6ea0-79f5-451d-a037-7593a4416c85
UCSG,Universidad Católica de Santiago de Guayaquil (UCSG),INGENIERÍA QUÍMICA,10,realizar todas las actividades de ingeniería de procesos,skill/competence,cross-sector,0.7346,http://data.europa.eu/esco/skill/8b9d609a-6d62-4d5c-9133-01d41979cfac
UCSG,Universidad Católica de Santiago de Guayaquil (UCSG),INGENIERÍA QUÍMICA,11,gestionar empresas de producción,skill/competence,cross-sector,0.7315,http://data.europa.eu/esco/skill/435d1751-8667-41ec-8b32-865b7cd3c684
UCSG,Universidad Católica de Santiago de Guayaquil (UCSG),INGENIERÍA QUÍMICA,12,diseñar sistemas de fabricación farmacéutica,skill/competence,cross-sector,0.7272,http://data.europa.eu/esco/skill/1c8327dd-9af0-4124-9c4e-0342d90189d4
UCSG,Universidad Católica de Santiago de Guayaquil (UCSG),INGENIERÍA QUÍMICA,13,ingeniería ambiental,knowledge,cross-sector,0.7271,http://data.europa.eu/esco/skill/b1b118c4-3291-484e-b64d-6d51fd5da8b3
UCSG,Universidad Católica de Santiago de Guayaquil (UCSG),INGENIERÍA QUÍMICA,14,gestionar sistemas de instrumentación,skill/competence,cross-sector,0.7269,http://data.europa.eu/esco/skill/5d71a91f-cc72-4b66-b6e3-d75ecc05e235
UCSG,Universidad Católica de Santiago de Guayaquil (UCSG),INGENIERÍA QUÍMICA,15,asesorar sobre la reducción del uso de sustancias químicas,skill/competence,cross-sector,0.7244,http://data.europa.eu/esco/skill/09c28e46-712a-4c11-a4ae-67ae554ea940
UCSG,Universidad Católica de Santiago de Guayaquil (UCSG),INGENIERÍA QUÍMICA,16,inspeccionar la calidad de los productos,skill/competence,cross-sector,0.7238,http://data.europa.eu/esco/skill/1a3660c2-011c-4e96-9b1d-529afc305428
UCSG,Universidad Católica de Santiago de Guayaquil (UCSG),INGENIERÍA QUÍMICA,17,química farmacéutica,knowledge,cross-sector,0.7186,http://data.europa.eu/esco/skill/acbb31e0-7cfb-4987-a9a7-4df119e0b83b
UCSG,Universidad Católica de Santiago de Guayaquil (UCSG),INGENIERÍA QUÍMICA,18,gestionar experimentos a gran escala para la fabricación de alimentos,skill/competence,cross-sector,0.7175,http://data.europa.eu/esco/skill/950c1106-4ea1-4fb7-a115-5dd5adcc1ea4
UCSG,Universidad Católica de Santiago de Guayaquil (UCSG),INGENIERÍA QUÍMICA,19,química,knowledge,cross-sector,0.7158,http://data.europa.eu/esco/skill/cde9911c-f92e-4de1-811f-336e177ac4ce
UCSG,Universidad Católica de Santiago de Guayaquil (UCSG),INGENIERÍA QUÍMICA,20,controlar el entorno acuático de producción,skill/competence,cross-sector,0.7147,http://data.europa.eu/esco/skill/9a0c96a2-8ffb-4384-b9e8-8928e7f86e23
UCSG,Universidad Católica de Santiago de Guayaquil (UCSG),INGENIERÍA QUÍMICA,21,controlar la producción,skill/competence,cross-sector,0.7113,http://data.europa.eu/esco/skill/feceacee-d425-4e73-821a-02dfb85084db
UCSG,Universidad Católica de Santiago de Guayaquil (UCSG),INGENIERÍA QUÍMICA,22,coordinar las actividades de producción,skill/competence,cross-sector,0.7103,http://data.europa.eu/esco/skill/05c00631-b864-4842-b47e-06710c197c7a
UCSG,Universidad Católica de Santiago de Guayaquil (UCSG),INGENIERÍA QUÍMICA,23,diseñar sistemas de control,skill/competence,cross-sector,0.7103,http://data.europa.eu/esco/skill/d560df46-dda4-4407-bab2-b87353a96814
UCSG,Universidad Católica de Santiago de Guayaquil (UCSG),INGENIERÍA QUÍMICA,24,impartir formación sobre cómo supervisar la gestión de la calidad,skill/competence,cross-sector,0.7098,http://data.europa.eu/esco/skill/09e7cd13-ea36-4694-afe5-f34373759392
UCSG,Universidad Católica de Santiago de Guayaquil (UCSG),INGENIERÍA QUÍMICA,25,programar controles de equipos,skill/competence,cross-sector,0.7097,http://data.europa.eu/esco/skill/5fc0d7d8-bb81-4c1e-b420-e0f1ef8c2743
UCSG,Universidad Católica de Santiago de Guayaquil (UCSG),COMPUTACIÓN,1,elaborar software estadístico,skill/competence,cross-sector,0.7433,http://data.europa.eu/esco/skill/bb165899-d95f-4433-95f2-173fefd716d2
UCSG,Universidad Católica de Santiago de Guayaquil (UCSG),COMPUTACIÓN,2,crear soluciones para problemas,skill/competence,cross-sector,0.7274,http://data.europa.eu/esco/skill/03b9b491-fc9b-4868-914a-bf7cd47b5041
UCSG,Universidad Católica de Santiago de Guayaquil (UCSG),COMPUTACIÓN,3,resolver problemas de sistemas TIC,skill/competence,cross-sector,0.7242,http://data.europa.eu/esco/skill/9e06bac6-6b91-48ca-8b7d-c1f48cdecd7c
UCSG,Universidad Católica de Santiago de Guayaquil (UCSG),COMPUTACIÓN,4,programación informática,knowledge,cross-sector,0.721,http://data.europa.eu/esco/skill/21d2f96d-35f7-4e3f-9745-c533d2dd6e97
UCSG,Universidad Católica de Santiago de Guayaquil (UCSG),COMPUTACIÓN,5,resolver problemas técnicos,skill/competence,cross-sector,0.7193,http://data.europa.eu/esco/skill/14832d87-2f2f-4895-b290-e4760ebae42a
UCSG,Universidad Católica de Santiago de Guayaquil (UCSG),COMPUTACIÓN,6,asesorar a la clientela acerca de las posibilidades técnicas,skill/competence,cross-sector,0.7144,http://data.europa.eu/esco/skill/7b3abd38-61ae-42a4-88bb-0884784f9ee1
UCSG,Universidad Católica de Santiago de Guayaquil (UCSG),COMPUTACIÓN,7,aplicar políticas organizativas del sistema,skill/competence,cross-sector,0.7142,http://data.europa.eu/esco/skill/07e47d58-dd0e-4302-9e68-70a188e89065
UCSG,Universidad Católica de Santiago de Guayaquil (UCSG),COMPUTACIÓN,8,diseñar sistemas de control,skill/competence,cross-sector,0.7132,http://data.europa.eu/esco/skill/d560df46-dda4-4407-bab2-b87353a96814
UCSG,Universidad Católica de Santiago de Guayaquil (UCSG),COMPUTACIÓN,9,resolver problemas,skill/competence,transversal,0.712,http://data.europa.eu/esco/skill/adc6dc11-3376-467b-96c5-9b0a21edc869
UCSG,Universidad Católica de Santiago de Guayaquil (UCSG),COMPUTACIÓN,10,desarrollar normas y procedimientos de fabricación,skill/competence,cross-sector,0.7115,http://data.europa.eu/esco/skill/764db027-9063-4468-acb3-c73ecfc76f35
UCSG,Universidad Católica de Santiago de Guayaquil (UCSG),COMPUTACIÓN,11,desarrollar políticas de la organización,skill/competence,cross-sector,0.711,http://data.europa.eu/esco/skill/3254275d-a1b5-4640-9481-02f38780ac35
UCSG,Universidad Católica de Santiago de Guayaquil (UCSG),COMPUTACIÓN,12,Proponer soluciones tecnológicas a problemas empresariales,skill/competence,cross-sector,0.7103,http://data.europa.eu/esco/skill/07e51c60-763a-4335-b4ec-70a15f66d328
UCSG,Universidad Católica de Santiago de Guayaquil (UCSG),COMPUTACIÓN,13,gestionar sistemas de instrumentación,skill/competence,cross-sector,0.7101,http://data.europa.eu/esco/skill/5d71a91f-cc72-4b66-b6e3-d75ecc05e235
UCSG,Universidad Católica de Santiago de Guayaquil (UCSG),COMPUTACIÓN,14,crear soluciones para problemas informativos,skill/competence,cross-sector,0.7096,http://data.europa.eu/esco/skill/4539aeca-b56f-4d03-ba86-8f675a7f2536
UCSG,Universidad Católica de Santiago de Guayaquil (UCSG),COMPUTACIÓN,15,realizar gestión de clientes,skill/competence,cross-sector,0.7092,http://data.europa.eu/esco/skill/91306a20-9b81-4f3d-97eb-f5368b607da7
UCSG,Universidad Católica de Santiago de Guayaquil (UCSG),COMPUTACIÓN,16,gestionar datos de investigación,skill/competence,cross-sector,0.7083,http://data.europa.eu/esco/skill/08b04e53-ed25-41a2-9f90-0b9cd939ba3d
UCSG,Universidad Católica de Santiago de Guayaquil (UCSG),COMPUTACIÓN,17,desarrollar procedimientos de prueba,skill/competence,cross-sector,0.7056,http://data.europa.eu/esco/skill/f10142ce-d522-49c3-9fd1-054fb63529d4
UCSG,Universidad Católica de Santiago de Guayaquil (UCSG),COMPUTACIÓN,18,desarrollar procedimientos de prueba electrónica,skill/competence,cross-sector,0.7039,http://data.europa.eu/esco/skill/0de6bca4-f3aa-452a-8e10-d355b2c1bfc4
UCSG,Universidad Católica de Santiago de Guayaquil (UCSG),COMPUTACIÓN,19,gestionar proyectos de investigación y desarrollo,skill/competence,cross-sector,0.7018,http://data.europa.eu/esco/skill/d5dbc342-8e39-4998-8237-ebbe05a381ce
UCSG,Universidad Católica de Santiago de Guayaquil (UCSG),COMPUTACIÓN,20,"gestionar datos, información y contenido digitales",skill/competence,cross-sector,0.7017,http://data.europa.eu/esco/skill/4d97e3c3-f335-47cc-a4ee-0d779fd42222
UCSG,Universidad Católica de Santiago de Guayaquil (UCSG),COMPUTACIÓN,21,innovar las prácticas actuales,skill/competence,cross-sector,0.7002,http://data.europa.eu/esco/skill/f975091a-e5a5-4472-ac17-11680e53e98f
UCSG,Universidad Católica de Santiago de Guayaquil (UCSG),COMPUTACIÓN,22,proporcionar documentación para el usuario,skill/competence,cross-sector,0.7001,http://data.europa.eu/esco/skill/385479b7-5da5-4367-9763-0d15b41bb65b
UCSG,Universidad Católica de Santiago de Guayaquil (UCSG),COMPUTACIÓN,23,utilizar herramientas informáticas,skill/competence,cross-sector,0.6986,http://data.europa.eu/esco/skill/f632251a-4078-4546-b19f-7ef528d08325
UCSG,Universidad Católica de Santiago de Guayaquil (UCSG),COMPUTACIÓN,24,diseñar procesos,skill/competence,cross-sector,0.6984,http://data.europa.eu/esco/skill/2c28fc20-8a60-4311-8899-5ef8729c05b3
UCSG,Universidad Católica de Santiago de Guayaquil (UCSG),COMPUTACIÓN,25,diseñar sistemas microelectrónicos,skill/competence,cross-sector,0.6964,http://data.europa.eu/esco/skill/8712b176-c063-462f-9d0f-2e3c54d9a2eb
UCSG,Universidad Católica de Santiago de Guayaquil (UCSG),SISTEMAS DE INFORMACIÓN,1,resolver problemas de sistemas TIC,skill/competence,cross-sector,0.7493,http://data.europa.eu/esco/skill/9e06bac6-6b91-48ca-8b7d-c1f48cdecd7c
UCSG,Universidad Católica de Santiago de Guayaquil (UCSG),SISTEMAS DE INFORMACIÓN,2,"gestionar datos, información y contenido digitales",skill/competence,cross-sector,0.747,http://data.europa.eu/esco/skill/4d97e3c3-f335-47cc-a4ee-0d779fd42222
UCSG,Universidad Católica de Santiago de Guayaquil (UCSG),SISTEMAS DE INFORMACIÓN,3,crear soluciones para problemas informativos,skill/competence,cross-sector,0.7428,http://data.europa.eu/esco/skill/4539aeca-b56f-4d03-ba86-8f675a7f2536
UCSG,Universidad Católica de Santiago de Guayaquil (UCSG),SISTEMAS DE INFORMACIÓN,4,detectar necesidades tecnológicas,skill/competence,cross-sector,0.7346,http://data.europa.eu/esco/skill/42fcf80d-7b45-40f3-bd2f-5411c4c0dfa0
UCSG,Universidad Católica de Santiago de Guayaquil (UCSG),SISTEMAS DE INFORMACIÓN,5,gestionar sistemas de instrumentación,skill/competence,cross-sector,0.7291,http://data.europa.eu/esco/skill/5d71a91f-cc72-4b66-b6e3-d75ecc05e235
UCSG,Universidad Católica de Santiago de Guayaquil (UCSG),SISTEMAS DE INFORMACIÓN,6,realizar gestión de clientes,skill/competence,cross-sector,0.7203,http://data.europa.eu/esco/skill/91306a20-9b81-4f3d-97eb-f5368b607da7
UCSG,Universidad Católica de Santiago de Guayaquil (UCSG),SISTEMAS DE INFORMACIÓN,7,"utilizar tecnologías digitales para compartir datos, información y contenido digitales",skill/competence,cross-sector,0.7196,http://data.europa.eu/esco/skill/40001d93-8937-4859-89d5-2dca53290ff4
UCSG,Universidad Católica de Santiago de Guayaquil (UCSG),SISTEMAS DE INFORMACIÓN,8,gestionar la identidad digital,skill/competence,cross-sector,0.719,http://data.europa.eu/esco/skill/bc0b0b5d-f6be-405a-b224-b6902a4dbe97
UCSG,Universidad Católica de Santiago de Guayaquil (UCSG),SISTEMAS DE INFORMACIÓN,9,resolver problemas técnicos,skill/competence,cross-sector,0.7187,http://data.europa.eu/esco/skill/14832d87-2f2f-4895-b290-e4760ebae42a
UCSG,Universidad Católica de Santiago de Guayaquil (UCSG),SISTEMAS DE INFORMACIÓN,10,Proponer soluciones tecnológicas a problemas empresariales,skill/competence,cross-sector,0.7166,http://data.europa.eu/esco/skill/07e51c60-763a-4335-b4ec-70a15f66d328
UCSG,Universidad Católica de Santiago de Guayaquil (UCSG),SISTEMAS DE INFORMACIÓN,11,asesorar a la clientela acerca de las posibilidades técnicas,skill/competence,cross-sector,0.7146,http://data.europa.eu/esco/skill/7b3abd38-61ae-42a4-88bb-0884784f9ee1
UCSG,Universidad Católica de Santiago de Guayaquil (UCSG),SISTEMAS DE INFORMACIÓN,12,gestionar varios proyectos,skill/competence,cross-sector,0.7143,http://data.europa.eu/esco/skill/c881ddd2-9c0e-4743-bd24-36be650493dd
UCSG,Universidad Católica de Santiago de Guayaquil (UCSG),SISTEMAS DE INFORMACIÓN,13,gestionar publicaciones abiertas,skill/competence,cross-sector,0.7126,http://data.europa.eu/esco/skill/da930e2f-6047-4616-a598-bba8ecef3039
UCSG,Universidad Católica de Santiago de Guayaquil (UCSG),SISTEMAS DE INFORMACIÓN,14,gestionar sistemas administrativos,skill/competence,cross-sector,0.7111,http://data.europa.eu/esco/skill/6ae8306a-4f9d-4410-ac82-6406f3cbd16a
UCSG,Universidad Católica de Santiago de Guayaquil (UCSG),SISTEMAS DE INFORMACIÓN,15,utilizar sistemas TCI,skill/competence,cross-sector,0.7093,http://data.europa.eu/esco/skill/31d35d3d-2bf2-49aa-9c20-92566ef80277
UCSG,Universidad Católica de Santiago de Guayaquil (UCSG),SISTEMAS DE INFORMACIÓN,16,gestionar proyectos de investigación y desarrollo,skill/competence,cross-sector,0.7066,http://data.europa.eu/esco/skill/d5dbc342-8e39-4998-8237-ebbe05a381ce
UCSG,Universidad Católica de Santiago de Guayaquil (UCSG),SISTEMAS DE INFORMACIÓN,17,desarrollar normas de información,skill/competence,cross-sector,0.7065,http://data.europa.eu/esco/skill/1b3fc0e0-c6f9-45fc-9c6e-14bbba662979
UCSG,Universidad Católica de Santiago de Guayaquil (UCSG),SISTEMAS DE INFORMACIÓN,18,administrar una página web,skill/competence,cross-sector,0.7055,http://data.europa.eu/esco/skill/d04ee340-5378-4601-8181-19da6d5cbfe0
UCSG,Universidad Católica de Santiago de Guayaquil (UCSG),SISTEMAS DE INFORMACIÓN,19,detectar y corregir errores de las tecnologías de la información y de las comunicaciones,skill/competence,cross-sector,0.7051,http://data.europa.eu/esco/skill/744442ac-c157-4350-8be0-ce454df4f5c5
UCSG,Universidad Católica de Santiago de Guayaquil (UCSG),SISTEMAS DE INFORMACIÓN,20,crear soluciones para problemas,skill/competence,cross-sector,0.7047,http://data.europa.eu/esco/skill/03b9b491-fc9b-4868-914a-bf7cd47b5041
UCSG,Universidad Católica de Santiago de Guayaquil (UCSG),SISTEMAS DE INFORMACIÓN,21,desarrollar estrategias de comunicación,skill/competence,cross-sector,0.7036,http://data.europa.eu/esco/skill/3c834f6e-523a-49ee-8ed1-e073e28ae6fe
UCSG,Universidad Católica de Santiago de Guayaquil (UCSG),SISTEMAS DE INFORMACIÓN,22,gestionar procesos de flujo de trabajo,skill/competence,cross-sector,0.7017,http://data.europa.eu/esco/skill/7add3681-17b6-4027-8a9d-ee92d2b96a42
UCSG,Universidad Católica de Santiago de Guayaquil (UCSG),SISTEMAS DE INFORMACIÓN,23,gestionar información en asistencia sanitaria,skill/competence,cross-sector,0.7014,http://data.europa.eu/esco/skill/6c3e28d6-e3cc-4b25-a5da-a0dce043cf17
UCSG,Universidad Católica de Santiago de Guayaquil (UCSG),SISTEMAS DE INFORMACIÓN,24,proporcionar soporte de TIC,skill/competence,cross-sector,0.7007,http://data.europa.eu/esco/skill/c2296e2e-5fef-4f24-a24f-e5b3792268be
UCSG,Universidad Católica de Santiago de Guayaquil (UCSG),SISTEMAS DE INFORMACIÓN,25,gestionar documentos digitales,skill/competence,cross-sector,0.7003,http://data.europa.eu/esco/skill/b769f524-0f25-44d7-8538-5c46710a040e
UCSG,Universidad Católica de Santiago de Guayaquil (UCSG),TELECOMUNICACIONES,1,desarrollar estrategias de comunicación,skill/competence,cross-sector,0.7664,http://data.europa.eu/esco/skill/3c834f6e-523a-49ee-8ed1-e073e28ae6fe
UCSG,Universidad Católica de Santiago de Guayaquil (UCSG),TELECOMUNICACIONES,2,coordinar comunicaciones remotas,skill/competence,cross-sector,0.7587,http://data.europa.eu/esco/skill/9bafaea2-76cd-4532-ab77-8b3d21fa6235
UCSG,Universidad Católica de Santiago de Guayaquil (UCSG),TELECOMUNICACIONES,3,gestionar proyectos de investigación y desarrollo,skill/competence,cross-sector,0.7473,http://data.europa.eu/esco/skill/d5dbc342-8e39-4998-8237-ebbe05a381ce
UCSG,Universidad Católica de Santiago de Guayaquil (UCSG),TELECOMUNICACIONES,4,sector de las telecomunicaciones,knowledge,cross-sector,0.7443,http://data.europa.eu/esco/skill/60b44dab-03f1-46de-be08-0e5ba8662b3d
UCSG,Universidad Católica de Santiago de Guayaquil (UCSG),TELECOMUNICACIONES,5,coordinar equipos de ingeniería,skill/competence,cross-sector,0.7387,http://data.europa.eu/esco/skill/7af6e9e8-1e11-4c0b-b7c6-ac96bbbbc674
UCSG,Universidad Católica de Santiago de Guayaquil (UCSG),TELECOMUNICACIONES,6,diseñar sistemas de control,skill/competence,cross-sector,0.7367,http://data.europa.eu/esco/skill/d560df46-dda4-4407-bab2-b87353a96814
UCSG,Universidad Católica de Santiago de Guayaquil (UCSG),TELECOMUNICACIONES,7,ingeniería de telecomunicaciones,knowledge,cross-sector,0.7365,http://data.europa.eu/esco/skill/14764a75-3104-4875-ba1d-57c059b9b013
UCSG,Universidad Católica de Santiago de Guayaquil (UCSG),TELECOMUNICACIONES,8,detectar y corregir errores de las tecnologías de la información y de las comunicaciones,skill/competence,cross-sector,0.7353,http://data.europa.eu/esco/skill/744442ac-c157-4350-8be0-ce454df4f5c5
UCSG,Universidad Católica de Santiago de Guayaquil (UCSG),TELECOMUNICACIONES,9,gestionar las comunicaciones visuales,skill/competence,cross-sector,0.7346,http://data.europa.eu/esco/skill/50b96d21-f2eb-4f35-a8d3-77eee15ef51f
UCSG,Universidad Católica de Santiago de Guayaquil (UCSG),TELECOMUNICACIONES,10,crear soluciones para problemas informativos,skill/competence,cross-sector,0.7331,http://data.europa.eu/esco/skill/4539aeca-b56f-4d03-ba86-8f675a7f2536
UCSG,Universidad Católica de Santiago de Guayaquil (UCSG),TELECOMUNICACIONES,11,controlar las tendencias en tecnología,skill/competence,cross-sector,0.7303,http://data.europa.eu/esco/skill/7a17d7ce-01a2-4746-bbcc-22ffe22fa16e
UCSG,Universidad Católica de Santiago de Guayaquil (UCSG),TELECOMUNICACIONES,12,elaborar las estrategias empresariales,skill/competence,cross-sector,0.7243,http://data.europa.eu/esco/skill/ba2c6181-b036-40b4-8f6d-51499463ccbb
UCSG,Universidad Católica de Santiago de Guayaquil (UCSG),TELECOMUNICACIONES,13,realizar gestión de clientes,skill/competence,cross-sector,0.7241,http://data.europa.eu/esco/skill/91306a20-9b81-4f3d-97eb-f5368b607da7
UCSG,Universidad Católica de Santiago de Guayaquil (UCSG),TELECOMUNICACIONES,14,instalar líneas de energía eléctrica,skill/competence,cross-sector,0.7219,http://data.europa.eu/esco/skill/0c627853-241e-405b-9044-aaff6bca133e
UCSG,Universidad Católica de Santiago de Guayaquil (UCSG),TELECOMUNICACIONES,15,asesorar a la clientela acerca de las posibilidades técnicas,skill/competence,cross-sector,0.7201,http://data.europa.eu/esco/skill/7b3abd38-61ae-42a4-88bb-0884784f9ee1
UCSG,Universidad Católica de Santiago de Guayaquil (UCSG),TELECOMUNICACIONES,16,asesorar sobre estrategias de comunicación,skill/competence,cross-sector,0.7151,http://data.europa.eu/esco/skill/69f36674-440a-4fa0-89f9-1b70172ebb9d
UCSG,Universidad Católica de Santiago de Guayaquil (UCSG),TELECOMUNICACIONES,17,gestionar canales de distribución,skill/competence,cross-sector,0.7151,http://data.europa.eu/esco/skill/5a5adfe3-5afe-4a24-b9a8-cee8481995e7
UCSG,Universidad Católica de Santiago de Guayaquil (UCSG),TELECOMUNICACIONES,18,resolver problemas de sistemas TIC,skill/competence,cross-sector,0.7142,http://data.europa.eu/esco/skill/9e06bac6-6b91-48ca-8b7d-c1f48cdecd7c
UCSG,Universidad Católica de Santiago de Guayaquil (UCSG),TELECOMUNICACIONES,19,coordinar actividades de planificación comercial,skill/competence,cross-sector,0.7141,http://data.europa.eu/esco/skill/90398aca-82b7-4f56-8e0f-814d949162b4
UCSG,Universidad Católica de Santiago de Guayaquil (UCSG),TELECOMUNICACIONES,20,gestionar los programas públicos,skill/competence,cross-sector,0.7134,http://data.europa.eu/esco/skill/0761f325-13e7-49f4-a41a-ec64ba4e7b9d
UCSG,Universidad Católica de Santiago de Guayaquil (UCSG),TELECOMUNICACIONES,21,diseñar sistemas microelectrónicos,skill/competence,cross-sector,0.7128,http://data.europa.eu/esco/skill/8712b176-c063-462f-9d0f-2e3c54d9a2eb
UCSG,Universidad Católica de Santiago de Guayaquil (UCSG),TELECOMUNICACIONES,22,gestionar sistemas de instrumentación,skill/competence,cross-sector,0.7128,http://data.europa.eu/esco/skill/5d71a91f-cc72-4b66-b6e3-d75ecc05e235
UCSG,Universidad Católica de Santiago de Guayaquil (UCSG),TELECOMUNICACIONES,23,diseñar sistemas de transporte,skill/competence,cross-sector,0.7127,http://data.europa.eu/esco/skill/11f364dd-0814-4398-b00e-10d1be8b27af
UCSG,Universidad Católica de Santiago de Guayaquil (UCSG),TELECOMUNICACIONES,24,aplicar políticas organizativas del sistema,skill/competence,cross-sector,0.7122,http://data.europa.eu/esco/skill/07e47d58-dd0e-4302-9e68-70a188e89065
UCSG,Universidad Católica de Santiago de Guayaquil (UCSG),TELECOMUNICACIONES,25,resolver problemas técnicos,skill/competence,cross-sector,0.7117,http://data.europa.eu/esco/skill/14832d87-2f2f-4895-b290-e4760ebae42a
PUCE,Pontificia Universidad Católica del Ecuador,ADMINISTRACIÓN DE EMPRESAS,1,gestionar empresas de producción,skill/competence,cross-sector,0.773,http://data.europa.eu/esco/skill/435d1751-8667-41ec-8b32-865b7cd3c684
PUCE,Pontificia Universidad Católica del Ecuador,ADMINISTRACIÓN DE EMPRESAS,2,gestionar recursos humanos,skill/competence,cross-sector,0.7678,http://data.europa.eu/esco/skill/339ac029-066a-4985-9f9d-b3d7c8fea0bb
PUCE,Pontificia Universidad Católica del Ecuador,ADMINISTRACIÓN DE EMPRESAS,3,elaborar las estrategias empresariales,skill/competence,cross-sector,0.764,http://data.europa.eu/esco/skill/ba2c6181-b036-40b4-8f6d-51499463ccbb
PUCE,Pontificia Universidad Católica del Ecuador,ADMINISTRACIÓN DE EMPRESAS,4,participar en las operaciones cotidianas de la empresa,skill/competence,cross-sector,0.7562,http://data.europa.eu/esco/skill/ce4cbc3a-bde0-43b4-9526-e643c4fe5b04
PUCE,Pontificia Universidad Católica del Ecuador,ADMINISTRACIÓN DE EMPRESAS,5,tener espíritu emprendedor,skill/competence,transversal,0.7503,http://data.europa.eu/esco/skill/bdcf429c-5ccf-4c3d-bb61-4c987573a35e
PUCE,Pontificia Universidad Católica del Ecuador,ADMINISTRACIÓN DE EMPRESAS,6,coordinar actividades de planificación comercial,skill/competence,cross-sector,0.7421,http://data.europa.eu/esco/skill/90398aca-82b7-4f56-8e0f-814d949162b4
PUCE,Pontificia Universidad Católica del Ecuador,ADMINISTRACIÓN DE EMPRESAS,7,desarrollar políticas de la organización,skill/competence,cross-sector,0.7363,http://data.europa.eu/esco/skill/3254275d-a1b5-4640-9481-02f38780ac35
PUCE,Pontificia Universidad Católica del Ecuador,ADMINISTRACIÓN DE EMPRESAS,8,guiar a los gestores de los diferentes departamentos de la empresa,skill/competence,cross-sector,0.7358,http://data.europa.eu/esco/skill/3e61ee41-2bd9-466f-b313-00ce04072410
PUCE,Pontificia Universidad Católica del Ecuador,ADMINISTRACIÓN DE EMPRESAS,9,formar equipos dentro de la empresa en base a las competencias,skill/competence,cross-sector,0.7317,http://data.europa.eu/esco/skill/f1155d3f-fbca-4298-a31c-f6955653bacf
PUCE,Pontificia Universidad Católica del Ecuador,ADMINISTRACIÓN DE EMPRESAS,10,gestionar proyectos,skill/competence,cross-sector,0.7286,http://data.europa.eu/esco/skill/cd5efa8c-e44d-4cbc-91c6-796018dbed68
PUCE,Pontificia Universidad Católica del Ecuador,ADMINISTRACIÓN DE EMPRESAS,11,gestionar varios proyectos,skill/competence,cross-sector,0.7276,http://data.europa.eu/esco/skill/c881ddd2-9c0e-4743-bd24-36be650493dd
PUCE,Pontificia Universidad Católica del Ecuador,ADMINISTRACIÓN DE EMPRESAS,12,desarrollar estrategias de comunicación,skill/competence,cross-sector,0.7263,http://data.europa.eu/esco/skill/3c834f6e-523a-49ee-8ed1-e073e28ae6fe
PUCE,Pontificia Universidad Católica del Ecuador,ADMINISTRACIÓN DE EMPRESAS,13,respetar las normas internas de una empresa,skill/competence,cross-sector,0.7212,http://data.europa.eu/esco/skill/f5f5b244-6cea-4fbc-8a50-8f712791bc09
PUCE,Pontificia Universidad Católica del Ecuador,ADMINISTRACIÓN DE EMPRESAS,14,liderar el proceso de planificación estratégica de la marca,skill/competence,cross-sector,0.7206,http://data.europa.eu/esco/skill/fb221711-05c3-4196-ba72-813ed5bd040e
PUCE,Pontificia Universidad Católica del Ecuador,ADMINISTRACIÓN DE EMPRESAS,15,gestionar los aspectos financieros de una empresa,skill/competence,cross-sector,0.7204,http://data.europa.eu/esco/skill/fa6acfc3-0a4f-4192-b77d-80e94d0faf2a
PUCE,Pontificia Universidad Católica del Ecuador,ADMINISTRACIÓN DE EMPRESAS,16,realizar diversas tareas organizativas en la empresa,skill/competence,cross-sector,0.7203,http://data.europa.eu/esco/skill/01755f08-4df4-4cf0-8d22-08f94cad68b5
PUCE,Pontificia Universidad Católica del Ecuador,ADMINISTRACIÓN DE EMPRESAS,17,mejorar procesos empresariales,skill/competence,cross-sector,0.7196,http://data.europa.eu/esco/skill/75b30aeb-34c0-40f4-b77d-271d75a98b14
PUCE,Pontificia Universidad Católica del Ecuador,ADMINISTRACIÓN DE EMPRESAS,18,coordinar esfuerzos ambientales,skill/competence,cross-sector,0.7192,http://data.europa.eu/esco/skill/bd70f004-e1d6-43f0-96f1-59c014a4ea01
PUCE,Pontificia Universidad Católica del Ecuador,ADMINISTRACIÓN DE EMPRESAS,19,elaborar políticas de economía,skill/competence,cross-sector,0.7158,http://data.europa.eu/esco/skill/8394fefb-f62a-48c0-a156-3117cefdb9b3
PUCE,Pontificia Universidad Católica del Ecuador,ADMINISTRACIÓN DE EMPRESAS,20,crear soluciones para problemas,skill/competence,cross-sector,0.7156,http://data.europa.eu/esco/skill/03b9b491-fc9b-4868-914a-bf7cd47b5041
PUCE,Pontificia Universidad Católica del Ecuador,ADMINISTRACIÓN DE EMPRESAS,21,liderar a otras personas,skill/competence,transversal,0.7155,http://data.europa.eu/esco/skill/75d8e5d9-bef3-418b-9011-01bff9f27207
PUCE,Pontificia Universidad Católica del Ecuador,ADMINISTRACIÓN DE EMPRESAS,22,gestionar recursos financieros y materiales,skill/competence,transversal,0.7151,http://data.europa.eu/esco/skill/1ddc021d-d818-4731-904f-842d7491f419
PUCE,Pontificia Universidad Católica del Ecuador,ADMINISTRACIÓN DE EMPRESAS,23,realizar gestión de clientes,skill/competence,cross-sector,0.7101,http://data.europa.eu/esco/skill/91306a20-9b81-4f3d-97eb-f5368b607da7
PUCE,Pontificia Universidad Católica del Ecuador,ADMINISTRACIÓN DE EMPRESAS,24,gestionar el impacto medioambiental de las operaciones,skill/competence,cross-sector,0.7101,http://data.europa.eu/esco/skill/d86babea-bf8b-4552-81a8-daf706066ad6
PUCE,Pontificia Universidad Católica del Ecuador,ADMINISTRACIÓN DE EMPRESAS,25,realizar una planificación estratégica,skill/competence,cross-sector,0.7085,http://data.europa.eu/esco/skill/f7b5d916-52f0-4865-b6a6-e1a3b711cb5e
PUCE,Pontificia Universidad Católica del Ecuador,CIENCIA DE DATOS E INTELIGENCIA ARTIFICIAL,1,ciencia de datos,knowledge,cross-sector,0.7079,http://data.europa.eu/esco/skill/edebd83d-35f6-4ed5-a940-6c203d178c01
PUCE,Pontificia Universidad Católica del Ecuador,CIENCIA DE DATOS E INTELIGENCIA ARTIFICIAL,2,analizar datos,skill/competence,cross-sector,0.6941,http://data.europa.eu/esco/skill/a571ae14-3e16-4fd3-a615-5646e0b0b696
PUCE,Pontificia Universidad Católica del Ecuador,CIENCIA DE DATOS E INTELIGENCIA ARTIFICIAL,3,crear soluciones para problemas informativos,skill/competence,cross-sector,0.6781,http://data.europa.eu/esco/skill/4539aeca-b56f-4d03-ba86-8f675a7f2536
PUCE,Pontificia Universidad Católica del Ecuador,CIENCIA DE DATOS E INTELIGENCIA ARTIFICIAL,4,interpretar información matemática,skill/competence,transversal,0.678,http://data.europa.eu/esco/skill/6fc6f757-6baa-49fe-9a82-6ba6a52f2e13
PUCE,Pontificia Universidad Católica del Ecuador,CIENCIA DE DATOS E INTELIGENCIA ARTIFICIAL,5,utilizar técnicas de tratamiento de datos,skill/competence,cross-sector,0.676,http://data.europa.eu/esco/skill/1b70a55d-b8a4-49fc-96c6-15ab4cff2522
PUCE,Pontificia Universidad Católica del Ecuador,CIENCIA DE DATOS E INTELIGENCIA ARTIFICIAL,6,gestionar datos cuantitativos,skill/competence,cross-sector,0.6748,http://data.europa.eu/esco/skill/57231a22-4da7-49c8-97b8-75672feadf1e
PUCE,Pontificia Universidad Católica del Ecuador,CIENCIA DE DATOS E INTELIGENCIA ARTIFICIAL,7,gestionar datos de investigación,skill/competence,cross-sector,0.6737,http://data.europa.eu/esco/skill/08b04e53-ed25-41a2-9f90-0b9cd939ba3d
PUCE,Pontificia Universidad Católica del Ecuador,CIENCIA DE DATOS E INTELIGENCIA ARTIFICIAL,8,elaborar software estadístico,skill/competence,cross-sector,0.6683,http://data.europa.eu/esco/skill/bb165899-d95f-4433-95f2-173fefd716d2
PUCE,Pontificia Universidad Católica del Ecuador,CIENCIA DE DATOS E INTELIGENCIA ARTIFICIAL,9,ejecutar cálculos matemáticos analíticos,skill/competence,cross-sector,0.6667,http://data.europa.eu/esco/skill/31c69100-b612-4a61-8db5-fd314318854c
PUCE,Pontificia Universidad Católica del Ecuador,CIENCIA DE DATOS E INTELIGENCIA ARTIFICIAL,10,analizar inteligencia de datos,skill/competence,cross-sector,0.6622,http://data.europa.eu/esco/skill/47a49cd6-097d-457a-9f7b-c290c14930d5
PUCE,Pontificia Universidad Católica del Ecuador,CIENCIA DE DATOS E INTELIGENCIA ARTIFICIAL,11,"gestionar datos, información y contenido digitales",skill/competence,cross-sector,0.662,http://data.europa.eu/esco/skill/4d97e3c3-f335-47cc-a4ee-0d779fd42222
PUCE,Pontificia Universidad Católica del Ecuador,CIENCIA DE DATOS E INTELIGENCIA ARTIFICIAL,12,analizar datos de la clientela,skill/competence,cross-sector,0.6598,http://data.europa.eu/esco/skill/d63f49de-cb72-4ce3-9553-a374a4f32f52
PUCE,Pontificia Universidad Católica del Ecuador,CIENCIA DE DATOS E INTELIGENCIA ARTIFICIAL,13,tomar decisiones basadas en datos,skill/competence,cross-sector,0.6592,http://data.europa.eu/esco/skill/be20d05c-f6b4-4580-9fcf-f00f4baab562
PUCE,Pontificia Universidad Católica del Ecuador,CIENCIA DE DATOS E INTELIGENCIA ARTIFICIAL,14,realizar un análisis de datos,skill/competence,cross-sector,0.658,http://data.europa.eu/esco/skill/2b92a5b2-6758-4ee3-9fb4-b6387a55cc8f
PUCE,Pontificia Universidad Católica del Ecuador,CIENCIA DE DATOS E INTELIGENCIA ARTIFICIAL,15,análisis de datos,knowledge,cross-sector,0.657,http://data.europa.eu/esco/skill/97bd1c21-66b2-4b7e-ad0f-e3cda590e378
PUCE,Pontificia Universidad Católica del Ecuador,CIENCIA DE DATOS E INTELIGENCIA ARTIFICIAL,16,predecir tendencias económicas,skill/competence,cross-sector,0.6548,http://data.europa.eu/esco/skill/f2a34d6b-131a-4b8f-a110-898b9c91d18f
PUCE,Pontificia Universidad Católica del Ecuador,CIENCIA DE DATOS E INTELIGENCIA ARTIFICIAL,17,interpretar datos actuales,skill/competence,cross-sector,0.6523,http://data.europa.eu/esco/skill/1e77e42a-181f-4b48-8e74-201ce50ffc29
PUCE,Pontificia Universidad Católica del Ecuador,CIENCIA DE DATOS E INTELIGENCIA ARTIFICIAL,18,realizar estudios de mercado,skill/competence,cross-sector,0.6522,http://data.europa.eu/esco/skill/fe39d4db-4cb5-4299-bb9f-896c8fd6ab13
PUCE,Pontificia Universidad Católica del Ecuador,CIENCIA DE DATOS E INTELIGENCIA ARTIFICIAL,19,realizar cálculos,skill/competence,transversal,0.6496,http://data.europa.eu/esco/skill/19ba11f3-9c99-41fd-a7c9-f77e6a026186
PUCE,Pontificia Universidad Católica del Ecuador,CIENCIA DE DATOS E INTELIGENCIA ARTIFICIAL,20,ingeniería de datos,knowledge,cross-sector,0.6493,http://data.europa.eu/esco/skill/48db96bf-3314-45c6-bad8-fdb6e20e5639
PUCE,Pontificia Universidad Católica del Ecuador,CIENCIA DE DATOS E INTELIGENCIA ARTIFICIAL,21,gestionar sistemas de instrumentación,skill/competence,cross-sector,0.6493,http://data.europa.eu/esco/skill/5d71a91f-cc72-4b66-b6e3-d75ecc05e235
PUCE,Pontificia Universidad Católica del Ecuador,CIENCIA DE DATOS E INTELIGENCIA ARTIFICIAL,22,analizar datos de carácter ecológico,skill/competence,cross-sector,0.6485,http://data.europa.eu/esco/skill/5354a726-ee64-4f34-90f8-8436f9f374b8
PUCE,Pontificia Universidad Católica del Ecuador,CIENCIA DE DATOS E INTELIGENCIA ARTIFICIAL,23,identificar requisitos del cliente,skill/competence,cross-sector,0.6473,http://data.europa.eu/esco/skill/0e0c9c11-b39e-43cf-ba95-2fe646f5de64
PUCE,Pontificia Universidad Católica del Ecuador,CIENCIA DE DATOS E INTELIGENCIA ARTIFICIAL,24,estudiar a los usuarios de los sitios web,skill/competence,cross-sector,0.6453,http://data.europa.eu/esco/skill/5e14de3d-d055-427e-9f5b-eb068f56b019
PUCE,Pontificia Universidad Católica del Ecuador,CIENCIA DE DATOS E INTELIGENCIA ARTIFICIAL,25,realizar gestión de clientes,skill/competence,cross-sector,0.6448,http://data.europa.eu/esco/skill/91306a20-9b81-4f3d-97eb-f5368b607da7
PUCE,Pontificia Universidad Católica del Ecuador,COMPUTACIÓN,1,asesorar a la clientela acerca de las posibilidades técnicas,skill/competence,cross-sector,0.7307,http://data.europa.eu/esco/skill/7b3abd38-61ae-42a4-88bb-0884784f9ee1
PUCE,Pontificia Universidad Católica del Ecuador,COMPUTACIÓN,2,gestionar proyectos de investigación y desarrollo,skill/competence,cross-sector,0.7286,http://data.europa.eu/esco/skill/d5dbc342-8e39-4998-8237-ebbe05a381ce
PUCE,Pontificia Universidad Católica del Ecuador,COMPUTACIÓN,3,resolver problemas técnicos,skill/competence,cross-sector,0.7277,http://data.europa.eu/esco/skill/14832d87-2f2f-4895-b290-e4760ebae42a
PUCE,Pontificia Universidad Católica del Ecuador,COMPUTACIÓN,4,resolver problemas,skill/competence,transversal,0.7247,http://data.europa.eu/esco/skill/adc6dc11-3376-467b-96c5-9b0a21edc869
PUCE,Pontificia Universidad Católica del Ecuador,COMPUTACIÓN,5,Proponer soluciones tecnológicas a problemas empresariales,skill/competence,cross-sector,0.7244,http://data.europa.eu/esco/skill/07e51c60-763a-4335-b4ec-70a15f66d328
PUCE,Pontificia Universidad Católica del Ecuador,COMPUTACIÓN,6,programación informática,knowledge,cross-sector,0.7239,http://data.europa.eu/esco/skill/21d2f96d-35f7-4e3f-9745-c533d2dd6e97
PUCE,Pontificia Universidad Católica del Ecuador,COMPUTACIÓN,7,gestionar varios proyectos,skill/competence,cross-sector,0.7221,http://data.europa.eu/esco/skill/c881ddd2-9c0e-4743-bd24-36be650493dd
PUCE,Pontificia Universidad Católica del Ecuador,COMPUTACIÓN,8,crear soluciones para problemas,skill/competence,cross-sector,0.722,http://data.europa.eu/esco/skill/03b9b491-fc9b-4868-914a-bf7cd47b5041
PUCE,Pontificia Universidad Católica del Ecuador,COMPUTACIÓN,9,diseñar sistemas de control,skill/competence,cross-sector,0.7218,http://data.europa.eu/esco/skill/d560df46-dda4-4407-bab2-b87353a96814
PUCE,Pontificia Universidad Católica del Ecuador,COMPUTACIÓN,10,elaborar software estadístico,skill/competence,cross-sector,0.7204,http://data.europa.eu/esco/skill/bb165899-d95f-4433-95f2-173fefd716d2
PUCE,Pontificia Universidad Católica del Ecuador,COMPUTACIÓN,11,desarrollar normas y procedimientos de fabricación,skill/competence,cross-sector,0.7199,http://data.europa.eu/esco/skill/764db027-9063-4468-acb3-c73ecfc76f35
PUCE,Pontificia Universidad Católica del Ecuador,COMPUTACIÓN,12,crear soluciones para problemas informativos,skill/competence,cross-sector,0.7157,http://data.europa.eu/esco/skill/4539aeca-b56f-4d03-ba86-8f675a7f2536
PUCE,Pontificia Universidad Católica del Ecuador,COMPUTACIÓN,13,diseñar edificios,skill/competence,cross-sector,0.7126,http://data.europa.eu/esco/skill/7c3cde53-9ff7-4e82-8396-13fdfadd3432
PUCE,Pontificia Universidad Católica del Ecuador,COMPUTACIÓN,14,proyecto,knowledge,cross-sector,0.7109,http://data.europa.eu/esco/skill/d1072655-88ce-4445-8803-e6273da273e7
PUCE,Pontificia Universidad Católica del Ecuador,COMPUTACIÓN,15,realizar gestión de clientes,skill/competence,cross-sector,0.7098,http://data.europa.eu/esco/skill/91306a20-9b81-4f3d-97eb-f5368b607da7
PUCE,Pontificia Universidad Católica del Ecuador,COMPUTACIÓN,16,diseñar sistemas microelectrónicos,skill/competence,cross-sector,0.7095,http://data.europa.eu/esco/skill/8712b176-c063-462f-9d0f-2e3c54d9a2eb
PUCE,Pontificia Universidad Católica del Ecuador,COMPUTACIÓN,17,desarrollar políticas de la organización,skill/competence,cross-sector,0.7092,http://data.europa.eu/esco/skill/3254275d-a1b5-4640-9481-02f38780ac35
PUCE,Pontificia Universidad Católica del Ecuador,COMPUTACIÓN,18,aplicar políticas organizativas del sistema,skill/competence,cross-sector,0.7091,http://data.europa.eu/esco/skill/07e47d58-dd0e-4302-9e68-70a188e89065
PUCE,Pontificia Universidad Católica del Ecuador,COMPUTACIÓN,19,resolver problemas de sistemas TIC,skill/competence,cross-sector,0.7085,http://data.europa.eu/esco/skill/9e06bac6-6b91-48ca-8b7d-c1f48cdecd7c
PUCE,Pontificia Universidad Católica del Ecuador,COMPUTACIÓN,20,traducir requisitos en un diseño visual,skill/competence,cross-sector,0.7084,http://data.europa.eu/esco/skill/2d6d4784-0992-48e7-b100-22d7229b3f0a
PUCE,Pontificia Universidad Católica del Ecuador,COMPUTACIÓN,21,diseñar procesos,skill/competence,cross-sector,0.7075,http://data.europa.eu/esco/skill/2c28fc20-8a60-4311-8899-5ef8729c05b3
PUCE,Pontificia Universidad Católica del Ecuador,COMPUTACIÓN,22,crear especificaciones de proyectos,skill/competence,cross-sector,0.7073,http://data.europa.eu/esco/skill/21fecc8a-392e-49ce-ac26-fb0696ccfead
PUCE,Pontificia Universidad Católica del Ecuador,COMPUTACIÓN,23,utilizar las tecnologías digitales con creatividad,skill/competence,cross-sector,0.7061,http://data.europa.eu/esco/skill/1a4cc54f-1e53-442b-a6d2-1682dc8ef8f9
PUCE,Pontificia Universidad Católica del Ecuador,COMPUTACIÓN,24,innovar las prácticas actuales,skill/competence,cross-sector,0.7058,http://data.europa.eu/esco/skill/f975091a-e5a5-4472-ac17-11680e53e98f
PUCE,Pontificia Universidad Católica del Ecuador,COMPUTACIÓN,25,gestionar los programas públicos,skill/competence,cross-sector,0.7053,http://data.europa.eu/esco/skill/0761f325-13e7-49f4-a41a-ec64ba4e7b9d
PUCE,Pontificia Universidad Católica del Ecuador,ECONOMÍA,1,elaborar políticas de economía,skill/competence,cross-sector,0.7695,http://data.europa.eu/esco/skill/8394fefb-f62a-48c0-a156-3117cefdb9b3
PUCE,Pontificia Universidad Católica del Ecuador,ECONOMÍA,2,analizar las tendencias económicas,skill/competence,cross-sector,0.7566,http://data.europa.eu/esco/skill/5f302d63-048e-451c-b150-97c124a5a26b
PUCE,Pontificia Universidad Católica del Ecuador,ECONOMÍA,3,predecir tendencias económicas,skill/competence,cross-sector,0.7478,http://data.europa.eu/esco/skill/f2a34d6b-131a-4b8f-a110-898b9c91d18f
PUCE,Pontificia Universidad Católica del Ecuador,ECONOMÍA,4,realizar estudios de mercado,skill/competence,cross-sector,0.7406,http://data.europa.eu/esco/skill/fe39d4db-4cb5-4299-bb9f-896c8fd6ab13
PUCE,Pontificia Universidad Católica del Ecuador,ECONOMÍA,5,realizar un análisis empresarial,skill/competence,cross-sector,0.7335,http://data.europa.eu/esco/skill/27ed854c-15b8-4ba2-90e9-ae888a219703
PUCE,Pontificia Universidad Católica del Ecuador,ECONOMÍA,6,tener en cuenta los criterios económicos en la toma de decisiones,skill/competence,cross-sector,0.7294,http://data.europa.eu/esco/skill/d41262ae-eca1-4ede-89a8-46d2d99a7a31
PUCE,Pontificia Universidad Católica del Ecuador,ECONOMÍA,7,asesorar sobre el desarrollo económico,skill/competence,cross-sector,0.7214,http://data.europa.eu/esco/skill/384ed14c-bf1f-4a65-aef6-6e711f43c4ce
PUCE,Pontificia Universidad Católica del Ecuador,ECONOMÍA,8,extraer las conclusiones de los resultados de un estudio de mercado,skill/competence,cross-sector,0.7139,http://data.europa.eu/esco/skill/46cb7282-7fb0-4d3c-b6b8-bfe81fab077e
PUCE,Pontificia Universidad Católica del Ecuador,ECONOMÍA,9,economía,knowledge,cross-sector,0.7132,http://data.europa.eu/esco/skill/88af9294-b697-4687-ae19-aefbb6234dfa
PUCE,Pontificia Universidad Católica del Ecuador,ECONOMÍA,10,analizar los factores externos a una empresa,skill/competence,cross-sector,0.7119,http://data.europa.eu/esco/skill/ce5b1446-b5e3-4f05-a5ac-83f2ee142a44
PUCE,Pontificia Universidad Católica del Ecuador,ECONOMÍA,11,analizar datos,skill/competence,cross-sector,0.7118,http://data.europa.eu/esco/skill/a571ae14-3e16-4fd3-a615-5646e0b0b696
PUCE,Pontificia Universidad Católica del Ecuador,ECONOMÍA,12,elaborar políticas fiscales,skill/competence,cross-sector,0.7099,http://data.europa.eu/esco/skill/9fa06999-9ba9-4d74-9b15-edfc788b55f7
PUCE,Pontificia Universidad Católica del Ecuador,ECONOMÍA,13,analizar tendencias en el mercado financiero,skill/competence,cross-sector,0.7095,http://data.europa.eu/esco/skill/292549e6-08ec-456c-b008-eba7a0a68428
PUCE,Pontificia Universidad Católica del Ecuador,ECONOMÍA,14,"llevar a cabo análisis de factores políticos, económicos, sociales, tecnológicos, ambientales y jurídicos",skill/competence,cross-sector,0.7084,http://data.europa.eu/esco/skill/9979e727-3104-42e0-8f41-4af2578111ea
PUCE,Pontificia Universidad Católica del Ecuador,ECONOMÍA,15,elaborar software estadístico,skill/competence,cross-sector,0.7058,http://data.europa.eu/esco/skill/bb165899-d95f-4433-95f2-173fefd716d2
PUCE,Pontificia Universidad Católica del Ecuador,ECONOMÍA,16,gestionar conocimientos para repercutir en las políticas,skill/competence,cross-sector,0.7026,http://data.europa.eu/esco/skill/4d39b27a-b34f-4c89-8d46-df844d42f728
PUCE,Pontificia Universidad Católica del Ecuador,ECONOMÍA,17,analizar datos científicos,skill/competence,cross-sector,0.7012,http://data.europa.eu/esco/skill/36ff57b0-637d-4a83-a0e8-d14f86f9f078
PUCE,Pontificia Universidad Católica del Ecuador,ECONOMÍA,18,realizar un análisis de las necesidades de los clientes,skill/competence,cross-sector,0.7009,http://data.europa.eu/esco/skill/31c83903-8fc8-4bd8-9ca4-7a98a9c31eae
PUCE,Pontificia Universidad Católica del Ecuador,ECONOMÍA,19,pensar de forma analítica,skill/competence,transversal,0.6997,http://data.europa.eu/esco/skill/4707da90-9cfc-46ca-8de0-38a0b7bfb137
PUCE,Pontificia Universidad Católica del Ecuador,ECONOMÍA,20,aplicar conocimientos de ciencias sociales y humanidades,skill/competence,transversal,0.6985,http://data.europa.eu/esco/skill/deb3c1bc-d48a-42e6-b0cc-cb238534ec28
PUCE,Pontificia Universidad Católica del Ecuador,ECONOMÍA,21,ciencias políticas,knowledge,cross-sector,0.6975,http://data.europa.eu/esco/skill/309bc48b-2899-4396-9242-efc26c0e1aee
PUCE,Pontificia Universidad Católica del Ecuador,ECONOMÍA,22,analizar las necesidades de una comunidad,skill/competence,cross-sector,0.697,http://data.europa.eu/esco/skill/fbe6232a-e2b2-4830-a5e6-ed6415f01e85
PUCE,Pontificia Universidad Católica del Ecuador,ECONOMÍA,23,utilizar analítica con fines comerciales,skill/competence,cross-sector,0.6967,http://data.europa.eu/esco/skill/683bc3e3-6ec1-4ad2-8d62-d0ac1fabbe76
PUCE,Pontificia Universidad Católica del Ecuador,ECONOMÍA,24,examinar el cumplimiento de las políticas públicas,skill/competence,cross-sector,0.6967,http://data.europa.eu/esco/skill/5aa90e70-f661-4c2d-aaa2-70ac38c1ace9
PUCE,Pontificia Universidad Católica del Ecuador,ECONOMÍA,25,analizar las tendencias del mercado de la energía,skill/competence,cross-sector,0.6962,http://data.europa.eu/esco/skill/28878fd9-9a17-452a-b3b8-5db5c63d7905
PUCE,Pontificia Universidad Católica del Ecuador,INGENIERÍA CIVIL,1,asesorar sobre temas de construcción,skill/competence,cross-sector,0.7277,http://data.europa.eu/esco/skill/3b64ab47-a874-403a-b781-7b23c2fc3c6c
PUCE,Pontificia Universidad Católica del Ecuador,INGENIERÍA CIVIL,2,examinar las infraestructuras civiles,skill/competence,cross-sector,0.723,http://data.europa.eu/esco/skill/d48b3cfe-80b6-406f-b582-d959b60417f8
PUCE,Pontificia Universidad Católica del Ecuador,INGENIERÍA CIVIL,3,supervisar un proyecto de construcción,skill/competence,cross-sector,0.7219,http://data.europa.eu/esco/skill/1de548e0-9535-4d2e-9d20-d4474c1ea813
PUCE,Pontificia Universidad Católica del Ecuador,INGENIERÍA CIVIL,4,garantizar el cumplimiento de los plazos de construcción,skill/competence,cross-sector,0.7193,http://data.europa.eu/esco/skill/6181f475-110c-497c-a46d-ed2e14e7bc90
PUCE,Pontificia Universidad Católica del Ecuador,INGENIERÍA CIVIL,5,vigilar el cumplimiento de los parámetros de los proyectos de construcción,skill/competence,cross-sector,0.7075,http://data.europa.eu/esco/skill/3dd3dfa7-51c0-40ef-af46-e2df300489f6
PUCE,Pontificia Universidad Católica del Ecuador,INGENIERÍA CIVIL,6,coordinar equipos de ingeniería,skill/competence,cross-sector,0.6998,http://data.europa.eu/esco/skill/7af6e9e8-1e11-4c0b-b7c6-ac96bbbbc674
PUCE,Pontificia Universidad Católica del Ecuador,INGENIERÍA CIVIL,7,diseñar sistemas de transporte,skill/competence,cross-sector,0.6986,http://data.europa.eu/esco/skill/11f364dd-0814-4398-b00e-10d1be8b27af
PUCE,Pontificia Universidad Católica del Ecuador,INGENIERÍA CIVIL,8,revisar proyectos de construcción,skill/competence,cross-sector,0.6894,http://data.europa.eu/esco/skill/ea9fc9d9-c602-4430-a7fc-edac7429a6a8
PUCE,Pontificia Universidad Católica del Ecuador,INGENIERÍA CIVIL,9,ingeniería civil,knowledge,cross-sector,0.6881,http://data.europa.eu/esco/skill/82887396-e5bf-4306-af51-3fe8d82790b2
PUCE,Pontificia Universidad Católica del Ecuador,INGENIERÍA CIVIL,10,diseñar edificios,skill/competence,cross-sector,0.6855,http://data.europa.eu/esco/skill/7c3cde53-9ff7-4e82-8396-13fdfadd3432
PUCE,Pontificia Universidad Católica del Ecuador,INGENIERÍA CIVIL,11,gestionar proyectos de ingeniería,skill/competence,cross-sector,0.6834,http://data.europa.eu/esco/skill/6a899482-8bcf-40ca-ae67-579a1cc467ab
PUCE,Pontificia Universidad Católica del Ecuador,INGENIERÍA CIVIL,12,supervisar obras de construcción,skill/competence,cross-sector,0.6818,http://data.europa.eu/esco/skill/fc1a75bb-70e3-4005-881f-7709bf7b0ed4
PUCE,Pontificia Universidad Católica del Ecuador,INGENIERÍA CIVIL,13,gestionar la instalación de estructuras para eventos,skill/competence,cross-sector,0.6814,http://data.europa.eu/esco/skill/0e503b48-5491-4529-879e-b112251f8d50
PUCE,Pontificia Universidad Católica del Ecuador,INGENIERÍA CIVIL,14,cumplir la normativa de construcción,skill/competence,cross-sector,0.6791,http://data.europa.eu/esco/skill/4ccf7d02-764c-4129-a1df-fa1dd2e12647
PUCE,Pontificia Universidad Católica del Ecuador,INGENIERÍA CIVIL,15,someter a auditorías a los contratistas,skill/competence,cross-sector,0.6773,http://data.europa.eu/esco/skill/0520d8ba-3c24-4f75-a8b0-f883ddeed82d
PUCE,Pontificia Universidad Católica del Ecuador,INGENIERÍA CIVIL,16,coordinar actividades de construcción,skill/competence,cross-sector,0.6772,http://data.europa.eu/esco/skill/fff5bc45-b506-4466-8977-4869079c1cb2
PUCE,Pontificia Universidad Católica del Ecuador,INGENIERÍA CIVIL,17,gestionar los programas públicos,skill/competence,cross-sector,0.6765,http://data.europa.eu/esco/skill/0761f325-13e7-49f4-a41a-ec64ba4e7b9d
PUCE,Pontificia Universidad Católica del Ecuador,INGENIERÍA CIVIL,18,supervisar el funcionamiento de los equipos,skill/competence,cross-sector,0.674,http://data.europa.eu/esco/skill/ca17f0df-59e4-4ed2-9360-fc5325bc7151
PUCE,Pontificia Universidad Católica del Ecuador,INGENIERÍA CIVIL,19,preparar documentos relativos al proyecto de construcción,skill/competence,cross-sector,0.6721,http://data.europa.eu/esco/skill/80274731-15ce-490a-8d5b-f55a36b976b0
PUCE,Pontificia Universidad Católica del Ecuador,INGENIERÍA CIVIL,20,gestionar contratos,skill/competence,cross-sector,0.6682,http://data.europa.eu/esco/skill/92721092-fe7c-4689-96bd-4f02385bc0e7
PUCE,Pontificia Universidad Católica del Ecuador,INGENIERÍA CIVIL,21,transportar mercancías peligrosas,skill/competence,cross-sector,0.6679,http://data.europa.eu/esco/skill/5b0d14b1-0bf6-4f6b-b922-4becc213f0aa
PUCE,Pontificia Universidad Católica del Ecuador,INGENIERÍA CIVIL,22,ingeniería del tráfico,knowledge,cross-sector,0.6664,http://data.europa.eu/esco/skill/dda26251-7331-41fd-871f-1106ca468189
PUCE,Pontificia Universidad Católica del Ecuador,INGENIERÍA CIVIL,23,elaborar las estrategias empresariales,skill/competence,cross-sector,0.6655,http://data.europa.eu/esco/skill/ba2c6181-b036-40b4-8f6d-51499463ccbb
PUCE,Pontificia Universidad Católica del Ecuador,INGENIERÍA CIVIL,24,supervisar la ejecución de políticas públicas,skill/competence,cross-sector,0.665,http://data.europa.eu/esco/skill/f78d5c04-a440-4068-90c2-fab03409a911
PUCE,Pontificia Universidad Católica del Ecuador,INGENIERÍA CIVIL,25,seguir las prioridades de gestión de la integridad de la línea de tuberías,skill/competence,cross-sector,0.6646,http://data.europa.eu/esco/skill/eb6b7a26-69ab-43f5-9ab4-d09f8904f8e0
PUCE,Pontificia Universidad Católica del Ecuador,MATEMÁTICA,1,interpretar información matemática,skill/competence,transversal,0.7789,http://data.europa.eu/esco/skill/6fc6f757-6baa-49fe-9a82-6ba6a52f2e13
PUCE,Pontificia Universidad Católica del Ecuador,MATEMÁTICA,2,realizar cálculos,skill/competence,transversal,0.7709,http://data.europa.eu/esco/skill/19ba11f3-9c99-41fd-a7c9-f77e6a026186
PUCE,Pontificia Universidad Católica del Ecuador,MATEMÁTICA,3,ejecutar cálculos matemáticos analíticos,skill/competence,cross-sector,0.7667,http://data.europa.eu/esco/skill/31c69100-b612-4a61-8db5-fd314318854c
PUCE,Pontificia Universidad Católica del Ecuador,MATEMÁTICA,4,comunicar información matemática,skill/competence,cross-sector,0.7619,http://data.europa.eu/esco/skill/a5826fe3-8df6-4fa8-adad-b7116864588f
PUCE,Pontificia Universidad Católica del Ecuador,MATEMÁTICA,5,enseñar en contextos académicos o profesionales,skill/competence,cross-sector,0.7478,http://data.europa.eu/esco/skill/4cd85845-f31c-4306-994d-e12d45114d83
PUCE,Pontificia Universidad Católica del Ecuador,MATEMÁTICA,6,aplicar competencias matemáticas,skill/competence,cross-sector,0.7298,http://data.europa.eu/esco/skill/5dd01a1e-7ba0-4b7f-a76c-ed811c12bfde
PUCE,Pontificia Universidad Católica del Ecuador,MATEMÁTICA,7,"aplicar conocimientos científicos, tecnológicos y de ingeniería",skill/competence,transversal,0.729,http://data.europa.eu/esco/skill/5c3ab99d-a3f1-4620-9602-d12d2151a03d
PUCE,Pontificia Universidad Católica del Ecuador,MATEMÁTICA,8,gestionar datos de investigación,skill/competence,cross-sector,0.7282,http://data.europa.eu/esco/skill/08b04e53-ed25-41a2-9f90-0b9cd939ba3d
PUCE,Pontificia Universidad Católica del Ecuador,MATEMÁTICA,9,prestar asistencia en investigaciones científicas,skill/competence,cross-sector,0.7264,http://data.europa.eu/esco/skill/d6179c4b-ff5a-4bbb-a3c8-e0acf0de1f56
PUCE,Pontificia Universidad Católica del Ecuador,MATEMÁTICA,10,redactar propuestas de investigación,skill/competence,cross-sector,0.7247,http://data.europa.eu/esco/skill/0ee7b0d6-db98-4785-9948-f2ef415d155a
PUCE,Pontificia Universidad Católica del Ecuador,MATEMÁTICA,11,matemáticas,knowledge,cross-sector,0.7209,http://data.europa.eu/esco/skill/4339176e-3acd-4f7f-a5d9-445bee3d23f2
PUCE,Pontificia Universidad Católica del Ecuador,MATEMÁTICA,12,enseñar ciencias políticas,skill/competence,cross-sector,0.7202,http://data.europa.eu/esco/skill/87fb4119-bbe1-46b0-8023-f24d7d74a6f2
PUCE,Pontificia Universidad Católica del Ecuador,MATEMÁTICA,13,analizar datos,skill/competence,cross-sector,0.7176,http://data.europa.eu/esco/skill/a571ae14-3e16-4fd3-a615-5646e0b0b696
PUCE,Pontificia Universidad Católica del Ecuador,MATEMÁTICA,14,modelación matemática,knowledge,cross-sector,0.7149,http://data.europa.eu/esco/skill/0760bfac-9a03-427a-ad84-ccd33a2f2ae8
PUCE,Pontificia Universidad Católica del Ecuador,MATEMÁTICA,15,llevar a cabo investigaciones científicas,skill/competence,cross-sector,0.7133,http://data.europa.eu/esco/skill/4fabca9a-7435-4f33-b1da-3cdb00340fdc
PUCE,Pontificia Universidad Católica del Ecuador,MATEMÁTICA,16,aplicar conocimientos de ciencias sociales y humanidades,skill/competence,transversal,0.7108,http://data.europa.eu/esco/skill/deb3c1bc-d48a-42e6-b0cc-cb238534ec28
PUCE,Pontificia Universidad Católica del Ecuador,MATEMÁTICA,17,enseñar lenguas,skill/competence,cross-sector,0.708,http://data.europa.eu/esco/skill/a9ead737-a7cd-4046-adea-1ff7326db09f
PUCE,Pontificia Universidad Católica del Ecuador,MATEMÁTICA,18,comunicar hallazgos científicos,skill/competence,cross-sector,0.708,http://data.europa.eu/esco/skill/ff64e9fc-36dd-4035-872a-83aa41dc1ad9
PUCE,Pontificia Universidad Católica del Ecuador,MATEMÁTICA,19,gestionar conocimientos para repercutir en las políticas,skill/competence,cross-sector,0.7078,http://data.europa.eu/esco/skill/4d39b27a-b34f-4c89-8d46-df844d42f728
PUCE,Pontificia Universidad Católica del Ecuador,MATEMÁTICA,20,gestionar sistemas de instrumentación,skill/competence,cross-sector,0.7064,http://data.europa.eu/esco/skill/5d71a91f-cc72-4b66-b6e3-d75ecc05e235
PUCE,Pontificia Universidad Católica del Ecuador,MATEMÁTICA,21,resolver problemas,skill/competence,transversal,0.7056,http://data.europa.eu/esco/skill/adc6dc11-3376-467b-96c5-9b0a21edc869
PUCE,Pontificia Universidad Católica del Ecuador,MATEMÁTICA,22,crear soluciones para problemas informativos,skill/competence,cross-sector,0.7044,http://data.europa.eu/esco/skill/4539aeca-b56f-4d03-ba86-8f675a7f2536
PUCE,Pontificia Universidad Católica del Ecuador,MATEMÁTICA,23,analizar datos científicos,skill/competence,cross-sector,0.7014,http://data.europa.eu/esco/skill/36ff57b0-637d-4a83-a0e8-d14f86f9f078
PUCE,Pontificia Universidad Católica del Ecuador,MATEMÁTICA,24,contactar con científicos,skill/competence,cross-sector,0.7002,http://data.europa.eu/esco/skill/3c6cd54b-e206-47a4-90c8-d19ff4523f34
PUCE,Pontificia Universidad Católica del Ecuador,MATEMÁTICA,25,utilizar modelos informáticos especializados para predecir el tiempo,skill/competence,cross-sector,0.6968,http://data.europa.eu/esco/skill/206f5738-e91f-4390-84a2-fcb864bc11b1
PUCE,Pontificia Universidad Católica del Ecuador,INGENIERÍA AMBIENTAL,1,gestionar el impacto medioambiental de las operaciones,skill/competence,cross-sector,0.8358,http://data.europa.eu/esco/skill/d86babea-bf8b-4552-81a8-daf706066ad6
PUCE,Pontificia Universidad Católica del Ecuador,INGENIERÍA AMBIENTAL,2,supervisar sistemas de gestión ambiental,skill/competence,cross-sector,0.8248,http://data.europa.eu/esco/skill/b13e0689-636d-42d0-86c3-df9d6f85a882
PUCE,Pontificia Universidad Católica del Ecuador,INGENIERÍA AMBIENTAL,3,evaluar el impacto ambiental,skill/competence,cross-sector,0.8165,http://data.europa.eu/esco/skill/e541c69c-ea80-4b17-87cb-4001d0b9d303
PUCE,Pontificia Universidad Católica del Ecuador,INGENIERÍA AMBIENTAL,4,gestionar impacto ambiental,skill/competence,cross-sector,0.7986,http://data.europa.eu/esco/skill/d3a8ef9c-8572-438c-91dc-010537070be3
PUCE,Pontificia Universidad Católica del Ecuador,INGENIERÍA AMBIENTAL,5,coordinar esfuerzos ambientales,skill/competence,cross-sector,0.7972,http://data.europa.eu/esco/skill/bd70f004-e1d6-43f0-96f1-59c014a4ea01
PUCE,Pontificia Universidad Católica del Ecuador,INGENIERÍA AMBIENTAL,6,asesorar sobre sistemas de gestión de riesgos ambientales,skill/competence,cross-sector,0.7971,http://data.europa.eu/esco/skill/a366bfc5-8d17-4792-a9f0-db0951528dda
PUCE,Pontificia Universidad Católica del Ecuador,INGENIERÍA AMBIENTAL,7,asesorar sobre políticas de gestión sostenible,skill/competence,cross-sector,0.7961,http://data.europa.eu/esco/skill/6742977a-aa00-4c8c-9861-898b0373907e
PUCE,Pontificia Universidad Católica del Ecuador,INGENIERÍA AMBIENTAL,8,realizar auditorías ambientales,skill/competence,cross-sector,0.7839,http://data.europa.eu/esco/skill/60ab2bf7-c812-4a88-86c0-7c81a9b2f77c
PUCE,Pontificia Universidad Católica del Ecuador,INGENIERÍA AMBIENTAL,9,informar sobre cuestiones ambientales,skill/competence,cross-sector,0.7715,http://data.europa.eu/esco/skill/f3cc52e3-a96c-4549-b841-6e41a846fa99
PUCE,Pontificia Universidad Católica del Ecuador,INGENIERÍA AMBIENTAL,10,aplicar medidas de protección del medioambiente,skill/competence,cross-sector,0.7696,http://data.europa.eu/esco/skill/f6d7ba88-5234-4994-944d-843ca453c923
PUCE,Pontificia Universidad Católica del Ecuador,INGENIERÍA AMBIENTAL,11,gestionar residuos,skill/competence,cross-sector,0.7661,http://data.europa.eu/esco/skill/73a9561d-112c-4d8a-9d5f-b2c11c5bbd5f
PUCE,Pontificia Universidad Católica del Ecuador,INGENIERÍA AMBIENTAL,12,asesorar sobre recuperación ambiental,skill/competence,cross-sector,0.7632,http://data.europa.eu/esco/skill/b422efe7-b151-4120-86ae-db11a48dd0fa
PUCE,Pontificia Universidad Católica del Ecuador,INGENIERÍA AMBIENTAL,13,elaborar una política medioambiental,skill/competence,cross-sector,0.7625,http://data.europa.eu/esco/skill/507e2b21-1285-47e9-bf09-0db794df1bf0
PUCE,Pontificia Universidad Católica del Ecuador,INGENIERÍA AMBIENTAL,14,garantizar el cumplimiento de la legislación ambiental,skill/competence,cross-sector,0.7616,http://data.europa.eu/esco/skill/089ee650-297e-4716-87d1-440743b70a0d
PUCE,Pontificia Universidad Católica del Ecuador,INGENIERÍA AMBIENTAL,15,política ambiental,knowledge,cross-sector,0.7476,http://data.europa.eu/esco/skill/081d7679-5070-4777-bece-a28c49f15636
PUCE,Pontificia Universidad Católica del Ecuador,INGENIERÍA AMBIENTAL,16,evaluar el impacto ambiental de yacimientos y zonas industriales,skill/competence,cross-sector,0.7473,http://data.europa.eu/esco/skill/f12f094b-492f-4e88-b36b-50b8e58b7500
PUCE,Pontificia Universidad Católica del Ecuador,INGENIERÍA AMBIENTAL,17,ingeniería ambiental,knowledge,cross-sector,0.7439,http://data.europa.eu/esco/skill/b1b118c4-3291-484e-b64d-6d51fd5da8b3
PUCE,Pontificia Universidad Católica del Ecuador,INGENIERÍA AMBIENTAL,18,desarrollar estrategias de recuperación ambiental,skill/competence,cross-sector,0.7388,http://data.europa.eu/esco/skill/e4ff825c-7376-4135-93cd-3892fd67b7c1
PUCE,Pontificia Universidad Católica del Ecuador,INGENIERÍA AMBIENTAL,19,asesorar sobre procedimientos de gestión de residuos,skill/competence,cross-sector,0.7367,http://data.europa.eu/esco/skill/f82b05a7-128b-4a72-a815-044ff6062f62
PUCE,Pontificia Universidad Católica del Ecuador,INGENIERÍA AMBIENTAL,20,garantizar el cumplimiento de las regulaciones legislativas sobre residuos,skill/competence,cross-sector,0.7339,http://data.europa.eu/esco/skill/27273605-2400-4392-a6d6-cc8161a2d445
PUCE,Pontificia Universidad Católica del Ecuador,INGENIERÍA AMBIENTAL,21,ocuparse del tratamiento de aguas residuales,skill/competence,cross-sector,0.7333,http://data.europa.eu/esco/skill/5206a9b8-8337-4f0b-ae00-163a2f55d8cf
PUCE,Pontificia Universidad Católica del Ecuador,INGENIERÍA AMBIENTAL,22,adoptar vías para reducir el impacto negativo del consumo,skill/competence,transversal,0.7332,http://data.europa.eu/esco/skill/4c3ab565-747c-4db3-8c47-79e8d6f98cf4
PUCE,Pontificia Universidad Católica del Ecuador,INGENIERÍA AMBIENTAL,23,evaluar el impacto ambiental de la conducta personal,skill/competence,transversal,0.7288,http://data.europa.eu/esco/skill/2aaad52d-599e-4e77-a681-bbc236825821
PUCE,Pontificia Universidad Católica del Ecuador,INGENIERÍA AMBIENTAL,24,impartir formación sobre cuestiones ambientales,skill/competence,cross-sector,0.7274,http://data.europa.eu/esco/skill/2cb27e30-2be7-4a09-9502-fdd2102c046b
PUCE,Pontificia Universidad Católica del Ecuador,INGENIERÍA AMBIENTAL,25,medir el desempeño de la empresa en términos de sostenibilidad,skill/competence,cross-sector,0.7226,http://data.europa.eu/esco/skill/d53eab76-e8ff-4e28-af26-7e012951c763
PUCE,Pontificia Universidad Católica del Ecuador,SISTEMAS DE INFORMACIÓN,1,"gestionar datos, información y contenido digitales",skill/competence,cross-sector,0.7453,http://data.europa.eu/esco/skill/4d97e3c3-f335-47cc-a4ee-0d779fd42222
PUCE,Pontificia Universidad Católica del Ecuador,SISTEMAS DE INFORMACIÓN,2,crear soluciones para problemas informativos,skill/competence,cross-sector,0.7432,http://data.europa.eu/esco/skill/4539aeca-b56f-4d03-ba86-8f675a7f2536
PUCE,Pontificia Universidad Católica del Ecuador,SISTEMAS DE INFORMACIÓN,3,resolver problemas de sistemas TIC,skill/competence,cross-sector,0.7407,http://data.europa.eu/esco/skill/9e06bac6-6b91-48ca-8b7d-c1f48cdecd7c
PUCE,Pontificia Universidad Católica del Ecuador,SISTEMAS DE INFORMACIÓN,4,detectar necesidades tecnológicas,skill/competence,cross-sector,0.7288,http://data.europa.eu/esco/skill/42fcf80d-7b45-40f3-bd2f-5411c4c0dfa0
PUCE,Pontificia Universidad Católica del Ecuador,SISTEMAS DE INFORMACIÓN,5,desarrollar normas de información,skill/competence,cross-sector,0.7286,http://data.europa.eu/esco/skill/1b3fc0e0-c6f9-45fc-9c6e-14bbba662979
PUCE,Pontificia Universidad Católica del Ecuador,SISTEMAS DE INFORMACIÓN,6,"utilizar tecnologías digitales para compartir datos, información y contenido digitales",skill/competence,cross-sector,0.7216,http://data.europa.eu/esco/skill/40001d93-8937-4859-89d5-2dca53290ff4
PUCE,Pontificia Universidad Católica del Ecuador,SISTEMAS DE INFORMACIÓN,7,gestionar la identidad digital,skill/competence,cross-sector,0.7189,http://data.europa.eu/esco/skill/bc0b0b5d-f6be-405a-b224-b6902a4dbe97
PUCE,Pontificia Universidad Católica del Ecuador,SISTEMAS DE INFORMACIÓN,8,realizar gestión de clientes,skill/competence,cross-sector,0.7168,http://data.europa.eu/esco/skill/91306a20-9b81-4f3d-97eb-f5368b607da7
PUCE,Pontificia Universidad Católica del Ecuador,SISTEMAS DE INFORMACIÓN,9,crear soluciones para problemas,skill/competence,cross-sector,0.7167,http://data.europa.eu/esco/skill/03b9b491-fc9b-4868-914a-bf7cd47b5041
PUCE,Pontificia Universidad Católica del Ecuador,SISTEMAS DE INFORMACIÓN,10,Proponer soluciones tecnológicas a problemas empresariales,skill/competence,cross-sector,0.7165,http://data.europa.eu/esco/skill/07e51c60-763a-4335-b4ec-70a15f66d328
PUCE,Pontificia Universidad Católica del Ecuador,SISTEMAS DE INFORMACIÓN,11,gestionar sistemas de instrumentación,skill/competence,cross-sector,0.7162,http://data.europa.eu/esco/skill/5d71a91f-cc72-4b66-b6e3-d75ecc05e235
PUCE,Pontificia Universidad Católica del Ecuador,SISTEMAS DE INFORMACIÓN,12,gestionar publicaciones abiertas,skill/competence,cross-sector,0.715,http://data.europa.eu/esco/skill/da930e2f-6047-4616-a598-bba8ecef3039
PUCE,Pontificia Universidad Católica del Ecuador,SISTEMAS DE INFORMACIÓN,13,gestionar varios proyectos,skill/competence,cross-sector,0.715,http://data.europa.eu/esco/skill/c881ddd2-9c0e-4743-bd24-36be650493dd
PUCE,Pontificia Universidad Católica del Ecuador,SISTEMAS DE INFORMACIÓN,14,gestionar proyectos de investigación y desarrollo,skill/competence,cross-sector,0.7137,http://data.europa.eu/esco/skill/d5dbc342-8e39-4998-8237-ebbe05a381ce
PUCE,Pontificia Universidad Católica del Ecuador,SISTEMAS DE INFORMACIÓN,15,resolver problemas técnicos,skill/competence,cross-sector,0.7103,http://data.europa.eu/esco/skill/14832d87-2f2f-4895-b290-e4760ebae42a
PUCE,Pontificia Universidad Católica del Ecuador,SISTEMAS DE INFORMACIÓN,16,asesorar a la clientela acerca de las posibilidades técnicas,skill/competence,cross-sector,0.7088,http://data.europa.eu/esco/skill/7b3abd38-61ae-42a4-88bb-0884784f9ee1
PUCE,Pontificia Universidad Católica del Ecuador,SISTEMAS DE INFORMACIÓN,17,detectar y corregir errores de las tecnologías de la información y de las comunicaciones,skill/competence,cross-sector,0.7067,http://data.europa.eu/esco/skill/744442ac-c157-4350-8be0-ce454df4f5c5
PUCE,Pontificia Universidad Católica del Ecuador,SISTEMAS DE INFORMACIÓN,18,utilizar las tecnologías digitales con creatividad,skill/competence,cross-sector,0.7052,http://data.europa.eu/esco/skill/1a4cc54f-1e53-442b-a6d2-1682dc8ef8f9
PUCE,Pontificia Universidad Católica del Ecuador,SISTEMAS DE INFORMACIÓN,19,coordinar equipos de ingeniería,skill/competence,cross-sector,0.7046,http://data.europa.eu/esco/skill/7af6e9e8-1e11-4c0b-b7c6-ac96bbbbc674
PUCE,Pontificia Universidad Católica del Ecuador,SISTEMAS DE INFORMACIÓN,20,utilizar sistemas TCI,skill/competence,cross-sector,0.7036,http://data.europa.eu/esco/skill/31d35d3d-2bf2-49aa-9c20-92566ef80277
PUCE,Pontificia Universidad Católica del Ecuador,SISTEMAS DE INFORMACIÓN,21,gestionar sistemas administrativos,skill/competence,cross-sector,0.7031,http://data.europa.eu/esco/skill/6ae8306a-4f9d-4410-ac82-6406f3cbd16a
PUCE,Pontificia Universidad Católica del Ecuador,SISTEMAS DE INFORMACIÓN,22,desarrollar políticas de la organización,skill/competence,cross-sector,0.7021,http://data.europa.eu/esco/skill/3254275d-a1b5-4640-9481-02f38780ac35
PUCE,Pontificia Universidad Católica del Ecuador,SISTEMAS DE INFORMACIÓN,23,proporcionar soporte de TIC,skill/competence,cross-sector,0.6987,http://data.europa.eu/esco/skill/c2296e2e-5fef-4f24-a24f-e5b3792268be
PUCE,Pontificia Universidad Católica del Ecuador,SISTEMAS DE INFORMACIÓN,24,desarrollar estrategias de comunicación,skill/competence,cross-sector,0.6985,http://data.europa.eu/esco/skill/3c834f6e-523a-49ee-8ed1-e073e28ae6fe
PUCE,Pontificia Universidad Católica del Ecuador,SISTEMAS DE INFORMACIÓN,25,gestionar datos de investigación,skill/competence,cross-sector,0.6971,http://data.europa.eu/esco/skill/08b04e53-ed25-41a2-9f90-0b9cd939ba3d
UTN,Universidad Técnica del Norte,ADMINISTRACIÓN DE EMPRESAS,1,gestionar empresas de producción,skill/competence,cross-sector,0.7804,http://data.europa.eu/esco/skill/435d1751-8667-41ec-8b32-865b7cd3c684
UTN,Universidad Técnica del Norte,ADMINISTRACIÓN DE EMPRESAS,2,elaborar las estrategias empresariales,skill/competence,cross-sector,0.7773,http://data.europa.eu/esco/skill/ba2c6181-b036-40b4-8f6d-51499463ccbb
UTN,Universidad Técnica del Norte,ADMINISTRACIÓN DE EMPRESAS,3,participar en las operaciones cotidianas de la empresa,skill/competence,cross-sector,0.7616,http://data.europa.eu/esco/skill/ce4cbc3a-bde0-43b4-9526-e643c4fe5b04
UTN,Universidad Técnica del Norte,ADMINISTRACIÓN DE EMPRESAS,4,gestionar recursos humanos,skill/competence,cross-sector,0.7558,http://data.europa.eu/esco/skill/339ac029-066a-4985-9f9d-b3d7c8fea0bb
UTN,Universidad Técnica del Norte,ADMINISTRACIÓN DE EMPRESAS,5,guiar a los gestores de los diferentes departamentos de la empresa,skill/competence,cross-sector,0.7555,http://data.europa.eu/esco/skill/3e61ee41-2bd9-466f-b313-00ce04072410
UTN,Universidad Técnica del Norte,ADMINISTRACIÓN DE EMPRESAS,6,mejorar procesos empresariales,skill/competence,cross-sector,0.7547,http://data.europa.eu/esco/skill/75b30aeb-34c0-40f4-b77d-271d75a98b14
UTN,Universidad Técnica del Norte,ADMINISTRACIÓN DE EMPRESAS,7,coordinar actividades de planificación comercial,skill/competence,cross-sector,0.7451,http://data.europa.eu/esco/skill/90398aca-82b7-4f56-8e0f-814d949162b4
UTN,Universidad Técnica del Norte,ADMINISTRACIÓN DE EMPRESAS,8,desarrollar estrategias de comunicación,skill/competence,cross-sector,0.7434,http://data.europa.eu/esco/skill/3c834f6e-523a-49ee-8ed1-e073e28ae6fe
UTN,Universidad Técnica del Norte,ADMINISTRACIÓN DE EMPRESAS,9,elaborar políticas de economía,skill/competence,cross-sector,0.7419,http://data.europa.eu/esco/skill/8394fefb-f62a-48c0-a156-3117cefdb9b3
UTN,Universidad Técnica del Norte,ADMINISTRACIÓN DE EMPRESAS,10,realizar diversas tareas organizativas en la empresa,skill/competence,cross-sector,0.7413,http://data.europa.eu/esco/skill/01755f08-4df4-4cf0-8d22-08f94cad68b5
UTN,Universidad Técnica del Norte,ADMINISTRACIÓN DE EMPRESAS,11,gestionar conocimientos empresariales,skill/competence,cross-sector,0.7399,http://data.europa.eu/esco/skill/41bf7ede-fc84-4a57-8c89-b548d11b0ba1
UTN,Universidad Técnica del Norte,ADMINISTRACIÓN DE EMPRESAS,12,tener espíritu emprendedor,skill/competence,transversal,0.7377,http://data.europa.eu/esco/skill/bdcf429c-5ccf-4c3d-bb61-4c987573a35e
UTN,Universidad Técnica del Norte,ADMINISTRACIÓN DE EMPRESAS,13,desarrollar políticas de la organización,skill/competence,cross-sector,0.7327,http://data.europa.eu/esco/skill/3254275d-a1b5-4640-9481-02f38780ac35
UTN,Universidad Técnica del Norte,ADMINISTRACIÓN DE EMPRESAS,14,coordinar las actividades operacionales,skill/competence,cross-sector,0.7326,http://data.europa.eu/esco/skill/afdb41dd-5dd5-4fbb-bf9e-e041422698b4
UTN,Universidad Técnica del Norte,ADMINISTRACIÓN DE EMPRESAS,15,gestionar recursos empresariales,skill/competence,cross-sector,0.7323,http://data.europa.eu/esco/skill/911e13ee-1eec-4243-88c8-3c08a3681a19
UTN,Universidad Técnica del Norte,ADMINISTRACIÓN DE EMPRESAS,16,ejercer la administración,skill/competence,cross-sector,0.7298,http://data.europa.eu/esco/skill/151174e2-2a27-4c1e-be68-6446278d34b7
UTN,Universidad Técnica del Norte,ADMINISTRACIÓN DE EMPRESAS,17,comunicarse con los jefes y directivos,skill/competence,cross-sector,0.7283,http://data.europa.eu/esco/skill/f14ff4b7-be1e-4b55-b39b-520005f8a97e
UTN,Universidad Técnica del Norte,ADMINISTRACIÓN DE EMPRESAS,18,realizar gestión de clientes,skill/competence,cross-sector,0.7278,http://data.europa.eu/esco/skill/91306a20-9b81-4f3d-97eb-f5368b607da7
UTN,Universidad Técnica del Norte,ADMINISTRACIÓN DE EMPRESAS,19,gestionar proyectos,skill/competence,cross-sector,0.7277,http://data.europa.eu/esco/skill/cd5efa8c-e44d-4cbc-91c6-796018dbed68
UTN,Universidad Técnica del Norte,ADMINISTRACIÓN DE EMPRESAS,20,transmitir planes de negocios a colaboradores,skill/competence,cross-sector,0.7259,http://data.europa.eu/esco/skill/a9c205ef-365a-4ae4-b905-cb48ba761ff0
UTN,Universidad Técnica del Norte,ADMINISTRACIÓN DE EMPRESAS,21,gestionar varios proyectos,skill/competence,cross-sector,0.7255,http://data.europa.eu/esco/skill/c881ddd2-9c0e-4743-bd24-36be650493dd
UTN,Universidad Técnica del Norte,ADMINISTRACIÓN DE EMPRESAS,22,informar sobre la gestión general de una empresa,skill/competence,cross-sector,0.7225,http://data.europa.eu/esco/skill/307ffd2d-8fb3-43ff-8ad8-4052382f8f83
UTN,Universidad Técnica del Norte,ADMINISTRACIÓN DE EMPRESAS,23,apoyar a los gestores y directivos,skill/competence,cross-sector,0.7213,http://data.europa.eu/esco/skill/4bd6e2ad-bf69-4198-b3ac-3baabd9da46e
UTN,Universidad Técnica del Norte,ADMINISTRACIÓN DE EMPRESAS,24,gestionar la experiencia de la clientela,skill/competence,cross-sector,0.721,http://data.europa.eu/esco/skill/4b95c7bb-5672-4e4a-88ea-ba96c12e8ca2
UTN,Universidad Técnica del Norte,ADMINISTRACIÓN DE EMPRESAS,25,controlar la producción,skill/competence,cross-sector,0.7191,http://data.europa.eu/esco/skill/feceacee-d425-4e73-821a-02dfb85084db
UTN,Universidad Técnica del Norte,AGROINDUSTRIA ALIMENTARIA,1,realizar el control de procesos en la industria de prendas de vestir,skill/competence,cross-sector,0.7785,http://data.europa.eu/esco/skill/58c080f9-71d5-429d-9476-bc9e742d460c
UTN,Universidad Técnica del Norte,AGROINDUSTRIA ALIMENTARIA,2,gestionar experimentos a gran escala para la fabricación de alimentos,skill/competence,cross-sector,0.7739,http://data.europa.eu/esco/skill/950c1106-4ea1-4fb7-a115-5dd5adcc1ea4
UTN,Universidad Técnica del Norte,AGROINDUSTRIA ALIMENTARIA,3,controlar la producción,skill/competence,cross-sector,0.7679,http://data.europa.eu/esco/skill/feceacee-d425-4e73-821a-02dfb85084db
UTN,Universidad Técnica del Norte,AGROINDUSTRIA ALIMENTARIA,4,supervisar el control de calidad,skill/competence,cross-sector,0.7663,http://data.europa.eu/esco/skill/5d34adde-0b78-42b4-9d3d-69e9388d8398
UTN,Universidad Técnica del Norte,AGROINDUSTRIA ALIMENTARIA,5,inspeccionar la calidad de los productos,skill/competence,cross-sector,0.7657,http://data.europa.eu/esco/skill/1a3660c2-011c-4e96-9b1d-529afc305428
UTN,Universidad Técnica del Norte,AGROINDUSTRIA ALIMENTARIA,6,impartir formación sobre cómo supervisar la gestión de la calidad,skill/competence,cross-sector,0.7562,http://data.europa.eu/esco/skill/09e7cd13-ea36-4694-afe5-f34373759392
UTN,Universidad Técnica del Norte,AGROINDUSTRIA ALIMENTARIA,7,asegurarse de que los productos cumplen los requisitos legales,skill/competence,cross-sector,0.7559,http://data.europa.eu/esco/skill/f453b1a6-c7db-4d9d-9ba3-47c45159bfe3
UTN,Universidad Técnica del Norte,AGROINDUSTRIA ALIMENTARIA,8,realizar análisis de control de calidad,skill/competence,cross-sector,0.7503,http://data.europa.eu/esco/skill/41a3240f-58ba-44e2-a688-edeb21ea5c16
UTN,Universidad Técnica del Norte,AGROINDUSTRIA ALIMENTARIA,9,aplicar análisis de peligros y puntos de control crítico,skill/competence,cross-sector,0.744,http://data.europa.eu/esco/skill/5ba1d5b9-3f8d-46ca-bf9f-2e9ca65d1350
UTN,Universidad Técnica del Norte,AGROINDUSTRIA ALIMENTARIA,10,seguir procedimientos higiénicos en el tratamiento de alimentos,skill/competence,cross-sector,0.7419,http://data.europa.eu/esco/skill/a34f4fd4-1aff-4941-82d5-542ac94f81c3
UTN,Universidad Técnica del Norte,AGROINDUSTRIA ALIMENTARIA,11,cuidar la presentación de los alimentos,skill/competence,cross-sector,0.7416,http://data.europa.eu/esco/skill/0eece926-f1a3-4b65-9b99-a35e4c0eb835
UTN,Universidad Técnica del Norte,AGROINDUSTRIA ALIMENTARIA,12,alimentar máquinas,skill/competence,cross-sector,0.7405,http://data.europa.eu/esco/skill/9ea652f6-accf-45bb-b9a8-590f06f7bd51
UTN,Universidad Técnica del Norte,AGROINDUSTRIA ALIMENTARIA,13,controlar el cumplimiento de normas de calidad de fabricación,skill/competence,cross-sector,0.74,http://data.europa.eu/esco/skill/3edfcb2b-2d0e-4673-87ce-f55c37eb5fca
UTN,Universidad Técnica del Norte,AGROINDUSTRIA ALIMENTARIA,14,planificar actividades de producción de plantas alimentarias,skill/competence,cross-sector,0.7355,http://data.europa.eu/esco/skill/de2db5d2-966c-4062-ad10-e37386c439e9
UTN,Universidad Técnica del Norte,AGROINDUSTRIA ALIMENTARIA,15,establecer directrices de fabricación,skill/competence,cross-sector,0.735,http://data.europa.eu/esco/skill/37520413-563e-4d99-a14c-1c6dca3cf833
UTN,Universidad Técnica del Norte,AGROINDUSTRIA ALIMENTARIA,16,gestionar los suministros,skill/competence,cross-sector,0.7346,http://data.europa.eu/esco/skill/020b3c27-bae1-4b85-9d6f-eccee0f5ed99
UTN,Universidad Técnica del Norte,AGROINDUSTRIA ALIMENTARIA,17,establecer normas para plantas de producción,skill/competence,cross-sector,0.7341,http://data.europa.eu/esco/skill/d154e48f-95b4-4ce6-907e-4a44d50129fe
UTN,Universidad Técnica del Norte,AGROINDUSTRIA ALIMENTARIA,18,supervisar la producción de la fábrica,skill/competence,cross-sector,0.731,http://data.europa.eu/esco/skill/c09dce1b-e198-487e-b63f-934e10a4c181
UTN,Universidad Técnica del Norte,AGROINDUSTRIA ALIMENTARIA,19,gestionar empresas de producción,skill/competence,cross-sector,0.7304,http://data.europa.eu/esco/skill/435d1751-8667-41ec-8b32-865b7cd3c684
UTN,Universidad Técnica del Norte,AGROINDUSTRIA ALIMENTARIA,20,gestionar los ensayos de productos,skill/competence,cross-sector,0.7303,http://data.europa.eu/esco/skill/b7a03115-41c9-4167-a0b6-7e40cf0fd607
UTN,Universidad Técnica del Norte,AGROINDUSTRIA ALIMENTARIA,21,controlar las operaciones de las máquinas,skill/competence,cross-sector,0.7244,http://data.europa.eu/esco/skill/188048ff-18bf-43c4-a1a0-7adb6e68f421
UTN,Universidad Técnica del Norte,AGROINDUSTRIA ALIMENTARIA,22,desarrollar programas de seguridad alimentaria,skill/competence,cross-sector,0.7225,http://data.europa.eu/esco/skill/47bff4b6-0152-46e0-b20a-48cc78e4ba46
UTN,Universidad Técnica del Norte,AGROINDUSTRIA ALIMENTARIA,23,integrar productos nuevos en la cadena de fabricación,skill/competence,cross-sector,0.7216,http://data.europa.eu/esco/skill/8a753714-9a19-4418-9b37-77e79d72c705
UTN,Universidad Técnica del Norte,AGROINDUSTRIA ALIMENTARIA,24,realizar análisis fisicoquímicos en materiales alimentarios,skill/competence,cross-sector,0.7214,http://data.europa.eu/esco/skill/8ff67760-40b6-43fe-a6c5-6f1949fd0f0a
UTN,Universidad Técnica del Norte,AGROINDUSTRIA ALIMENTARIA,25,supervisar la logística de productos terminados,skill/competence,cross-sector,0.7202,http://data.europa.eu/esco/skill/40f27736-0d98-4446-8234-11646e4f4bc3
UTN,Universidad Técnica del Norte,COMPUTACIÓN,1,Proponer soluciones tecnológicas a problemas empresariales,skill/competence,cross-sector,0.7285,http://data.europa.eu/esco/skill/07e51c60-763a-4335-b4ec-70a15f66d328
UTN,Universidad Técnica del Norte,COMPUTACIÓN,2,resolver problemas técnicos,skill/competence,cross-sector,0.7259,http://data.europa.eu/esco/skill/14832d87-2f2f-4895-b290-e4760ebae42a
UTN,Universidad Técnica del Norte,COMPUTACIÓN,3,asesorar a la clientela acerca de las posibilidades técnicas,skill/competence,cross-sector,0.7206,http://data.europa.eu/esco/skill/7b3abd38-61ae-42a4-88bb-0884784f9ee1
UTN,Universidad Técnica del Norte,COMPUTACIÓN,4,resolver problemas de sistemas TIC,skill/competence,cross-sector,0.7206,http://data.europa.eu/esco/skill/9e06bac6-6b91-48ca-8b7d-c1f48cdecd7c
UTN,Universidad Técnica del Norte,COMPUTACIÓN,5,aplicar políticas organizativas del sistema,skill/competence,cross-sector,0.7152,http://data.europa.eu/esco/skill/07e47d58-dd0e-4302-9e68-70a188e89065
UTN,Universidad Técnica del Norte,COMPUTACIÓN,6,crear soluciones para problemas,skill/competence,cross-sector,0.715,http://data.europa.eu/esco/skill/03b9b491-fc9b-4868-914a-bf7cd47b5041
UTN,Universidad Técnica del Norte,COMPUTACIÓN,7,crear soluciones para problemas informativos,skill/competence,cross-sector,0.7112,http://data.europa.eu/esco/skill/4539aeca-b56f-4d03-ba86-8f675a7f2536
UTN,Universidad Técnica del Norte,COMPUTACIÓN,8,proporcionar documentación para el usuario,skill/competence,cross-sector,0.7109,http://data.europa.eu/esco/skill/385479b7-5da5-4367-9763-0d15b41bb65b
UTN,Universidad Técnica del Norte,COMPUTACIÓN,9,resolver problemas,skill/competence,transversal,0.7108,http://data.europa.eu/esco/skill/adc6dc11-3376-467b-96c5-9b0a21edc869
UTN,Universidad Técnica del Norte,COMPUTACIÓN,10,gestionar proyectos de investigación y desarrollo,skill/competence,cross-sector,0.7085,http://data.europa.eu/esco/skill/d5dbc342-8e39-4998-8237-ebbe05a381ce
UTN,Universidad Técnica del Norte,COMPUTACIÓN,11,diseñar sistemas de control,skill/competence,cross-sector,0.7062,http://data.europa.eu/esco/skill/d560df46-dda4-4407-bab2-b87353a96814
UTN,Universidad Técnica del Norte,COMPUTACIÓN,12,realizar gestión de clientes,skill/competence,cross-sector,0.7049,http://data.europa.eu/esco/skill/91306a20-9b81-4f3d-97eb-f5368b607da7
UTN,Universidad Técnica del Norte,COMPUTACIÓN,13,elaborar software estadístico,skill/competence,cross-sector,0.7047,http://data.europa.eu/esco/skill/bb165899-d95f-4433-95f2-173fefd716d2
UTN,Universidad Técnica del Norte,COMPUTACIÓN,14,desarrollar normas y procedimientos de fabricación,skill/competence,cross-sector,0.7041,http://data.europa.eu/esco/skill/764db027-9063-4468-acb3-c73ecfc76f35
UTN,Universidad Técnica del Norte,COMPUTACIÓN,15,gestionar los programas públicos,skill/competence,cross-sector,0.7035,http://data.europa.eu/esco/skill/0761f325-13e7-49f4-a41a-ec64ba4e7b9d
UTN,Universidad Técnica del Norte,COMPUTACIÓN,16,programación informática,knowledge,cross-sector,0.7022,http://data.europa.eu/esco/skill/21d2f96d-35f7-4e3f-9745-c533d2dd6e97
UTN,Universidad Técnica del Norte,COMPUTACIÓN,17,desarrollar procedimientos de prueba,skill/competence,cross-sector,0.7016,http://data.europa.eu/esco/skill/f10142ce-d522-49c3-9fd1-054fb63529d4
UTN,Universidad Técnica del Norte,COMPUTACIÓN,18,detectar necesidades tecnológicas,skill/competence,cross-sector,0.7014,http://data.europa.eu/esco/skill/42fcf80d-7b45-40f3-bd2f-5411c4c0dfa0
UTN,Universidad Técnica del Norte,COMPUTACIÓN,19,proporcionar soporte de TIC,skill/competence,cross-sector,0.7004,http://data.europa.eu/esco/skill/c2296e2e-5fef-4f24-a24f-e5b3792268be
UTN,Universidad Técnica del Norte,COMPUTACIÓN,20,"gestionar datos, información y contenido digitales",skill/competence,cross-sector,0.7001,http://data.europa.eu/esco/skill/4d97e3c3-f335-47cc-a4ee-0d779fd42222
UTN,Universidad Técnica del Norte,COMPUTACIÓN,21,desarrollar procedimientos de prueba electrónica,skill/competence,cross-sector,0.7001,http://data.europa.eu/esco/skill/0de6bca4-f3aa-452a-8e10-d355b2c1bfc4
UTN,Universidad Técnica del Norte,COMPUTACIÓN,22,detectar y corregir errores de las tecnologías de la información y de las comunicaciones,skill/competence,cross-sector,0.6986,http://data.europa.eu/esco/skill/744442ac-c157-4350-8be0-ce454df4f5c5
UTN,Universidad Técnica del Norte,COMPUTACIÓN,23,diseñar sistemas microelectrónicos,skill/competence,cross-sector,0.6982,http://data.europa.eu/esco/skill/8712b176-c063-462f-9d0f-2e3c54d9a2eb
UTN,Universidad Técnica del Norte,COMPUTACIÓN,24,identificar requisitos del cliente,skill/competence,cross-sector,0.6974,http://data.europa.eu/esco/skill/0e0c9c11-b39e-43cf-ba95-2fe646f5de64
UTN,Universidad Técnica del Norte,COMPUTACIÓN,25,desarrollar políticas de la organización,skill/competence,cross-sector,0.6963,http://data.europa.eu/esco/skill/3254275d-a1b5-4640-9481-02f38780ac35
UTN,Universidad Técnica del Norte,ELECTRÓNICA Y AUTOMATIZACIÓN,1,diseñar sistemas de control,skill/competence,cross-sector,0.8029,http://data.europa.eu/esco/skill/d560df46-dda4-4407-bab2-b87353a96814
UTN,Universidad Técnica del Norte,ELECTRÓNICA Y AUTOMATIZACIÓN,2,desarrollar procedimientos de prueba electrónica,skill/competence,cross-sector,0.7806,http://data.europa.eu/esco/skill/0de6bca4-f3aa-452a-8e10-d355b2c1bfc4
UTN,Universidad Técnica del Norte,ELECTRÓNICA Y AUTOMATIZACIÓN,3,diseñar componentes de automatización,skill/competence,cross-sector,0.7586,http://data.europa.eu/esco/skill/f96f5aa5-6ed7-40dc-a431-68b0a09d6d4b
UTN,Universidad Técnica del Norte,ELECTRÓNICA Y AUTOMATIZACIÓN,4,desarrollar sistemas de instrumentación,skill/competence,cross-sector,0.7561,http://data.europa.eu/esco/skill/d8c19849-f4cf-458d-90cd-abe735a729bf
UTN,Universidad Técnica del Norte,ELECTRÓNICA Y AUTOMATIZACIÓN,5,gestionar sistemas de instrumentación,skill/competence,cross-sector,0.7535,http://data.europa.eu/esco/skill/5d71a91f-cc72-4b66-b6e3-d75ecc05e235
UTN,Universidad Técnica del Norte,ELECTRÓNICA Y AUTOMATIZACIÓN,6,operar sistemas de control informatizados,skill/competence,cross-sector,0.7523,http://data.europa.eu/esco/skill/b916d60e-38e9-4241-914a-4e2144bda711
UTN,Universidad Técnica del Norte,ELECTRÓNICA Y AUTOMATIZACIÓN,7,desarrollar normas y procedimientos de fabricación,skill/competence,cross-sector,0.7495,http://data.europa.eu/esco/skill/764db027-9063-4468-acb3-c73ecfc76f35
UTN,Universidad Técnica del Norte,ELECTRÓNICA Y AUTOMATIZACIÓN,8,supervisar el funcionamiento de los equipos,skill/competence,cross-sector,0.7431,http://data.europa.eu/esco/skill/ca17f0df-59e4-4ed2-9360-fc5325bc7151
UTN,Universidad Técnica del Norte,ELECTRÓNICA Y AUTOMATIZACIÓN,9,establecer directrices de fabricación,skill/competence,cross-sector,0.743,http://data.europa.eu/esco/skill/37520413-563e-4d99-a14c-1c6dca3cf833
UTN,Universidad Técnica del Norte,ELECTRÓNICA Y AUTOMATIZACIÓN,10,diseñar sistemas microelectrónicos,skill/competence,cross-sector,0.737,http://data.europa.eu/esco/skill/8712b176-c063-462f-9d0f-2e3c54d9a2eb
UTN,Universidad Técnica del Norte,ELECTRÓNICA Y AUTOMATIZACIÓN,11,montar equipos de instrumentación,skill/competence,cross-sector,0.7324,http://data.europa.eu/esco/skill/af0b1937-7538-434f-871b-7e8f72e04117
UTN,Universidad Técnica del Norte,ELECTRÓNICA Y AUTOMATIZACIÓN,12,controlar las tendencias en tecnología,skill/competence,cross-sector,0.7321,http://data.europa.eu/esco/skill/7a17d7ce-01a2-4746-bbcc-22ffe22fa16e
UTN,Universidad Técnica del Norte,ELECTRÓNICA Y AUTOMATIZACIÓN,13,electrónica,knowledge,cross-sector,0.7305,http://data.europa.eu/esco/skill/95c35c3a-035f-47c2-90cf-7e934d20fc08
UTN,Universidad Técnica del Norte,ELECTRÓNICA Y AUTOMATIZACIÓN,14,gestionar proyectos de investigación y desarrollo,skill/competence,cross-sector,0.7272,http://data.europa.eu/esco/skill/d5dbc342-8e39-4998-8237-ebbe05a381ce
UTN,Universidad Técnica del Norte,ELECTRÓNICA Y AUTOMATIZACIÓN,15,asegurarse de que los productos cumplen los requisitos legales,skill/competence,cross-sector,0.7221,http://data.europa.eu/esco/skill/f453b1a6-c7db-4d9d-9ba3-47c45159bfe3
UTN,Universidad Técnica del Norte,ELECTRÓNICA Y AUTOMATIZACIÓN,16,desarrollar procedimientos de prueba,skill/competence,cross-sector,0.7217,http://data.europa.eu/esco/skill/f10142ce-d522-49c3-9fd1-054fb63529d4
UTN,Universidad Técnica del Norte,ELECTRÓNICA Y AUTOMATIZACIÓN,17,coordinar equipos de ingeniería,skill/competence,cross-sector,0.7144,http://data.europa.eu/esco/skill/7af6e9e8-1e11-4c0b-b7c6-ac96bbbbc674
UTN,Universidad Técnica del Norte,ELECTRÓNICA Y AUTOMATIZACIÓN,18,mantener equipos electrónicos,skill/competence,cross-sector,0.7139,http://data.europa.eu/esco/skill/ba45db8f-34e8-4f29-af0b-e6645e1d693f
UTN,Universidad Técnica del Norte,ELECTRÓNICA Y AUTOMATIZACIÓN,19,mantener sistemas electrónicos,skill/competence,cross-sector,0.7137,http://data.europa.eu/esco/skill/89bb44dc-9f4c-400b-86cd-dcd0bd599a58
UTN,Universidad Técnica del Norte,ELECTRÓNICA Y AUTOMATIZACIÓN,20,garantizar la seguridad de las operaciones en sistemas de suministro de energía eléctrica,skill/competence,cross-sector,0.7136,http://data.europa.eu/esco/skill/2b76cbbf-eddc-4a12-a120-f4ea370820a5
UTN,Universidad Técnica del Norte,ELECTRÓNICA Y AUTOMATIZACIÓN,21,diseñar sistemas eléctricos,skill/competence,cross-sector,0.7113,http://data.europa.eu/esco/skill/05010f6c-0b40-4525-ac4a-057d46a2b6f4
UTN,Universidad Técnica del Norte,ELECTRÓNICA Y AUTOMATIZACIÓN,22,asistir a usuarios de instrumentos eléctricos,skill/competence,cross-sector,0.7112,http://data.europa.eu/esco/skill/520f01d1-91a9-44cb-a3e6-b803e18f439c
UTN,Universidad Técnica del Norte,ELECTRÓNICA Y AUTOMATIZACIÓN,23,realizar el control de procesos en la industria de prendas de vestir,skill/competence,cross-sector,0.7095,http://data.europa.eu/esco/skill/58c080f9-71d5-429d-9476-bc9e742d460c
UTN,Universidad Técnica del Norte,ELECTRÓNICA Y AUTOMATIZACIÓN,24,evaluar las necesidades energéticas,skill/competence,cross-sector,0.7076,http://data.europa.eu/esco/skill/36fccad9-1d20-4104-bcc2-a8ea9d1ce5ea
UTN,Universidad Técnica del Norte,ELECTRÓNICA Y AUTOMATIZACIÓN,25,actuar de enlace con los ingenieros,skill/competence,cross-sector,0.7072,http://data.europa.eu/esco/skill/c5c51528-ccfc-4c53-b409-c200aaa44222
UTN,Universidad Técnica del Norte,INGENIERÍA CIVIL,1,supervisar un proyecto de construcción,skill/competence,cross-sector,0.7339,http://data.europa.eu/esco/skill/1de548e0-9535-4d2e-9d20-d4474c1ea813
UTN,Universidad Técnica del Norte,INGENIERÍA CIVIL,2,asesorar sobre temas de construcción,skill/competence,cross-sector,0.7318,http://data.europa.eu/esco/skill/3b64ab47-a874-403a-b781-7b23c2fc3c6c
UTN,Universidad Técnica del Norte,INGENIERÍA CIVIL,3,garantizar el cumplimiento de los plazos de construcción,skill/competence,cross-sector,0.7296,http://data.europa.eu/esco/skill/6181f475-110c-497c-a46d-ed2e14e7bc90
UTN,Universidad Técnica del Norte,INGENIERÍA CIVIL,4,vigilar el cumplimiento de los parámetros de los proyectos de construcción,skill/competence,cross-sector,0.7187,http://data.europa.eu/esco/skill/3dd3dfa7-51c0-40ef-af46-e2df300489f6
UTN,Universidad Técnica del Norte,INGENIERÍA CIVIL,5,examinar las infraestructuras civiles,skill/competence,cross-sector,0.717,http://data.europa.eu/esco/skill/d48b3cfe-80b6-406f-b582-d959b60417f8
UTN,Universidad Técnica del Norte,INGENIERÍA CIVIL,6,diseñar sistemas de transporte,skill/competence,cross-sector,0.7104,http://data.europa.eu/esco/skill/11f364dd-0814-4398-b00e-10d1be8b27af
UTN,Universidad Técnica del Norte,INGENIERÍA CIVIL,7,revisar proyectos de construcción,skill/competence,cross-sector,0.7058,http://data.europa.eu/esco/skill/ea9fc9d9-c602-4430-a7fc-edac7429a6a8
UTN,Universidad Técnica del Norte,INGENIERÍA CIVIL,8,coordinar equipos de ingeniería,skill/competence,cross-sector,0.7011,http://data.europa.eu/esco/skill/7af6e9e8-1e11-4c0b-b7c6-ac96bbbbc674
UTN,Universidad Técnica del Norte,INGENIERÍA CIVIL,9,gestionar los programas públicos,skill/competence,cross-sector,0.6946,http://data.europa.eu/esco/skill/0761f325-13e7-49f4-a41a-ec64ba4e7b9d
UTN,Universidad Técnica del Norte,INGENIERÍA CIVIL,10,diseñar edificios,skill/competence,cross-sector,0.694,http://data.europa.eu/esco/skill/7c3cde53-9ff7-4e82-8396-13fdfadd3432
UTN,Universidad Técnica del Norte,INGENIERÍA CIVIL,11,supervisar obras de construcción,skill/competence,cross-sector,0.6906,http://data.europa.eu/esco/skill/fc1a75bb-70e3-4005-881f-7709bf7b0ed4
UTN,Universidad Técnica del Norte,INGENIERÍA CIVIL,12,gestionar proyectos de ingeniería,skill/competence,cross-sector,0.6875,http://data.europa.eu/esco/skill/6a899482-8bcf-40ca-ae67-579a1cc467ab
UTN,Universidad Técnica del Norte,INGENIERÍA CIVIL,13,gestionar la instalación de estructuras para eventos,skill/competence,cross-sector,0.6866,http://data.europa.eu/esco/skill/0e503b48-5491-4529-879e-b112251f8d50
UTN,Universidad Técnica del Norte,INGENIERÍA CIVIL,14,coordinar actividades de construcción,skill/competence,cross-sector,0.6846,http://data.europa.eu/esco/skill/fff5bc45-b506-4466-8977-4869079c1cb2
UTN,Universidad Técnica del Norte,INGENIERÍA CIVIL,15,gestionar varios proyectos,skill/competence,cross-sector,0.6813,http://data.europa.eu/esco/skill/c881ddd2-9c0e-4743-bd24-36be650493dd
UTN,Universidad Técnica del Norte,INGENIERÍA CIVIL,16,preparar documentos relativos al proyecto de construcción,skill/competence,cross-sector,0.6811,http://data.europa.eu/esco/skill/80274731-15ce-490a-8d5b-f55a36b976b0
UTN,Universidad Técnica del Norte,INGENIERÍA CIVIL,17,someter a auditorías a los contratistas,skill/competence,cross-sector,0.6797,http://data.europa.eu/esco/skill/0520d8ba-3c24-4f75-a8b0-f883ddeed82d
UTN,Universidad Técnica del Norte,INGENIERÍA CIVIL,18,supervisar el funcionamiento de los equipos,skill/competence,cross-sector,0.6796,http://data.europa.eu/esco/skill/ca17f0df-59e4-4ed2-9360-fc5325bc7151
UTN,Universidad Técnica del Norte,INGENIERÍA CIVIL,19,cumplir la normativa de construcción,skill/competence,cross-sector,0.6772,http://data.europa.eu/esco/skill/4ccf7d02-764c-4129-a1df-fa1dd2e12647
UTN,Universidad Técnica del Norte,INGENIERÍA CIVIL,20,ingeniería civil,knowledge,cross-sector,0.6744,http://data.europa.eu/esco/skill/82887396-e5bf-4306-af51-3fe8d82790b2
UTN,Universidad Técnica del Norte,INGENIERÍA CIVIL,21,gestionar contratos,skill/competence,cross-sector,0.6744,http://data.europa.eu/esco/skill/92721092-fe7c-4689-96bd-4f02385bc0e7
UTN,Universidad Técnica del Norte,INGENIERÍA CIVIL,22,supervisar la ejecución de políticas públicas,skill/competence,cross-sector,0.674,http://data.europa.eu/esco/skill/f78d5c04-a440-4068-90c2-fab03409a911
UTN,Universidad Técnica del Norte,INGENIERÍA CIVIL,23,supervisar vehículos que transportan mercancías peligrosas,skill/competence,cross-sector,0.673,http://data.europa.eu/esco/skill/61484ab7-e5da-4fc1-82bd-72c3fa6ffab3
UTN,Universidad Técnica del Norte,INGENIERÍA CIVIL,24,llevar a cabo las actividades de un proyecto,skill/competence,cross-sector,0.6702,http://data.europa.eu/esco/skill/1fcce318-3212-487a-ac07-4941bc85060d
UTN,Universidad Técnica del Norte,INGENIERÍA CIVIL,25,gestionar empresas de producción,skill/competence,cross-sector,0.6687,http://data.europa.eu/esco/skill/435d1751-8667-41ec-8b32-865b7cd3c684
UTN,Universidad Técnica del Norte,MECATRÓNICA,1,mecatrónica,knowledge,cross-sector,0.7942,http://data.europa.eu/esco/skill/d88cb3f1-8e02-4618-bf32-4b0488066934
UTN,Universidad Técnica del Norte,MECATRÓNICA,2,diseñar componentes de automatización,skill/competence,cross-sector,0.7937,http://data.europa.eu/esco/skill/f96f5aa5-6ed7-40dc-a431-68b0a09d6d4b
UTN,Universidad Técnica del Norte,MECATRÓNICA,3,desarrollar sistemas de instrumentación,skill/competence,cross-sector,0.7631,http://data.europa.eu/esco/skill/d8c19849-f4cf-458d-90cd-abe735a729bf
UTN,Universidad Técnica del Norte,MECATRÓNICA,4,diseñar sistemas de control,skill/competence,cross-sector,0.7586,http://data.europa.eu/esco/skill/d560df46-dda4-4407-bab2-b87353a96814
UTN,Universidad Técnica del Norte,MECATRÓNICA,5,robótica,knowledge,cross-sector,0.7392,http://data.europa.eu/esco/skill/e87ec79a-c9ff-46f5-84fa-7a0f394cdf40
UTN,Universidad Técnica del Norte,MECATRÓNICA,6,gestionar sistemas de instrumentación,skill/competence,cross-sector,0.7389,http://data.europa.eu/esco/skill/5d71a91f-cc72-4b66-b6e3-d75ecc05e235
UTN,Universidad Técnica del Norte,MECATRÓNICA,7,diseñar sistemas electromecánicos,skill/competence,cross-sector,0.7368,http://data.europa.eu/esco/skill/c5422318-3218-4ce9-9bdd-f38b93ff63a3
UTN,Universidad Técnica del Norte,MECATRÓNICA,8,montar equipos de instrumentación,skill/competence,cross-sector,0.7269,http://data.europa.eu/esco/skill/af0b1937-7538-434f-871b-7e8f72e04117
UTN,Universidad Técnica del Norte,MECATRÓNICA,9,diseñar circuitos integrados,skill/competence,cross-sector,0.7258,http://data.europa.eu/esco/skill/6d12ac9b-5ec0-49b9-bd70-5a19352585cb
UTN,Universidad Técnica del Norte,MECATRÓNICA,10,diseñar sistemas microelectrónicos,skill/competence,cross-sector,0.7238,http://data.europa.eu/esco/skill/8712b176-c063-462f-9d0f-2e3c54d9a2eb
UTN,Universidad Técnica del Norte,MECATRÓNICA,11,desarrollar procedimientos de prueba electrónica,skill/competence,cross-sector,0.7226,http://data.europa.eu/esco/skill/0de6bca4-f3aa-452a-8e10-d355b2c1bfc4
UTN,Universidad Técnica del Norte,MECATRÓNICA,12,realizar investigaciones de laboratorio,skill/competence,cross-sector,0.7207,http://data.europa.eu/esco/skill/9e8863fc-e8de-4df1-9bc6-3d5dd85b8070
UTN,Universidad Técnica del Norte,MECATRÓNICA,13,diseñar componentes de ingeniería,skill/competence,cross-sector,0.7203,http://data.europa.eu/esco/skill/87434439-c07d-48be-af34-b0cdd03121c4
UTN,Universidad Técnica del Norte,MECATRÓNICA,14,desarrollar procedimientos de prueba,skill/competence,cross-sector,0.714,http://data.europa.eu/esco/skill/f10142ce-d522-49c3-9fd1-054fb63529d4
UTN,Universidad Técnica del Norte,MECATRÓNICA,15,operar sistemas de control informatizados,skill/competence,cross-sector,0.7094,http://data.europa.eu/esco/skill/b916d60e-38e9-4241-914a-4e2144bda711
UTN,Universidad Técnica del Norte,MECATRÓNICA,16,desarrollar nuevas técnicas de soldadura,skill/competence,cross-sector,0.7086,http://data.europa.eu/esco/skill/d73a88a6-6325-4c2b-887c-5d598580afad
UTN,Universidad Técnica del Norte,MECATRÓNICA,17,desarrollar procedimientos de ensayo de materiales,skill/competence,cross-sector,0.7044,http://data.europa.eu/esco/skill/658b6ea0-79f5-451d-a037-7593a4416c85
UTN,Universidad Técnica del Norte,MECATRÓNICA,18,desarrollar normas y procedimientos de fabricación,skill/competence,cross-sector,0.7041,http://data.europa.eu/esco/skill/764db027-9063-4468-acb3-c73ecfc76f35
UTN,Universidad Técnica del Norte,MECATRÓNICA,19,electromecánica,knowledge,cross-sector,0.7027,http://data.europa.eu/esco/skill/2bbdea06-a265-42b5-bb4f-7241b661f069
UTN,Universidad Técnica del Norte,MECATRÓNICA,20,realizar trabajos técnicos difíciles,skill/competence,cross-sector,0.7004,http://data.europa.eu/esco/skill/2d780738-9b34-40a3-adbb-590001f6ff86
UTN,Universidad Técnica del Norte,MECATRÓNICA,21,diseñar sistemas eléctricos,skill/competence,cross-sector,0.7004,http://data.europa.eu/esco/skill/05010f6c-0b40-4525-ac4a-057d46a2b6f4
UTN,Universidad Técnica del Norte,MECATRÓNICA,22,integrar productos nuevos en la cadena de fabricación,skill/competence,cross-sector,0.6981,http://data.europa.eu/esco/skill/8a753714-9a19-4418-9b37-77e79d72c705
UTN,Universidad Técnica del Norte,MECATRÓNICA,23,diseñar sistemas microelectromecánicos,skill/competence,cross-sector,0.6979,http://data.europa.eu/esco/skill/c022ff1b-7783-4e64-89ef-0422c81ff51f
UTN,Universidad Técnica del Norte,MECATRÓNICA,24,aplicar métodos de producción avanzados,skill/competence,cross-sector,0.697,http://data.europa.eu/esco/skill/4f0e579d-ca7b-427c-ace6-9e2de3eb19c7
UTN,Universidad Técnica del Norte,MECATRÓNICA,25,programar sistemas de control de máquinas,skill/competence,cross-sector,0.6969,http://data.europa.eu/esco/skill/a1a032e1-4b7a-4603-8516-43d83707ffac
UTN,Universidad Técnica del Norte,SISTEMAS DE INFORMACIÓN,1,"gestionar datos, información y contenido digitales",skill/competence,cross-sector,0.7553,http://data.europa.eu/esco/skill/4d97e3c3-f335-47cc-a4ee-0d779fd42222
UTN,Universidad Técnica del Norte,SISTEMAS DE INFORMACIÓN,2,crear soluciones para problemas informativos,skill/competence,cross-sector,0.7399,http://data.europa.eu/esco/skill/4539aeca-b56f-4d03-ba86-8f675a7f2536
UTN,Universidad Técnica del Norte,SISTEMAS DE INFORMACIÓN,3,"utilizar tecnologías digitales para compartir datos, información y contenido digitales",skill/competence,cross-sector,0.7346,http://data.europa.eu/esco/skill/40001d93-8937-4859-89d5-2dca53290ff4
UTN,Universidad Técnica del Norte,SISTEMAS DE INFORMACIÓN,4,resolver problemas de sistemas TIC,skill/competence,cross-sector,0.7308,http://data.europa.eu/esco/skill/9e06bac6-6b91-48ca-8b7d-c1f48cdecd7c
UTN,Universidad Técnica del Norte,SISTEMAS DE INFORMACIÓN,5,gestionar sistemas de instrumentación,skill/competence,cross-sector,0.7295,http://data.europa.eu/esco/skill/5d71a91f-cc72-4b66-b6e3-d75ecc05e235
UTN,Universidad Técnica del Norte,SISTEMAS DE INFORMACIÓN,6,detectar necesidades tecnológicas,skill/competence,cross-sector,0.7288,http://data.europa.eu/esco/skill/42fcf80d-7b45-40f3-bd2f-5411c4c0dfa0
UTN,Universidad Técnica del Norte,SISTEMAS DE INFORMACIÓN,7,gestionar la identidad digital,skill/competence,cross-sector,0.7233,http://data.europa.eu/esco/skill/bc0b0b5d-f6be-405a-b224-b6902a4dbe97
UTN,Universidad Técnica del Norte,SISTEMAS DE INFORMACIÓN,8,desarrollar normas de información,skill/competence,cross-sector,0.7221,http://data.europa.eu/esco/skill/1b3fc0e0-c6f9-45fc-9c6e-14bbba662979
UTN,Universidad Técnica del Norte,SISTEMAS DE INFORMACIÓN,9,gestionar proyectos de investigación y desarrollo,skill/competence,cross-sector,0.7198,http://data.europa.eu/esco/skill/d5dbc342-8e39-4998-8237-ebbe05a381ce
UTN,Universidad Técnica del Norte,SISTEMAS DE INFORMACIÓN,10,crear soluciones para problemas,skill/competence,cross-sector,0.7181,http://data.europa.eu/esco/skill/03b9b491-fc9b-4868-914a-bf7cd47b5041
UTN,Universidad Técnica del Norte,SISTEMAS DE INFORMACIÓN,11,utilizar las tecnologías digitales con creatividad,skill/competence,cross-sector,0.7179,http://data.europa.eu/esco/skill/1a4cc54f-1e53-442b-a6d2-1682dc8ef8f9
UTN,Universidad Técnica del Norte,SISTEMAS DE INFORMACIÓN,12,realizar gestión de clientes,skill/competence,cross-sector,0.7164,http://data.europa.eu/esco/skill/91306a20-9b81-4f3d-97eb-f5368b607da7
UTN,Universidad Técnica del Norte,SISTEMAS DE INFORMACIÓN,13,resolver problemas técnicos,skill/competence,cross-sector,0.7163,http://data.europa.eu/esco/skill/14832d87-2f2f-4895-b290-e4760ebae42a
UTN,Universidad Técnica del Norte,SISTEMAS DE INFORMACIÓN,14,Proponer soluciones tecnológicas a problemas empresariales,skill/competence,cross-sector,0.7145,http://data.europa.eu/esco/skill/07e51c60-763a-4335-b4ec-70a15f66d328
UTN,Universidad Técnica del Norte,SISTEMAS DE INFORMACIÓN,15,gestionar varios proyectos,skill/competence,cross-sector,0.7116,http://data.europa.eu/esco/skill/c881ddd2-9c0e-4743-bd24-36be650493dd
UTN,Universidad Técnica del Norte,SISTEMAS DE INFORMACIÓN,16,gestionar documentos digitales,skill/competence,cross-sector,0.7058,http://data.europa.eu/esco/skill/b769f524-0f25-44d7-8538-5c46710a040e
UTN,Universidad Técnica del Norte,SISTEMAS DE INFORMACIÓN,17,gestionar publicaciones abiertas,skill/competence,cross-sector,0.7056,http://data.europa.eu/esco/skill/da930e2f-6047-4616-a598-bba8ecef3039
UTN,Universidad Técnica del Norte,SISTEMAS DE INFORMACIÓN,18,gestionar sistemas administrativos,skill/competence,cross-sector,0.7052,http://data.europa.eu/esco/skill/6ae8306a-4f9d-4410-ac82-6406f3cbd16a
UTN,Universidad Técnica del Norte,SISTEMAS DE INFORMACIÓN,19,asesorar a la clientela acerca de las posibilidades técnicas,skill/competence,cross-sector,0.704,http://data.europa.eu/esco/skill/7b3abd38-61ae-42a4-88bb-0884784f9ee1
UTN,Universidad Técnica del Norte,SISTEMAS DE INFORMACIÓN,20,desarrollar estrategias de comunicación,skill/competence,cross-sector,0.7027,http://data.europa.eu/esco/skill/3c834f6e-523a-49ee-8ed1-e073e28ae6fe
UTN,Universidad Técnica del Norte,SISTEMAS DE INFORMACIÓN,21,desarrollar políticas de la organización,skill/competence,cross-sector,0.7005,http://data.europa.eu/esco/skill/3254275d-a1b5-4640-9481-02f38780ac35
UTN,Universidad Técnica del Norte,SISTEMAS DE INFORMACIÓN,22,administrar una página web,skill/competence,cross-sector,0.6996,http://data.europa.eu/esco/skill/d04ee340-5378-4601-8181-19da6d5cbfe0
UTN,Universidad Técnica del Norte,SISTEMAS DE INFORMACIÓN,23,gestionar procesos de flujo de trabajo,skill/competence,cross-sector,0.6993,http://data.europa.eu/esco/skill/7add3681-17b6-4027-8a9d-ee92d2b96a42
UTN,Universidad Técnica del Norte,SISTEMAS DE INFORMACIÓN,24,detectar y corregir errores de las tecnologías de la información y de las comunicaciones,skill/competence,cross-sector,0.6979,http://data.europa.eu/esco/skill/744442ac-c157-4350-8be0-ce454df4f5c5
UTN,Universidad Técnica del Norte,SISTEMAS DE INFORMACIÓN,25,utilizar sistemas TCI,skill/competence,cross-sector,0.697,http://data.europa.eu/esco/skill/31d35d3d-2bf2-49aa-9c20-92566ef80277
UTN,Universidad Técnica del Norte,TELECOMUNICACIONES,1,desarrollar estrategias de comunicación,skill/competence,cross-sector,0.7596,http://data.europa.eu/esco/skill/3c834f6e-523a-49ee-8ed1-e073e28ae6fe
UTN,Universidad Técnica del Norte,TELECOMUNICACIONES,2,coordinar comunicaciones remotas,skill/competence,cross-sector,0.7412,http://data.europa.eu/esco/skill/9bafaea2-76cd-4532-ab77-8b3d21fa6235
UTN,Universidad Técnica del Norte,TELECOMUNICACIONES,3,detectar y corregir errores de las tecnologías de la información y de las comunicaciones,skill/competence,cross-sector,0.7318,http://data.europa.eu/esco/skill/744442ac-c157-4350-8be0-ce454df4f5c5
UTN,Universidad Técnica del Norte,TELECOMUNICACIONES,4,sector de las telecomunicaciones,knowledge,cross-sector,0.7273,http://data.europa.eu/esco/skill/60b44dab-03f1-46de-be08-0e5ba8662b3d
UTN,Universidad Técnica del Norte,TELECOMUNICACIONES,5,crear soluciones para problemas informativos,skill/competence,cross-sector,0.7249,http://data.europa.eu/esco/skill/4539aeca-b56f-4d03-ba86-8f675a7f2536
UTN,Universidad Técnica del Norte,TELECOMUNICACIONES,6,asesorar sobre estrategias de comunicación,skill/competence,cross-sector,0.7158,http://data.europa.eu/esco/skill/69f36674-440a-4fa0-89f9-1b70172ebb9d
UTN,Universidad Técnica del Norte,TELECOMUNICACIONES,7,gestionar proyectos de investigación y desarrollo,skill/competence,cross-sector,0.7149,http://data.europa.eu/esco/skill/d5dbc342-8e39-4998-8237-ebbe05a381ce
UTN,Universidad Técnica del Norte,TELECOMUNICACIONES,8,"utilizar tecnologías digitales para compartir datos, información y contenido digitales",skill/competence,cross-sector,0.7111,http://data.europa.eu/esco/skill/40001d93-8937-4859-89d5-2dca53290ff4
UTN,Universidad Técnica del Norte,TELECOMUNICACIONES,9,crear una red profesional con investigadores y científicos,skill/competence,cross-sector,0.7097,http://data.europa.eu/esco/skill/cc61f9e5-d4fc-470e-8606-1ce865ff8386
UTN,Universidad Técnica del Norte,TELECOMUNICACIONES,10,Proponer soluciones tecnológicas a problemas empresariales,skill/competence,cross-sector,0.7082,http://data.europa.eu/esco/skill/07e51c60-763a-4335-b4ec-70a15f66d328
UTN,Universidad Técnica del Norte,TELECOMUNICACIONES,11,comunicarse con los jefes y directivos,skill/competence,cross-sector,0.7068,http://data.europa.eu/esco/skill/f14ff4b7-be1e-4b55-b39b-520005f8a97e
UTN,Universidad Técnica del Norte,TELECOMUNICACIONES,12,realizar gestión de clientes,skill/competence,cross-sector,0.706,http://data.europa.eu/esco/skill/91306a20-9b81-4f3d-97eb-f5368b607da7
UTN,Universidad Técnica del Norte,TELECOMUNICACIONES,13,guiar a los gestores de los diferentes departamentos de la empresa,skill/competence,cross-sector,0.7057,http://data.europa.eu/esco/skill/3e61ee41-2bd9-466f-b313-00ce04072410
UTN,Universidad Técnica del Norte,TELECOMUNICACIONES,14,gestionar canales de distribución,skill/competence,cross-sector,0.7046,http://data.europa.eu/esco/skill/5a5adfe3-5afe-4a24-b9a8-cee8481995e7
UTN,Universidad Técnica del Norte,TELECOMUNICACIONES,15,coordinar equipos de ingeniería,skill/competence,cross-sector,0.7042,http://data.europa.eu/esco/skill/7af6e9e8-1e11-4c0b-b7c6-ac96bbbbc674
UTN,Universidad Técnica del Norte,TELECOMUNICACIONES,16,gestionar los programas públicos,skill/competence,cross-sector,0.7038,http://data.europa.eu/esco/skill/0761f325-13e7-49f4-a41a-ec64ba4e7b9d
UTN,Universidad Técnica del Norte,TELECOMUNICACIONES,17,asesorar a la clientela acerca de las posibilidades técnicas,skill/competence,cross-sector,0.7024,http://data.europa.eu/esco/skill/7b3abd38-61ae-42a4-88bb-0884784f9ee1
UTN,Universidad Técnica del Norte,TELECOMUNICACIONES,18,elaborar las estrategias empresariales,skill/competence,cross-sector,0.7022,http://data.europa.eu/esco/skill/ba2c6181-b036-40b4-8f6d-51499463ccbb
UTN,Universidad Técnica del Norte,TELECOMUNICACIONES,19,detectar necesidades tecnológicas,skill/competence,cross-sector,0.6986,http://data.europa.eu/esco/skill/42fcf80d-7b45-40f3-bd2f-5411c4c0dfa0
UTN,Universidad Técnica del Norte,TELECOMUNICACIONES,20,resolver problemas de sistemas TIC,skill/competence,cross-sector,0.6976,http://data.europa.eu/esco/skill/9e06bac6-6b91-48ca-8b7d-c1f48cdecd7c
UTN,Universidad Técnica del Norte,TELECOMUNICACIONES,21,coordinar actividades de planificación comercial,skill/competence,cross-sector,0.6954,http://data.europa.eu/esco/skill/90398aca-82b7-4f56-8e0f-814d949162b4
UTN,Universidad Técnica del Norte,TELECOMUNICACIONES,22,diseñar sistemas de transporte,skill/competence,cross-sector,0.6933,http://data.europa.eu/esco/skill/11f364dd-0814-4398-b00e-10d1be8b27af
UTN,Universidad Técnica del Norte,TELECOMUNICACIONES,23,gestionar las comunicaciones visuales,skill/competence,cross-sector,0.6926,http://data.europa.eu/esco/skill/50b96d21-f2eb-4f35-a8d3-77eee15ef51f
UTN,Universidad Técnica del Norte,TELECOMUNICACIONES,24,sensibilizar a los responsables de la formulación de políticas sobre los problemas de los servicios sociales,skill/competence,cross-sector,0.6905,http://data.europa.eu/esco/skill/f914df1a-c9fd-47ab-b1ec-bc7c6f572640
UTN,Universidad Técnica del Norte,TELECOMUNICACIONES,25,instalar líneas de energía eléctrica,skill/competence,cross-sector,0.6904,http://data.europa.eu/esco/skill/0c627853-241e-405b-9044-aaff6bca133e
UTM,Universidad Técnica de Manabí,ADMINISTRACIÓN DE EMPRESAS,1,elaborar las estrategias empresariales,skill/competence,cross-sector,0.8084,http://data.europa.eu/esco/skill/ba2c6181-b036-40b4-8f6d-51499463ccbb
UTM,Universidad Técnica de Manabí,ADMINISTRACIÓN DE EMPRESAS,2,gestionar empresas de producción,skill/competence,cross-sector,0.7974,http://data.europa.eu/esco/skill/435d1751-8667-41ec-8b32-865b7cd3c684
UTM,Universidad Técnica de Manabí,ADMINISTRACIÓN DE EMPRESAS,3,participar en las operaciones cotidianas de la empresa,skill/competence,cross-sector,0.7804,http://data.europa.eu/esco/skill/ce4cbc3a-bde0-43b4-9526-e643c4fe5b04
UTM,Universidad Técnica de Manabí,ADMINISTRACIÓN DE EMPRESAS,4,guiar a los gestores de los diferentes departamentos de la empresa,skill/competence,cross-sector,0.7754,http://data.europa.eu/esco/skill/3e61ee41-2bd9-466f-b313-00ce04072410
UTM,Universidad Técnica de Manabí,ADMINISTRACIÓN DE EMPRESAS,5,gestionar recursos humanos,skill/competence,cross-sector,0.7738,http://data.europa.eu/esco/skill/339ac029-066a-4985-9f9d-b3d7c8fea0bb
UTM,Universidad Técnica de Manabí,ADMINISTRACIÓN DE EMPRESAS,6,mejorar procesos empresariales,skill/competence,cross-sector,0.769,http://data.europa.eu/esco/skill/75b30aeb-34c0-40f4-b77d-271d75a98b14
UTM,Universidad Técnica de Manabí,ADMINISTRACIÓN DE EMPRESAS,7,coordinar actividades de planificación comercial,skill/competence,cross-sector,0.7671,http://data.europa.eu/esco/skill/90398aca-82b7-4f56-8e0f-814d949162b4
UTM,Universidad Técnica de Manabí,ADMINISTRACIÓN DE EMPRESAS,8,desarrollar estrategias de comunicación,skill/competence,cross-sector,0.7607,http://data.europa.eu/esco/skill/3c834f6e-523a-49ee-8ed1-e073e28ae6fe
UTM,Universidad Técnica de Manabí,ADMINISTRACIÓN DE EMPRESAS,9,elaborar políticas de economía,skill/competence,cross-sector,0.7564,http://data.europa.eu/esco/skill/8394fefb-f62a-48c0-a156-3117cefdb9b3
UTM,Universidad Técnica de Manabí,ADMINISTRACIÓN DE EMPRESAS,10,gestionar conocimientos empresariales,skill/competence,cross-sector,0.7545,http://data.europa.eu/esco/skill/41bf7ede-fc84-4a57-8c89-b548d11b0ba1
UTM,Universidad Técnica de Manabí,ADMINISTRACIÓN DE EMPRESAS,11,desarrollar políticas de la organización,skill/competence,cross-sector,0.7542,http://data.europa.eu/esco/skill/3254275d-a1b5-4640-9481-02f38780ac35
UTM,Universidad Técnica de Manabí,ADMINISTRACIÓN DE EMPRESAS,12,gestionar varios proyectos,skill/competence,cross-sector,0.7499,http://data.europa.eu/esco/skill/c881ddd2-9c0e-4743-bd24-36be650493dd
UTM,Universidad Técnica de Manabí,ADMINISTRACIÓN DE EMPRESAS,13,tener espíritu emprendedor,skill/competence,transversal,0.7499,http://data.europa.eu/esco/skill/bdcf429c-5ccf-4c3d-bb61-4c987573a35e
UTM,Universidad Técnica de Manabí,ADMINISTRACIÓN DE EMPRESAS,14,realizar diversas tareas organizativas en la empresa,skill/competence,cross-sector,0.7496,http://data.europa.eu/esco/skill/01755f08-4df4-4cf0-8d22-08f94cad68b5
UTM,Universidad Técnica de Manabí,ADMINISTRACIÓN DE EMPRESAS,15,informar sobre la gestión general de una empresa,skill/competence,cross-sector,0.7484,http://data.europa.eu/esco/skill/307ffd2d-8fb3-43ff-8ad8-4052382f8f83
UTM,Universidad Técnica de Manabí,ADMINISTRACIÓN DE EMPRESAS,16,gestionar proyectos,skill/competence,cross-sector,0.7474,http://data.europa.eu/esco/skill/cd5efa8c-e44d-4cbc-91c6-796018dbed68
UTM,Universidad Técnica de Manabí,ADMINISTRACIÓN DE EMPRESAS,17,ejercer la administración,skill/competence,cross-sector,0.7465,http://data.europa.eu/esco/skill/151174e2-2a27-4c1e-be68-6446278d34b7
UTM,Universidad Técnica de Manabí,ADMINISTRACIÓN DE EMPRESAS,18,transmitir planes de negocios a colaboradores,skill/competence,cross-sector,0.7449,http://data.europa.eu/esco/skill/a9c205ef-365a-4ae4-b905-cb48ba761ff0
UTM,Universidad Técnica de Manabí,ADMINISTRACIÓN DE EMPRESAS,19,gestionar recursos empresariales,skill/competence,cross-sector,0.7443,http://data.europa.eu/esco/skill/911e13ee-1eec-4243-88c8-3c08a3681a19
UTM,Universidad Técnica de Manabí,ADMINISTRACIÓN DE EMPRESAS,20,gestionar la experiencia de la clientela,skill/competence,cross-sector,0.7416,http://data.europa.eu/esco/skill/4b95c7bb-5672-4e4a-88ea-ba96c12e8ca2
UTM,Universidad Técnica de Manabí,ADMINISTRACIÓN DE EMPRESAS,21,realizar gestión de clientes,skill/competence,cross-sector,0.7407,http://data.europa.eu/esco/skill/91306a20-9b81-4f3d-97eb-f5368b607da7
UTM,Universidad Técnica de Manabí,ADMINISTRACIÓN DE EMPRESAS,22,apoyar a los gestores y directivos,skill/competence,cross-sector,0.7373,http://data.europa.eu/esco/skill/4bd6e2ad-bf69-4198-b3ac-3baabd9da46e
UTM,Universidad Técnica de Manabí,ADMINISTRACIÓN DE EMPRESAS,23,gestionar proyectos de investigación y desarrollo,skill/competence,cross-sector,0.735,http://data.europa.eu/esco/skill/d5dbc342-8e39-4998-8237-ebbe05a381ce
UTM,Universidad Técnica de Manabí,ADMINISTRACIÓN DE EMPRESAS,24,controlar la producción,skill/competence,cross-sector,0.7344,http://data.europa.eu/esco/skill/feceacee-d425-4e73-821a-02dfb85084db
UTM,Universidad Técnica de Manabí,ADMINISTRACIÓN DE EMPRESAS,25,realizar la gestión de un evento,skill/competence,cross-sector,0.7334,http://data.europa.eu/esco/skill/03a0ab28-ce99-4e14-baf8-a66c55da28f8
UTM,Universidad Técnica de Manabí,ECONOMÍA,1,elaborar políticas de economía,skill/competence,cross-sector,0.7709,http://data.europa.eu/esco/skill/8394fefb-f62a-48c0-a156-3117cefdb9b3
UTM,Universidad Técnica de Manabí,ECONOMÍA,2,asesorar sobre el desarrollo económico,skill/competence,cross-sector,0.7466,http://data.europa.eu/esco/skill/384ed14c-bf1f-4a65-aef6-6e711f43c4ce
UTM,Universidad Técnica de Manabí,ECONOMÍA,3,predecir tendencias económicas,skill/competence,cross-sector,0.7408,http://data.europa.eu/esco/skill/f2a34d6b-131a-4b8f-a110-898b9c91d18f
UTM,Universidad Técnica de Manabí,ECONOMÍA,4,realizar estudios de mercado,skill/competence,cross-sector,0.7338,http://data.europa.eu/esco/skill/fe39d4db-4cb5-4299-bb9f-896c8fd6ab13
UTM,Universidad Técnica de Manabí,ECONOMÍA,5,analizar las tendencias económicas,skill/competence,cross-sector,0.7281,http://data.europa.eu/esco/skill/5f302d63-048e-451c-b150-97c124a5a26b
UTM,Universidad Técnica de Manabí,ECONOMÍA,6,realizar un análisis empresarial,skill/competence,cross-sector,0.7243,http://data.europa.eu/esco/skill/27ed854c-15b8-4ba2-90e9-ae888a219703
UTM,Universidad Técnica de Manabí,ECONOMÍA,7,elaborar software estadístico,skill/competence,cross-sector,0.7083,http://data.europa.eu/esco/skill/bb165899-d95f-4433-95f2-173fefd716d2
UTM,Universidad Técnica de Manabí,ECONOMÍA,8,analizar datos,skill/competence,cross-sector,0.7076,http://data.europa.eu/esco/skill/a571ae14-3e16-4fd3-a615-5646e0b0b696
UTM,Universidad Técnica de Manabí,ECONOMÍA,9,asesorar sobre política tributaria,skill/competence,cross-sector,0.7039,http://data.europa.eu/esco/skill/b5feaf25-3975-4e74-85fd-4470e344ba2e
UTM,Universidad Técnica de Manabí,ECONOMÍA,10,tener en cuenta los criterios económicos en la toma de decisiones,skill/competence,cross-sector,0.7029,http://data.europa.eu/esco/skill/d41262ae-eca1-4ede-89a8-46d2d99a7a31
UTM,Universidad Técnica de Manabí,ECONOMÍA,11,analizar tendencias en el mercado financiero,skill/competence,cross-sector,0.7018,http://data.europa.eu/esco/skill/292549e6-08ec-456c-b008-eba7a0a68428
UTM,Universidad Técnica de Manabí,ECONOMÍA,12,sensibilizar a los responsables de la formulación de políticas sobre los problemas de los servicios sociales,skill/competence,cross-sector,0.6983,http://data.europa.eu/esco/skill/f914df1a-c9fd-47ab-b1ec-bc7c6f572640
UTM,Universidad Técnica de Manabí,ECONOMÍA,13,elaborar políticas fiscales,skill/competence,cross-sector,0.6973,http://data.europa.eu/esco/skill/9fa06999-9ba9-4d74-9b15-edfc788b55f7
UTM,Universidad Técnica de Manabí,ECONOMÍA,14,"llevar a cabo análisis de factores políticos, económicos, sociales, tecnológicos, ambientales y jurídicos",skill/competence,cross-sector,0.697,http://data.europa.eu/esco/skill/9979e727-3104-42e0-8f41-4af2578111ea
UTM,Universidad Técnica de Manabí,ECONOMÍA,15,analizar las tendencias del mercado de la energía,skill/competence,cross-sector,0.6951,http://data.europa.eu/esco/skill/28878fd9-9a17-452a-b3b8-5db5c63d7905
UTM,Universidad Técnica de Manabí,ECONOMÍA,16,elaborar políticas de agricultura,skill/competence,cross-sector,0.6944,http://data.europa.eu/esco/skill/108320f7-c8a1-4386-aed9-91054ab05619
UTM,Universidad Técnica de Manabí,ECONOMÍA,17,asesorar sobre estrategias de mercado,skill/competence,cross-sector,0.6941,http://data.europa.eu/esco/skill/34d6ed30-5d35-44b9-9498-fd15badb5f28
UTM,Universidad Técnica de Manabí,ECONOMÍA,18,analizar las necesidades de una comunidad,skill/competence,cross-sector,0.6936,http://data.europa.eu/esco/skill/fbe6232a-e2b2-4830-a5e6-ed6415f01e85
UTM,Universidad Técnica de Manabí,ECONOMÍA,19,analizar el pronóstico meteorológico,skill/competence,cross-sector,0.693,http://data.europa.eu/esco/skill/b29e0c5c-7d3a-44a8-a182-75374abd4e76
UTM,Universidad Técnica de Manabí,ECONOMÍA,20,gestionar conocimientos para repercutir en las políticas,skill/competence,cross-sector,0.6926,http://data.europa.eu/esco/skill/4d39b27a-b34f-4c89-8d46-df844d42f728
UTM,Universidad Técnica de Manabí,ECONOMÍA,21,asesorar sobre políticas de gestión sostenible,skill/competence,cross-sector,0.6924,http://data.europa.eu/esco/skill/6742977a-aa00-4c8c-9861-898b0373907e
UTM,Universidad Técnica de Manabí,ECONOMÍA,22,analizar los factores externos a una empresa,skill/competence,cross-sector,0.6914,http://data.europa.eu/esco/skill/ce5b1446-b5e3-4f05-a5ac-83f2ee142a44
UTM,Universidad Técnica de Manabí,ECONOMÍA,23,evaluar las necesidades energéticas,skill/competence,cross-sector,0.6913,http://data.europa.eu/esco/skill/36fccad9-1d20-4104-bcc2-a8ea9d1ce5ea
UTM,Universidad Técnica de Manabí,ECONOMÍA,24,examinar el cumplimiento de las políticas públicas,skill/competence,cross-sector,0.6911,http://data.europa.eu/esco/skill/5aa90e70-f661-4c2d-aaa2-70ac38c1ace9
UTM,Universidad Técnica de Manabí,ECONOMÍA,25,gestionar los programas públicos,skill/competence,cross-sector,0.6911,http://data.europa.eu/esco/skill/0761f325-13e7-49f4-a41a-ec64ba4e7b9d
UTM,Universidad Técnica de Manabí,ELECTRICIDAD,1,evaluar las necesidades energéticas,skill/competence,cross-sector,0.7963,http://data.europa.eu/esco/skill/36fccad9-1d20-4104-bcc2-a8ea9d1ce5ea
UTM,Universidad Técnica de Manabí,ELECTRICIDAD,2,garantizar el cumplimiento del plan de distribución de energía,skill/competence,cross-sector,0.7689,http://data.europa.eu/esco/skill/694e1e70-3e22-4d72-a3ac-b5f92951423d
UTM,Universidad Técnica de Manabí,ELECTRICIDAD,3,realizar actividades de gestión energética en instalaciones,skill/competence,cross-sector,0.7562,http://data.europa.eu/esco/skill/885808f7-f42b-406e-95f2-28efcd45ddda
UTM,Universidad Técnica de Manabí,ELECTRICIDAD,4,instalar líneas de energía eléctrica,skill/competence,cross-sector,0.7462,http://data.europa.eu/esco/skill/0c627853-241e-405b-9044-aaff6bca133e
UTM,Universidad Técnica de Manabí,ELECTRICIDAD,5,garantizar la seguridad de las operaciones en sistemas de suministro de energía eléctrica,skill/competence,cross-sector,0.7261,http://data.europa.eu/esco/skill/2b76cbbf-eddc-4a12-a120-f4ea370820a5
UTM,Universidad Técnica de Manabí,ELECTRICIDAD,6,gestionar la recepción de suministros eléctricos,skill/competence,cross-sector,0.7085,http://data.europa.eu/esco/skill/c796e1fa-cbbd-4639-b8d9-cbcdc130c7a2
UTM,Universidad Técnica de Manabí,ELECTRICIDAD,7,diseñar sistemas eléctricos,skill/competence,cross-sector,0.7,http://data.europa.eu/esco/skill/05010f6c-0b40-4525-ac4a-057d46a2b6f4
UTM,Universidad Técnica de Manabí,ELECTRICIDAD,8,analizar las tendencias del mercado de la energía,skill/competence,cross-sector,0.6904,http://data.europa.eu/esco/skill/28878fd9-9a17-452a-b3b8-5db5c63d7905
UTM,Universidad Técnica de Manabí,ELECTRICIDAD,9,diseñar sistemas de control,skill/competence,cross-sector,0.6876,http://data.europa.eu/esco/skill/d560df46-dda4-4407-bab2-b87353a96814
UTM,Universidad Técnica de Manabí,ELECTRICIDAD,10,gestionar los programas públicos,skill/competence,cross-sector,0.6875,http://data.europa.eu/esco/skill/0761f325-13e7-49f4-a41a-ec64ba4e7b9d
UTM,Universidad Técnica de Manabí,ELECTRICIDAD,11,normas de seguridad para trabajos con energía eléctrica,knowledge,cross-sector,0.6852,http://data.europa.eu/esco/skill/6360d655-3494-45f6-bfc6-d5f63afc355b
UTM,Universidad Técnica de Manabí,ELECTRICIDAD,12,gestionar la instalación de estructuras para eventos,skill/competence,cross-sector,0.6823,http://data.europa.eu/esco/skill/0e503b48-5491-4529-879e-b112251f8d50
UTM,Universidad Técnica de Manabí,ELECTRICIDAD,13,instalar equipos eléctricos y electrónicos,skill/competence,cross-sector,0.6819,http://data.europa.eu/esco/skill/52797dce-911c-4e6d-b0cb-491f6469014f
UTM,Universidad Técnica de Manabí,ELECTRICIDAD,14,mantener motores eléctricos,skill/competence,cross-sector,0.679,http://data.europa.eu/esco/skill/2876970d-90af-45bd-9cfd-c0af757947ea
UTM,Universidad Técnica de Manabí,ELECTRICIDAD,15,inspeccionar tendidos eléctricos aéreos,skill/competence,cross-sector,0.6777,http://data.europa.eu/esco/skill/22d69f7d-cbbf-4098-a5a8-a1b2f73cafb0
UTM,Universidad Técnica de Manabí,ELECTRICIDAD,16,asistir a usuarios de instrumentos eléctricos,skill/competence,cross-sector,0.6772,http://data.europa.eu/esco/skill/520f01d1-91a9-44cb-a3e6-b803e18f439c
UTM,Universidad Técnica de Manabí,ELECTRICIDAD,17,gestionar proyectos de investigación y desarrollo,skill/competence,cross-sector,0.6771,http://data.europa.eu/esco/skill/d5dbc342-8e39-4998-8237-ebbe05a381ce
UTM,Universidad Técnica de Manabí,ELECTRICIDAD,18,electrónica de potencia,knowledge,cross-sector,0.6767,http://data.europa.eu/esco/skill/86ff9a65-66eb-4c8f-93d8-22e0a467fc08
UTM,Universidad Técnica de Manabí,ELECTRICIDAD,19,montar generadores,skill/competence,cross-sector,0.6713,http://data.europa.eu/esco/skill/942edf03-a450-4261-b65c-9b447fdddc51
UTM,Universidad Técnica de Manabí,ELECTRICIDAD,20,reparar el tendido eléctrico aéreo,skill/competence,cross-sector,0.671,http://data.europa.eu/esco/skill/dd9df234-993b-4812-b048-5399a1751337
UTM,Universidad Técnica de Manabí,ELECTRICIDAD,21,máquinas eléctricas,knowledge,cross-sector,0.6682,http://data.europa.eu/esco/skill/f0ab5d57-4be7-411b-afce-b4a76a142302
UTM,Universidad Técnica de Manabí,ELECTRICIDAD,22,diseñar edificios,skill/competence,cross-sector,0.6676,http://data.europa.eu/esco/skill/7c3cde53-9ff7-4e82-8396-13fdfadd3432
UTM,Universidad Técnica de Manabí,ELECTRICIDAD,23,procurar la distribución de electricidad,skill/competence,cross-sector,0.6673,http://data.europa.eu/esco/skill/f8b05146-5ffc-44a9-846b-63e3ad1fe187
UTM,Universidad Técnica de Manabí,ELECTRICIDAD,24,actuar de enlace con los ingenieros,skill/competence,cross-sector,0.6656,http://data.europa.eu/esco/skill/c5c51528-ccfc-4c53-b409-c200aaa44222
UTM,Universidad Técnica de Manabí,ELECTRICIDAD,25,probar equipos eléctricos,skill/competence,cross-sector,0.6655,http://data.europa.eu/esco/skill/3f6dc31c-ceef-4e93-9d8a-b4b862cf9b51
UTM,Universidad Técnica de Manabí,ELECTRÓNICA Y AUTOMATIZACIÓN,1,diseñar sistemas de control,skill/competence,cross-sector,0.8084,http://data.europa.eu/esco/skill/d560df46-dda4-4407-bab2-b87353a96814
UTM,Universidad Técnica de Manabí,ELECTRÓNICA Y AUTOMATIZACIÓN,2,desarrollar procedimientos de prueba electrónica,skill/competence,cross-sector,0.7801,http://data.europa.eu/esco/skill/0de6bca4-f3aa-452a-8e10-d355b2c1bfc4
UTM,Universidad Técnica de Manabí,ELECTRÓNICA Y AUTOMATIZACIÓN,3,diseñar componentes de automatización,skill/competence,cross-sector,0.7776,http://data.europa.eu/esco/skill/f96f5aa5-6ed7-40dc-a431-68b0a09d6d4b
UTM,Universidad Técnica de Manabí,ELECTRÓNICA Y AUTOMATIZACIÓN,4,gestionar sistemas de instrumentación,skill/competence,cross-sector,0.7726,http://data.europa.eu/esco/skill/5d71a91f-cc72-4b66-b6e3-d75ecc05e235
UTM,Universidad Técnica de Manabí,ELECTRÓNICA Y AUTOMATIZACIÓN,5,operar sistemas de control informatizados,skill/competence,cross-sector,0.7684,http://data.europa.eu/esco/skill/b916d60e-38e9-4241-914a-4e2144bda711
UTM,Universidad Técnica de Manabí,ELECTRÓNICA Y AUTOMATIZACIÓN,6,desarrollar sistemas de instrumentación,skill/competence,cross-sector,0.7659,http://data.europa.eu/esco/skill/d8c19849-f4cf-458d-90cd-abe735a729bf
UTM,Universidad Técnica de Manabí,ELECTRÓNICA Y AUTOMATIZACIÓN,7,montar equipos de instrumentación,skill/competence,cross-sector,0.7579,http://data.europa.eu/esco/skill/af0b1937-7538-434f-871b-7e8f72e04117
UTM,Universidad Técnica de Manabí,ELECTRÓNICA Y AUTOMATIZACIÓN,8,diseñar sistemas microelectrónicos,skill/competence,cross-sector,0.7531,http://data.europa.eu/esco/skill/8712b176-c063-462f-9d0f-2e3c54d9a2eb
UTM,Universidad Técnica de Manabí,ELECTRÓNICA Y AUTOMATIZACIÓN,9,electrónica,knowledge,cross-sector,0.7482,http://data.europa.eu/esco/skill/95c35c3a-035f-47c2-90cf-7e934d20fc08
UTM,Universidad Técnica de Manabí,ELECTRÓNICA Y AUTOMATIZACIÓN,10,desarrollar normas y procedimientos de fabricación,skill/competence,cross-sector,0.7468,http://data.europa.eu/esco/skill/764db027-9063-4468-acb3-c73ecfc76f35
UTM,Universidad Técnica de Manabí,ELECTRÓNICA Y AUTOMATIZACIÓN,11,supervisar el funcionamiento de los equipos,skill/competence,cross-sector,0.7467,http://data.europa.eu/esco/skill/ca17f0df-59e4-4ed2-9360-fc5325bc7151
UTM,Universidad Técnica de Manabí,ELECTRÓNICA Y AUTOMATIZACIÓN,12,establecer directrices de fabricación,skill/competence,cross-sector,0.7463,http://data.europa.eu/esco/skill/37520413-563e-4d99-a14c-1c6dca3cf833
UTM,Universidad Técnica de Manabí,ELECTRÓNICA Y AUTOMATIZACIÓN,13,diseñar sistemas eléctricos,skill/competence,cross-sector,0.7404,http://data.europa.eu/esco/skill/05010f6c-0b40-4525-ac4a-057d46a2b6f4
UTM,Universidad Técnica de Manabí,ELECTRÓNICA Y AUTOMATIZACIÓN,14,controlar las tendencias en tecnología,skill/competence,cross-sector,0.7389,http://data.europa.eu/esco/skill/7a17d7ce-01a2-4746-bbcc-22ffe22fa16e
UTM,Universidad Técnica de Manabí,ELECTRÓNICA Y AUTOMATIZACIÓN,15,gestionar proyectos de investigación y desarrollo,skill/competence,cross-sector,0.7354,http://data.europa.eu/esco/skill/d5dbc342-8e39-4998-8237-ebbe05a381ce
UTM,Universidad Técnica de Manabí,ELECTRÓNICA Y AUTOMATIZACIÓN,16,asistir a usuarios de instrumentos eléctricos,skill/competence,cross-sector,0.7323,http://data.europa.eu/esco/skill/520f01d1-91a9-44cb-a3e6-b803e18f439c
UTM,Universidad Técnica de Manabí,ELECTRÓNICA Y AUTOMATIZACIÓN,17,mantener sistemas electrónicos,skill/competence,cross-sector,0.7322,http://data.europa.eu/esco/skill/89bb44dc-9f4c-400b-86cd-dcd0bd599a58
UTM,Universidad Técnica de Manabí,ELECTRÓNICA Y AUTOMATIZACIÓN,18,gestionar la recepción de suministros eléctricos,skill/competence,cross-sector,0.7312,http://data.europa.eu/esco/skill/c796e1fa-cbbd-4639-b8d9-cbcdc130c7a2
UTM,Universidad Técnica de Manabí,ELECTRÓNICA Y AUTOMATIZACIÓN,19,evaluar las necesidades energéticas,skill/competence,cross-sector,0.729,http://data.europa.eu/esco/skill/36fccad9-1d20-4104-bcc2-a8ea9d1ce5ea
UTM,Universidad Técnica de Manabí,ELECTRÓNICA Y AUTOMATIZACIÓN,20,mantener equipos electrónicos,skill/competence,cross-sector,0.7259,http://data.europa.eu/esco/skill/ba45db8f-34e8-4f29-af0b-e6645e1d693f
UTM,Universidad Técnica de Manabí,ELECTRÓNICA Y AUTOMATIZACIÓN,21,asegurarse de que los productos cumplen los requisitos legales,skill/competence,cross-sector,0.7235,http://data.europa.eu/esco/skill/f453b1a6-c7db-4d9d-9ba3-47c45159bfe3
UTM,Universidad Técnica de Manabí,ELECTRÓNICA Y AUTOMATIZACIÓN,22,garantizar la seguridad de las operaciones en sistemas de suministro de energía eléctrica,skill/competence,cross-sector,0.7232,http://data.europa.eu/esco/skill/2b76cbbf-eddc-4a12-a120-f4ea370820a5
UTM,Universidad Técnica de Manabí,ELECTRÓNICA Y AUTOMATIZACIÓN,23,instalar equipos eléctricos y electrónicos,skill/competence,cross-sector,0.7215,http://data.europa.eu/esco/skill/52797dce-911c-4e6d-b0cb-491f6469014f
UTM,Universidad Técnica de Manabí,ELECTRÓNICA Y AUTOMATIZACIÓN,24,ingeniería industrial,knowledge,cross-sector,0.7202,http://data.europa.eu/esco/skill/a1816dfd-dbdc-4499-bef3-ff81dd895b33
UTM,Universidad Técnica de Manabí,ELECTRÓNICA Y AUTOMATIZACIÓN,25,realizar el control de procesos en la industria de prendas de vestir,skill/competence,cross-sector,0.7199,http://data.europa.eu/esco/skill/58c080f9-71d5-429d-9476-bc9e742d460c
UTM,Universidad Técnica de Manabí,INGENIERÍA AMBIENTAL,1,supervisar sistemas de gestión ambiental,skill/competence,cross-sector,0.7875,http://data.europa.eu/esco/skill/b13e0689-636d-42d0-86c3-df9d6f85a882
UTM,Universidad Técnica de Manabí,INGENIERÍA AMBIENTAL,2,gestionar el impacto medioambiental de las operaciones,skill/competence,cross-sector,0.7833,http://data.europa.eu/esco/skill/d86babea-bf8b-4552-81a8-daf706066ad6
UTM,Universidad Técnica de Manabí,INGENIERÍA AMBIENTAL,3,asesorar sobre políticas de gestión sostenible,skill/competence,cross-sector,0.7677,http://data.europa.eu/esco/skill/6742977a-aa00-4c8c-9861-898b0373907e
UTM,Universidad Técnica de Manabí,INGENIERÍA AMBIENTAL,4,evaluar el impacto ambiental,skill/competence,cross-sector,0.7662,http://data.europa.eu/esco/skill/e541c69c-ea80-4b17-87cb-4001d0b9d303
UTM,Universidad Técnica de Manabí,INGENIERÍA AMBIENTAL,5,asesorar sobre sistemas de gestión de riesgos ambientales,skill/competence,cross-sector,0.7633,http://data.europa.eu/esco/skill/a366bfc5-8d17-4792-a9f0-db0951528dda
UTM,Universidad Técnica de Manabí,INGENIERÍA AMBIENTAL,6,gestionar impacto ambiental,skill/competence,cross-sector,0.7588,http://data.europa.eu/esco/skill/d3a8ef9c-8572-438c-91dc-010537070be3
UTM,Universidad Técnica de Manabí,INGENIERÍA AMBIENTAL,7,realizar auditorías ambientales,skill/competence,cross-sector,0.7547,http://data.europa.eu/esco/skill/60ab2bf7-c812-4a88-86c0-7c81a9b2f77c
UTM,Universidad Técnica de Manabí,INGENIERÍA AMBIENTAL,8,coordinar esfuerzos ambientales,skill/competence,cross-sector,0.7542,http://data.europa.eu/esco/skill/bd70f004-e1d6-43f0-96f1-59c014a4ea01
UTM,Universidad Técnica de Manabí,INGENIERÍA AMBIENTAL,9,asesorar sobre recuperación ambiental,skill/competence,cross-sector,0.7508,http://data.europa.eu/esco/skill/b422efe7-b151-4120-86ae-db11a48dd0fa
UTM,Universidad Técnica de Manabí,INGENIERÍA AMBIENTAL,10,aplicar medidas de protección del medioambiente,skill/competence,cross-sector,0.7378,http://data.europa.eu/esco/skill/f6d7ba88-5234-4994-944d-843ca453c923
UTM,Universidad Técnica de Manabí,INGENIERÍA AMBIENTAL,11,informar sobre cuestiones ambientales,skill/competence,cross-sector,0.7361,http://data.europa.eu/esco/skill/f3cc52e3-a96c-4549-b841-6e41a846fa99
UTM,Universidad Técnica de Manabí,INGENIERÍA AMBIENTAL,12,garantizar el cumplimiento de la legislación ambiental,skill/competence,cross-sector,0.7337,http://data.europa.eu/esco/skill/089ee650-297e-4716-87d1-440743b70a0d
UTM,Universidad Técnica de Manabí,INGENIERÍA AMBIENTAL,13,gestionar residuos,skill/competence,cross-sector,0.728,http://data.europa.eu/esco/skill/73a9561d-112c-4d8a-9d5f-b2c11c5bbd5f
UTM,Universidad Técnica de Manabí,INGENIERÍA AMBIENTAL,14,elaborar una política medioambiental,skill/competence,cross-sector,0.723,http://data.europa.eu/esco/skill/507e2b21-1285-47e9-bf09-0db794df1bf0
UTM,Universidad Técnica de Manabí,INGENIERÍA AMBIENTAL,15,evaluar el impacto ambiental de yacimientos y zonas industriales,skill/competence,cross-sector,0.7193,http://data.europa.eu/esco/skill/f12f094b-492f-4e88-b36b-50b8e58b7500
UTM,Universidad Técnica de Manabí,INGENIERÍA AMBIENTAL,16,asesorar sobre procedimientos de gestión de residuos,skill/competence,cross-sector,0.7126,http://data.europa.eu/esco/skill/f82b05a7-128b-4a72-a815-044ff6062f62
UTM,Universidad Técnica de Manabí,INGENIERÍA AMBIENTAL,17,ocuparse del tratamiento de aguas residuales,skill/competence,cross-sector,0.7123,http://data.europa.eu/esco/skill/5206a9b8-8337-4f0b-ae00-163a2f55d8cf
UTM,Universidad Técnica de Manabí,INGENIERÍA AMBIENTAL,18,impartir formación sobre cuestiones ambientales,skill/competence,cross-sector,0.7114,http://data.europa.eu/esco/skill/2cb27e30-2be7-4a09-9502-fdd2102c046b
UTM,Universidad Técnica de Manabí,INGENIERÍA AMBIENTAL,19,desarrollar estrategias de recuperación ambiental,skill/competence,cross-sector,0.7103,http://data.europa.eu/esco/skill/e4ff825c-7376-4135-93cd-3892fd67b7c1
UTM,Universidad Técnica de Manabí,INGENIERÍA AMBIENTAL,20,adoptar vías para reducir el impacto negativo del consumo,skill/competence,transversal,0.7093,http://data.europa.eu/esco/skill/4c3ab565-747c-4db3-8c47-79e8d6f98cf4
UTM,Universidad Técnica de Manabí,INGENIERÍA AMBIENTAL,21,política ambiental,knowledge,cross-sector,0.7085,http://data.europa.eu/esco/skill/081d7679-5070-4777-bece-a28c49f15636
UTM,Universidad Técnica de Manabí,INGENIERÍA AMBIENTAL,22,garantizar el cumplimiento de las regulaciones legislativas sobre residuos,skill/competence,cross-sector,0.7064,http://data.europa.eu/esco/skill/27273605-2400-4392-a6d6-cc8161a2d445
UTM,Universidad Técnica de Manabí,INGENIERÍA AMBIENTAL,23,proteger humedales en el desarrollo de proyectos,skill/competence,cross-sector,0.7051,http://data.europa.eu/esco/skill/e2028206-3060-4e81-8350-77baefabefde
UTM,Universidad Técnica de Manabí,INGENIERÍA AMBIENTAL,24,ingeniería ambiental,knowledge,cross-sector,0.7043,http://data.europa.eu/esco/skill/b1b118c4-3291-484e-b64d-6d51fd5da8b3
UTM,Universidad Técnica de Manabí,INGENIERÍA AMBIENTAL,25,asesorar sobre prevención de la contaminación,skill/competence,cross-sector,0.7001,http://data.europa.eu/esco/skill/4d032f82-6279-48e6-9892-116440a071e3
UTM,Universidad Técnica de Manabí,INGENIERÍA CIVIL,1,supervisar un proyecto de construcción,skill/competence,cross-sector,0.7275,http://data.europa.eu/esco/skill/1de548e0-9535-4d2e-9d20-d4474c1ea813
UTM,Universidad Técnica de Manabí,INGENIERÍA CIVIL,2,asesorar sobre temas de construcción,skill/competence,cross-sector,0.7261,http://data.europa.eu/esco/skill/3b64ab47-a874-403a-b781-7b23c2fc3c6c
UTM,Universidad Técnica de Manabí,INGENIERÍA CIVIL,3,examinar las infraestructuras civiles,skill/competence,cross-sector,0.717,http://data.europa.eu/esco/skill/d48b3cfe-80b6-406f-b582-d959b60417f8
UTM,Universidad Técnica de Manabí,INGENIERÍA CIVIL,4,garantizar el cumplimiento de los plazos de construcción,skill/competence,cross-sector,0.7133,http://data.europa.eu/esco/skill/6181f475-110c-497c-a46d-ed2e14e7bc90
UTM,Universidad Técnica de Manabí,INGENIERÍA CIVIL,5,vigilar el cumplimiento de los parámetros de los proyectos de construcción,skill/competence,cross-sector,0.7124,http://data.europa.eu/esco/skill/3dd3dfa7-51c0-40ef-af46-e2df300489f6
UTM,Universidad Técnica de Manabí,INGENIERÍA CIVIL,6,revisar proyectos de construcción,skill/competence,cross-sector,0.7033,http://data.europa.eu/esco/skill/ea9fc9d9-c602-4430-a7fc-edac7429a6a8
UTM,Universidad Técnica de Manabí,INGENIERÍA CIVIL,7,diseñar sistemas de transporte,skill/competence,cross-sector,0.7003,http://data.europa.eu/esco/skill/11f364dd-0814-4398-b00e-10d1be8b27af
UTM,Universidad Técnica de Manabí,INGENIERÍA CIVIL,8,coordinar equipos de ingeniería,skill/competence,cross-sector,0.6988,http://data.europa.eu/esco/skill/7af6e9e8-1e11-4c0b-b7c6-ac96bbbbc674
UTM,Universidad Técnica de Manabí,INGENIERÍA CIVIL,9,supervisar obras de construcción,skill/competence,cross-sector,0.6857,http://data.europa.eu/esco/skill/fc1a75bb-70e3-4005-881f-7709bf7b0ed4
UTM,Universidad Técnica de Manabí,INGENIERÍA CIVIL,10,gestionar la instalación de estructuras para eventos,skill/competence,cross-sector,0.6831,http://data.europa.eu/esco/skill/0e503b48-5491-4529-879e-b112251f8d50
UTM,Universidad Técnica de Manabí,INGENIERÍA CIVIL,11,gestionar los programas públicos,skill/competence,cross-sector,0.6815,http://data.europa.eu/esco/skill/0761f325-13e7-49f4-a41a-ec64ba4e7b9d
UTM,Universidad Técnica de Manabí,INGENIERÍA CIVIL,12,diseñar edificios,skill/competence,cross-sector,0.6813,http://data.europa.eu/esco/skill/7c3cde53-9ff7-4e82-8396-13fdfadd3432
UTM,Universidad Técnica de Manabí,INGENIERÍA CIVIL,13,gestionar proyectos de ingeniería,skill/competence,cross-sector,0.6798,http://data.europa.eu/esco/skill/6a899482-8bcf-40ca-ae67-579a1cc467ab
UTM,Universidad Técnica de Manabí,INGENIERÍA CIVIL,14,coordinar actividades de construcción,skill/competence,cross-sector,0.6772,http://data.europa.eu/esco/skill/fff5bc45-b506-4466-8977-4869079c1cb2
UTM,Universidad Técnica de Manabí,INGENIERÍA CIVIL,15,someter a auditorías a los contratistas,skill/competence,cross-sector,0.6759,http://data.europa.eu/esco/skill/0520d8ba-3c24-4f75-a8b0-f883ddeed82d
UTM,Universidad Técnica de Manabí,INGENIERÍA CIVIL,16,ingeniería civil,knowledge,cross-sector,0.6725,http://data.europa.eu/esco/skill/82887396-e5bf-4306-af51-3fe8d82790b2
UTM,Universidad Técnica de Manabí,INGENIERÍA CIVIL,17,cumplir la normativa de construcción,skill/competence,cross-sector,0.672,http://data.europa.eu/esco/skill/4ccf7d02-764c-4129-a1df-fa1dd2e12647
UTM,Universidad Técnica de Manabí,INGENIERÍA CIVIL,18,supervisar el funcionamiento de los equipos,skill/competence,cross-sector,0.6704,http://data.europa.eu/esco/skill/ca17f0df-59e4-4ed2-9360-fc5325bc7151
UTM,Universidad Técnica de Manabí,INGENIERÍA CIVIL,19,preparar documentos relativos al proyecto de construcción,skill/competence,cross-sector,0.6687,http://data.europa.eu/esco/skill/80274731-15ce-490a-8d5b-f55a36b976b0
UTM,Universidad Técnica de Manabí,INGENIERÍA CIVIL,20,gestionar contratos,skill/competence,cross-sector,0.667,http://data.europa.eu/esco/skill/92721092-fe7c-4689-96bd-4f02385bc0e7
UTM,Universidad Técnica de Manabí,INGENIERÍA CIVIL,21,desarrollar estrategias de rehabilitación tras inundaciones,skill/competence,cross-sector,0.6658,http://data.europa.eu/esco/skill/6b5d032a-b85a-44ea-9dad-5201048d2dd2
UTM,Universidad Técnica de Manabí,INGENIERÍA CIVIL,22,gestionar varios proyectos,skill/competence,cross-sector,0.6652,http://data.europa.eu/esco/skill/c881ddd2-9c0e-4743-bd24-36be650493dd
UTM,Universidad Técnica de Manabí,INGENIERÍA CIVIL,23,seguir las prioridades de gestión de la integridad de la línea de tuberías,skill/competence,cross-sector,0.6649,http://data.europa.eu/esco/skill/eb6b7a26-69ab-43f5-9ab4-d09f8904f8e0
UTM,Universidad Técnica de Manabí,INGENIERÍA CIVIL,24,proteger humedales en el desarrollo de proyectos,skill/competence,cross-sector,0.664,http://data.europa.eu/esco/skill/e2028206-3060-4e81-8350-77baefabefde
UTM,Universidad Técnica de Manabí,INGENIERÍA CIVIL,25,supervisar vehículos que transportan mercancías peligrosas,skill/competence,cross-sector,0.6609,http://data.europa.eu/esco/skill/61484ab7-e5da-4fc1-82bd-72c3fa6ffab3
UTM,Universidad Técnica de Manabí,INGENIERÍA DE LA PRODUCCIÓN,1,gestionar los suministros,skill/competence,cross-sector,0.7587,http://data.europa.eu/esco/skill/020b3c27-bae1-4b85-9d6f-eccee0f5ed99
UTM,Universidad Técnica de Manabí,INGENIERÍA DE LA PRODUCCIÓN,2,gestionar empresas de producción,skill/competence,cross-sector,0.7559,http://data.europa.eu/esco/skill/435d1751-8667-41ec-8b32-865b7cd3c684
UTM,Universidad Técnica de Manabí,INGENIERÍA DE LA PRODUCCIÓN,3,analizar estrategias de gestión de la cadena de suministro,skill/competence,cross-sector,0.7528,http://data.europa.eu/esco/skill/96d549bb-3e62-4c45-92a7-f114df089581
UTM,Universidad Técnica de Manabí,INGENIERÍA DE LA PRODUCCIÓN,4,verificar las exigencias de fabricación,skill/competence,cross-sector,0.7446,http://data.europa.eu/esco/skill/277f489c-7a47-4791-bd87-61ca01737f96
UTM,Universidad Técnica de Manabí,INGENIERÍA DE LA PRODUCCIÓN,5,integrar productos nuevos en la cadena de fabricación,skill/competence,cross-sector,0.742,http://data.europa.eu/esco/skill/8a753714-9a19-4418-9b37-77e79d72c705
UTM,Universidad Técnica de Manabí,INGENIERÍA DE LA PRODUCCIÓN,6,controlar la producción,skill/competence,cross-sector,0.7418,http://data.europa.eu/esco/skill/feceacee-d425-4e73-821a-02dfb85084db
UTM,Universidad Técnica de Manabí,INGENIERÍA DE LA PRODUCCIÓN,7,inspeccionar la calidad de los productos,skill/competence,cross-sector,0.7407,http://data.europa.eu/esco/skill/1a3660c2-011c-4e96-9b1d-529afc305428
UTM,Universidad Técnica de Manabí,INGENIERÍA DE LA PRODUCCIÓN,8,impartir formación sobre cómo supervisar la gestión de la calidad,skill/competence,cross-sector,0.7373,http://data.europa.eu/esco/skill/09e7cd13-ea36-4694-afe5-f34373759392
UTM,Universidad Técnica de Manabí,INGENIERÍA DE LA PRODUCCIÓN,9,planificar procesos de fabricación,skill/competence,cross-sector,0.7341,http://data.europa.eu/esco/skill/7d0f33ea-e724-4d77-8b75-ee4fe66bb9ba
UTM,Universidad Técnica de Manabí,INGENIERÍA DE LA PRODUCCIÓN,10,gestionar la calidad,skill/competence,transversal,0.7334,http://data.europa.eu/esco/skill/35ebe444-9ece-4fbc-a55d-e99ea37267ae
UTM,Universidad Técnica de Manabí,INGENIERÍA DE LA PRODUCCIÓN,11,desarrollar normas y procedimientos de fabricación,skill/competence,cross-sector,0.7314,http://data.europa.eu/esco/skill/764db027-9063-4468-acb3-c73ecfc76f35
UTM,Universidad Técnica de Manabí,INGENIERÍA DE LA PRODUCCIÓN,12,garantizar la salud y la seguridad en procesos de producción,skill/competence,cross-sector,0.7286,http://data.europa.eu/esco/skill/60ccdd6a-c100-43cf-9797-543a5c42b922
UTM,Universidad Técnica de Manabí,INGENIERÍA DE LA PRODUCCIÓN,13,gestionar la logística,skill/competence,cross-sector,0.7283,http://data.europa.eu/esco/skill/953c0b65-537a-42fe-a90b-26cd36c64361
UTM,Universidad Técnica de Manabí,INGENIERÍA DE LA PRODUCCIÓN,14,garantizar la seguridad en el zona de producción,skill/competence,cross-sector,0.7275,http://data.europa.eu/esco/skill/ab239c75-dfcc-4f6c-9d11-75bb78049afc
UTM,Universidad Técnica de Manabí,INGENIERÍA DE LA PRODUCCIÓN,15,realizar el control de procesos en la industria de prendas de vestir,skill/competence,cross-sector,0.7206,http://data.europa.eu/esco/skill/58c080f9-71d5-429d-9476-bc9e742d460c
UTM,Universidad Técnica de Manabí,INGENIERÍA DE LA PRODUCCIÓN,16,gestionar la producción de calzado y de artículos de piel y cuero,skill/competence,cross-sector,0.7193,http://data.europa.eu/esco/skill/7e71fbcf-ebf8-4164-829b-e16b68aa9432
UTM,Universidad Técnica de Manabí,INGENIERÍA DE LA PRODUCCIÓN,17,establecer directrices de fabricación,skill/competence,cross-sector,0.7192,http://data.europa.eu/esco/skill/37520413-563e-4d99-a14c-1c6dca3cf833
UTM,Universidad Técnica de Manabí,INGENIERÍA DE LA PRODUCCIÓN,18,asesorar sobre cuestiones relacionadas con problemas de fabricación,skill/competence,cross-sector,0.7152,http://data.europa.eu/esco/skill/6c80c47c-3d08-4356-aa82-46f6ec82c898
UTM,Universidad Técnica de Manabí,INGENIERÍA DE LA PRODUCCIÓN,19,supervisar la producción de la fábrica,skill/competence,cross-sector,0.7136,http://data.europa.eu/esco/skill/c09dce1b-e198-487e-b63f-934e10a4c181
UTM,Universidad Técnica de Manabí,INGENIERÍA DE LA PRODUCCIÓN,20,coordinar las actividades de producción,skill/competence,cross-sector,0.7129,http://data.europa.eu/esco/skill/05c00631-b864-4842-b47e-06710c197c7a
UTM,Universidad Técnica de Manabí,INGENIERÍA DE LA PRODUCCIÓN,21,elaborar procedimientos en caso de defectos,skill/competence,cross-sector,0.7063,http://data.europa.eu/esco/skill/c65c7304-03b5-4065-a140-ddc405e670d1
UTM,Universidad Técnica de Manabí,INGENIERÍA DE LA PRODUCCIÓN,22,gestionar los ensayos de productos,skill/competence,cross-sector,0.7048,http://data.europa.eu/esco/skill/b7a03115-41c9-4167-a0b6-7e40cf0fd607
UTM,Universidad Técnica de Manabí,INGENIERÍA DE LA PRODUCCIÓN,23,gestionar recursos empresariales,skill/competence,cross-sector,0.7044,http://data.europa.eu/esco/skill/911e13ee-1eec-4243-88c8-3c08a3681a19
UTM,Universidad Técnica de Manabí,INGENIERÍA DE LA PRODUCCIÓN,24,establecer normas para plantas de producción,skill/competence,cross-sector,0.7041,http://data.europa.eu/esco/skill/d154e48f-95b4-4ce6-907e-4a44d50129fe
UTM,Universidad Técnica de Manabí,INGENIERÍA DE LA PRODUCCIÓN,25,supervisar el control de calidad,skill/competence,cross-sector,0.7031,http://data.europa.eu/esco/skill/5d34adde-0b78-42b4-9d3d-69e9388d8398
UTM,Universidad Técnica de Manabí,INGENIERÍA INDUSTRIAL,1,gestionar la calidad,skill/competence,transversal,0.7374,http://data.europa.eu/esco/skill/35ebe444-9ece-4fbc-a55d-e99ea37267ae
UTM,Universidad Técnica de Manabí,INGENIERÍA INDUSTRIAL,2,desarrollar normas y procedimientos de fabricación,skill/competence,cross-sector,0.7362,http://data.europa.eu/esco/skill/764db027-9063-4468-acb3-c73ecfc76f35
UTM,Universidad Técnica de Manabí,INGENIERÍA INDUSTRIAL,3,gestionar empresas de producción,skill/competence,cross-sector,0.7361,http://data.europa.eu/esco/skill/435d1751-8667-41ec-8b32-865b7cd3c684
UTM,Universidad Técnica de Manabí,INGENIERÍA INDUSTRIAL,4,garantizar la seguridad en el zona de producción,skill/competence,cross-sector,0.7249,http://data.europa.eu/esco/skill/ab239c75-dfcc-4f6c-9d11-75bb78049afc
UTM,Universidad Técnica de Manabí,INGENIERÍA INDUSTRIAL,5,impartir formación sobre cómo supervisar la gestión de la calidad,skill/competence,cross-sector,0.7227,http://data.europa.eu/esco/skill/09e7cd13-ea36-4694-afe5-f34373759392
UTM,Universidad Técnica de Manabí,INGENIERÍA INDUSTRIAL,6,verificar las exigencias de fabricación,skill/competence,cross-sector,0.7215,http://data.europa.eu/esco/skill/277f489c-7a47-4791-bd87-61ca01737f96
UTM,Universidad Técnica de Manabí,INGENIERÍA INDUSTRIAL,7,inspeccionar la calidad de los productos,skill/competence,cross-sector,0.7209,http://data.europa.eu/esco/skill/1a3660c2-011c-4e96-9b1d-529afc305428
UTM,Universidad Técnica de Manabí,INGENIERÍA INDUSTRIAL,8,gestionar recursos empresariales,skill/competence,cross-sector,0.7203,http://data.europa.eu/esco/skill/911e13ee-1eec-4243-88c8-3c08a3681a19
UTM,Universidad Técnica de Manabí,INGENIERÍA INDUSTRIAL,9,planificar procesos de fabricación,skill/competence,cross-sector,0.7197,http://data.europa.eu/esco/skill/7d0f33ea-e724-4d77-8b75-ee4fe66bb9ba
UTM,Universidad Técnica de Manabí,INGENIERÍA INDUSTRIAL,10,analizar estrategias de gestión de la cadena de suministro,skill/competence,cross-sector,0.7177,http://data.europa.eu/esco/skill/96d549bb-3e62-4c45-92a7-f114df089581
UTM,Universidad Técnica de Manabí,INGENIERÍA INDUSTRIAL,11,supervisar la producción de la fábrica,skill/competence,cross-sector,0.713,http://data.europa.eu/esco/skill/c09dce1b-e198-487e-b63f-934e10a4c181
UTM,Universidad Técnica de Manabí,INGENIERÍA INDUSTRIAL,12,garantizar la salud y la seguridad en procesos de producción,skill/competence,cross-sector,0.7118,http://data.europa.eu/esco/skill/60ccdd6a-c100-43cf-9797-543a5c42b922
UTM,Universidad Técnica de Manabí,INGENIERÍA INDUSTRIAL,13,programar la producción,skill/competence,cross-sector,0.7114,http://data.europa.eu/esco/skill/2a778aeb-f246-4f03-9a96-c60183001037
UTM,Universidad Técnica de Manabí,INGENIERÍA INDUSTRIAL,14,integrar productos nuevos en la cadena de fabricación,skill/competence,cross-sector,0.7109,http://data.europa.eu/esco/skill/8a753714-9a19-4418-9b37-77e79d72c705
UTM,Universidad Técnica de Manabí,INGENIERÍA INDUSTRIAL,15,asesorar sobre cuestiones relacionadas con problemas de fabricación,skill/competence,cross-sector,0.7089,http://data.europa.eu/esco/skill/6c80c47c-3d08-4356-aa82-46f6ec82c898
UTM,Universidad Técnica de Manabí,INGENIERÍA INDUSTRIAL,16,controlar la producción,skill/competence,cross-sector,0.7075,http://data.europa.eu/esco/skill/feceacee-d425-4e73-821a-02dfb85084db
UTM,Universidad Técnica de Manabí,INGENIERÍA INDUSTRIAL,17,gestionar los suministros,skill/competence,cross-sector,0.7049,http://data.europa.eu/esco/skill/020b3c27-bae1-4b85-9d6f-eccee0f5ed99
UTM,Universidad Técnica de Manabí,INGENIERÍA INDUSTRIAL,18,establecer normas para plantas de producción,skill/competence,cross-sector,0.7037,http://data.europa.eu/esco/skill/d154e48f-95b4-4ce6-907e-4a44d50129fe
UTM,Universidad Técnica de Manabí,INGENIERÍA INDUSTRIAL,19,gestionar la logística,skill/competence,cross-sector,0.7011,http://data.europa.eu/esco/skill/953c0b65-537a-42fe-a90b-26cd36c64361
UTM,Universidad Técnica de Manabí,INGENIERÍA INDUSTRIAL,20,mejorar procesos empresariales,skill/competence,cross-sector,0.7004,http://data.europa.eu/esco/skill/75b30aeb-34c0-40f4-b77d-271d75a98b14
UTM,Universidad Técnica de Manabí,INGENIERÍA INDUSTRIAL,21,gestionar los ensayos de productos,skill/competence,cross-sector,0.6992,http://data.europa.eu/esco/skill/b7a03115-41c9-4167-a0b6-7e40cf0fd607
UTM,Universidad Técnica de Manabí,INGENIERÍA INDUSTRIAL,22,establecer directrices de fabricación,skill/competence,cross-sector,0.6985,http://data.europa.eu/esco/skill/37520413-563e-4d99-a14c-1c6dca3cf833
UTM,Universidad Técnica de Manabí,INGENIERÍA INDUSTRIAL,23,software para procesos industriales,knowledge,cross-sector,0.698,http://data.europa.eu/esco/skill/41ec47dd-08b3-464a-9c45-c706f3e74467
UTM,Universidad Técnica de Manabí,INGENIERÍA INDUSTRIAL,24,elaborar procedimientos en caso de defectos,skill/competence,cross-sector,0.6979,http://data.europa.eu/esco/skill/c65c7304-03b5-4065-a140-ddc405e670d1
UTM,Universidad Técnica de Manabí,INGENIERÍA INDUSTRIAL,25,coordinar las actividades de producción,skill/competence,cross-sector,0.6978,http://data.europa.eu/esco/skill/05c00631-b864-4842-b47e-06710c197c7a
UTM,Universidad Técnica de Manabí,INGENIERÍA QUÍMICA,1,mejorar procesos químicos,skill/competence,cross-sector,0.7483,http://data.europa.eu/esco/skill/451c8010-7dbb-4f96-b4d4-0955766d9eff
UTM,Universidad Técnica de Manabí,INGENIERÍA QUÍMICA,2,inspeccionar la calidad de los productos,skill/competence,cross-sector,0.7422,http://data.europa.eu/esco/skill/1a3660c2-011c-4e96-9b1d-529afc305428
UTM,Universidad Técnica de Manabí,INGENIERÍA QUÍMICA,3,elaborar fórmulas de fabricación,skill/competence,cross-sector,0.7284,http://data.europa.eu/esco/skill/b2ad4e50-cb82-4a34-ab3e-5b5f6c4f9b65
UTM,Universidad Técnica de Manabí,INGENIERÍA QUÍMICA,4,gestionar procedimientos de ensayos de sustancias químicas,skill/competence,cross-sector,0.7259,http://data.europa.eu/esco/skill/abcfd4de-3b3d-48ed-a002-36071bad8d46
UTM,Universidad Técnica de Manabí,INGENIERÍA QUÍMICA,5,fabricar productos químicos,skill/competence,cross-sector,0.7254,http://data.europa.eu/esco/skill/4309a39d-af97-4e56-8d0e-5351b7b8dd01
UTM,Universidad Técnica de Manabí,INGENIERÍA QUÍMICA,6,desarrollar normas y procedimientos de fabricación,skill/competence,cross-sector,0.7246,http://data.europa.eu/esco/skill/764db027-9063-4468-acb3-c73ecfc76f35
UTM,Universidad Técnica de Manabí,INGENIERÍA QUÍMICA,7,manipular productos químicos,skill/competence,cross-sector,0.7239,http://data.europa.eu/esco/skill/2416dc09-6384-409e-8b1d-80bb7a2e7369
UTM,Universidad Técnica de Manabí,INGENIERÍA QUÍMICA,8,impartir formación sobre cómo supervisar la gestión de la calidad,skill/competence,cross-sector,0.7238,http://data.europa.eu/esco/skill/09e7cd13-ea36-4694-afe5-f34373759392
UTM,Universidad Técnica de Manabí,INGENIERÍA QUÍMICA,9,controlar la producción,skill/competence,cross-sector,0.7169,http://data.europa.eu/esco/skill/feceacee-d425-4e73-821a-02dfb85084db
UTM,Universidad Técnica de Manabí,INGENIERÍA QUÍMICA,10,trabajar con sustancias químicas,skill/competence,cross-sector,0.7127,http://data.europa.eu/esco/skill/929a997b-d56c-4383-b36d-6de9fa0e1721
UTM,Universidad Técnica de Manabí,INGENIERÍA QUÍMICA,11,diseñar sistemas de fabricación farmacéutica,skill/competence,cross-sector,0.7123,http://data.europa.eu/esco/skill/1c8327dd-9af0-4124-9c4e-0342d90189d4
UTM,Universidad Técnica de Manabí,INGENIERÍA QUÍMICA,12,programar controles de equipos,skill/competence,cross-sector,0.7121,http://data.europa.eu/esco/skill/5fc0d7d8-bb81-4c1e-b420-e0f1ef8c2743
UTM,Universidad Técnica de Manabí,INGENIERÍA QUÍMICA,13,supervisar la producción de la fábrica,skill/competence,cross-sector,0.7093,http://data.europa.eu/esco/skill/c09dce1b-e198-487e-b63f-934e10a4c181
UTM,Universidad Técnica de Manabí,INGENIERÍA QUÍMICA,14,verificar las exigencias de fabricación,skill/competence,cross-sector,0.7088,http://data.europa.eu/esco/skill/277f489c-7a47-4791-bd87-61ca01737f96
UTM,Universidad Técnica de Manabí,INGENIERÍA QUÍMICA,15,gestionar empresas de producción,skill/competence,cross-sector,0.7086,http://data.europa.eu/esco/skill/435d1751-8667-41ec-8b32-865b7cd3c684
UTM,Universidad Técnica de Manabí,INGENIERÍA QUÍMICA,16,realizar el control de procesos en la industria de prendas de vestir,skill/competence,cross-sector,0.7084,http://data.europa.eu/esco/skill/58c080f9-71d5-429d-9476-bc9e742d460c
UTM,Universidad Técnica de Manabí,INGENIERÍA QUÍMICA,17,desarrollar procedimientos de ensayo de materiales,skill/competence,cross-sector,0.7064,http://data.europa.eu/esco/skill/658b6ea0-79f5-451d-a037-7593a4416c85
UTM,Universidad Técnica de Manabí,INGENIERÍA QUÍMICA,18,realizar todas las actividades de ingeniería de procesos,skill/competence,cross-sector,0.706,http://data.europa.eu/esco/skill/8b9d609a-6d62-4d5c-9133-01d41979cfac
UTM,Universidad Técnica de Manabí,INGENIERÍA QUÍMICA,19,coordinar equipos de ingeniería,skill/competence,cross-sector,0.7037,http://data.europa.eu/esco/skill/7af6e9e8-1e11-4c0b-b7c6-ac96bbbbc674
UTM,Universidad Técnica de Manabí,INGENIERÍA QUÍMICA,20,coordinar las actividades de producción,skill/competence,cross-sector,0.7023,http://data.europa.eu/esco/skill/05c00631-b864-4842-b47e-06710c197c7a
UTM,Universidad Técnica de Manabí,INGENIERÍA QUÍMICA,21,gestionar la calidad,skill/competence,transversal,0.698,http://data.europa.eu/esco/skill/35ebe444-9ece-4fbc-a55d-e99ea37267ae
UTM,Universidad Técnica de Manabí,INGENIERÍA QUÍMICA,22,gestionar los ensayos de productos,skill/competence,cross-sector,0.6977,http://data.europa.eu/esco/skill/b7a03115-41c9-4167-a0b6-7e40cf0fd607
UTM,Universidad Técnica de Manabí,INGENIERÍA QUÍMICA,23,establecer directrices de fabricación,skill/competence,cross-sector,0.6934,http://data.europa.eu/esco/skill/37520413-563e-4d99-a14c-1c6dca3cf833
UTM,Universidad Técnica de Manabí,INGENIERÍA QUÍMICA,24,manipular productos químicos de limpieza,skill/competence,cross-sector,0.6932,http://data.europa.eu/esco/skill/51a26193-9abe-4bce-9108-f50835be1c35
UTM,Universidad Técnica de Manabí,INGENIERÍA QUÍMICA,25,gestionar la inspección de procesos químicos,skill/competence,cross-sector,0.6931,http://data.europa.eu/esco/skill/624b124f-6d1d-4d50-b775-f7c81c4f0cb5
UTM,Universidad Técnica de Manabí,MECÁNICA,1,diseñar componentes de automatización,skill/competence,cross-sector,0.7046,http://data.europa.eu/esco/skill/f96f5aa5-6ed7-40dc-a431-68b0a09d6d4b
UTM,Universidad Técnica de Manabí,MECÁNICA,2,desarrollar normas y procedimientos de fabricación,skill/competence,cross-sector,0.7016,http://data.europa.eu/esco/skill/764db027-9063-4468-acb3-c73ecfc76f35
UTM,Universidad Técnica de Manabí,MECÁNICA,3,diseñar componentes de ingeniería,skill/competence,cross-sector,0.6983,http://data.europa.eu/esco/skill/87434439-c07d-48be-af34-b0cdd03121c4
UTM,Universidad Técnica de Manabí,MECÁNICA,4,gestionar sistemas de instrumentación,skill/competence,cross-sector,0.6857,http://data.europa.eu/esco/skill/5d71a91f-cc72-4b66-b6e3-d75ecc05e235
UTM,Universidad Técnica de Manabí,MECÁNICA,5,planificar procesos de fabricación,skill/competence,cross-sector,0.6829,http://data.europa.eu/esco/skill/7d0f33ea-e724-4d77-8b75-ee4fe66bb9ba
UTM,Universidad Técnica de Manabí,MECÁNICA,6,ingeniería industrial,knowledge,cross-sector,0.6825,http://data.europa.eu/esco/skill/a1816dfd-dbdc-4499-bef3-ff81dd895b33
UTM,Universidad Técnica de Manabí,MECÁNICA,7,escribir manuales,skill/competence,cross-sector,0.6824,http://data.europa.eu/esco/skill/cbd9cd0f-6c22-4bbc-8af2-dc9c7f5efcb5
UTM,Universidad Técnica de Manabí,MECÁNICA,8,proporcionar experiencia técnica,skill/competence,cross-sector,0.6813,http://data.europa.eu/esco/skill/c69587b4-05d3-45bb-b79b-9b85e6603fc2
UTM,Universidad Técnica de Manabí,MECÁNICA,9,montar equipos de instrumentación,skill/competence,cross-sector,0.6803,http://data.europa.eu/esco/skill/af0b1937-7538-434f-871b-7e8f72e04117
UTM,Universidad Técnica de Manabí,MECÁNICA,10,sistemas mecánicos,knowledge,cross-sector,0.6796,http://data.europa.eu/esco/skill/69bece91-c806-42ad-bde4-db28c7f8fc4b
UTM,Universidad Técnica de Manabí,MECÁNICA,11,desarrollar sistemas de instrumentación,skill/competence,cross-sector,0.6779,http://data.europa.eu/esco/skill/d8c19849-f4cf-458d-90cd-abe735a729bf
UTM,Universidad Técnica de Manabí,MECÁNICA,12,examinar principios de ingeniería,skill/competence,cross-sector,0.6778,http://data.europa.eu/esco/skill/8bc1c7da-c832-4896-a441-30d087c46aad
UTM,Universidad Técnica de Manabí,MECÁNICA,13,herramientas mecánicas,knowledge,cross-sector,0.6774,http://data.europa.eu/esco/skill/44297bbb-306a-46fa-ab1b-fa3fb327ebda
UTM,Universidad Técnica de Manabí,MECÁNICA,14,realizar todas las actividades de ingeniería de procesos,skill/competence,cross-sector,0.6771,http://data.europa.eu/esco/skill/8b9d609a-6d62-4d5c-9133-01d41979cfac
UTM,Universidad Técnica de Manabí,MECÁNICA,15,coordinar equipos de ingeniería,skill/competence,cross-sector,0.6761,http://data.europa.eu/esco/skill/7af6e9e8-1e11-4c0b-b7c6-ac96bbbbc674
UTM,Universidad Técnica de Manabí,MECÁNICA,16,diseñar sistemas de control,skill/competence,cross-sector,0.674,http://data.europa.eu/esco/skill/d560df46-dda4-4407-bab2-b87353a96814
UTM,Universidad Técnica de Manabí,MECÁNICA,17,ingeniería ambiental,knowledge,cross-sector,0.6734,http://data.europa.eu/esco/skill/b1b118c4-3291-484e-b64d-6d51fd5da8b3
UTM,Universidad Técnica de Manabí,MECÁNICA,18,principios de ingeniería mecánica,knowledge,cross-sector,0.6719,http://data.europa.eu/esco/skill/54804209-6aac-4ca4-bf3c-aef4fbe18f8c
UTM,Universidad Técnica de Manabí,MECÁNICA,19,gestionar el impacto medioambiental de las operaciones,skill/competence,cross-sector,0.6712,http://data.europa.eu/esco/skill/d86babea-bf8b-4552-81a8-daf706066ad6
UTM,Universidad Técnica de Manabí,MECÁNICA,20,gestionar proyectos de ingeniería,skill/competence,cross-sector,0.6708,http://data.europa.eu/esco/skill/6a899482-8bcf-40ca-ae67-579a1cc467ab
UTM,Universidad Técnica de Manabí,MECÁNICA,21,desarrollar procedimientos de ensayo de materiales,skill/competence,cross-sector,0.6704,http://data.europa.eu/esco/skill/658b6ea0-79f5-451d-a037-7593a4416c85
UTM,Universidad Técnica de Manabí,MECÁNICA,22,realizar trabajos técnicos difíciles,skill/competence,cross-sector,0.6702,http://data.europa.eu/esco/skill/2d780738-9b34-40a3-adbb-590001f6ff86
UTM,Universidad Técnica de Manabí,MECÁNICA,23,impartir formación sobre cuestiones ambientales,skill/competence,cross-sector,0.6675,http://data.europa.eu/esco/skill/2cb27e30-2be7-4a09-9502-fdd2102c046b
UTM,Universidad Técnica de Manabí,MECÁNICA,24,establecer directrices de fabricación,skill/competence,cross-sector,0.6667,http://data.europa.eu/esco/skill/37520413-563e-4d99-a14c-1c6dca3cf833
UTM,Universidad Técnica de Manabí,MECÁNICA,25,diseñar escombreras de minas,skill/competence,cross-sector,0.6667,http://data.europa.eu/esco/skill/cfbe1cdb-1738-45a1-b442-75cbda1fff06
UTM,Universidad Técnica de Manabí,SISTEMAS DE INFORMACIÓN,1,gestionar sistemas de instrumentación,skill/competence,cross-sector,0.636,http://data.europa.eu/esco/skill/5d71a91f-cc72-4b66-b6e3-d75ecc05e235
UTM,Universidad Técnica de Manabí,SISTEMAS DE INFORMACIÓN,2,ingeniería informática,knowledge,cross-sector,0.6069,http://data.europa.eu/esco/skill/89f6560b-2194-45c9-9ece-d33049a73eef
UTM,Universidad Técnica de Manabí,SISTEMAS DE INFORMACIÓN,3,gestionar sistemas administrativos,skill/competence,cross-sector,0.6069,http://data.europa.eu/esco/skill/6ae8306a-4f9d-4410-ac82-6406f3cbd16a
UTM,Universidad Técnica de Manabí,SISTEMAS DE INFORMACIÓN,4,coordinar equipos de ingeniería,skill/competence,cross-sector,0.6013,http://data.europa.eu/esco/skill/7af6e9e8-1e11-4c0b-b7c6-ac96bbbbc674
UTM,Universidad Técnica de Manabí,SISTEMAS DE INFORMACIÓN,5,utilizar herramientas informáticas,skill/competence,cross-sector,0.5998,http://data.europa.eu/esco/skill/f632251a-4078-4546-b19f-7ef528d08325
UTM,Universidad Técnica de Manabí,SISTEMAS DE INFORMACIÓN,6,utilizar sistemas TCI,skill/competence,cross-sector,0.599,http://data.europa.eu/esco/skill/31d35d3d-2bf2-49aa-9c20-92566ef80277
UTM,Universidad Técnica de Manabí,SISTEMAS DE INFORMACIÓN,7,resolver problemas de sistemas TIC,skill/competence,cross-sector,0.5959,http://data.europa.eu/esco/skill/9e06bac6-6b91-48ca-8b7d-c1f48cdecd7c
UTM,Universidad Técnica de Manabí,SISTEMAS DE INFORMACIÓN,8,crear soluciones para problemas informativos,skill/competence,cross-sector,0.5924,http://data.europa.eu/esco/skill/4539aeca-b56f-4d03-ba86-8f675a7f2536
UTM,Universidad Técnica de Manabí,SISTEMAS DE INFORMACIÓN,9,realizar una evaluación de la incidencia de los procesos de las TIC en las empresas,skill/competence,cross-sector,0.5924,http://data.europa.eu/esco/skill/17c9a790-5664-4673-8237-c4cf3c5a8da5
UTM,Universidad Técnica de Manabí,SISTEMAS DE INFORMACIÓN,10,gestionar publicaciones abiertas,skill/competence,cross-sector,0.5914,http://data.europa.eu/esco/skill/da930e2f-6047-4616-a598-bba8ecef3039
UTM,Universidad Técnica de Manabí,SISTEMAS DE INFORMACIÓN,11,gestionar proyectos de ingeniería,skill/competence,cross-sector,0.5901,http://data.europa.eu/esco/skill/6a899482-8bcf-40ca-ae67-579a1cc467ab
UTM,Universidad Técnica de Manabí,SISTEMAS DE INFORMACIÓN,12,desarrollar normas de información,skill/competence,cross-sector,0.5899,http://data.europa.eu/esco/skill/1b3fc0e0-c6f9-45fc-9c6e-14bbba662979
UTM,Universidad Técnica de Manabí,SISTEMAS DE INFORMACIÓN,13,tecnología informática,knowledge,cross-sector,0.5896,http://data.europa.eu/esco/skill/ddc3119d-1d6e-4324-9125-a3380d299ac5
UTM,Universidad Técnica de Manabí,SISTEMAS DE INFORMACIÓN,14,ingeniería de telecomunicaciones,knowledge,cross-sector,0.5894,http://data.europa.eu/esco/skill/14764a75-3104-4875-ba1d-57c059b9b013
UTM,Universidad Técnica de Manabí,SISTEMAS DE INFORMACIÓN,15,"gestionar datos, información y contenido digitales",skill/competence,cross-sector,0.5891,http://data.europa.eu/esco/skill/4d97e3c3-f335-47cc-a4ee-0d779fd42222
UTM,Universidad Técnica de Manabí,SISTEMAS DE INFORMACIÓN,16,tener competencias informáticas,skill/competence,cross-sector,0.5886,http://data.europa.eu/esco/skill/d15ce60f-ddab-41ce-ba56-398451b77b60
UTM,Universidad Técnica de Manabí,SISTEMAS DE INFORMACIÓN,17,proporcionar soporte de TIC,skill/competence,cross-sector,0.5881,http://data.europa.eu/esco/skill/c2296e2e-5fef-4f24-a24f-e5b3792268be
UTM,Universidad Técnica de Manabí,SISTEMAS DE INFORMACIÓN,18,aplicar políticas organizativas del sistema,skill/competence,cross-sector,0.5879,http://data.europa.eu/esco/skill/07e47d58-dd0e-4302-9e68-70a188e89065
UTM,Universidad Técnica de Manabí,SISTEMAS DE INFORMACIÓN,19,detectar y corregir errores de las tecnologías de la información y de las comunicaciones,skill/competence,cross-sector,0.5839,http://data.europa.eu/esco/skill/744442ac-c157-4350-8be0-ce454df4f5c5
UTM,Universidad Técnica de Manabí,SISTEMAS DE INFORMACIÓN,20,ingeniería de sistemas basada en modelos,knowledge,cross-sector,0.5838,http://data.europa.eu/esco/skill/25df422a-bf0a-4f76-8631-d0be91cb8751
UTM,Universidad Técnica de Manabí,SISTEMAS DE INFORMACIÓN,21,detectar necesidades tecnológicas,skill/competence,cross-sector,0.5828,http://data.europa.eu/esco/skill/42fcf80d-7b45-40f3-bd2f-5411c4c0dfa0
UTM,Universidad Técnica de Manabí,SISTEMAS DE INFORMACIÓN,22,gestionar la instalación de estructuras para eventos,skill/competence,cross-sector,0.582,http://data.europa.eu/esco/skill/0e503b48-5491-4529-879e-b112251f8d50
UTM,Universidad Técnica de Manabí,SISTEMAS DE INFORMACIÓN,23,elaborar software estadístico,skill/competence,cross-sector,0.5812,http://data.europa.eu/esco/skill/bb165899-d95f-4433-95f2-173fefd716d2
UTM,Universidad Técnica de Manabí,SISTEMAS DE INFORMACIÓN,24,supervisar operaciones informativas diarias,skill/competence,cross-sector,0.5804,http://data.europa.eu/esco/skill/9013b46e-5a9b-4929-8918-fcadfdfd37ce
UTM,Universidad Técnica de Manabí,SISTEMAS DE INFORMACIÓN,25,mantener el hardware de la red de información,skill/competence,cross-sector,0.5791,http://data.europa.eu/esco/skill/19c0e68e-6e6c-4698-85dc-ef66a9de2c37
UTM,Universidad Técnica de Manabí,TELECOMUNICACIONES,1,desarrollar estrategias de comunicación,skill/competence,cross-sector,0.7209,http://data.europa.eu/esco/skill/3c834f6e-523a-49ee-8ed1-e073e28ae6fe
UTM,Universidad Técnica de Manabí,TELECOMUNICACIONES,2,coordinar comunicaciones remotas,skill/competence,cross-sector,0.7101,http://data.europa.eu/esco/skill/9bafaea2-76cd-4532-ab77-8b3d21fa6235
UTM,Universidad Técnica de Manabí,TELECOMUNICACIONES,3,sector de las telecomunicaciones,knowledge,cross-sector,0.7033,http://data.europa.eu/esco/skill/60b44dab-03f1-46de-be08-0e5ba8662b3d
UTM,Universidad Técnica de Manabí,TELECOMUNICACIONES,4,detectar y corregir errores de las tecnologías de la información y de las comunicaciones,skill/competence,cross-sector,0.7013,http://data.europa.eu/esco/skill/744442ac-c157-4350-8be0-ce454df4f5c5
UTM,Universidad Técnica de Manabí,TELECOMUNICACIONES,5,crear soluciones para problemas informativos,skill/competence,cross-sector,0.6976,http://data.europa.eu/esco/skill/4539aeca-b56f-4d03-ba86-8f675a7f2536
UTM,Universidad Técnica de Manabí,TELECOMUNICACIONES,6,asesorar a la clientela acerca de las posibilidades técnicas,skill/competence,cross-sector,0.6967,http://data.europa.eu/esco/skill/7b3abd38-61ae-42a4-88bb-0884784f9ee1
UTM,Universidad Técnica de Manabí,TELECOMUNICACIONES,7,asesorar sobre estrategias de comunicación,skill/competence,cross-sector,0.694,http://data.europa.eu/esco/skill/69f36674-440a-4fa0-89f9-1b70172ebb9d
UTM,Universidad Técnica de Manabí,TELECOMUNICACIONES,8,coordinar equipos de ingeniería,skill/competence,cross-sector,0.6918,http://data.europa.eu/esco/skill/7af6e9e8-1e11-4c0b-b7c6-ac96bbbbc674
UTM,Universidad Técnica de Manabí,TELECOMUNICACIONES,9,comunicarse con los jefes y directivos,skill/competence,cross-sector,0.6906,http://data.europa.eu/esco/skill/f14ff4b7-be1e-4b55-b39b-520005f8a97e
UTM,Universidad Técnica de Manabí,TELECOMUNICACIONES,10,gestionar proyectos de investigación y desarrollo,skill/competence,cross-sector,0.6897,http://data.europa.eu/esco/skill/d5dbc342-8e39-4998-8237-ebbe05a381ce
UTM,Universidad Técnica de Manabí,TELECOMUNICACIONES,11,realizar gestión de clientes,skill/competence,cross-sector,0.6884,http://data.europa.eu/esco/skill/91306a20-9b81-4f3d-97eb-f5368b607da7
UTM,Universidad Técnica de Manabí,TELECOMUNICACIONES,12,elaborar las estrategias empresariales,skill/competence,cross-sector,0.6862,http://data.europa.eu/esco/skill/ba2c6181-b036-40b4-8f6d-51499463ccbb
UTM,Universidad Técnica de Manabí,TELECOMUNICACIONES,13,diseñar sistemas de transporte,skill/competence,cross-sector,0.6837,http://data.europa.eu/esco/skill/11f364dd-0814-4398-b00e-10d1be8b27af
UTM,Universidad Técnica de Manabí,TELECOMUNICACIONES,14,Proponer soluciones tecnológicas a problemas empresariales,skill/competence,cross-sector,0.6836,http://data.europa.eu/esco/skill/07e51c60-763a-4335-b4ec-70a15f66d328
UTM,Universidad Técnica de Manabí,TELECOMUNICACIONES,15,guiar a los gestores de los diferentes departamentos de la empresa,skill/competence,cross-sector,0.6803,http://data.europa.eu/esco/skill/3e61ee41-2bd9-466f-b313-00ce04072410
UTM,Universidad Técnica de Manabí,TELECOMUNICACIONES,16,gestionar canales de distribución,skill/competence,cross-sector,0.6767,http://data.europa.eu/esco/skill/5a5adfe3-5afe-4a24-b9a8-cee8481995e7
UTM,Universidad Técnica de Manabí,TELECOMUNICACIONES,17,instalar líneas de energía eléctrica,skill/competence,cross-sector,0.6751,http://data.europa.eu/esco/skill/0c627853-241e-405b-9044-aaff6bca133e
UTM,Universidad Técnica de Manabí,TELECOMUNICACIONES,18,gestionar los programas públicos,skill/competence,cross-sector,0.6742,http://data.europa.eu/esco/skill/0761f325-13e7-49f4-a41a-ec64ba4e7b9d
UTM,Universidad Técnica de Manabí,TELECOMUNICACIONES,19,establecer directrices de fabricación,skill/competence,cross-sector,0.6739,http://data.europa.eu/esco/skill/37520413-563e-4d99-a14c-1c6dca3cf833
UTM,Universidad Técnica de Manabí,TELECOMUNICACIONES,20,actuar de enlace con los ingenieros,skill/competence,cross-sector,0.6721,http://data.europa.eu/esco/skill/c5c51528-ccfc-4c53-b409-c200aaa44222
UTM,Universidad Técnica de Manabí,TELECOMUNICACIONES,21,coordinar campañas publicitarias,skill/competence,cross-sector,0.6705,http://data.europa.eu/esco/skill/ae6af2c6-890d-40a7-9849-326a8c21df76
UTM,Universidad Técnica de Manabí,TELECOMUNICACIONES,22,establecer canales de comunicación con otras culturas,skill/competence,cross-sector,0.6696,http://data.europa.eu/esco/skill/c683335e-b862-44a5-9d37-fc85b39cf022
UTM,Universidad Técnica de Manabí,TELECOMUNICACIONES,23,diseñar sistemas de control,skill/competence,cross-sector,0.668,http://data.europa.eu/esco/skill/d560df46-dda4-4407-bab2-b87353a96814
UTM,Universidad Técnica de Manabí,TELECOMUNICACIONES,24,evaluar las necesidades energéticas,skill/competence,cross-sector,0.6678,http://data.europa.eu/esco/skill/36fccad9-1d20-4104-bcc2-a8ea9d1ce5ea
UTM,Universidad Técnica de Manabí,TELECOMUNICACIONES,25,gestionar el departamento de servicios de medios,skill/competence,cross-sector,0.6677,http://data.europa.eu/esco/skill/8de195a5-ffd6-4d99-aee8-9ec4a24dbafa
UTM,Universidad Técnica de Manabí,COMPUTACIÓN,1,elaborar software estadístico,skill/competence,cross-sector,0.7217,http://data.europa.eu/esco/skill/bb165899-d95f-4433-95f2-173fefd716d2
UTM,Universidad Técnica de Manabí,COMPUTACIÓN,2,resolver problemas de sistemas TIC,skill/competence,cross-sector,0.7087,http://data.europa.eu/esco/skill/9e06bac6-6b91-48ca-8b7d-c1f48cdecd7c
UTM,Universidad Técnica de Manabí,COMPUTACIÓN,3,resolver problemas técnicos,skill/competence,cross-sector,0.6985,http://data.europa.eu/esco/skill/14832d87-2f2f-4895-b290-e4760ebae42a
UTM,Universidad Técnica de Manabí,COMPUTACIÓN,4,Proponer soluciones tecnológicas a problemas empresariales,skill/competence,cross-sector,0.6965,http://data.europa.eu/esco/skill/07e51c60-763a-4335-b4ec-70a15f66d328
UTM,Universidad Técnica de Manabí,COMPUTACIÓN,5,asesorar a la clientela acerca de las posibilidades técnicas,skill/competence,cross-sector,0.6907,http://data.europa.eu/esco/skill/7b3abd38-61ae-42a4-88bb-0884784f9ee1
UTM,Universidad Técnica de Manabí,COMPUTACIÓN,6,detectar necesidades tecnológicas,skill/competence,cross-sector,0.6891,http://data.europa.eu/esco/skill/42fcf80d-7b45-40f3-bd2f-5411c4c0dfa0
UTM,Universidad Técnica de Manabí,COMPUTACIÓN,7,aplicar políticas organizativas del sistema,skill/competence,cross-sector,0.6882,http://data.europa.eu/esco/skill/07e47d58-dd0e-4302-9e68-70a188e89065
UTM,Universidad Técnica de Manabí,COMPUTACIÓN,8,crear soluciones para problemas informativos,skill/competence,cross-sector,0.6869,http://data.europa.eu/esco/skill/4539aeca-b56f-4d03-ba86-8f675a7f2536
UTM,Universidad Técnica de Manabí,COMPUTACIÓN,9,proporcionar documentación para el usuario,skill/competence,cross-sector,0.6835,http://data.europa.eu/esco/skill/385479b7-5da5-4367-9763-0d15b41bb65b
UTM,Universidad Técnica de Manabí,COMPUTACIÓN,10,crear soluciones para problemas,skill/competence,cross-sector,0.683,http://data.europa.eu/esco/skill/03b9b491-fc9b-4868-914a-bf7cd47b5041
UTM,Universidad Técnica de Manabí,COMPUTACIÓN,11,desarrollar procedimientos de prueba,skill/competence,cross-sector,0.6822,http://data.europa.eu/esco/skill/f10142ce-d522-49c3-9fd1-054fb63529d4
UTM,Universidad Técnica de Manabí,COMPUTACIÓN,12,desarrollar procedimientos de prueba electrónica,skill/competence,cross-sector,0.6804,http://data.europa.eu/esco/skill/0de6bca4-f3aa-452a-8e10-d355b2c1bfc4
UTM,Universidad Técnica de Manabí,COMPUTACIÓN,13,diseñar sistemas de transporte,skill/competence,cross-sector,0.6796,http://data.europa.eu/esco/skill/11f364dd-0814-4398-b00e-10d1be8b27af
UTM,Universidad Técnica de Manabí,COMPUTACIÓN,14,gestionar sistemas de instrumentación,skill/competence,cross-sector,0.6795,http://data.europa.eu/esco/skill/5d71a91f-cc72-4b66-b6e3-d75ecc05e235
UTM,Universidad Técnica de Manabí,COMPUTACIÓN,15,utilizar sistemas TCI,skill/competence,cross-sector,0.6785,http://data.europa.eu/esco/skill/31d35d3d-2bf2-49aa-9c20-92566ef80277
UTM,Universidad Técnica de Manabí,COMPUTACIÓN,16,desarrollar sistemas de instrumentación,skill/competence,cross-sector,0.6772,http://data.europa.eu/esco/skill/d8c19849-f4cf-458d-90cd-abe735a729bf
UTM,Universidad Técnica de Manabí,COMPUTACIÓN,17,diseñar procesos,skill/competence,cross-sector,0.6771,http://data.europa.eu/esco/skill/2c28fc20-8a60-4311-8899-5ef8729c05b3
UTM,Universidad Técnica de Manabí,COMPUTACIÓN,18,identificar requisitos del cliente,skill/competence,cross-sector,0.6769,http://data.europa.eu/esco/skill/0e0c9c11-b39e-43cf-ba95-2fe646f5de64
UTM,Universidad Técnica de Manabí,COMPUTACIÓN,19,desarrollar políticas de la organización,skill/competence,cross-sector,0.6767,http://data.europa.eu/esco/skill/3254275d-a1b5-4640-9481-02f38780ac35
UTM,Universidad Técnica de Manabí,COMPUTACIÓN,20,realizar gestión de clientes,skill/competence,cross-sector,0.6764,http://data.europa.eu/esco/skill/91306a20-9b81-4f3d-97eb-f5368b607da7
UTM,Universidad Técnica de Manabí,COMPUTACIÓN,21,utilizar las tecnologías digitales con creatividad,skill/competence,cross-sector,0.6754,http://data.europa.eu/esco/skill/1a4cc54f-1e53-442b-a6d2-1682dc8ef8f9
UTM,Universidad Técnica de Manabí,COMPUTACIÓN,22,desarrollar normas y procedimientos de fabricación,skill/competence,cross-sector,0.6748,http://data.europa.eu/esco/skill/764db027-9063-4468-acb3-c73ecfc76f35
UTM,Universidad Técnica de Manabí,COMPUTACIÓN,23,programación informática,knowledge,cross-sector,0.6745,http://data.europa.eu/esco/skill/21d2f96d-35f7-4e3f-9745-c533d2dd6e97
UTM,Universidad Técnica de Manabí,COMPUTACIÓN,24,resolver problemas,skill/competence,transversal,0.6735,http://data.europa.eu/esco/skill/adc6dc11-3376-467b-96c5-9b0a21edc869
UTM,Universidad Técnica de Manabí,COMPUTACIÓN,25,mantener soporte físico informático,skill/competence,cross-sector,0.6717,http://data.europa.eu/esco/skill/c77db25e-bb51-4a10-b2ad-99b48b1b4a37
