siglas,universidad,nombre,rank,skill_label,skill_type,reuse_level,score,skill_uri
EPN,Escuela Politécnica Nacional,Licenciatura Administracion De Empresas,1,aplicar la gestión de conflictos,skill/competence,cross-sector,0.8588,http://data.europa.eu/esco/skill/0ee94af1-b445-4973-9c3f-459fab250342
EPN,Escuela Politécnica Nacional,Licenciatura Administracion De Empresas,2,gestionar recursos humanos,skill/competence,cross-sector,0.8531,http://data.europa.eu/esco/skill/339ac029-066a-4985-9f9d-b3d7c8fea0bb
EPN,Escuela Politécnica Nacional,Licenciatura Administracion De Empresas,3,gestionar un equipo,skill/competence,cross-sector,0.848,http://data.europa.eu/esco/skill/cb668e89-6ef5-4ff3-ab4a-506010e7e70b
EPN,Escuela Politécnica Nacional,Licenciatura Administracion De Empresas,4,respetar las normas internas de una empresa,skill/competence,cross-sector,0.8451,http://data.europa.eu/esco/skill/f5f5b244-6cea-4fbc-8a50-8f712791bc09
EPN,Escuela Politécnica Nacional,Licenciatura Administracion De Empresas,5,tener espíritu emprendedor,skill/competence,transversal,0.8445,http://data.europa.eu/esco/skill/bdcf429c-5ccf-4c3d-bb61-4c987573a35e
EPN,Escuela Politécnica Nacional,Licenciatura Administracion De Empresas,6,gestionar empresas de producción,skill/competence,cross-sector,0.8429,http://data.europa.eu/esco/skill/435d1751-8667-41ec-8b32-865b7cd3c684
EPN,Escuela Politécnica Nacional,Licenciatura Administracion De Empresas,7,sensibilizar sobre el medioambiente,skill/competence,cross-sector,0.8423,http://data.europa.eu/esco/skill/8abdc43c-2bfd-417c-97c2-27fcdaf53171
EPN,Escuela Politécnica Nacional,Licenciatura Administracion De Empresas,8,realizar gestión de clientes,skill/competence,cross-sector,0.8423,http://data.europa.eu/esco/skill/91306a20-9b81-4f3d-97eb-f5368b607da7
EPN,Escuela Politécnica Nacional,Licenciatura Administracion De Empresas,9,legislación ambiental en materia de agricultura y silvicultura,knowledge,cross-sector,0.841,http://data.europa.eu/esco/skill/3419fac9-575d-4492-a018-edff6f4dae26
EPN,Escuela Politécnica Nacional,Licenciatura Administracion De Empresas,10,enseñar principios de gestión empresarial,skill/competence,cross-sector,0.839,http://data.europa.eu/esco/skill/29d3663f-348a-4b67-a8db-b94fd3912385
EPN,Escuela Politécnica Nacional,Ingenieria Agroindustria,1,sensibilizar sobre el medioambiente,skill/competence,cross-sector,0.857,http://data.europa.eu/esco/skill/8abdc43c-2bfd-417c-97c2-27fcdaf53171
EPN,Escuela Politécnica Nacional,Ingenieria Agroindustria,2,legislación ambiental en materia de agricultura y silvicultura,knowledge,cross-sector,0.8546,http://data.europa.eu/esco/skill/3419fac9-575d-4492-a018-edff6f4dae26
EPN,Escuela Politécnica Nacional,Ingenieria Agroindustria,3,aplicar medidas de protección del medioambiente,skill/competence,cross-sector,0.853,http://data.europa.eu/esco/skill/f6d7ba88-5234-4994-944d-843ca453c923
EPN,Escuela Politécnica Nacional,Ingenieria Agroindustria,4,aplicar la gestión de conflictos,skill/competence,cross-sector,0.8511,http://data.europa.eu/esco/skill/0ee94af1-b445-4973-9c3f-459fab250342
EPN,Escuela Politécnica Nacional,Ingenieria Agroindustria,5,"aplicar conocimientos científicos, tecnológicos y de ingeniería",skill/competence,transversal,0.8507,http://data.europa.eu/esco/skill/5c3ab99d-a3f1-4620-9602-d12d2151a03d
EPN,Escuela Politécnica Nacional,Ingenieria Agroindustria,6,planificar procesos de fabricación,skill/competence,cross-sector,0.8499,http://data.europa.eu/esco/skill/7d0f33ea-e724-4d77-8b75-ee4fe66bb9ba
EPN,Escuela Politécnica Nacional,Ingenieria Agroindustria,7,realizar todas las actividades de ingeniería de procesos,skill/competence,cross-sector,0.8497,http://data.europa.eu/esco/skill/8b9d609a-6d62-4d5c-9133-01d41979cfac
EPN,Escuela Politécnica Nacional,Ingenieria Agroindustria,8,diseñar escombreras de minas,skill/competence,cross-sector,0.8496,http://data.europa.eu/esco/skill/cfbe1cdb-1738-45a1-b442-75cbda1fff06
EPN,Escuela Politécnica Nacional,Ingenieria Agroindustria,9,tener competencias informáticas,skill/competence,cross-sector,0.8495,http://data.europa.eu/esco/skill/d15ce60f-ddab-41ce-ba56-398451b77b60
EPN,Escuela Politécnica Nacional,Ingenieria Agroindustria,10,gestionar el impacto medioambiental de las operaciones,skill/competence,cross-sector,0.8493,http://data.europa.eu/esco/skill/d86babea-bf8b-4552-81a8-daf706066ad6
EPN,Escuela Politécnica Nacional,Ingenieria Ambiental,1,ingeniería ambiental,knowledge,cross-sector,0.8537,http://data.europa.eu/esco/skill/b1b118c4-3291-484e-b64d-6d51fd5da8b3
EPN,Escuela Politécnica Nacional,Ingenieria Ambiental,2,diseñar escombreras de minas,skill/competence,cross-sector,0.8466,http://data.europa.eu/esco/skill/cfbe1cdb-1738-45a1-b442-75cbda1fff06
EPN,Escuela Politécnica Nacional,Ingenieria Ambiental,3,aplicar medidas de protección del medioambiente,skill/competence,cross-sector,0.8461,http://data.europa.eu/esco/skill/f6d7ba88-5234-4994-944d-843ca453c923
EPN,Escuela Politécnica Nacional,Ingenieria Ambiental,4,realizar auditorías ambientales,skill/competence,cross-sector,0.8456,http://data.europa.eu/esco/skill/60ab2bf7-c812-4a88-86c0-7c81a9b2f77c
EPN,Escuela Politécnica Nacional,Ingenieria Ambiental,5,gestionar el impacto medioambiental de las operaciones,skill/competence,cross-sector,0.8446,http://data.europa.eu/esco/skill/d86babea-bf8b-4552-81a8-daf706066ad6
EPN,Escuela Politécnica Nacional,Ingenieria Ambiental,6,sensibilizar sobre el medioambiente,skill/competence,cross-sector,0.8433,http://data.europa.eu/esco/skill/8abdc43c-2bfd-417c-97c2-27fcdaf53171
EPN,Escuela Politécnica Nacional,Ingenieria Ambiental,7,legislación ambiental en materia de agricultura y silvicultura,knowledge,cross-sector,0.8419,http://data.europa.eu/esco/skill/3419fac9-575d-4492-a018-edff6f4dae26
EPN,Escuela Politécnica Nacional,Ingenieria Ambiental,8,aplicar la gestión de conflictos,skill/competence,cross-sector,0.8415,http://data.europa.eu/esco/skill/0ee94af1-b445-4973-9c3f-459fab250342
EPN,Escuela Politécnica Nacional,Ingenieria Ambiental,9,evaluar el impacto ambiental de yacimientos y zonas industriales,skill/competence,cross-sector,0.841,http://data.europa.eu/esco/skill/f12f094b-492f-4e88-b36b-50b8e58b7500
EPN,Escuela Politécnica Nacional,Ingenieria Ambiental,10,realizar actividades de limpieza de forma respetuosa con el medioambiente,skill/competence,cross-sector,0.8397,http://data.europa.eu/esco/skill/4fb7f781-9362-426a-9eb6-65c360f83e31
EPN,Escuela Politécnica Nacional,Ciencias De Datos E Inteligencia Artificial,1,demostrar conocimientos especializados sobre una disciplina,skill/competence,cross-sector,0.8607,http://data.europa.eu/esco/skill/4134622c-c3fb-4a41-beb6-6d58ba5107db
EPN,Escuela Politécnica Nacional,Ciencias De Datos E Inteligencia Artificial,2,gestionar datos de investigación,skill/competence,cross-sector,0.8524,http://data.europa.eu/esco/skill/08b04e53-ed25-41a2-9f90-0b9cd939ba3d
EPN,Escuela Politécnica Nacional,Ciencias De Datos E Inteligencia Artificial,3,crear una red profesional con investigadores y científicos,skill/competence,cross-sector,0.8432,http://data.europa.eu/esco/skill/cc61f9e5-d4fc-470e-8606-1ce865ff8386
EPN,Escuela Politécnica Nacional,Ciencias De Datos E Inteligencia Artificial,4,gestionar recursos humanos,skill/competence,cross-sector,0.8431,http://data.europa.eu/esco/skill/339ac029-066a-4985-9f9d-b3d7c8fea0bb
EPN,Escuela Politécnica Nacional,Ciencias De Datos E Inteligencia Artificial,5,realizar trabajos técnicos difíciles,skill/competence,cross-sector,0.8418,http://data.europa.eu/esco/skill/2d780738-9b34-40a3-adbb-590001f6ff86
EPN,Escuela Politécnica Nacional,Ciencias De Datos E Inteligencia Artificial,6,tener competencias informáticas,skill/competence,cross-sector,0.84,http://data.europa.eu/esco/skill/d15ce60f-ddab-41ce-ba56-398451b77b60
EPN,Escuela Politécnica Nacional,Ciencias De Datos E Inteligencia Artificial,7,gestionar un equipo,skill/competence,cross-sector,0.8375,http://data.europa.eu/esco/skill/cb668e89-6ef5-4ff3-ab4a-506010e7e70b
EPN,Escuela Politécnica Nacional,Ciencias De Datos E Inteligencia Artificial,8,crear soluciones para problemas informativos,skill/competence,cross-sector,0.8364,http://data.europa.eu/esco/skill/4539aeca-b56f-4d03-ba86-8f675a7f2536
EPN,Escuela Politécnica Nacional,Ciencias De Datos E Inteligencia Artificial,9,demostrar voluntad de aprender,skill/competence,transversal,0.8356,http://data.europa.eu/esco/skill/9bf266a6-188b-4d17-a22f-2f266d76832b
EPN,Escuela Politécnica Nacional,Ciencias De Datos E Inteligencia Artificial,10,interpretar datos científicos para determinar la calidad del agua,skill/competence,cross-sector,0.8355,http://data.europa.eu/esco/skill/07ec6866-d283-46a6-991c-e8ce0c6fc159
EPN,Escuela Politécnica Nacional,Ingenieria En Ciencias De La Computacion,1,tener competencias informáticas,skill/competence,cross-sector,0.8571,http://data.europa.eu/esco/skill/d15ce60f-ddab-41ce-ba56-398451b77b60
EPN,Escuela Politécnica Nacional,Ingenieria En Ciencias De La Computacion,2,utilizar servicios electrónicos,skill/competence,cross-sector,0.8528,http://data.europa.eu/esco/skill/16a00c69-9c74-4c37-96d7-6301d285e5ce
EPN,Escuela Politécnica Nacional,Ingenieria En Ciencias De La Computacion,3,ejecutar cálculos matemáticos analíticos,skill/competence,cross-sector,0.8526,http://data.europa.eu/esco/skill/31c69100-b612-4a61-8db5-fd314318854c
EPN,Escuela Politécnica Nacional,Ingenieria En Ciencias De La Computacion,4,aplicar competencias matemáticas,skill/competence,cross-sector,0.8507,http://data.europa.eu/esco/skill/5dd01a1e-7ba0-4b7f-a76c-ed811c12bfde
EPN,Escuela Politécnica Nacional,Ingenieria En Ciencias De La Computacion,5,aplicar la gestión de conflictos,skill/competence,cross-sector,0.8472,http://data.europa.eu/esco/skill/0ee94af1-b445-4973-9c3f-459fab250342
EPN,Escuela Politécnica Nacional,Ingenieria En Ciencias De La Computacion,6,demostrar conocimientos especializados sobre una disciplina,skill/competence,cross-sector,0.8461,http://data.europa.eu/esco/skill/4134622c-c3fb-4a41-beb6-6d58ba5107db
EPN,Escuela Politécnica Nacional,Ingenieria En Ciencias De La Computacion,7,aplicar medidas de protección del medioambiente,skill/competence,cross-sector,0.846,http://data.europa.eu/esco/skill/f6d7ba88-5234-4994-944d-843ca453c923
EPN,Escuela Politécnica Nacional,Ingenieria En Ciencias De La Computacion,8,utilizar las tecnologías digitales con creatividad,skill/competence,cross-sector,0.8442,http://data.europa.eu/esco/skill/1a4cc54f-1e53-442b-a6d2-1682dc8ef8f9
EPN,Escuela Politécnica Nacional,Ingenieria En Ciencias De La Computacion,9,calcular con exactitud las horas de trabajo,skill/competence,cross-sector,0.843,http://data.europa.eu/esco/skill/bd556223-d9af-434b-a6bf-e70fa3ed3d12
EPN,Escuela Politécnica Nacional,Ingenieria En Ciencias De La Computacion,10,crear soluciones para problemas,skill/competence,cross-sector,0.8423,http://data.europa.eu/esco/skill/03b9b491-fc9b-4868-914a-bf7cd47b5041
EPN,Escuela Politécnica Nacional,Economia,1,predecir tendencias económicas,skill/competence,cross-sector,0.8302,http://data.europa.eu/esco/skill/f2a34d6b-131a-4b8f-a110-898b9c91d18f
EPN,Escuela Politécnica Nacional,Economia,2,analizar modelos de negocio,skill/competence,cross-sector,0.8286,http://data.europa.eu/esco/skill/3c1cbc5e-2220-4f45-bcc8-3d52c8c9cae0
EPN,Escuela Politécnica Nacional,Economia,3,actuar de enlace con profesionales del sector,skill/competence,cross-sector,0.828,http://data.europa.eu/esco/skill/d1317634-ccea-44d0-9cdc-c863f9bf856b
EPN,Escuela Politécnica Nacional,Economia,4,aplicar medidas de protección del medioambiente,skill/competence,cross-sector,0.8276,http://data.europa.eu/esco/skill/f6d7ba88-5234-4994-944d-843ca453c923
EPN,Escuela Politécnica Nacional,Economia,5,demostrar voluntad de aprender,skill/competence,transversal,0.8274,http://data.europa.eu/esco/skill/9bf266a6-188b-4d17-a22f-2f266d76832b
EPN,Escuela Politécnica Nacional,Economia,6,realizar cálculos,skill/competence,transversal,0.8273,http://data.europa.eu/esco/skill/19ba11f3-9c99-41fd-a7c9-f77e6a026186
EPN,Escuela Politécnica Nacional,Economia,7,gestionar recursos humanos,skill/competence,cross-sector,0.8264,http://data.europa.eu/esco/skill/339ac029-066a-4985-9f9d-b3d7c8fea0bb
EPN,Escuela Politécnica Nacional,Economia,8,planificar procesos de fabricación,skill/competence,cross-sector,0.8264,http://data.europa.eu/esco/skill/7d0f33ea-e724-4d77-8b75-ee4fe66bb9ba
EPN,Escuela Politécnica Nacional,Economia,9,aplicar conocimientos de ciencias sociales y humanidades,skill/competence,transversal,0.8262,http://data.europa.eu/esco/skill/deb3c1bc-d48a-42e6-b0cc-cb238534ec28
EPN,Escuela Politécnica Nacional,Economia,10,aplicar competencias matemáticas,skill/competence,cross-sector,0.8258,http://data.europa.eu/esco/skill/5dd01a1e-7ba0-4b7f-a76c-ed811c12bfde
EPN,Escuela Politécnica Nacional,Ingenieria En Electricidad,1,evaluar las necesidades energéticas,skill/competence,cross-sector,0.8457,http://data.europa.eu/esco/skill/36fccad9-1d20-4104-bcc2-a8ea9d1ce5ea
EPN,Escuela Politécnica Nacional,Ingenieria En Electricidad,2,planificar procesos de fabricación,skill/competence,cross-sector,0.8415,http://data.europa.eu/esco/skill/7d0f33ea-e724-4d77-8b75-ee4fe66bb9ba
EPN,Escuela Politécnica Nacional,Ingenieria En Electricidad,3,realizar actividades de gestión energética en instalaciones,skill/competence,cross-sector,0.8411,http://data.europa.eu/esco/skill/885808f7-f42b-406e-95f2-28efcd45ddda
EPN,Escuela Politécnica Nacional,Ingenieria En Electricidad,4,supervisar el funcionamiento de los equipos,skill/competence,cross-sector,0.8398,http://data.europa.eu/esco/skill/ca17f0df-59e4-4ed2-9360-fc5325bc7151
EPN,Escuela Politécnica Nacional,Ingenieria En Electricidad,5,legislación ambiental en materia de agricultura y silvicultura,knowledge,cross-sector,0.8377,http://data.europa.eu/esco/skill/3419fac9-575d-4492-a018-edff6f4dae26
EPN,Escuela Politécnica Nacional,Ingenieria En Electricidad,6,aplicar medidas de protección del medioambiente,skill/competence,cross-sector,0.8368,http://data.europa.eu/esco/skill/f6d7ba88-5234-4994-944d-843ca453c923
EPN,Escuela Politécnica Nacional,Ingenieria En Electricidad,7,operar el equipo de empaquetado,skill/competence,cross-sector,0.8361,http://data.europa.eu/esco/skill/f8cd217b-b870-42aa-9bbe-d36b672cbb65
EPN,Escuela Politécnica Nacional,Ingenieria En Electricidad,8,realizar trabajos técnicos difíciles,skill/competence,cross-sector,0.8355,http://data.europa.eu/esco/skill/2d780738-9b34-40a3-adbb-590001f6ff86
EPN,Escuela Politécnica Nacional,Ingenieria En Electricidad,9,"aplicar conocimientos científicos, tecnológicos y de ingeniería",skill/competence,transversal,0.8355,http://data.europa.eu/esco/skill/5c3ab99d-a3f1-4620-9602-d12d2151a03d
EPN,Escuela Politécnica Nacional,Ingenieria En Electricidad,10,mantener motores eléctricos,skill/competence,cross-sector,0.8349,http://data.europa.eu/esco/skill/2876970d-90af-45bd-9cfd-c0af757947ea
EPN,Escuela Politécnica Nacional,Ingenieria En Electronica Y Automatizacion,1,aplicar medidas de protección del medioambiente,skill/competence,cross-sector,0.8673,http://data.europa.eu/esco/skill/f6d7ba88-5234-4994-944d-843ca453c923
EPN,Escuela Politécnica Nacional,Ingenieria En Electronica Y Automatizacion,2,demostrar conocimientos especializados sobre una disciplina,skill/competence,cross-sector,0.8614,http://data.europa.eu/esco/skill/4134622c-c3fb-4a41-beb6-6d58ba5107db
EPN,Escuela Politécnica Nacional,Ingenieria En Electronica Y Automatizacion,3,aplicar la gestión de conflictos,skill/competence,cross-sector,0.8614,http://data.europa.eu/esco/skill/0ee94af1-b445-4973-9c3f-459fab250342
EPN,Escuela Politécnica Nacional,Ingenieria En Electronica Y Automatizacion,4,gestionar un equipo,skill/competence,cross-sector,0.8596,http://data.europa.eu/esco/skill/cb668e89-6ef5-4ff3-ab4a-506010e7e70b
EPN,Escuela Politécnica Nacional,Ingenieria En Electronica Y Automatizacion,5,demostrar voluntad de aprender,skill/competence,transversal,0.8587,http://data.europa.eu/esco/skill/9bf266a6-188b-4d17-a22f-2f266d76832b
EPN,Escuela Politécnica Nacional,Ingenieria En Electronica Y Automatizacion,6,tener competencias informáticas,skill/competence,cross-sector,0.8578,http://data.europa.eu/esco/skill/d15ce60f-ddab-41ce-ba56-398451b77b60
EPN,Escuela Politécnica Nacional,Ingenieria En Electronica Y Automatizacion,7,realizar actividades de limpieza de forma respetuosa con el medioambiente,skill/competence,cross-sector,0.856,http://data.europa.eu/esco/skill/4fb7f781-9362-426a-9eb6-65c360f83e31
EPN,Escuela Politécnica Nacional,Ingenieria En Electronica Y Automatizacion,8,trabajar de forma organizada,skill/competence,cross-sector,0.8555,http://data.europa.eu/esco/skill/1258cc12-37bb-4a12-b219-9c3d6b294533
EPN,Escuela Politécnica Nacional,Ingenieria En Electronica Y Automatizacion,9,trabajar de forma organizada,skill/competence,cross-sector,0.8555,http://data.europa.eu/esco/skill/1258cc12-37bb-4a12-b219-9c3d6b294533
EPN,Escuela Politécnica Nacional,Ingenieria En Electronica Y Automatizacion,10,gestionar recursos humanos,skill/competence,cross-sector,0.8546,http://data.europa.eu/esco/skill/339ac029-066a-4985-9f9d-b3d7c8fea0bb
EPN,Escuela Politécnica Nacional,Fisica,1,"aplicar conocimientos científicos, tecnológicos y de ingeniería",skill/competence,transversal,0.8669,http://data.europa.eu/esco/skill/5c3ab99d-a3f1-4620-9602-d12d2151a03d
EPN,Escuela Politécnica Nacional,Fisica,2,utilizar modelos informáticos especializados para predecir el tiempo,skill/competence,cross-sector,0.8492,http://data.europa.eu/esco/skill/206f5738-e91f-4390-84a2-fcb864bc11b1
EPN,Escuela Politécnica Nacional,Fisica,3,ejecutar cálculos matemáticos analíticos,skill/competence,cross-sector,0.8487,http://data.europa.eu/esco/skill/31c69100-b612-4a61-8db5-fd314318854c
EPN,Escuela Politécnica Nacional,Fisica,4,realizar trabajos técnicos difíciles,skill/competence,cross-sector,0.8448,http://data.europa.eu/esco/skill/2d780738-9b34-40a3-adbb-590001f6ff86
EPN,Escuela Politécnica Nacional,Fisica,5,aplicar competencias matemáticas,skill/competence,cross-sector,0.8395,http://data.europa.eu/esco/skill/5dd01a1e-7ba0-4b7f-a76c-ed811c12bfde
EPN,Escuela Politécnica Nacional,Fisica,6,enseñar física,skill/competence,cross-sector,0.8357,http://data.europa.eu/esco/skill/2bc7884c-0d04-4ae9-a4e5-dccd77701ba3
EPN,Escuela Politécnica Nacional,Fisica,7,proporcionar experiencia técnica,skill/competence,cross-sector,0.8353,http://data.europa.eu/esco/skill/c69587b4-05d3-45bb-b79b-9b85e6603fc2
EPN,Escuela Politécnica Nacional,Fisica,8,mecánica de los trenes,knowledge,cross-sector,0.8343,http://data.europa.eu/esco/skill/af0bbc31-b54d-4e8d-82b1-2e91a1115523
EPN,Escuela Politécnica Nacional,Fisica,9,operar el equipo de manipulación de materiales,skill/competence,cross-sector,0.8334,http://data.europa.eu/esco/skill/7838de1e-d65e-4a3f-b60b-e2213026116f
EPN,Escuela Politécnica Nacional,Fisica,10,planificar procesos de fabricación,skill/competence,cross-sector,0.832,http://data.europa.eu/esco/skill/7d0f33ea-e724-4d77-8b75-ee4fe66bb9ba
EPN,Escuela Politécnica Nacional,Ingenieria En Geologia,1,evaluar el impacto ambiental de yacimientos y zonas industriales,skill/competence,cross-sector,0.8567,http://data.europa.eu/esco/skill/f12f094b-492f-4e88-b36b-50b8e58b7500
EPN,Escuela Politécnica Nacional,Ingenieria En Geologia,2,reaccionar ante emergencias mineras,skill/competence,cross-sector,0.8463,http://data.europa.eu/esco/skill/3938da70-dd7a-4092-b039-10c2218867fd
EPN,Escuela Politécnica Nacional,Ingenieria En Geologia,3,diseñar escombreras de minas,skill/competence,cross-sector,0.8443,http://data.europa.eu/esco/skill/cfbe1cdb-1738-45a1-b442-75cbda1fff06
EPN,Escuela Politécnica Nacional,Ingenieria En Geologia,4,preparar informes sobre asuntos relacionados con el trabajo,skill/competence,cross-sector,0.8421,http://data.europa.eu/esco/skill/918f5211-b99f-4b29-9a34-6e475583ef55
EPN,Escuela Politécnica Nacional,Ingenieria En Geologia,5,coordinar con expertos ferroviarios,skill/competence,cross-sector,0.8421,http://data.europa.eu/esco/skill/6172948e-5d52-4f94-a617-278a9013a8ae
EPN,Escuela Politécnica Nacional,Ingenieria En Geologia,6,crear una red profesional con investigadores y científicos,skill/competence,cross-sector,0.8412,http://data.europa.eu/esco/skill/cc61f9e5-d4fc-470e-8606-1ce865ff8386
EPN,Escuela Politécnica Nacional,Ingenieria En Geologia,7,tener conciencia de los riesgos sanitarios,skill/competence,transversal,0.8408,http://data.europa.eu/esco/skill/c4180af3-befd-4bd8-9a65-6a496f9d9f15
EPN,Escuela Politécnica Nacional,Ingenieria En Geologia,8,"aplicar conocimientos científicos, tecnológicos y de ingeniería",skill/competence,transversal,0.8405,http://data.europa.eu/esco/skill/5c3ab99d-a3f1-4620-9602-d12d2151a03d
EPN,Escuela Politécnica Nacional,Ingenieria En Geologia,9,aplicar medidas de protección del medioambiente,skill/competence,cross-sector,0.8399,http://data.europa.eu/esco/skill/f6d7ba88-5234-4994-944d-843ca453c923
EPN,Escuela Politécnica Nacional,Ingenieria En Geologia,10,gestionar impacto ambiental,skill/competence,cross-sector,0.8384,http://data.europa.eu/esco/skill/d3a8ef9c-8572-438c-91dc-010537070be3
EPN,Escuela Politécnica Nacional,Ingenieria De La Produccion,1,enseñar principios de gestión empresarial,skill/competence,cross-sector,0.853,http://data.europa.eu/esco/skill/29d3663f-348a-4b67-a8db-b94fd3912385
EPN,Escuela Politécnica Nacional,Ingenieria De La Produccion,2,gestionar recursos humanos,skill/competence,cross-sector,0.8502,http://data.europa.eu/esco/skill/339ac029-066a-4985-9f9d-b3d7c8fea0bb
EPN,Escuela Politécnica Nacional,Ingenieria De La Produccion,3,gestionar empresas de producción,skill/competence,cross-sector,0.8485,http://data.europa.eu/esco/skill/435d1751-8667-41ec-8b32-865b7cd3c684
EPN,Escuela Politécnica Nacional,Ingenieria De La Produccion,4,gestionar un equipo,skill/competence,cross-sector,0.8442,http://data.europa.eu/esco/skill/cb668e89-6ef5-4ff3-ab4a-506010e7e70b
EPN,Escuela Politécnica Nacional,Ingenieria De La Produccion,5,tener espíritu emprendedor,skill/competence,transversal,0.8436,http://data.europa.eu/esco/skill/bdcf429c-5ccf-4c3d-bb61-4c987573a35e
EPN,Escuela Politécnica Nacional,Ingenieria De La Produccion,6,respetar las normas internas de una empresa,skill/competence,cross-sector,0.8435,http://data.europa.eu/esco/skill/f5f5b244-6cea-4fbc-8a50-8f712791bc09
EPN,Escuela Politécnica Nacional,Ingenieria De La Produccion,7,aplicar la gestión de conflictos,skill/competence,cross-sector,0.8431,http://data.europa.eu/esco/skill/0ee94af1-b445-4973-9c3f-459fab250342
EPN,Escuela Politécnica Nacional,Ingenieria De La Produccion,8,realizar gestión de clientes,skill/competence,cross-sector,0.8422,http://data.europa.eu/esco/skill/91306a20-9b81-4f3d-97eb-f5368b607da7
EPN,Escuela Politécnica Nacional,Ingenieria De La Produccion,9,mantenerse al día sobre las innovaciones en el ámbito empresarial,skill/competence,cross-sector,0.8416,http://data.europa.eu/esco/skill/7f70572d-f0c1-4039-9954-b57dc69981f6
EPN,Escuela Politécnica Nacional,Ingenieria De La Produccion,10,mejorar procesos empresariales,skill/competence,cross-sector,0.8414,http://data.europa.eu/esco/skill/75b30aeb-34c0-40f4-b77d-271d75a98b14
EPN,Escuela Politécnica Nacional,Matematica,1,ejecutar cálculos matemáticos analíticos,skill/competence,cross-sector,0.8578,http://data.europa.eu/esco/skill/31c69100-b612-4a61-8db5-fd314318854c
EPN,Escuela Politécnica Nacional,Matematica,2,realizar trabajos técnicos difíciles,skill/competence,cross-sector,0.8497,http://data.europa.eu/esco/skill/2d780738-9b34-40a3-adbb-590001f6ff86
EPN,Escuela Politécnica Nacional,Matematica,3,realizar cálculos,skill/competence,transversal,0.8481,http://data.europa.eu/esco/skill/19ba11f3-9c99-41fd-a7c9-f77e6a026186
EPN,Escuela Politécnica Nacional,Matematica,4,crear una red profesional con investigadores y científicos,skill/competence,cross-sector,0.8435,http://data.europa.eu/esco/skill/cc61f9e5-d4fc-470e-8606-1ce865ff8386
EPN,Escuela Politécnica Nacional,Matematica,5,enseñar en contextos académicos o profesionales,skill/competence,cross-sector,0.8415,http://data.europa.eu/esco/skill/4cd85845-f31c-4306-994d-e12d45114d83
EPN,Escuela Politécnica Nacional,Matematica,6,gestionar recursos humanos,skill/competence,cross-sector,0.8374,http://data.europa.eu/esco/skill/339ac029-066a-4985-9f9d-b3d7c8fea0bb
EPN,Escuela Politécnica Nacional,Matematica,7,aplicar competencias matemáticas,skill/competence,cross-sector,0.837,http://data.europa.eu/esco/skill/5dd01a1e-7ba0-4b7f-a76c-ed811c12bfde
EPN,Escuela Politécnica Nacional,Matematica,8,interpretar información matemática,skill/competence,transversal,0.8356,http://data.europa.eu/esco/skill/6fc6f757-6baa-49fe-9a82-6ba6a52f2e13
EPN,Escuela Politécnica Nacional,Matematica,9,trabajar con sustancias químicas,skill/competence,cross-sector,0.8354,http://data.europa.eu/esco/skill/929a997b-d56c-4383-b36d-6de9fa0e1721
EPN,Escuela Politécnica Nacional,Matematica,10,evaluar el impacto ambiental de yacimientos y zonas industriales,skill/competence,cross-sector,0.8342,http://data.europa.eu/esco/skill/f12f094b-492f-4e88-b36b-50b8e58b7500
EPN,Escuela Politécnica Nacional,Matematica Aplicada,1,aplicar competencias matemáticas,skill/competence,cross-sector,0.8331,http://data.europa.eu/esco/skill/5dd01a1e-7ba0-4b7f-a76c-ed811c12bfde
EPN,Escuela Politécnica Nacional,Matematica Aplicada,2,ejecutar cálculos matemáticos analíticos,skill/competence,cross-sector,0.8319,http://data.europa.eu/esco/skill/31c69100-b612-4a61-8db5-fd314318854c
EPN,Escuela Politécnica Nacional,Matematica Aplicada,3,realizar cálculos,skill/competence,transversal,0.8304,http://data.europa.eu/esco/skill/19ba11f3-9c99-41fd-a7c9-f77e6a026186
EPN,Escuela Politécnica Nacional,Matematica Aplicada,4,"aplicar conocimientos científicos, tecnológicos y de ingeniería",skill/competence,transversal,0.8287,http://data.europa.eu/esco/skill/5c3ab99d-a3f1-4620-9602-d12d2151a03d
EPN,Escuela Politécnica Nacional,Matematica Aplicada,5,examinar principios de ingeniería,skill/competence,cross-sector,0.8265,http://data.europa.eu/esco/skill/8bc1c7da-c832-4896-a441-30d087c46aad
EPN,Escuela Politécnica Nacional,Matematica Aplicada,6,utilizar herramientas y equipos matemáticos,skill/competence,cross-sector,0.8258,http://data.europa.eu/esco/skill/db77825e-0f3e-47d0-abdb-356794484272
EPN,Escuela Politécnica Nacional,Matematica Aplicada,7,practicar la reflexión personal,skill/competence,transversal,0.8253,http://data.europa.eu/esco/skill/409a0245-0e6c-4aac-ba16-0920ecb76a8d
EPN,Escuela Politécnica Nacional,Matematica Aplicada,8,aplicar la gestión de conflictos,skill/competence,cross-sector,0.8253,http://data.europa.eu/esco/skill/0ee94af1-b445-4973-9c3f-459fab250342
EPN,Escuela Politécnica Nacional,Matematica Aplicada,9,interpretar información matemática,skill/competence,transversal,0.8207,http://data.europa.eu/esco/skill/6fc6f757-6baa-49fe-9a82-6ba6a52f2e13
EPN,Escuela Politécnica Nacional,Matematica Aplicada,10,desenvolverse bien en entornos de riesgo,skill/competence,cross-sector,0.8203,http://data.europa.eu/esco/skill/6dce7757-c416-4cec-bd2e-9f2319438c48
EPN,Escuela Politécnica Nacional,Ingenieria En Materiales,1,ejecutar cálculos matemáticos analíticos,skill/competence,cross-sector,0.8657,http://data.europa.eu/esco/skill/31c69100-b612-4a61-8db5-fd314318854c
EPN,Escuela Politécnica Nacional,Ingenieria En Materiales,2,aplicar competencias matemáticas,skill/competence,cross-sector,0.858,http://data.europa.eu/esco/skill/5dd01a1e-7ba0-4b7f-a76c-ed811c12bfde
EPN,Escuela Politécnica Nacional,Ingenieria En Materiales,3,realizar cálculos,skill/competence,transversal,0.853,http://data.europa.eu/esco/skill/19ba11f3-9c99-41fd-a7c9-f77e6a026186
EPN,Escuela Politécnica Nacional,Ingenieria En Materiales,4,aplicar la gestión de conflictos,skill/competence,cross-sector,0.8428,http://data.europa.eu/esco/skill/0ee94af1-b445-4973-9c3f-459fab250342
EPN,Escuela Politécnica Nacional,Ingenieria En Materiales,5,utilizar servicios electrónicos,skill/competence,cross-sector,0.8406,http://data.europa.eu/esco/skill/16a00c69-9c74-4c37-96d7-6301d285e5ce
EPN,Escuela Politécnica Nacional,Ingenieria En Materiales,6,aplicar conocimientos de ciencias sociales y humanidades,skill/competence,transversal,0.8389,http://data.europa.eu/esco/skill/deb3c1bc-d48a-42e6-b0cc-cb238534ec28
EPN,Escuela Politécnica Nacional,Ingenieria En Materiales,7,utilizar herramientas y equipos matemáticos,skill/competence,cross-sector,0.8377,http://data.europa.eu/esco/skill/db77825e-0f3e-47d0-abdb-356794484272
EPN,Escuela Politécnica Nacional,Ingenieria En Materiales,8,"aplicar conocimientos científicos, tecnológicos y de ingeniería",skill/competence,transversal,0.8372,http://data.europa.eu/esco/skill/5c3ab99d-a3f1-4620-9602-d12d2151a03d
EPN,Escuela Politécnica Nacional,Ingenieria En Materiales,9,realizar trabajos técnicos difíciles,skill/competence,cross-sector,0.8368,http://data.europa.eu/esco/skill/2d780738-9b34-40a3-adbb-590001f6ff86
EPN,Escuela Politécnica Nacional,Ingenieria En Materiales,10,resolver problemas,skill/competence,transversal,0.8368,http://data.europa.eu/esco/skill/adc6dc11-3376-467b-96c5-9b0a21edc869
EPN,Escuela Politécnica Nacional,Ingenieria En Mecanica,1,coordinar equipos de ingeniería,skill/competence,cross-sector,0.8562,http://data.europa.eu/esco/skill/7af6e9e8-1e11-4c0b-b7c6-ac96bbbbc674
EPN,Escuela Politécnica Nacional,Ingenieria En Mecanica,2,aplicar medidas de protección del medioambiente,skill/competence,cross-sector,0.8533,http://data.europa.eu/esco/skill/f6d7ba88-5234-4994-944d-843ca453c923
EPN,Escuela Politécnica Nacional,Ingenieria En Mecanica,3,mecánica de los trenes,knowledge,cross-sector,0.8529,http://data.europa.eu/esco/skill/af0bbc31-b54d-4e8d-82b1-2e91a1115523
EPN,Escuela Politécnica Nacional,Ingenieria En Mecanica,4,controlar maquinaria pesada,skill/competence,cross-sector,0.8506,http://data.europa.eu/esco/skill/4853efe8-0cdd-42d1-bc5a-6ba5fa9a8b2c
EPN,Escuela Politécnica Nacional,Ingenieria En Mecanica,5,realizar todas las actividades de ingeniería de procesos,skill/competence,cross-sector,0.8505,http://data.europa.eu/esco/skill/8b9d609a-6d62-4d5c-9133-01d41979cfac
EPN,Escuela Politécnica Nacional,Ingenieria En Mecanica,6,"aplicar conocimientos científicos, tecnológicos y de ingeniería",skill/competence,transversal,0.85,http://data.europa.eu/esco/skill/5c3ab99d-a3f1-4620-9602-d12d2151a03d
EPN,Escuela Politécnica Nacional,Ingenieria En Mecanica,7,proporcionar experiencia técnica,skill/competence,cross-sector,0.85,http://data.europa.eu/esco/skill/c69587b4-05d3-45bb-b79b-9b85e6603fc2
EPN,Escuela Politécnica Nacional,Ingenieria En Mecanica,8,desenvolverse bien en entornos de riesgo,skill/competence,cross-sector,0.8493,http://data.europa.eu/esco/skill/6dce7757-c416-4cec-bd2e-9f2319438c48
EPN,Escuela Politécnica Nacional,Ingenieria En Mecanica,9,diseñar escombreras de minas,skill/competence,cross-sector,0.8491,http://data.europa.eu/esco/skill/cfbe1cdb-1738-45a1-b442-75cbda1fff06
EPN,Escuela Politécnica Nacional,Ingenieria En Mecanica,10,planificar procesos de fabricación,skill/competence,cross-sector,0.8491,http://data.europa.eu/esco/skill/7d0f33ea-e724-4d77-8b75-ee4fe66bb9ba
EPN,Escuela Politécnica Nacional,Ingenieria En Mecatronica,1,mecatrónica,knowledge,cross-sector,0.879,http://data.europa.eu/esco/skill/d88cb3f1-8e02-4618-bf32-4b0488066934
EPN,Escuela Politécnica Nacional,Ingenieria En Mecatronica,2,mecánica de los trenes,knowledge,cross-sector,0.8482,http://data.europa.eu/esco/skill/af0bbc31-b54d-4e8d-82b1-2e91a1115523
EPN,Escuela Politécnica Nacional,Ingenieria En Mecatronica,3,diseñar sistemas microelectromecánicos,skill/competence,cross-sector,0.8473,http://data.europa.eu/esco/skill/c022ff1b-7783-4e64-89ef-0422c81ff51f
EPN,Escuela Politécnica Nacional,Ingenieria En Mecatronica,4,realizar trabajos técnicos difíciles,skill/competence,cross-sector,0.8419,http://data.europa.eu/esco/skill/2d780738-9b34-40a3-adbb-590001f6ff86
EPN,Escuela Politécnica Nacional,Ingenieria En Mecatronica,5,planificar procesos de fabricación,skill/competence,cross-sector,0.8404,http://data.europa.eu/esco/skill/7d0f33ea-e724-4d77-8b75-ee4fe66bb9ba
EPN,Escuela Politécnica Nacional,Ingenieria En Mecatronica,6,diseñar sistemas electromecánicos,skill/competence,cross-sector,0.8401,http://data.europa.eu/esco/skill/c5422318-3218-4ce9-9bdd-f38b93ff63a3
EPN,Escuela Politécnica Nacional,Ingenieria En Mecatronica,7,diseñar sistemas de control,skill/competence,cross-sector,0.8401,http://data.europa.eu/esco/skill/d560df46-dda4-4407-bab2-b87353a96814
EPN,Escuela Politécnica Nacional,Ingenieria En Mecatronica,8,coordinar equipos de ingeniería,skill/competence,cross-sector,0.838,http://data.europa.eu/esco/skill/7af6e9e8-1e11-4c0b-b7c6-ac96bbbbc674
EPN,Escuela Politécnica Nacional,Ingenieria En Mecatronica,9,diseñar sistemas electrónicos,skill/competence,cross-sector,0.8367,http://data.europa.eu/esco/skill/feb717ff-fba6-4a91-aa10-ee11cf2da6b4
EPN,Escuela Politécnica Nacional,Ingenieria En Mecatronica,10,interpretar las interfaces de comunicación gráfica,skill/competence,cross-sector,0.8366,http://data.europa.eu/esco/skill/ea99e1f2-ad03-4bb3-8960-1227fc76bb2a
EPN,Escuela Politécnica Nacional,Ingenieria En Petroleos,1,evaluar el impacto ambiental de yacimientos y zonas industriales,skill/competence,cross-sector,0.8655,http://data.europa.eu/esco/skill/f12f094b-492f-4e88-b36b-50b8e58b7500
EPN,Escuela Politécnica Nacional,Ingenieria En Petroleos,2,manejar equipos de extracción de hidrógeno,skill/competence,cross-sector,0.8438,http://data.europa.eu/esco/skill/d2fd219f-5cb1-4f67-8db5-be6c5fc865c7
EPN,Escuela Politécnica Nacional,Ingenieria En Petroleos,3,manipular combustibles,skill/competence,cross-sector,0.8418,http://data.europa.eu/esco/skill/2035c565-f0df-4efa-99fc-09a42f18c158
EPN,Escuela Politécnica Nacional,Ingenieria En Petroleos,4,trabajar con sustancias químicas,skill/competence,cross-sector,0.841,http://data.europa.eu/esco/skill/929a997b-d56c-4383-b36d-6de9fa0e1721
EPN,Escuela Politécnica Nacional,Ingenieria En Petroleos,5,reaccionar ante emergencias mineras,skill/competence,cross-sector,0.8408,http://data.europa.eu/esco/skill/3938da70-dd7a-4092-b039-10c2218867fd
EPN,Escuela Politécnica Nacional,Ingenieria En Petroleos,6,realizar intervenciones de buceo,skill/competence,cross-sector,0.8405,http://data.europa.eu/esco/skill/89a717d5-b30c-4b15-982b-415e54c54edd
EPN,Escuela Politécnica Nacional,Ingenieria En Petroleos,7,controlar maquinaria pesada,skill/competence,cross-sector,0.8405,http://data.europa.eu/esco/skill/4853efe8-0cdd-42d1-bc5a-6ba5fa9a8b2c
EPN,Escuela Politécnica Nacional,Ingenieria En Petroleos,8,"aplicar conocimientos científicos, tecnológicos y de ingeniería",skill/competence,transversal,0.84,http://data.europa.eu/esco/skill/5c3ab99d-a3f1-4620-9602-d12d2151a03d
EPN,Escuela Politécnica Nacional,Ingenieria En Petroleos,9,diseñar escombreras de minas,skill/competence,cross-sector,0.8389,http://data.europa.eu/esco/skill/cfbe1cdb-1738-45a1-b442-75cbda1fff06
EPN,Escuela Politécnica Nacional,Ingenieria En Petroleos,10,proporcionar experiencia técnica,skill/competence,cross-sector,0.8375,http://data.europa.eu/esco/skill/c69587b4-05d3-45bb-b79b-9b85e6603fc2
EPN,Escuela Politécnica Nacional,Ingenieria Quimica,1,"aplicar conocimientos científicos, tecnológicos y de ingeniería",skill/competence,transversal,0.8408,http://data.europa.eu/esco/skill/5c3ab99d-a3f1-4620-9602-d12d2151a03d
EPN,Escuela Politécnica Nacional,Ingenieria Quimica,2,coordinar equipos de ingeniería,skill/competence,cross-sector,0.8404,http://data.europa.eu/esco/skill/7af6e9e8-1e11-4c0b-b7c6-ac96bbbbc674
EPN,Escuela Politécnica Nacional,Ingenieria Quimica,3,tener conciencia de los riesgos sanitarios,skill/competence,transversal,0.8402,http://data.europa.eu/esco/skill/c4180af3-befd-4bd8-9a65-6a496f9d9f15
EPN,Escuela Politécnica Nacional,Ingenieria Quimica,4,trabajar con sustancias químicas,skill/competence,cross-sector,0.8393,http://data.europa.eu/esco/skill/929a997b-d56c-4383-b36d-6de9fa0e1721
EPN,Escuela Politécnica Nacional,Ingenieria Quimica,5,realizar todas las actividades de ingeniería de procesos,skill/competence,cross-sector,0.8377,http://data.europa.eu/esco/skill/8b9d609a-6d62-4d5c-9133-01d41979cfac
EPN,Escuela Politécnica Nacional,Ingenieria Quimica,6,demostrar voluntad de aprender,skill/competence,transversal,0.8369,http://data.europa.eu/esco/skill/9bf266a6-188b-4d17-a22f-2f266d76832b
EPN,Escuela Politécnica Nacional,Ingenieria Quimica,7,examinar principios de ingeniería,skill/competence,cross-sector,0.8364,http://data.europa.eu/esco/skill/8bc1c7da-c832-4896-a441-30d087c46aad
EPN,Escuela Politécnica Nacional,Ingenieria Quimica,8,ingeniería ambiental,knowledge,cross-sector,0.8344,http://data.europa.eu/esco/skill/b1b118c4-3291-484e-b64d-6d51fd5da8b3
EPN,Escuela Politécnica Nacional,Ingenieria Quimica,9,demostrar competencia en las normas de envasado,skill/competence,cross-sector,0.8333,http://data.europa.eu/esco/skill/07197605-141a-4c85-8995-00614de16c87
EPN,Escuela Politécnica Nacional,Ingenieria Quimica,10,elaborar fórmulas de fabricación,skill/competence,cross-sector,0.8331,http://data.europa.eu/esco/skill/b2ad4e50-cb82-4a34-ab3e-5b5f6c4f9b65
EPN,Escuela Politécnica Nacional,Ingenieria En Sistemas De Informacion,1,ingeniería ambiental,knowledge,cross-sector,0.8503,http://data.europa.eu/esco/skill/b1b118c4-3291-484e-b64d-6d51fd5da8b3
EPN,Escuela Politécnica Nacional,Ingenieria En Sistemas De Informacion,2,legislación ambiental en materia de agricultura y silvicultura,knowledge,cross-sector,0.8501,http://data.europa.eu/esco/skill/3419fac9-575d-4492-a018-edff6f4dae26
EPN,Escuela Politécnica Nacional,Ingenieria En Sistemas De Informacion,3,aplicar medidas de protección del medioambiente,skill/competence,cross-sector,0.8483,http://data.europa.eu/esco/skill/f6d7ba88-5234-4994-944d-843ca453c923
EPN,Escuela Politécnica Nacional,Ingenieria En Sistemas De Informacion,4,realizar auditorías ambientales,skill/competence,cross-sector,0.848,http://data.europa.eu/esco/skill/60ab2bf7-c812-4a88-86c0-7c81a9b2f77c
EPN,Escuela Politécnica Nacional,Ingenieria En Sistemas De Informacion,5,aplicar la gestión de conflictos,skill/competence,cross-sector,0.8468,http://data.europa.eu/esco/skill/0ee94af1-b445-4973-9c3f-459fab250342
EPN,Escuela Politécnica Nacional,Ingenieria En Sistemas De Informacion,6,diseñar escombreras de minas,skill/competence,cross-sector,0.8464,http://data.europa.eu/esco/skill/cfbe1cdb-1738-45a1-b442-75cbda1fff06
EPN,Escuela Politécnica Nacional,Ingenieria En Sistemas De Informacion,7,gestionar el impacto medioambiental de las operaciones,skill/competence,cross-sector,0.8464,http://data.europa.eu/esco/skill/d86babea-bf8b-4552-81a8-daf706066ad6
EPN,Escuela Politécnica Nacional,Ingenieria En Sistemas De Informacion,8,asesorar sobre sistemas de gestión de riesgos ambientales,skill/competence,cross-sector,0.8463,http://data.europa.eu/esco/skill/a366bfc5-8d17-4792-a9f0-db0951528dda
EPN,Escuela Politécnica Nacional,Ingenieria En Sistemas De Informacion,9,sensibilizar sobre el medioambiente,skill/competence,cross-sector,0.8456,http://data.europa.eu/esco/skill/8abdc43c-2bfd-417c-97c2-27fcdaf53171
EPN,Escuela Politécnica Nacional,Ingenieria En Sistemas De Informacion,10,"aplicar conocimientos científicos, tecnológicos y de ingeniería",skill/competence,transversal,0.8449,http://data.europa.eu/esco/skill/5c3ab99d-a3f1-4620-9602-d12d2151a03d
EPN,Escuela Politécnica Nacional,Ingenieria En Software,1,utilizar servicios electrónicos,skill/competence,cross-sector,0.849,http://data.europa.eu/esco/skill/16a00c69-9c74-4c37-96d7-6301d285e5ce
EPN,Escuela Politécnica Nacional,Ingenieria En Software,2,tener competencias informáticas,skill/competence,cross-sector,0.8489,http://data.europa.eu/esco/skill/d15ce60f-ddab-41ce-ba56-398451b77b60
EPN,Escuela Politécnica Nacional,Ingenieria En Software,3,"aplicar conocimientos científicos, tecnológicos y de ingeniería",skill/competence,transversal,0.8476,http://data.europa.eu/esco/skill/5c3ab99d-a3f1-4620-9602-d12d2151a03d
EPN,Escuela Politécnica Nacional,Ingenieria En Software,4,crear soluciones para problemas informativos,skill/competence,cross-sector,0.8452,http://data.europa.eu/esco/skill/4539aeca-b56f-4d03-ba86-8f675a7f2536
EPN,Escuela Politécnica Nacional,Ingenieria En Software,5,coordinar equipos de ingeniería,skill/competence,cross-sector,0.8434,http://data.europa.eu/esco/skill/7af6e9e8-1e11-4c0b-b7c6-ac96bbbbc674
EPN,Escuela Politécnica Nacional,Ingenieria En Software,6,mantenerse al día sobre las innovaciones en el ámbito empresarial,skill/competence,cross-sector,0.842,http://data.europa.eu/esco/skill/7f70572d-f0c1-4039-9954-b57dc69981f6
EPN,Escuela Politécnica Nacional,Ingenieria En Software,7,cumplir los compromisos,skill/competence,transversal,0.8417,http://data.europa.eu/esco/skill/113b4428-0a31-4199-8496-070af7854b91
EPN,Escuela Politécnica Nacional,Ingenieria En Software,8,gestionar recursos humanos,skill/competence,cross-sector,0.8415,http://data.europa.eu/esco/skill/339ac029-066a-4985-9f9d-b3d7c8fea0bb
EPN,Escuela Politécnica Nacional,Ingenieria En Software,9,aplicar medidas de protección del medioambiente,skill/competence,cross-sector,0.8412,http://data.europa.eu/esco/skill/f6d7ba88-5234-4994-944d-843ca453c923
EPN,Escuela Politécnica Nacional,Ingenieria En Software,10,utilizar modelos informáticos especializados para predecir el tiempo,skill/competence,cross-sector,0.8412,http://data.europa.eu/esco/skill/206f5738-e91f-4390-84a2-fcb864bc11b1
EPN,Escuela Politécnica Nacional,Ingenieria En Telecomunicacion De La Informacion,1,tener competencias informáticas,skill/competence,cross-sector,0.8658,http://data.europa.eu/esco/skill/d15ce60f-ddab-41ce-ba56-398451b77b60
EPN,Escuela Politécnica Nacional,Ingenieria En Telecomunicacion De La Informacion,2,aplicar la gestión de conflictos,skill/competence,cross-sector,0.8606,http://data.europa.eu/esco/skill/0ee94af1-b445-4973-9c3f-459fab250342
EPN,Escuela Politécnica Nacional,Ingenieria En Telecomunicacion De La Informacion,3,demostrar conocimientos especializados sobre una disciplina,skill/competence,cross-sector,0.859,http://data.europa.eu/esco/skill/4134622c-c3fb-4a41-beb6-6d58ba5107db
EPN,Escuela Politécnica Nacional,Ingenieria En Telecomunicacion De La Informacion,4,gestionar un equipo,skill/competence,cross-sector,0.8562,http://data.europa.eu/esco/skill/cb668e89-6ef5-4ff3-ab4a-506010e7e70b
EPN,Escuela Politécnica Nacional,Ingenieria En Telecomunicacion De La Informacion,5,realizar gestión de clientes,skill/competence,cross-sector,0.8542,http://data.europa.eu/esco/skill/91306a20-9b81-4f3d-97eb-f5368b607da7
EPN,Escuela Politécnica Nacional,Ingenieria En Telecomunicacion De La Informacion,6,crear soluciones para problemas informativos,skill/competence,cross-sector,0.8541,http://data.europa.eu/esco/skill/4539aeca-b56f-4d03-ba86-8f675a7f2536
EPN,Escuela Politécnica Nacional,Ingenieria En Telecomunicacion De La Informacion,7,cumplir la normativa legal,skill/competence,cross-sector,0.854,http://data.europa.eu/esco/skill/3d3ee5c3-4286-457f-9f76-1704011f7e11
EPN,Escuela Politécnica Nacional,Ingenieria En Telecomunicacion De La Informacion,8,realizar búsquedas en internet,skill/competence,transversal,0.8539,http://data.europa.eu/esco/skill/ba93b71b-c433-4a01-8246-ed2daa85a9a2
EPN,Escuela Politécnica Nacional,Ingenieria En Telecomunicacion De La Informacion,9,ejecutar cálculos matemáticos analíticos,skill/competence,cross-sector,0.8535,http://data.europa.eu/esco/skill/31c69100-b612-4a61-8db5-fd314318854c
EPN,Escuela Politécnica Nacional,Ingenieria En Telecomunicacion De La Informacion,10,detectar y corregir errores de las tecnologías de la información y de las comunicaciones,skill/competence,cross-sector,0.8531,http://data.europa.eu/esco/skill/744442ac-c157-4350-8be0-ce454df4f5c5
EPN,Escuela Politécnica Nacional,Ingenieria En Telecomunicaciones,1,tener competencias informáticas,skill/competence,cross-sector,0.8642,http://data.europa.eu/esco/skill/d15ce60f-ddab-41ce-ba56-398451b77b60
EPN,Escuela Politécnica Nacional,Ingenieria En Telecomunicaciones,2,aplicar la gestión de conflictos,skill/competence,cross-sector,0.8625,http://data.europa.eu/esco/skill/0ee94af1-b445-4973-9c3f-459fab250342
EPN,Escuela Politécnica Nacional,Ingenieria En Telecomunicaciones,3,demostrar conocimientos especializados sobre una disciplina,skill/competence,cross-sector,0.8553,http://data.europa.eu/esco/skill/4134622c-c3fb-4a41-beb6-6d58ba5107db
EPN,Escuela Politécnica Nacional,Ingenieria En Telecomunicaciones,4,cumplir la normativa legal,skill/competence,cross-sector,0.8535,http://data.europa.eu/esco/skill/3d3ee5c3-4286-457f-9f76-1704011f7e11
EPN,Escuela Politécnica Nacional,Ingenieria En Telecomunicaciones,5,gestionar un equipo,skill/competence,cross-sector,0.8534,http://data.europa.eu/esco/skill/cb668e89-6ef5-4ff3-ab4a-506010e7e70b
EPN,Escuela Politécnica Nacional,Ingenieria En Telecomunicaciones,6,aplicar conocimientos sobre el comportamiento humano,skill/competence,cross-sector,0.8526,http://data.europa.eu/esco/skill/a0e23745-6ba4-45e2-9510-df6e71ed1230
EPN,Escuela Politécnica Nacional,Ingenieria En Telecomunicaciones,7,"utilizar tecnologías digitales para compartir datos, información y contenido digitales",skill/competence,cross-sector,0.8523,http://data.europa.eu/esco/skill/40001d93-8937-4859-89d5-2dca53290ff4
EPN,Escuela Politécnica Nacional,Ingenieria En Telecomunicaciones,8,realizar búsquedas en internet,skill/competence,transversal,0.8522,http://data.europa.eu/esco/skill/ba93b71b-c433-4a01-8246-ed2daa85a9a2
EPN,Escuela Politécnica Nacional,Ingenieria En Telecomunicaciones,9,realizar gestión de clientes,skill/competence,cross-sector,0.8515,http://data.europa.eu/esco/skill/91306a20-9b81-4f3d-97eb-f5368b607da7
EPN,Escuela Politécnica Nacional,Ingenieria En Telecomunicaciones,10,utilizar servicios electrónicos,skill/competence,cross-sector,0.8514,http://data.europa.eu/esco/skill/16a00c69-9c74-4c37-96d7-6301d285e5ce
EPN,Escuela Politécnica Nacional,Ingenieria Civil,1,ingeniería ambiental,knowledge,cross-sector,0.8563,http://data.europa.eu/esco/skill/b1b118c4-3291-484e-b64d-6d51fd5da8b3
EPN,Escuela Politécnica Nacional,Ingenieria Civil,2,sensibilizar sobre el medioambiente,skill/competence,cross-sector,0.8475,http://data.europa.eu/esco/skill/8abdc43c-2bfd-417c-97c2-27fcdaf53171
EPN,Escuela Politécnica Nacional,Ingenieria Civil,3,coordinar equipos de ingeniería,skill/competence,cross-sector,0.8473,http://data.europa.eu/esco/skill/7af6e9e8-1e11-4c0b-b7c6-ac96bbbbc674
EPN,Escuela Politécnica Nacional,Ingenieria Civil,4,utilizar servicios electrónicos,skill/competence,cross-sector,0.8453,http://data.europa.eu/esco/skill/16a00c69-9c74-4c37-96d7-6301d285e5ce
EPN,Escuela Politécnica Nacional,Ingenieria Civil,5,"aplicar conocimientos científicos, tecnológicos y de ingeniería",skill/competence,transversal,0.8449,http://data.europa.eu/esco/skill/5c3ab99d-a3f1-4620-9602-d12d2151a03d
EPN,Escuela Politécnica Nacional,Ingenieria Civil,6,examinar las infraestructuras civiles,skill/competence,cross-sector,0.8446,http://data.europa.eu/esco/skill/d48b3cfe-80b6-406f-b582-d959b60417f8
EPN,Escuela Politécnica Nacional,Ingenieria Civil,7,legislación ambiental en materia de agricultura y silvicultura,knowledge,cross-sector,0.8442,http://data.europa.eu/esco/skill/3419fac9-575d-4492-a018-edff6f4dae26
EPN,Escuela Politécnica Nacional,Ingenieria Civil,8,examinar principios de ingeniería,skill/competence,cross-sector,0.8431,http://data.europa.eu/esco/skill/8bc1c7da-c832-4896-a441-30d087c46aad
EPN,Escuela Politécnica Nacional,Ingenieria Civil,9,diseñar escombreras de minas,skill/competence,cross-sector,0.8428,http://data.europa.eu/esco/skill/cfbe1cdb-1738-45a1-b442-75cbda1fff06
EPN,Escuela Politécnica Nacional,Ingenieria Civil,10,aplicar medidas de protección del medioambiente,skill/competence,cross-sector,0.8414,http://data.europa.eu/esco/skill/f6d7ba88-5234-4994-944d-843ca453c923
EPN,Escuela Politécnica Nacional,Seguridad De Redes De Informacion,1,proteger dispositivos de Tic,skill/competence,cross-sector,0.8677,http://data.europa.eu/esco/skill/df329d70-87b0-466b-a214-3431f36e2a5e
EPN,Escuela Politécnica Nacional,Seguridad De Redes De Informacion,2,gestionar un equipo,skill/competence,cross-sector,0.8653,http://data.europa.eu/esco/skill/cb668e89-6ef5-4ff3-ab4a-506010e7e70b
EPN,Escuela Politécnica Nacional,Seguridad De Redes De Informacion,3,detectar y corregir errores de las tecnologías de la información y de las comunicaciones,skill/competence,cross-sector,0.8603,http://data.europa.eu/esco/skill/744442ac-c157-4350-8be0-ce454df4f5c5
EPN,Escuela Politécnica Nacional,Seguridad De Redes De Informacion,4,gestionar recursos humanos,skill/competence,cross-sector,0.8602,http://data.europa.eu/esco/skill/339ac029-066a-4985-9f9d-b3d7c8fea0bb
EPN,Escuela Politécnica Nacional,Seguridad De Redes De Informacion,5,resolver problemas de sistemas TIC,skill/competence,cross-sector,0.8583,http://data.europa.eu/esco/skill/9e06bac6-6b91-48ca-8b7d-c1f48cdecd7c
EPN,Escuela Politécnica Nacional,Seguridad De Redes De Informacion,6,tener competencias informáticas,skill/competence,cross-sector,0.8577,http://data.europa.eu/esco/skill/d15ce60f-ddab-41ce-ba56-398451b77b60
EPN,Escuela Politécnica Nacional,Seguridad De Redes De Informacion,7,tener conciencia de los riesgos sanitarios,skill/competence,transversal,0.8535,http://data.europa.eu/esco/skill/c4180af3-befd-4bd8-9a65-6a496f9d9f15
EPN,Escuela Politécnica Nacional,Seguridad De Redes De Informacion,8,crear soluciones para problemas informativos,skill/competence,cross-sector,0.8527,http://data.europa.eu/esco/skill/4539aeca-b56f-4d03-ba86-8f675a7f2536
EPN,Escuela Politécnica Nacional,Seguridad De Redes De Informacion,9,aplicar la gestión de conflictos,skill/competence,cross-sector,0.8518,http://data.europa.eu/esco/skill/0ee94af1-b445-4973-9c3f-459fab250342
EPN,Escuela Politécnica Nacional,Seguridad De Redes De Informacion,10,respetar las normas internas de una empresa,skill/competence,cross-sector,0.8516,http://data.europa.eu/esco/skill/f5f5b244-6cea-4fbc-8a50-8f712791bc09
ESPOL,Escuela Superior Politécnica del Litoral,COMPUTACIÓN,1,ejecutar cálculos matemáticos analíticos,skill/competence,cross-sector,0.8815,http://data.europa.eu/esco/skill/31c69100-b612-4a61-8db5-fd314318854c
ESPOL,Escuela Superior Politécnica del Litoral,COMPUTACIÓN,2,tener competencias informáticas,skill/competence,cross-sector,0.8772,http://data.europa.eu/esco/skill/d15ce60f-ddab-41ce-ba56-398451b77b60
ESPOL,Escuela Superior Politécnica del Litoral,COMPUTACIÓN,3,elaborar estrategias para resolver problemas,skill/competence,cross-sector,0.8717,http://data.europa.eu/esco/skill/7a8fb784-67fa-41e9-a75c-6b491d91f800
ESPOL,Escuela Superior Politécnica del Litoral,COMPUTACIÓN,4,crear soluciones para problemas,skill/competence,cross-sector,0.8708,http://data.europa.eu/esco/skill/03b9b491-fc9b-4868-914a-bf7cd47b5041
ESPOL,Escuela Superior Politécnica del Litoral,COMPUTACIÓN,5,resolver problemas de sistemas TIC,skill/competence,cross-sector,0.8705,http://data.europa.eu/esco/skill/9e06bac6-6b91-48ca-8b7d-c1f48cdecd7c
ESPOL,Escuela Superior Politécnica del Litoral,COMPUTACIÓN,6,resolver problemas técnicos,skill/competence,cross-sector,0.8698,http://data.europa.eu/esco/skill/14832d87-2f2f-4895-b290-e4760ebae42a
ESPOL,Escuela Superior Politécnica del Litoral,COMPUTACIÓN,7,crear soluciones para problemas informativos,skill/competence,cross-sector,0.8692,http://data.europa.eu/esco/skill/4539aeca-b56f-4d03-ba86-8f675a7f2536
ESPOL,Escuela Superior Politécnica del Litoral,COMPUTACIÓN,8,trabajar de forma organizada,skill/competence,cross-sector,0.8689,http://data.europa.eu/esco/skill/1258cc12-37bb-4a12-b219-9c3d6b294533
ESPOL,Escuela Superior Politécnica del Litoral,COMPUTACIÓN,9,trabajar de forma organizada,skill/competence,cross-sector,0.8689,http://data.europa.eu/esco/skill/1258cc12-37bb-4a12-b219-9c3d6b294533
ESPOL,Escuela Superior Politécnica del Litoral,COMPUTACIÓN,10,representar a la empresa,skill/competence,cross-sector,0.8678,http://data.europa.eu/esco/skill/43268a87-8280-4e3f-bf97-97dc973d60ef
ESPOL,Escuela Superior Politécnica del Litoral,ELECTRICIDAD,1,gestionar empresas de producción,skill/competence,cross-sector,0.8713,http://data.europa.eu/esco/skill/435d1751-8667-41ec-8b32-865b7cd3c684
ESPOL,Escuela Superior Politécnica del Litoral,ELECTRICIDAD,2,mantener motores eléctricos,skill/competence,cross-sector,0.8664,http://data.europa.eu/esco/skill/2876970d-90af-45bd-9cfd-c0af757947ea
ESPOL,Escuela Superior Politécnica del Litoral,ELECTRICIDAD,3,evaluar las necesidades energéticas,skill/competence,cross-sector,0.8647,http://data.europa.eu/esco/skill/36fccad9-1d20-4104-bcc2-a8ea9d1ce5ea
ESPOL,Escuela Superior Politécnica del Litoral,ELECTRICIDAD,4,gestionar equipos pesados,skill/competence,cross-sector,0.8608,http://data.europa.eu/esco/skill/2a314d49-c071-403b-9cc8-75aea53e7859
ESPOL,Escuela Superior Politécnica del Litoral,ELECTRICIDAD,5,operar el equipo de empaquetado,skill/competence,cross-sector,0.8596,http://data.europa.eu/esco/skill/f8cd217b-b870-42aa-9bbe-d36b672cbb65
ESPOL,Escuela Superior Politécnica del Litoral,ELECTRICIDAD,6,montar generadores,skill/competence,cross-sector,0.8589,http://data.europa.eu/esco/skill/942edf03-a450-4261-b65c-9b447fdddc51
ESPOL,Escuela Superior Politécnica del Litoral,ELECTRICIDAD,7,montar máquinas,skill/competence,cross-sector,0.8577,http://data.europa.eu/esco/skill/87a0c0e6-c114-4ea1-b2d0-933bce1f3c5f
ESPOL,Escuela Superior Politécnica del Litoral,ELECTRICIDAD,8,supervisar el funcionamiento de los equipos,skill/competence,cross-sector,0.8574,http://data.europa.eu/esco/skill/ca17f0df-59e4-4ed2-9360-fc5325bc7151
ESPOL,Escuela Superior Politécnica del Litoral,ELECTRICIDAD,9,gestionar sistemas de instrumentación,skill/competence,cross-sector,0.8569,http://data.europa.eu/esco/skill/5d71a91f-cc72-4b66-b6e3-d75ecc05e235
ESPOL,Escuela Superior Politécnica del Litoral,ELECTRICIDAD,10,gestionar los programas públicos,skill/competence,cross-sector,0.8568,http://data.europa.eu/esco/skill/0761f325-13e7-49f4-a41a-ec64ba4e7b9d
ESPOL,Escuela Superior Politécnica del Litoral,ELECTRÓNICA Y AUTOMATIZACIÓN,1,montar máquinas,skill/competence,cross-sector,0.8734,http://data.europa.eu/esco/skill/87a0c0e6-c114-4ea1-b2d0-933bce1f3c5f
ESPOL,Escuela Superior Politécnica del Litoral,ELECTRÓNICA Y AUTOMATIZACIÓN,2,resolver problemas técnicos,skill/competence,cross-sector,0.8717,http://data.europa.eu/esco/skill/14832d87-2f2f-4895-b290-e4760ebae42a
ESPOL,Escuela Superior Politécnica del Litoral,ELECTRÓNICA Y AUTOMATIZACIÓN,3,supervisar el funcionamiento de los equipos,skill/competence,cross-sector,0.8707,http://data.europa.eu/esco/skill/ca17f0df-59e4-4ed2-9360-fc5325bc7151
ESPOL,Escuela Superior Politécnica del Litoral,ELECTRÓNICA Y AUTOMATIZACIÓN,4,diseñar sistemas de control,skill/competence,cross-sector,0.8684,http://data.europa.eu/esco/skill/d560df46-dda4-4407-bab2-b87353a96814
ESPOL,Escuela Superior Politécnica del Litoral,ELECTRÓNICA Y AUTOMATIZACIÓN,5,mantener motores eléctricos,skill/competence,cross-sector,0.868,http://data.europa.eu/esco/skill/2876970d-90af-45bd-9cfd-c0af757947ea
ESPOL,Escuela Superior Politécnica del Litoral,ELECTRÓNICA Y AUTOMATIZACIÓN,6,verificar unidades electrónicas,skill/competence,cross-sector,0.8675,http://data.europa.eu/esco/skill/baf501a8-f0fe-4ad7-9b69-8e920fa1a87b
ESPOL,Escuela Superior Politécnica del Litoral,ELECTRÓNICA Y AUTOMATIZACIÓN,7,mantener equipos electrónicos,skill/competence,cross-sector,0.8674,http://data.europa.eu/esco/skill/ba45db8f-34e8-4f29-af0b-e6645e1d693f
ESPOL,Escuela Superior Politécnica del Litoral,ELECTRÓNICA Y AUTOMATIZACIÓN,8,asesorar sobre cuestiones relacionadas con problemas de fabricación,skill/competence,cross-sector,0.8669,http://data.europa.eu/esco/skill/6c80c47c-3d08-4356-aa82-46f6ec82c898
ESPOL,Escuela Superior Politécnica del Litoral,ELECTRÓNICA Y AUTOMATIZACIÓN,9,Proponer soluciones tecnológicas a problemas empresariales,skill/competence,cross-sector,0.8638,http://data.europa.eu/esco/skill/07e51c60-763a-4335-b4ec-70a15f66d328
ESPOL,Escuela Superior Politécnica del Litoral,ELECTRÓNICA Y AUTOMATIZACIÓN,10,asesorar sobre averías de máquinas,skill/competence,cross-sector,0.8637,http://data.europa.eu/esco/skill/8c474534-707f-46f3-b356-810bbfe8b693
ESPOL,Escuela Superior Politécnica del Litoral,TELECOMUNICACIONES,1,montar máquinas,skill/competence,cross-sector,0.8628,http://data.europa.eu/esco/skill/87a0c0e6-c114-4ea1-b2d0-933bce1f3c5f
ESPOL,Escuela Superior Politécnica del Litoral,TELECOMUNICACIONES,2,gestionar la instalación de estructuras para eventos,skill/competence,cross-sector,0.8599,http://data.europa.eu/esco/skill/0e503b48-5491-4529-879e-b112251f8d50
ESPOL,Escuela Superior Politécnica del Litoral,TELECOMUNICACIONES,3,gestionar empresas de producción,skill/competence,cross-sector,0.8576,http://data.europa.eu/esco/skill/435d1751-8667-41ec-8b32-865b7cd3c684
ESPOL,Escuela Superior Politécnica del Litoral,TELECOMUNICACIONES,4,planificar procesos de fabricación,skill/competence,cross-sector,0.8567,http://data.europa.eu/esco/skill/7d0f33ea-e724-4d77-8b75-ee4fe66bb9ba
ESPOL,Escuela Superior Politécnica del Litoral,TELECOMUNICACIONES,5,coordinar comunicaciones remotas,skill/competence,cross-sector,0.8547,http://data.europa.eu/esco/skill/9bafaea2-76cd-4532-ab77-8b3d21fa6235
ESPOL,Escuela Superior Politécnica del Litoral,TELECOMUNICACIONES,6,detectar y corregir errores de las tecnologías de la información y de las comunicaciones,skill/competence,cross-sector,0.8546,http://data.europa.eu/esco/skill/744442ac-c157-4350-8be0-ce454df4f5c5
ESPOL,Escuela Superior Politécnica del Litoral,TELECOMUNICACIONES,7,reparar equipos in situ,skill/competence,cross-sector,0.8544,http://data.europa.eu/esco/skill/b928ae44-b19f-49c7-a823-b09094de1063
ESPOL,Escuela Superior Politécnica del Litoral,TELECOMUNICACIONES,8,diseñar sistemas de control,skill/competence,cross-sector,0.8539,http://data.europa.eu/esco/skill/d560df46-dda4-4407-bab2-b87353a96814
ESPOL,Escuela Superior Politécnica del Litoral,TELECOMUNICACIONES,9,encargar equipos,skill/competence,cross-sector,0.8535,http://data.europa.eu/esco/skill/8d1dc94c-d8e1-4ce6-92d5-a17ec0543dc9
ESPOL,Escuela Superior Politécnica del Litoral,TELECOMUNICACIONES,10,reparar sistemas de fontanería,skill/competence,cross-sector,0.8534,http://data.europa.eu/esco/skill/d809a1d2-b80e-43e4-8984-de7517fb68f1
ESPOL,Escuela Superior Politécnica del Litoral,MECATRÓNICA,1,mecatrónica,knowledge,cross-sector,0.8801,http://data.europa.eu/esco/skill/d88cb3f1-8e02-4618-bf32-4b0488066934
ESPOL,Escuela Superior Politécnica del Litoral,MECATRÓNICA,2,montar máquinas,skill/competence,cross-sector,0.8414,http://data.europa.eu/esco/skill/87a0c0e6-c114-4ea1-b2d0-933bce1f3c5f
ESPOL,Escuela Superior Politécnica del Litoral,MECATRÓNICA,3,realizar trabajos técnicos difíciles,skill/competence,cross-sector,0.8403,http://data.europa.eu/esco/skill/2d780738-9b34-40a3-adbb-590001f6ff86
ESPOL,Escuela Superior Politécnica del Litoral,MECATRÓNICA,4,diseñar sistemas microelectromecánicos,skill/competence,cross-sector,0.8396,http://data.europa.eu/esco/skill/c022ff1b-7783-4e64-89ef-0422c81ff51f
ESPOL,Escuela Superior Politécnica del Litoral,MECATRÓNICA,5,diseñar sistemas electromecánicos,skill/competence,cross-sector,0.8392,http://data.europa.eu/esco/skill/c5422318-3218-4ce9-9bdd-f38b93ff63a3
ESPOL,Escuela Superior Politécnica del Litoral,MECATRÓNICA,6,mantener equipos electromecánicos,skill/competence,cross-sector,0.8379,http://data.europa.eu/esco/skill/e0ded9a1-372d-46c8-80b5-ad994d606ef2
ESPOL,Escuela Superior Politécnica del Litoral,MECATRÓNICA,7,planificar procesos de fabricación,skill/competence,cross-sector,0.8372,http://data.europa.eu/esco/skill/7d0f33ea-e724-4d77-8b75-ee4fe66bb9ba
ESPOL,Escuela Superior Politécnica del Litoral,MECATRÓNICA,8,mantener maquinaria de a bordo,skill/competence,cross-sector,0.8363,http://data.europa.eu/esco/skill/26c60178-5d93-4ded-93d7-c58e0ed92388
ESPOL,Escuela Superior Politécnica del Litoral,MECATRÓNICA,9,controlar maquinaria pesada,skill/competence,cross-sector,0.8358,http://data.europa.eu/esco/skill/4853efe8-0cdd-42d1-bc5a-6ba5fa9a8b2c
ESPOL,Escuela Superior Politécnica del Litoral,MECATRÓNICA,10,mecánica de los trenes,knowledge,cross-sector,0.8356,http://data.europa.eu/esco/skill/af0bbc31-b54d-4e8d-82b1-2e91a1115523
ESPOL,Escuela Superior Politécnica del Litoral,INGENIERÍA CIVIL,1,coordinar con expertos ferroviarios,skill/competence,cross-sector,0.8539,http://data.europa.eu/esco/skill/6172948e-5d52-4f94-a617-278a9013a8ae
ESPOL,Escuela Superior Politécnica del Litoral,INGENIERÍA CIVIL,2,examinar las infraestructuras civiles,skill/competence,cross-sector,0.85,http://data.europa.eu/esco/skill/d48b3cfe-80b6-406f-b582-d959b60417f8
ESPOL,Escuela Superior Politécnica del Litoral,INGENIERÍA CIVIL,3,someter a auditorías a los contratistas,skill/competence,cross-sector,0.8451,http://data.europa.eu/esco/skill/0520d8ba-3c24-4f75-a8b0-f883ddeed82d
ESPOL,Escuela Superior Politécnica del Litoral,INGENIERÍA CIVIL,4,utilizar modelos informáticos especializados para predecir el tiempo,skill/competence,cross-sector,0.8443,http://data.europa.eu/esco/skill/206f5738-e91f-4390-84a2-fcb864bc11b1
ESPOL,Escuela Superior Politécnica del Litoral,INGENIERÍA CIVIL,5,ingeniería civil,knowledge,cross-sector,0.8441,http://data.europa.eu/esco/skill/82887396-e5bf-4306-af51-3fe8d82790b2
ESPOL,Escuela Superior Politécnica del Litoral,INGENIERÍA CIVIL,6,asesorar sobre temas de construcción,skill/competence,cross-sector,0.8437,http://data.europa.eu/esco/skill/3b64ab47-a874-403a-b781-7b23c2fc3c6c
ESPOL,Escuela Superior Politécnica del Litoral,INGENIERÍA CIVIL,7,"aplicar conocimientos científicos, tecnológicos y de ingeniería",skill/competence,transversal,0.8426,http://data.europa.eu/esco/skill/5c3ab99d-a3f1-4620-9602-d12d2151a03d
ESPOL,Escuela Superior Politécnica del Litoral,INGENIERÍA CIVIL,8,calcular materiales necesarios para construcción,skill/competence,cross-sector,0.8418,http://data.europa.eu/esco/skill/5d9dd44a-81f8-4710-bd4d-af27ec5c2139
ESPOL,Escuela Superior Politécnica del Litoral,INGENIERÍA CIVIL,9,actuar de enlace con profesionales del sector,skill/competence,cross-sector,0.8416,http://data.europa.eu/esco/skill/d1317634-ccea-44d0-9cdc-c863f9bf856b
ESPOL,Escuela Superior Politécnica del Litoral,INGENIERÍA CIVIL,10,evaluar el impacto ambiental de yacimientos y zonas industriales,skill/competence,cross-sector,0.841,http://data.europa.eu/esco/skill/f12f094b-492f-4e88-b36b-50b8e58b7500
ESPOL,Escuela Superior Politécnica del Litoral,INGENIERÍA QUÍMICA,1,evaluar el impacto ambiental de yacimientos y zonas industriales,skill/competence,cross-sector,0.8837,http://data.europa.eu/esco/skill/f12f094b-492f-4e88-b36b-50b8e58b7500
ESPOL,Escuela Superior Politécnica del Litoral,INGENIERÍA QUÍMICA,2,mejorar procesos químicos,skill/competence,cross-sector,0.8765,http://data.europa.eu/esco/skill/451c8010-7dbb-4f96-b4d4-0955766d9eff
ESPOL,Escuela Superior Politécnica del Litoral,INGENIERÍA QUÍMICA,3,trabajar con sustancias químicas,skill/competence,cross-sector,0.8691,http://data.europa.eu/esco/skill/929a997b-d56c-4383-b36d-6de9fa0e1721
ESPOL,Escuela Superior Politécnica del Litoral,INGENIERÍA QUÍMICA,4,elaborar fórmulas de fabricación,skill/competence,cross-sector,0.8589,http://data.europa.eu/esco/skill/b2ad4e50-cb82-4a34-ab3e-5b5f6c4f9b65
ESPOL,Escuela Superior Politécnica del Litoral,INGENIERÍA QUÍMICA,5,coordinar equipos de ingeniería,skill/competence,cross-sector,0.855,http://data.europa.eu/esco/skill/7af6e9e8-1e11-4c0b-b7c6-ac96bbbbc674
ESPOL,Escuela Superior Politécnica del Litoral,INGENIERÍA QUÍMICA,6,manejar equipos de extracción de hidrógeno,skill/competence,cross-sector,0.8548,http://data.europa.eu/esco/skill/d2fd219f-5cb1-4f67-8db5-be6c5fc865c7
ESPOL,Escuela Superior Politécnica del Litoral,INGENIERÍA QUÍMICA,7,planificar procesos de fabricación,skill/competence,cross-sector,0.8537,http://data.europa.eu/esco/skill/7d0f33ea-e724-4d77-8b75-ee4fe66bb9ba
ESPOL,Escuela Superior Politécnica del Litoral,INGENIERÍA QUÍMICA,8,gestionar proyectos de investigación y desarrollo,skill/competence,cross-sector,0.8526,http://data.europa.eu/esco/skill/d5dbc342-8e39-4998-8237-ebbe05a381ce
ESPOL,Escuela Superior Politécnica del Litoral,INGENIERÍA QUÍMICA,9,gestionar empresas de producción,skill/competence,cross-sector,0.8524,http://data.europa.eu/esco/skill/435d1751-8667-41ec-8b32-865b7cd3c684
ESPOL,Escuela Superior Politécnica del Litoral,INGENIERÍA QUÍMICA,10,prestar asistencia en investigaciones científicas,skill/competence,cross-sector,0.8521,http://data.europa.eu/esco/skill/d6179c4b-ff5a-4bbb-a3c8-e0acf0de1f56
ESPOL,Escuela Superior Politécnica del Litoral,INGENIERÍA INDUSTRIAL,1,utilizar métodos de análisis de datos logísticos,skill/competence,cross-sector,0.874,http://data.europa.eu/esco/skill/6f993130-082b-4732-b62f-52cdf2096ad9
ESPOL,Escuela Superior Politécnica del Litoral,INGENIERÍA INDUSTRIAL,2,mejorar procesos químicos,skill/competence,cross-sector,0.8714,http://data.europa.eu/esco/skill/451c8010-7dbb-4f96-b4d4-0955766d9eff
ESPOL,Escuela Superior Politécnica del Litoral,INGENIERÍA INDUSTRIAL,3,gestionar sistemas de instrumentación,skill/competence,cross-sector,0.8701,http://data.europa.eu/esco/skill/5d71a91f-cc72-4b66-b6e3-d75ecc05e235
ESPOL,Escuela Superior Politécnica del Litoral,INGENIERÍA INDUSTRIAL,4,crear soluciones para problemas,skill/competence,cross-sector,0.8688,http://data.europa.eu/esco/skill/03b9b491-fc9b-4868-914a-bf7cd47b5041
ESPOL,Escuela Superior Politécnica del Litoral,INGENIERÍA INDUSTRIAL,5,analizar modelos de negocio,skill/competence,cross-sector,0.8668,http://data.europa.eu/esco/skill/3c1cbc5e-2220-4f45-bcc8-3d52c8c9cae0
ESPOL,Escuela Superior Politécnica del Litoral,INGENIERÍA INDUSTRIAL,6,desarrollar sistemas de instrumentación,skill/competence,cross-sector,0.866,http://data.europa.eu/esco/skill/d8c19849-f4cf-458d-90cd-abe735a729bf
ESPOL,Escuela Superior Politécnica del Litoral,INGENIERÍA INDUSTRIAL,7,analizar estrategias de gestión de la cadena de suministro,skill/competence,cross-sector,0.8651,http://data.europa.eu/esco/skill/96d549bb-3e62-4c45-92a7-f114df089581
ESPOL,Escuela Superior Politécnica del Litoral,INGENIERÍA INDUSTRIAL,8,integrar productos nuevos en la cadena de fabricación,skill/competence,cross-sector,0.8647,http://data.europa.eu/esco/skill/8a753714-9a19-4418-9b37-77e79d72c705
ESPOL,Escuela Superior Politécnica del Litoral,INGENIERÍA INDUSTRIAL,9,planificar procesos de fabricación,skill/competence,cross-sector,0.8637,http://data.europa.eu/esco/skill/7d0f33ea-e724-4d77-8b75-ee4fe66bb9ba
ESPOL,Escuela Superior Politécnica del Litoral,INGENIERÍA INDUSTRIAL,10,utilizar modelos informáticos especializados para predecir el tiempo,skill/competence,cross-sector,0.8628,http://data.europa.eu/esco/skill/206f5738-e91f-4390-84a2-fcb864bc11b1
ESPOL,Escuela Superior Politécnica del Litoral,MECÁNICA,1,realizar todas las actividades de ingeniería de procesos,skill/competence,cross-sector,0.8702,http://data.europa.eu/esco/skill/8b9d609a-6d62-4d5c-9133-01d41979cfac
ESPOL,Escuela Superior Politécnica del Litoral,MECÁNICA,2,diseñar sistemas de control,skill/competence,cross-sector,0.8689,http://data.europa.eu/esco/skill/d560df46-dda4-4407-bab2-b87353a96814
ESPOL,Escuela Superior Politécnica del Litoral,MECÁNICA,3,montar máquinas,skill/competence,cross-sector,0.8667,http://data.europa.eu/esco/skill/87a0c0e6-c114-4ea1-b2d0-933bce1f3c5f
ESPOL,Escuela Superior Politécnica del Litoral,MECÁNICA,4,planificar procesos de fabricación,skill/competence,cross-sector,0.863,http://data.europa.eu/esco/skill/7d0f33ea-e724-4d77-8b75-ee4fe66bb9ba
ESPOL,Escuela Superior Politécnica del Litoral,MECÁNICA,5,ensamblar el producto final,skill/competence,cross-sector,0.8616,http://data.europa.eu/esco/skill/66f088b3-85d5-458e-8c6a-a7d7b678d16d
ESPOL,Escuela Superior Politécnica del Litoral,MECÁNICA,6,diseñar componentes de ingeniería,skill/competence,cross-sector,0.8601,http://data.europa.eu/esco/skill/87434439-c07d-48be-af34-b0cdd03121c4
ESPOL,Escuela Superior Politécnica del Litoral,MECÁNICA,7,diseñar componentes de automatización,skill/competence,cross-sector,0.8596,http://data.europa.eu/esco/skill/f96f5aa5-6ed7-40dc-a431-68b0a09d6d4b
ESPOL,Escuela Superior Politécnica del Litoral,MECÁNICA,8,realizar trabajos técnicos difíciles,skill/competence,cross-sector,0.8582,http://data.europa.eu/esco/skill/2d780738-9b34-40a3-adbb-590001f6ff86
ESPOL,Escuela Superior Politécnica del Litoral,MECÁNICA,9,diseñar sistemas electrónicos,skill/competence,cross-sector,0.8569,http://data.europa.eu/esco/skill/feb717ff-fba6-4a91-aa10-ee11cf2da6b4
ESPOL,Escuela Superior Politécnica del Litoral,MECÁNICA,10,"aplicar conocimientos científicos, tecnológicos y de ingeniería",skill/competence,transversal,0.8556,http://data.europa.eu/esco/skill/5c3ab99d-a3f1-4620-9602-d12d2151a03d
ESPOL,Escuela Superior Politécnica del Litoral,MATERIALES,1,evaluar el impacto ambiental de yacimientos y zonas industriales,skill/competence,cross-sector,0.8652,http://data.europa.eu/esco/skill/f12f094b-492f-4e88-b36b-50b8e58b7500
ESPOL,Escuela Superior Politécnica del Litoral,MATERIALES,2,desarrollar procedimientos de ensayo de materiales,skill/competence,cross-sector,0.8642,http://data.europa.eu/esco/skill/658b6ea0-79f5-451d-a037-7593a4416c85
ESPOL,Escuela Superior Politécnica del Litoral,MATERIALES,3,identificar nuevas oportunidades de reciclaje,skill/competence,cross-sector,0.8635,http://data.europa.eu/esco/skill/89f5fa96-ae45-4906-902c-d50ca51009c6
ESPOL,Escuela Superior Politécnica del Litoral,MATERIALES,4,mejorar procesos químicos,skill/competence,cross-sector,0.8595,http://data.europa.eu/esco/skill/451c8010-7dbb-4f96-b4d4-0955766d9eff
ESPOL,Escuela Superior Politécnica del Litoral,MATERIALES,5,analizar modelos de negocio,skill/competence,cross-sector,0.8581,http://data.europa.eu/esco/skill/3c1cbc5e-2220-4f45-bcc8-3d52c8c9cae0
ESPOL,Escuela Superior Politécnica del Litoral,MATERIALES,6,elaborar planos,skill/competence,cross-sector,0.8556,http://data.europa.eu/esco/skill/bf59255e-782a-4e83-a93c-6055cfdd8e7f
ESPOL,Escuela Superior Politécnica del Litoral,MATERIALES,7,actuar de enlace con profesionales del sector,skill/competence,cross-sector,0.8555,http://data.europa.eu/esco/skill/d1317634-ccea-44d0-9cdc-c863f9bf856b
ESPOL,Escuela Superior Politécnica del Litoral,MATERIALES,8,planificar procesos de fabricación,skill/competence,cross-sector,0.855,http://data.europa.eu/esco/skill/7d0f33ea-e724-4d77-8b75-ee4fe66bb9ba
ESPOL,Escuela Superior Politécnica del Litoral,MATERIALES,9,manipular madera,skill/competence,cross-sector,0.8537,http://data.europa.eu/esco/skill/c8186be4-15d4-4347-b34a-53bee7015f79
ESPOL,Escuela Superior Politécnica del Litoral,MATERIALES,10,calcular materiales necesarios para construcción,skill/competence,cross-sector,0.8533,http://data.europa.eu/esco/skill/5d9dd44a-81f8-4710-bd4d-af27ec5c2139
ESPOL,Escuela Superior Politécnica del Litoral,PETRÓLEOS,1,evaluar el impacto ambiental de yacimientos y zonas industriales,skill/competence,cross-sector,0.8654,http://data.europa.eu/esco/skill/f12f094b-492f-4e88-b36b-50b8e58b7500
ESPOL,Escuela Superior Politécnica del Litoral,PETRÓLEOS,2,mejorar procesos químicos,skill/competence,cross-sector,0.843,http://data.europa.eu/esco/skill/451c8010-7dbb-4f96-b4d4-0955766d9eff
ESPOL,Escuela Superior Politécnica del Litoral,PETRÓLEOS,3,actuar de enlace con profesionales del sector,skill/competence,cross-sector,0.8426,http://data.europa.eu/esco/skill/d1317634-ccea-44d0-9cdc-c863f9bf856b
ESPOL,Escuela Superior Politécnica del Litoral,PETRÓLEOS,4,diseñar escombreras de minas,skill/competence,cross-sector,0.8424,http://data.europa.eu/esco/skill/cfbe1cdb-1738-45a1-b442-75cbda1fff06
ESPOL,Escuela Superior Politécnica del Litoral,PETRÓLEOS,5,trabajar con sustancias químicas,skill/competence,cross-sector,0.8422,http://data.europa.eu/esco/skill/929a997b-d56c-4383-b36d-6de9fa0e1721
ESPOL,Escuela Superior Politécnica del Litoral,PETRÓLEOS,6,analizar modelos de negocio,skill/competence,cross-sector,0.8418,http://data.europa.eu/esco/skill/3c1cbc5e-2220-4f45-bcc8-3d52c8c9cae0
ESPOL,Escuela Superior Politécnica del Litoral,PETRÓLEOS,7,realizar trabajos técnicos difíciles,skill/competence,cross-sector,0.8417,http://data.europa.eu/esco/skill/2d780738-9b34-40a3-adbb-590001f6ff86
ESPOL,Escuela Superior Politécnica del Litoral,PETRÓLEOS,8,realizar investigación estratégica,skill/competence,cross-sector,0.8414,http://data.europa.eu/esco/skill/0aa02c52-077d-45f8-8c2d-7132c11ac16e
ESPOL,Escuela Superior Politécnica del Litoral,PETRÓLEOS,9,planificar procesos de fabricación,skill/competence,cross-sector,0.8407,http://data.europa.eu/esco/skill/7d0f33ea-e724-4d77-8b75-ee4fe66bb9ba
ESPOL,Escuela Superior Politécnica del Litoral,PETRÓLEOS,10,desarrollar sistemas de instrumentación,skill/competence,cross-sector,0.8394,http://data.europa.eu/esco/skill/d8c19849-f4cf-458d-90cd-abe735a729bf
ESPOL,Escuela Superior Politécnica del Litoral,GEOLOGÍA,1,evaluar el impacto ambiental de yacimientos y zonas industriales,skill/competence,cross-sector,0.8863,http://data.europa.eu/esco/skill/f12f094b-492f-4e88-b36b-50b8e58b7500
ESPOL,Escuela Superior Politécnica del Litoral,GEOLOGÍA,2,detectar peligros en el lugar de trabajo,skill/competence,cross-sector,0.8586,http://data.europa.eu/esco/skill/5f97fac8-2001-4b81-ae8b-22f9062d921a
ESPOL,Escuela Superior Politécnica del Litoral,GEOLOGÍA,3,reaccionar ante emergencias mineras,skill/competence,cross-sector,0.8564,http://data.europa.eu/esco/skill/3938da70-dd7a-4092-b039-10c2218867fd
ESPOL,Escuela Superior Politécnica del Litoral,GEOLOGÍA,4,supervisar el funcionamiento de los equipos,skill/competence,cross-sector,0.8551,http://data.europa.eu/esco/skill/ca17f0df-59e4-4ed2-9360-fc5325bc7151
ESPOL,Escuela Superior Politécnica del Litoral,GEOLOGÍA,5,gestionar equipos pesados,skill/competence,cross-sector,0.8519,http://data.europa.eu/esco/skill/2a314d49-c071-403b-9cc8-75aea53e7859
ESPOL,Escuela Superior Politécnica del Litoral,GEOLOGÍA,6,transportar mercancías peligrosas,skill/competence,cross-sector,0.851,http://data.europa.eu/esco/skill/5b0d14b1-0bf6-4f6b-b922-4becc213f0aa
ESPOL,Escuela Superior Politécnica del Litoral,GEOLOGÍA,7,actuar de enlace con profesionales del sector,skill/competence,cross-sector,0.8504,http://data.europa.eu/esco/skill/d1317634-ccea-44d0-9cdc-c863f9bf856b
ESPOL,Escuela Superior Politécnica del Litoral,GEOLOGÍA,8,realizar auditorías ambientales,skill/competence,cross-sector,0.8504,http://data.europa.eu/esco/skill/60ab2bf7-c812-4a88-86c0-7c81a9b2f77c
ESPOL,Escuela Superior Politécnica del Litoral,GEOLOGÍA,9,trabajar con sustancias químicas,skill/competence,cross-sector,0.8492,http://data.europa.eu/esco/skill/929a997b-d56c-4383-b36d-6de9fa0e1721
ESPOL,Escuela Superior Politécnica del Litoral,GEOLOGÍA,10,gestionar sistemas de instrumentación,skill/competence,cross-sector,0.8485,http://data.europa.eu/esco/skill/5d71a91f-cc72-4b66-b6e3-d75ecc05e235
ESPOL,Escuela Superior Politécnica del Litoral,MATEMÁTICA,1,ejecutar cálculos matemáticos analíticos,skill/competence,cross-sector,0.8744,http://data.europa.eu/esco/skill/31c69100-b612-4a61-8db5-fd314318854c
ESPOL,Escuela Superior Politécnica del Litoral,MATEMÁTICA,2,resolver problemas,skill/competence,transversal,0.8733,http://data.europa.eu/esco/skill/adc6dc11-3376-467b-96c5-9b0a21edc869
ESPOL,Escuela Superior Politécnica del Litoral,MATEMÁTICA,3,realizar cálculos,skill/competence,transversal,0.8648,http://data.europa.eu/esco/skill/19ba11f3-9c99-41fd-a7c9-f77e6a026186
ESPOL,Escuela Superior Politécnica del Litoral,MATEMÁTICA,4,asesorar al alumnado,skill/competence,cross-sector,0.8608,http://data.europa.eu/esco/skill/f7940b22-764a-43f0-9642-f60f5897109b
ESPOL,Escuela Superior Politécnica del Litoral,MATEMÁTICA,5,aplicar competencias matemáticas,skill/competence,cross-sector,0.8589,http://data.europa.eu/esco/skill/5dd01a1e-7ba0-4b7f-a76c-ed811c12bfde
ESPOL,Escuela Superior Politécnica del Litoral,MATEMÁTICA,6,participar en las operaciones cotidianas de la empresa,skill/competence,cross-sector,0.8573,http://data.europa.eu/esco/skill/ce4cbc3a-bde0-43b4-9526-e643c4fe5b04
ESPOL,Escuela Superior Politécnica del Litoral,MATEMÁTICA,7,crear soluciones para problemas,skill/competence,cross-sector,0.8542,http://data.europa.eu/esco/skill/03b9b491-fc9b-4868-914a-bf7cd47b5041
ESPOL,Escuela Superior Politécnica del Litoral,MATEMÁTICA,8,Proponer soluciones tecnológicas a problemas empresariales,skill/competence,cross-sector,0.8523,http://data.europa.eu/esco/skill/07e51c60-763a-4335-b4ec-70a15f66d328
ESPOL,Escuela Superior Politécnica del Litoral,MATEMÁTICA,9,asesorar sobre planificación tributaria y fiscal,skill/competence,cross-sector,0.8515,http://data.europa.eu/esco/skill/161a6c5a-593a-4977-b7b7-49c6a2a2f2a3
ESPOL,Escuela Superior Politécnica del Litoral,MATEMÁTICA,10,analizar modelos de negocio,skill/competence,cross-sector,0.8502,http://data.europa.eu/esco/skill/3c1cbc5e-2220-4f45-bcc8-3d52c8c9cae0
ESPOL,Escuela Superior Politécnica del Litoral,ECONOMÍA,1,analizar las tendencias económicas,skill/competence,cross-sector,0.865,http://data.europa.eu/esco/skill/5f302d63-048e-451c-b150-97c124a5a26b
ESPOL,Escuela Superior Politécnica del Litoral,ECONOMÍA,2,gestionar presupuestos de transportistas potenciales,skill/competence,cross-sector,0.8631,http://data.europa.eu/esco/skill/25d8dedb-a557-441a-8aeb-2d618b79abe9
ESPOL,Escuela Superior Politécnica del Litoral,ECONOMÍA,3,pronosticar niveles futuros de desarrollo empresarial,skill/competence,cross-sector,0.862,http://data.europa.eu/esco/skill/ab167ae1-dfd8-4607-8dc4-d6d500622e1d
ESPOL,Escuela Superior Politécnica del Litoral,ECONOMÍA,4,analizar modelos de negocio,skill/competence,cross-sector,0.8617,http://data.europa.eu/esco/skill/3c1cbc5e-2220-4f45-bcc8-3d52c8c9cae0
ESPOL,Escuela Superior Politécnica del Litoral,ECONOMÍA,5,gestionar los programas públicos,skill/competence,cross-sector,0.8575,http://data.europa.eu/esco/skill/0761f325-13e7-49f4-a41a-ec64ba4e7b9d
ESPOL,Escuela Superior Politécnica del Litoral,ECONOMÍA,6,ejercer el control del gasto,skill/competence,cross-sector,0.8557,http://data.europa.eu/esco/skill/b08ec8ff-1a3e-4cc3-8016-9520b21666a6
ESPOL,Escuela Superior Politécnica del Litoral,ECONOMÍA,7,asesorar sobre el desarrollo económico,skill/competence,cross-sector,0.8552,http://data.europa.eu/esco/skill/384ed14c-bf1f-4a65-aef6-6e711f43c4ce
ESPOL,Escuela Superior Politécnica del Litoral,ECONOMÍA,8,realizar estudios de mercado,skill/competence,cross-sector,0.8552,http://data.europa.eu/esco/skill/fe39d4db-4cb5-4299-bb9f-896c8fd6ab13
ESPOL,Escuela Superior Politécnica del Litoral,ECONOMÍA,9,analizar el riesgo financiero,skill/competence,cross-sector,0.8539,http://data.europa.eu/esco/skill/eb8babfb-ab91-4937-a032-6a79f82e9b7f
ESPOL,Escuela Superior Politécnica del Litoral,ECONOMÍA,10,gestionar el riesgo de las transacciones de comercio internacional,skill/competence,cross-sector,0.8536,http://data.europa.eu/esco/skill/4bdbd6db-7d75-40e7-b40e-5718e2982dfb
ESPOL,Escuela Superior Politécnica del Litoral,ADMINISTRACIÓN DE EMPRESAS,1,analizar estrategias de gestión de la cadena de suministro,skill/competence,cross-sector,0.8767,http://data.europa.eu/esco/skill/96d549bb-3e62-4c45-92a7-f114df089581
ESPOL,Escuela Superior Politécnica del Litoral,ADMINISTRACIÓN DE EMPRESAS,2,realizar diversas tareas organizativas en la empresa,skill/competence,cross-sector,0.8699,http://data.europa.eu/esco/skill/01755f08-4df4-4cf0-8d22-08f94cad68b5
ESPOL,Escuela Superior Politécnica del Litoral,ADMINISTRACIÓN DE EMPRESAS,3,analizar modelos de negocio,skill/competence,cross-sector,0.869,http://data.europa.eu/esco/skill/3c1cbc5e-2220-4f45-bcc8-3d52c8c9cae0
ESPOL,Escuela Superior Politécnica del Litoral,ADMINISTRACIÓN DE EMPRESAS,4,gestionar empresas de producción,skill/competence,cross-sector,0.8682,http://data.europa.eu/esco/skill/435d1751-8667-41ec-8b32-865b7cd3c684
ESPOL,Escuela Superior Politécnica del Litoral,ADMINISTRACIÓN DE EMPRESAS,5,elaborar estrategias para resolver problemas,skill/competence,cross-sector,0.8672,http://data.europa.eu/esco/skill/7a8fb784-67fa-41e9-a75c-6b491d91f800
ESPOL,Escuela Superior Politécnica del Litoral,ADMINISTRACIÓN DE EMPRESAS,6,formar equipos dentro de la empresa en base a las competencias,skill/competence,cross-sector,0.8655,http://data.europa.eu/esco/skill/f1155d3f-fbca-4298-a31c-f6955653bacf
ESPOL,Escuela Superior Politécnica del Litoral,ADMINISTRACIÓN DE EMPRESAS,7,asesorar sobre estrategias de mercado,skill/competence,cross-sector,0.8643,http://data.europa.eu/esco/skill/34d6ed30-5d35-44b9-9498-fd15badb5f28
ESPOL,Escuela Superior Politécnica del Litoral,ADMINISTRACIÓN DE EMPRESAS,8,mejorar procesos empresariales,skill/competence,cross-sector,0.8639,http://data.europa.eu/esco/skill/75b30aeb-34c0-40f4-b77d-271d75a98b14
ESPOL,Escuela Superior Politécnica del Litoral,ADMINISTRACIÓN DE EMPRESAS,9,realizar investigación estratégica,skill/competence,cross-sector,0.8628,http://data.europa.eu/esco/skill/0aa02c52-077d-45f8-8c2d-7132c11ac16e
ESPOL,Escuela Superior Politécnica del Litoral,ADMINISTRACIÓN DE EMPRESAS,10,gestionar recursos humanos,skill/competence,cross-sector,0.8627,http://data.europa.eu/esco/skill/339ac029-066a-4985-9f9d-b3d7c8fea0bb
UPS,Universidad Politécnica Salesiana,COMPUTACIÓN,1,crear soluciones para problemas,skill/competence,cross-sector,0.8674,http://data.europa.eu/esco/skill/03b9b491-fc9b-4868-914a-bf7cd47b5041
UPS,Universidad Politécnica Salesiana,COMPUTACIÓN,2,elaborar estrategias para resolver problemas,skill/competence,cross-sector,0.8669,http://data.europa.eu/esco/skill/7a8fb784-67fa-41e9-a75c-6b491d91f800
UPS,Universidad Politécnica Salesiana,COMPUTACIÓN,3,aplicar la gestión de conflictos,skill/competence,cross-sector,0.863,http://data.europa.eu/esco/skill/0ee94af1-b445-4973-9c3f-459fab250342
UPS,Universidad Politécnica Salesiana,COMPUTACIÓN,4,crear soluciones para problemas informativos,skill/competence,cross-sector,0.8626,http://data.europa.eu/esco/skill/4539aeca-b56f-4d03-ba86-8f675a7f2536
UPS,Universidad Politécnica Salesiana,COMPUTACIÓN,5,tener competencias informáticas,skill/competence,cross-sector,0.8626,http://data.europa.eu/esco/skill/d15ce60f-ddab-41ce-ba56-398451b77b60
UPS,Universidad Politécnica Salesiana,COMPUTACIÓN,6,utilizar las tecnologías digitales con creatividad,skill/competence,cross-sector,0.8612,http://data.europa.eu/esco/skill/1a4cc54f-1e53-442b-a6d2-1682dc8ef8f9
UPS,Universidad Politécnica Salesiana,COMPUTACIÓN,7,resolver problemas de sistemas TIC,skill/competence,cross-sector,0.8576,http://data.europa.eu/esco/skill/9e06bac6-6b91-48ca-8b7d-c1f48cdecd7c
UPS,Universidad Politécnica Salesiana,COMPUTACIÓN,8,detectar y corregir errores de las tecnologías de la información y de las comunicaciones,skill/competence,cross-sector,0.8566,http://data.europa.eu/esco/skill/744442ac-c157-4350-8be0-ce454df4f5c5
UPS,Universidad Politécnica Salesiana,COMPUTACIÓN,9,utilizar servicios electrónicos,skill/competence,cross-sector,0.8565,http://data.europa.eu/esco/skill/16a00c69-9c74-4c37-96d7-6301d285e5ce
UPS,Universidad Politécnica Salesiana,COMPUTACIÓN,10,resolver problemas,skill/competence,transversal,0.8562,http://data.europa.eu/esco/skill/adc6dc11-3376-467b-96c5-9b0a21edc869
UPS,Universidad Politécnica Salesiana,ELECTRÓNICA Y AUTOMATIZACIÓN,1,planificar procesos de fabricación,skill/competence,cross-sector,0.8688,http://data.europa.eu/esco/skill/7d0f33ea-e724-4d77-8b75-ee4fe66bb9ba
UPS,Universidad Politécnica Salesiana,ELECTRÓNICA Y AUTOMATIZACIÓN,2,establecer normas para plantas de producción,skill/competence,cross-sector,0.8679,http://data.europa.eu/esco/skill/d154e48f-95b4-4ce6-907e-4a44d50129fe
UPS,Universidad Politécnica Salesiana,ELECTRÓNICA Y AUTOMATIZACIÓN,3,diseñar sistemas electrónicos,skill/competence,cross-sector,0.8665,http://data.europa.eu/esco/skill/feb717ff-fba6-4a91-aa10-ee11cf2da6b4
UPS,Universidad Politécnica Salesiana,ELECTRÓNICA Y AUTOMATIZACIÓN,4,desarrollar procedimientos de prueba electrónica,skill/competence,cross-sector,0.8655,http://data.europa.eu/esco/skill/0de6bca4-f3aa-452a-8e10-d355b2c1bfc4
UPS,Universidad Politécnica Salesiana,ELECTRÓNICA Y AUTOMATIZACIÓN,5,operar el equipo de empaquetado,skill/competence,cross-sector,0.8653,http://data.europa.eu/esco/skill/f8cd217b-b870-42aa-9bbe-d36b672cbb65
UPS,Universidad Politécnica Salesiana,ELECTRÓNICA Y AUTOMATIZACIÓN,6,diseñar componentes de automatización,skill/competence,cross-sector,0.8637,http://data.europa.eu/esco/skill/f96f5aa5-6ed7-40dc-a431-68b0a09d6d4b
UPS,Universidad Politécnica Salesiana,ELECTRÓNICA Y AUTOMATIZACIÓN,7,gestionar empresas de producción,skill/competence,cross-sector,0.8624,http://data.europa.eu/esco/skill/435d1751-8667-41ec-8b32-865b7cd3c684
UPS,Universidad Politécnica Salesiana,ELECTRÓNICA Y AUTOMATIZACIÓN,8,gestionar la producción de calzado y de artículos de piel y cuero,skill/competence,cross-sector,0.8617,http://data.europa.eu/esco/skill/7e71fbcf-ebf8-4164-829b-e16b68aa9432
UPS,Universidad Politécnica Salesiana,ELECTRÓNICA Y AUTOMATIZACIÓN,9,montar máquinas,skill/competence,cross-sector,0.8617,http://data.europa.eu/esco/skill/87a0c0e6-c114-4ea1-b2d0-933bce1f3c5f
UPS,Universidad Politécnica Salesiana,ELECTRÓNICA Y AUTOMATIZACIÓN,10,operar sistemas de control informatizados,skill/competence,cross-sector,0.8606,http://data.europa.eu/esco/skill/b916d60e-38e9-4241-914a-4e2144bda711
UPS,Universidad Politécnica Salesiana,ELECTRICIDAD,1,diseñar sistemas de control,skill/competence,cross-sector,0.8634,http://data.europa.eu/esco/skill/d560df46-dda4-4407-bab2-b87353a96814
UPS,Universidad Politécnica Salesiana,ELECTRICIDAD,2,elaborar estrategias para resolver problemas,skill/competence,cross-sector,0.8581,http://data.europa.eu/esco/skill/7a8fb784-67fa-41e9-a75c-6b491d91f800
UPS,Universidad Politécnica Salesiana,ELECTRICIDAD,3,"aplicar conocimientos científicos, tecnológicos y de ingeniería",skill/competence,transversal,0.8579,http://data.europa.eu/esco/skill/5c3ab99d-a3f1-4620-9602-d12d2151a03d
UPS,Universidad Politécnica Salesiana,ELECTRICIDAD,4,supervisar el funcionamiento de los equipos,skill/competence,cross-sector,0.8577,http://data.europa.eu/esco/skill/ca17f0df-59e4-4ed2-9360-fc5325bc7151
UPS,Universidad Politécnica Salesiana,ELECTRICIDAD,5,evaluar las necesidades energéticas,skill/competence,cross-sector,0.8574,http://data.europa.eu/esco/skill/36fccad9-1d20-4104-bcc2-a8ea9d1ce5ea
UPS,Universidad Politécnica Salesiana,ELECTRICIDAD,6,diseñar sistemas electrónicos,skill/competence,cross-sector,0.8565,http://data.europa.eu/esco/skill/feb717ff-fba6-4a91-aa10-ee11cf2da6b4
UPS,Universidad Politécnica Salesiana,ELECTRICIDAD,7,operar el equipo de empaquetado,skill/competence,cross-sector,0.855,http://data.europa.eu/esco/skill/f8cd217b-b870-42aa-9bbe-d36b672cbb65
UPS,Universidad Politécnica Salesiana,ELECTRICIDAD,8,mantener motores eléctricos,skill/competence,cross-sector,0.8544,http://data.europa.eu/esco/skill/2876970d-90af-45bd-9cfd-c0af757947ea
UPS,Universidad Politécnica Salesiana,ELECTRICIDAD,9,realizar actividades de gestión energética en instalaciones,skill/competence,cross-sector,0.8519,http://data.europa.eu/esco/skill/885808f7-f42b-406e-95f2-28efcd45ddda
UPS,Universidad Politécnica Salesiana,ELECTRICIDAD,10,trabajar de forma organizada,skill/competence,cross-sector,0.8512,http://data.europa.eu/esco/skill/1258cc12-37bb-4a12-b219-9c3d6b294533
UPS,Universidad Politécnica Salesiana,TELECOMUNICACIONES,1,coordinar comunicaciones remotas,skill/competence,cross-sector,0.8758,http://data.europa.eu/esco/skill/9bafaea2-76cd-4532-ab77-8b3d21fa6235
UPS,Universidad Politécnica Salesiana,TELECOMUNICACIONES,2,desarrollar estrategias de comunicación,skill/competence,cross-sector,0.8671,http://data.europa.eu/esco/skill/3c834f6e-523a-49ee-8ed1-e073e28ae6fe
UPS,Universidad Politécnica Salesiana,TELECOMUNICACIONES,3,coordinar equipos de ingeniería,skill/competence,cross-sector,0.8649,http://data.europa.eu/esco/skill/7af6e9e8-1e11-4c0b-b7c6-ac96bbbbc674
UPS,Universidad Politécnica Salesiana,TELECOMUNICACIONES,4,gestionar proyectos de investigación y desarrollo,skill/competence,cross-sector,0.8647,http://data.europa.eu/esco/skill/d5dbc342-8e39-4998-8237-ebbe05a381ce
UPS,Universidad Politécnica Salesiana,TELECOMUNICACIONES,5,asesorar sobre estrategias de comunicación,skill/competence,cross-sector,0.8645,http://data.europa.eu/esco/skill/69f36674-440a-4fa0-89f9-1b70172ebb9d
UPS,Universidad Politécnica Salesiana,TELECOMUNICACIONES,6,resolver problemas de sistemas TIC,skill/competence,cross-sector,0.8623,http://data.europa.eu/esco/skill/9e06bac6-6b91-48ca-8b7d-c1f48cdecd7c
UPS,Universidad Politécnica Salesiana,TELECOMUNICACIONES,7,construir redes,skill/competence,transversal,0.8615,http://data.europa.eu/esco/skill/bf983f2a-e941-4646-811d-cc81060cb53f
UPS,Universidad Politécnica Salesiana,TELECOMUNICACIONES,8,coordinar comunicaciones en situaciones de emergencia en operaciones mineras,skill/competence,cross-sector,0.8609,http://data.europa.eu/esco/skill/707ff33d-d130-4e61-8a2a-6e8b023be9fc
UPS,Universidad Politécnica Salesiana,TELECOMUNICACIONES,9,realizar gestión de clientes,skill/competence,cross-sector,0.86,http://data.europa.eu/esco/skill/91306a20-9b81-4f3d-97eb-f5368b607da7
UPS,Universidad Politécnica Salesiana,TELECOMUNICACIONES,10,gestionar las comunicaciones visuales,skill/competence,cross-sector,0.86,http://data.europa.eu/esco/skill/50b96d21-f2eb-4f35-a8d3-77eee15ef51f
UPS,Universidad Politécnica Salesiana,MECATRÓNICA,1,mecatrónica,knowledge,cross-sector,0.8943,http://data.europa.eu/esco/skill/d88cb3f1-8e02-4618-bf32-4b0488066934
UPS,Universidad Politécnica Salesiana,MECATRÓNICA,2,coordinar equipos de ingeniería,skill/competence,cross-sector,0.8745,http://data.europa.eu/esco/skill/7af6e9e8-1e11-4c0b-b7c6-ac96bbbbc674
UPS,Universidad Politécnica Salesiana,MECATRÓNICA,3,gestionar varios proyectos,skill/competence,cross-sector,0.8677,http://data.europa.eu/esco/skill/c881ddd2-9c0e-4743-bd24-36be650493dd
UPS,Universidad Politécnica Salesiana,MECATRÓNICA,4,diseñar componentes de automatización,skill/competence,cross-sector,0.8659,http://data.europa.eu/esco/skill/f96f5aa5-6ed7-40dc-a431-68b0a09d6d4b
UPS,Universidad Politécnica Salesiana,MECATRÓNICA,5,integrar productos nuevos en la cadena de fabricación,skill/competence,cross-sector,0.8634,http://data.europa.eu/esco/skill/8a753714-9a19-4418-9b37-77e79d72c705
UPS,Universidad Politécnica Salesiana,MECATRÓNICA,6,realizar diversas tareas organizativas en la empresa,skill/competence,cross-sector,0.8616,http://data.europa.eu/esco/skill/01755f08-4df4-4cf0-8d22-08f94cad68b5
UPS,Universidad Politécnica Salesiana,MECATRÓNICA,7,gestionar sistemas de instrumentación,skill/competence,cross-sector,0.861,http://data.europa.eu/esco/skill/5d71a91f-cc72-4b66-b6e3-d75ecc05e235
UPS,Universidad Politécnica Salesiana,MECATRÓNICA,8,diseñar sistemas de control,skill/competence,cross-sector,0.8609,http://data.europa.eu/esco/skill/d560df46-dda4-4407-bab2-b87353a96814
UPS,Universidad Politécnica Salesiana,MECATRÓNICA,9,desarrollar sistemas de instrumentación,skill/competence,cross-sector,0.8605,http://data.europa.eu/esco/skill/d8c19849-f4cf-458d-90cd-abe735a729bf
UPS,Universidad Politécnica Salesiana,MECATRÓNICA,10,planificar procesos de fabricación,skill/competence,cross-sector,0.8599,http://data.europa.eu/esco/skill/7d0f33ea-e724-4d77-8b75-ee4fe66bb9ba
UPS,Universidad Politécnica Salesiana,MECÁNICA,1,planificar procesos de fabricación,skill/competence,cross-sector,0.8762,http://data.europa.eu/esco/skill/7d0f33ea-e724-4d77-8b75-ee4fe66bb9ba
UPS,Universidad Politécnica Salesiana,MECÁNICA,2,diseñar componentes de automatización,skill/competence,cross-sector,0.8714,http://data.europa.eu/esco/skill/f96f5aa5-6ed7-40dc-a431-68b0a09d6d4b
UPS,Universidad Politécnica Salesiana,MECÁNICA,3,mantener equipos industriales,skill/competence,cross-sector,0.8713,http://data.europa.eu/esco/skill/3e4cdaee-740c-4754-9135-466362bbd22e
UPS,Universidad Politécnica Salesiana,MECÁNICA,4,montar máquinas,skill/competence,cross-sector,0.8709,http://data.europa.eu/esco/skill/87a0c0e6-c114-4ea1-b2d0-933bce1f3c5f
UPS,Universidad Politécnica Salesiana,MECÁNICA,5,trabajar con sustancias químicas,skill/competence,cross-sector,0.8708,http://data.europa.eu/esco/skill/929a997b-d56c-4383-b36d-6de9fa0e1721
UPS,Universidad Politécnica Salesiana,MECÁNICA,6,realizar trabajos técnicos difíciles,skill/competence,cross-sector,0.8702,http://data.europa.eu/esco/skill/2d780738-9b34-40a3-adbb-590001f6ff86
UPS,Universidad Politécnica Salesiana,MECÁNICA,7,realizar todas las actividades de ingeniería de procesos,skill/competence,cross-sector,0.8701,http://data.europa.eu/esco/skill/8b9d609a-6d62-4d5c-9133-01d41979cfac
UPS,Universidad Politécnica Salesiana,MECÁNICA,8,controlar maquinaria pesada,skill/competence,cross-sector,0.8699,http://data.europa.eu/esco/skill/4853efe8-0cdd-42d1-bc5a-6ba5fa9a8b2c
UPS,Universidad Politécnica Salesiana,MECÁNICA,9,diseñar sistemas de control,skill/competence,cross-sector,0.8699,http://data.europa.eu/esco/skill/d560df46-dda4-4407-bab2-b87353a96814
UPS,Universidad Politécnica Salesiana,MECÁNICA,10,mantener sistemas hidráulicos,skill/competence,cross-sector,0.8699,http://data.europa.eu/esco/skill/8eebf05f-4495-4fd5-b1f0-cb85750295be
UPS,Universidad Politécnica Salesiana,INGENIERÍA CIVIL,1,gestionar los programas públicos,skill/competence,cross-sector,0.8791,http://data.europa.eu/esco/skill/0761f325-13e7-49f4-a41a-ec64ba4e7b9d
UPS,Universidad Politécnica Salesiana,INGENIERÍA CIVIL,2,garantizar el cumplimiento de los plazos de construcción,skill/competence,cross-sector,0.8788,http://data.europa.eu/esco/skill/6181f475-110c-497c-a46d-ed2e14e7bc90
UPS,Universidad Politécnica Salesiana,INGENIERÍA CIVIL,3,vigilar el cumplimiento de los parámetros de los proyectos de construcción,skill/competence,cross-sector,0.8767,http://data.europa.eu/esco/skill/3dd3dfa7-51c0-40ef-af46-e2df300489f6
UPS,Universidad Politécnica Salesiana,INGENIERÍA CIVIL,4,examinar las infraestructuras civiles,skill/competence,cross-sector,0.8732,http://data.europa.eu/esco/skill/d48b3cfe-80b6-406f-b582-d959b60417f8
UPS,Universidad Politécnica Salesiana,INGENIERÍA CIVIL,5,coordinar equipos de ingeniería,skill/competence,cross-sector,0.8717,http://data.europa.eu/esco/skill/7af6e9e8-1e11-4c0b-b7c6-ac96bbbbc674
UPS,Universidad Politécnica Salesiana,INGENIERÍA CIVIL,6,evaluar el impacto ambiental de yacimientos y zonas industriales,skill/competence,cross-sector,0.8699,http://data.europa.eu/esco/skill/f12f094b-492f-4e88-b36b-50b8e58b7500
UPS,Universidad Politécnica Salesiana,INGENIERÍA CIVIL,7,supervisar obras de construcción,skill/competence,cross-sector,0.8697,http://data.europa.eu/esco/skill/fc1a75bb-70e3-4005-881f-7709bf7b0ed4
UPS,Universidad Politécnica Salesiana,INGENIERÍA CIVIL,8,manejar equipos pesados de construcción sin supervisión,skill/competence,cross-sector,0.8681,http://data.europa.eu/esco/skill/408332c7-1892-420e-b835-357d3a18351a
UPS,Universidad Politécnica Salesiana,INGENIERÍA CIVIL,9,asesorar sobre temas de construcción,skill/competence,cross-sector,0.8677,http://data.europa.eu/esco/skill/3b64ab47-a874-403a-b781-7b23c2fc3c6c
UPS,Universidad Politécnica Salesiana,INGENIERÍA CIVIL,10,supervisar un proyecto de construcción,skill/competence,cross-sector,0.8665,http://data.europa.eu/esco/skill/1de548e0-9535-4d2e-9d20-d4474c1ea813
UPS,Universidad Politécnica Salesiana,INGENIERÍA AMBIENTAL,1,realizar auditorías ambientales,skill/competence,cross-sector,0.8958,http://data.europa.eu/esco/skill/60ab2bf7-c812-4a88-86c0-7c81a9b2f77c
UPS,Universidad Politécnica Salesiana,INGENIERÍA AMBIENTAL,2,gestionar el impacto medioambiental de las operaciones,skill/competence,cross-sector,0.8886,http://data.europa.eu/esco/skill/d86babea-bf8b-4552-81a8-daf706066ad6
UPS,Universidad Politécnica Salesiana,INGENIERÍA AMBIENTAL,3,evaluar el impacto ambiental de yacimientos y zonas industriales,skill/competence,cross-sector,0.8818,http://data.europa.eu/esco/skill/f12f094b-492f-4e88-b36b-50b8e58b7500
UPS,Universidad Politécnica Salesiana,INGENIERÍA AMBIENTAL,4,gestionar impacto ambiental,skill/competence,cross-sector,0.8762,http://data.europa.eu/esco/skill/d3a8ef9c-8572-438c-91dc-010537070be3
UPS,Universidad Politécnica Salesiana,INGENIERÍA AMBIENTAL,5,asesorar sobre recuperación ambiental,skill/competence,cross-sector,0.8752,http://data.europa.eu/esco/skill/b422efe7-b151-4120-86ae-db11a48dd0fa
UPS,Universidad Politécnica Salesiana,INGENIERÍA AMBIENTAL,6,supervisar sistemas de gestión ambiental,skill/competence,cross-sector,0.8735,http://data.europa.eu/esco/skill/b13e0689-636d-42d0-86c3-df9d6f85a882
UPS,Universidad Politécnica Salesiana,INGENIERÍA AMBIENTAL,7,asesorar sobre políticas de gestión sostenible,skill/competence,cross-sector,0.8725,http://data.europa.eu/esco/skill/6742977a-aa00-4c8c-9861-898b0373907e
UPS,Universidad Politécnica Salesiana,INGENIERÍA AMBIENTAL,8,garantizar el cumplimiento de la legislación ambiental,skill/competence,cross-sector,0.8725,http://data.europa.eu/esco/skill/089ee650-297e-4716-87d1-440743b70a0d
UPS,Universidad Politécnica Salesiana,INGENIERÍA AMBIENTAL,9,asesorar sobre procedimientos de gestión de residuos,skill/competence,cross-sector,0.8718,http://data.europa.eu/esco/skill/f82b05a7-128b-4a72-a815-044ff6062f62
UPS,Universidad Politécnica Salesiana,INGENIERÍA AMBIENTAL,10,diseñar escombreras de minas,skill/competence,cross-sector,0.8715,http://data.europa.eu/esco/skill/cfbe1cdb-1738-45a1-b442-75cbda1fff06
UPS,Universidad Politécnica Salesiana,INGENIERÍA INDUSTRIAL,1,gestionar programas de formación en la empresa,skill/competence,cross-sector,0.8887,http://data.europa.eu/esco/skill/6e66fa0f-4d3b-415e-9693-dc556eb5112a
UPS,Universidad Politécnica Salesiana,INGENIERÍA INDUSTRIAL,2,gestionar al equipo encargado de la seguridad,skill/competence,cross-sector,0.8883,http://data.europa.eu/esco/skill/6cd29d73-e352-40b4-89c5-cdb3faff0a38
UPS,Universidad Politécnica Salesiana,INGENIERÍA INDUSTRIAL,3,supervisar sistemas de gestión ambiental,skill/competence,cross-sector,0.888,http://data.europa.eu/esco/skill/b13e0689-636d-42d0-86c3-df9d6f85a882
UPS,Universidad Politécnica Salesiana,INGENIERÍA INDUSTRIAL,4,gestionar recursos humanos,skill/competence,cross-sector,0.8878,http://data.europa.eu/esco/skill/339ac029-066a-4985-9f9d-b3d7c8fea0bb
UPS,Universidad Politécnica Salesiana,INGENIERÍA INDUSTRIAL,5,gestionar empresas de producción,skill/competence,cross-sector,0.8877,http://data.europa.eu/esco/skill/435d1751-8667-41ec-8b32-865b7cd3c684
UPS,Universidad Politécnica Salesiana,INGENIERÍA INDUSTRIAL,6,realizar diversas tareas organizativas en la empresa,skill/competence,cross-sector,0.8875,http://data.europa.eu/esco/skill/01755f08-4df4-4cf0-8d22-08f94cad68b5
UPS,Universidad Politécnica Salesiana,INGENIERÍA INDUSTRIAL,7,supervisar el funcionamiento de los equipos,skill/competence,cross-sector,0.8866,http://data.europa.eu/esco/skill/ca17f0df-59e4-4ed2-9360-fc5325bc7151
UPS,Universidad Politécnica Salesiana,INGENIERÍA INDUSTRIAL,8,supervisar la producción de la fábrica,skill/competence,cross-sector,0.8866,http://data.europa.eu/esco/skill/c09dce1b-e198-487e-b63f-934e10a4c181
UPS,Universidad Politécnica Salesiana,INGENIERÍA INDUSTRIAL,9,gestionar la producción de calzado y de artículos de piel y cuero,skill/competence,cross-sector,0.8846,http://data.europa.eu/esco/skill/7e71fbcf-ebf8-4164-829b-e16b68aa9432
UPS,Universidad Politécnica Salesiana,INGENIERÍA INDUSTRIAL,10,"garantizar el cumplimiento de las normas de salud, seguridad e higiene",skill/competence,cross-sector,0.8843,http://data.europa.eu/esco/skill/44e2c4c4-9fd2-42d4-a133-d81360ded4bc
UPS,Universidad Politécnica Salesiana,INGENIERÍA DE LA PRODUCCIÓN,1,supervisar la producción de la fábrica,skill/competence,cross-sector,0.9059,http://data.europa.eu/esco/skill/c09dce1b-e198-487e-b63f-934e10a4c181
UPS,Universidad Politécnica Salesiana,INGENIERÍA DE LA PRODUCCIÓN,2,mejorar procesos empresariales,skill/competence,cross-sector,0.8954,http://data.europa.eu/esco/skill/75b30aeb-34c0-40f4-b77d-271d75a98b14
UPS,Universidad Politécnica Salesiana,INGENIERÍA DE LA PRODUCCIÓN,3,verificar las exigencias de fabricación,skill/competence,cross-sector,0.895,http://data.europa.eu/esco/skill/277f489c-7a47-4791-bd87-61ca01737f96
UPS,Universidad Politécnica Salesiana,INGENIERÍA DE LA PRODUCCIÓN,4,analizar estrategias de gestión de la cadena de suministro,skill/competence,cross-sector,0.8949,http://data.europa.eu/esco/skill/96d549bb-3e62-4c45-92a7-f114df089581
UPS,Universidad Politécnica Salesiana,INGENIERÍA DE LA PRODUCCIÓN,5,asesorar sobre cuestiones relacionadas con problemas de fabricación,skill/competence,cross-sector,0.8919,http://data.europa.eu/esco/skill/6c80c47c-3d08-4356-aa82-46f6ec82c898
UPS,Universidad Politécnica Salesiana,INGENIERÍA DE LA PRODUCCIÓN,6,establecer normas para plantas de producción,skill/competence,cross-sector,0.8914,http://data.europa.eu/esco/skill/d154e48f-95b4-4ce6-907e-4a44d50129fe
UPS,Universidad Politécnica Salesiana,INGENIERÍA DE LA PRODUCCIÓN,7,integrar productos nuevos en la cadena de fabricación,skill/competence,cross-sector,0.8911,http://data.europa.eu/esco/skill/8a753714-9a19-4418-9b37-77e79d72c705
UPS,Universidad Politécnica Salesiana,INGENIERÍA DE LA PRODUCCIÓN,8,realizar diversas tareas organizativas en la empresa,skill/competence,cross-sector,0.8905,http://data.europa.eu/esco/skill/01755f08-4df4-4cf0-8d22-08f94cad68b5
UPS,Universidad Politécnica Salesiana,INGENIERÍA DE LA PRODUCCIÓN,9,supervisar operaciones de ensamblado,skill/competence,cross-sector,0.8904,http://data.europa.eu/esco/skill/6b9194f0-f8bb-4b9a-96a5-2203c9c2671b
UPS,Universidad Politécnica Salesiana,INGENIERÍA DE LA PRODUCCIÓN,10,impartir formación sobre cómo supervisar la gestión de la calidad,skill/competence,cross-sector,0.89,http://data.europa.eu/esco/skill/09e7cd13-ea36-4694-afe5-f34373759392
UPS,Universidad Politécnica Salesiana,SOFTWARE,1,montar máquinas,skill/competence,cross-sector,0.8587,http://data.europa.eu/esco/skill/87a0c0e6-c114-4ea1-b2d0-933bce1f3c5f
UPS,Universidad Politécnica Salesiana,SOFTWARE,2,asesorar a la clientela acerca de las posibilidades técnicas,skill/competence,cross-sector,0.8561,http://data.europa.eu/esco/skill/7b3abd38-61ae-42a4-88bb-0884784f9ee1
UPS,Universidad Politécnica Salesiana,SOFTWARE,3,diseñar sistemas de control,skill/competence,cross-sector,0.8534,http://data.europa.eu/esco/skill/d560df46-dda4-4407-bab2-b87353a96814
UPS,Universidad Politécnica Salesiana,SOFTWARE,4,gestionar empresas de producción,skill/competence,cross-sector,0.8523,http://data.europa.eu/esco/skill/435d1751-8667-41ec-8b32-865b7cd3c684
UPS,Universidad Politécnica Salesiana,SOFTWARE,5,mantenerse al día sobre las innovaciones en el ámbito empresarial,skill/competence,cross-sector,0.851,http://data.europa.eu/esco/skill/7f70572d-f0c1-4039-9954-b57dc69981f6
UPS,Universidad Politécnica Salesiana,SOFTWARE,6,asesorar sobre estrategias de mercado,skill/competence,cross-sector,0.8503,http://data.europa.eu/esco/skill/34d6ed30-5d35-44b9-9498-fd15badb5f28
UPS,Universidad Politécnica Salesiana,SOFTWARE,7,crear soluciones para problemas informativos,skill/competence,cross-sector,0.85,http://data.europa.eu/esco/skill/4539aeca-b56f-4d03-ba86-8f675a7f2536
UPS,Universidad Politécnica Salesiana,SOFTWARE,8,trabajar de forma organizada,skill/competence,cross-sector,0.8499,http://data.europa.eu/esco/skill/1258cc12-37bb-4a12-b219-9c3d6b294533
UPS,Universidad Politécnica Salesiana,SOFTWARE,9,trabajar de forma organizada,skill/competence,cross-sector,0.8499,http://data.europa.eu/esco/skill/1258cc12-37bb-4a12-b219-9c3d6b294533
UPS,Universidad Politécnica Salesiana,SOFTWARE,10,elaborar software estadístico,skill/competence,cross-sector,0.8499,http://data.europa.eu/esco/skill/bb165899-d95f-4433-95f2-173fefd716d2
UPS,Universidad Politécnica Salesiana,ADMINISTRACIÓN DE EMPRESAS,1,gestionar recursos humanos,skill/competence,cross-sector,0.9012,http://data.europa.eu/esco/skill/339ac029-066a-4985-9f9d-b3d7c8fea0bb
UPS,Universidad Politécnica Salesiana,ADMINISTRACIÓN DE EMPRESAS,2,gestionar empresas de producción,skill/competence,cross-sector,0.9009,http://data.europa.eu/esco/skill/435d1751-8667-41ec-8b32-865b7cd3c684
UPS,Universidad Politécnica Salesiana,ADMINISTRACIÓN DE EMPRESAS,3,realizar diversas tareas organizativas en la empresa,skill/competence,cross-sector,0.8968,http://data.europa.eu/esco/skill/01755f08-4df4-4cf0-8d22-08f94cad68b5
UPS,Universidad Politécnica Salesiana,ADMINISTRACIÓN DE EMPRESAS,4,tomar decisiones empresariales estratégicas,skill/competence,cross-sector,0.8882,http://data.europa.eu/esco/skill/f60c9e52-95fc-4ca1-a73c-18a491153b63
UPS,Universidad Politécnica Salesiana,ADMINISTRACIÓN DE EMPRESAS,5,participar en las operaciones cotidianas de la empresa,skill/competence,cross-sector,0.8881,http://data.europa.eu/esco/skill/ce4cbc3a-bde0-43b4-9526-e643c4fe5b04
UPS,Universidad Politécnica Salesiana,ADMINISTRACIÓN DE EMPRESAS,6,mejorar procesos empresariales,skill/competence,cross-sector,0.8861,http://data.europa.eu/esco/skill/75b30aeb-34c0-40f4-b77d-271d75a98b14
UPS,Universidad Politécnica Salesiana,ADMINISTRACIÓN DE EMPRESAS,7,gestionar programas de formación en la empresa,skill/competence,cross-sector,0.8852,http://data.europa.eu/esco/skill/6e66fa0f-4d3b-415e-9693-dc556eb5112a
UPS,Universidad Politécnica Salesiana,ADMINISTRACIÓN DE EMPRESAS,8,gestionar los aspectos financieros de una empresa,skill/competence,cross-sector,0.8851,http://data.europa.eu/esco/skill/fa6acfc3-0a4f-4192-b77d-80e94d0faf2a
UPS,Universidad Politécnica Salesiana,ADMINISTRACIÓN DE EMPRESAS,9,asesorar sobre gestión de conflictos,skill/competence,cross-sector,0.8847,http://data.europa.eu/esco/skill/9091c8e5-9357-4c29-bceb-ddb1792c22e8
UPS,Universidad Politécnica Salesiana,ADMINISTRACIÓN DE EMPRESAS,10,formar equipos dentro de la empresa en base a las competencias,skill/competence,cross-sector,0.883,http://data.europa.eu/esco/skill/f1155d3f-fbca-4298-a31c-f6955653bacf
UPS,Universidad Politécnica Salesiana,ECONOMÍA,1,analizar las tendencias económicas,skill/competence,cross-sector,0.8839,http://data.europa.eu/esco/skill/5f302d63-048e-451c-b150-97c124a5a26b
UPS,Universidad Politécnica Salesiana,ECONOMÍA,2,asesorar sobre el desarrollo económico,skill/competence,cross-sector,0.8838,http://data.europa.eu/esco/skill/384ed14c-bf1f-4a65-aef6-6e711f43c4ce
UPS,Universidad Politécnica Salesiana,ECONOMÍA,3,preparar archivos estadísticos y financieros,skill/competence,cross-sector,0.8756,http://data.europa.eu/esco/skill/08ee68b2-0a6d-4bdf-a870-a36c0dc8064e
UPS,Universidad Politécnica Salesiana,ECONOMÍA,4,evaluar el impacto ambiental de yacimientos y zonas industriales,skill/competence,cross-sector,0.8754,http://data.europa.eu/esco/skill/f12f094b-492f-4e88-b36b-50b8e58b7500
UPS,Universidad Politécnica Salesiana,ECONOMÍA,5,analizar tendencias en el mercado financiero,skill/competence,cross-sector,0.874,http://data.europa.eu/esco/skill/292549e6-08ec-456c-b008-eba7a0a68428
UPS,Universidad Politécnica Salesiana,ECONOMÍA,6,realizar estudios de mercado,skill/competence,cross-sector,0.8737,http://data.europa.eu/esco/skill/fe39d4db-4cb5-4299-bb9f-896c8fd6ab13
UPS,Universidad Politécnica Salesiana,ECONOMÍA,7,asesorar sobre asuntos financieros,skill/competence,cross-sector,0.8735,http://data.europa.eu/esco/skill/79c36c91-28a5-44b7-ab9b-7093b2d4b21e
UPS,Universidad Politécnica Salesiana,ECONOMÍA,8,analizar el riesgo financiero,skill/competence,cross-sector,0.8733,http://data.europa.eu/esco/skill/eb8babfb-ab91-4937-a032-6a79f82e9b7f
UPS,Universidad Politécnica Salesiana,ECONOMÍA,9,elaborar políticas de economía,skill/competence,cross-sector,0.8732,http://data.europa.eu/esco/skill/8394fefb-f62a-48c0-a156-3117cefdb9b3
UPS,Universidad Politécnica Salesiana,ECONOMÍA,10,analizar modelos de negocio,skill/competence,cross-sector,0.871,http://data.europa.eu/esco/skill/3c1cbc5e-2220-4f45-bcc8-3d52c8c9cae0
UPS,Universidad Politécnica Salesiana,CIENCIA DE DATOS,1,analizar inteligencia de datos,skill/competence,cross-sector,0.8862,http://data.europa.eu/esco/skill/47a49cd6-097d-457a-9f7b-c290c14930d5
UPS,Universidad Politécnica Salesiana,CIENCIA DE DATOS,2,analizar datos,skill/competence,cross-sector,0.8784,http://data.europa.eu/esco/skill/a571ae14-3e16-4fd3-a615-5646e0b0b696
UPS,Universidad Politécnica Salesiana,CIENCIA DE DATOS,3,realizar un análisis de datos,skill/competence,cross-sector,0.8772,http://data.europa.eu/esco/skill/2b92a5b2-6758-4ee3-9fb4-b6387a55cc8f
UPS,Universidad Politécnica Salesiana,CIENCIA DE DATOS,4,ciencia de datos,knowledge,cross-sector,0.8753,http://data.europa.eu/esco/skill/edebd83d-35f6-4ed5-a940-6c203d178c01
UPS,Universidad Politécnica Salesiana,CIENCIA DE DATOS,5,analizar datos científicos,skill/competence,cross-sector,0.8746,http://data.europa.eu/esco/skill/36ff57b0-637d-4a83-a0e8-d14f86f9f078
UPS,Universidad Politécnica Salesiana,CIENCIA DE DATOS,6,gestionar datos cuantitativos,skill/competence,cross-sector,0.8729,http://data.europa.eu/esco/skill/57231a22-4da7-49c8-97b8-75672feadf1e
UPS,Universidad Politécnica Salesiana,CIENCIA DE DATOS,7,gestionar datos de investigación,skill/competence,cross-sector,0.8725,http://data.europa.eu/esco/skill/08b04e53-ed25-41a2-9f90-0b9cd939ba3d
UPS,Universidad Politécnica Salesiana,CIENCIA DE DATOS,8,analizar datos de la clientela,skill/competence,cross-sector,0.8716,http://data.europa.eu/esco/skill/d63f49de-cb72-4ce3-9553-a374a4f32f52
UPS,Universidad Politécnica Salesiana,CIENCIA DE DATOS,9,tomar decisiones basadas en datos,skill/competence,cross-sector,0.8713,http://data.europa.eu/esco/skill/be20d05c-f6b4-4580-9fcf-f00f4baab562
UPS,Universidad Politécnica Salesiana,CIENCIA DE DATOS,10,predecir tendencias económicas,skill/competence,cross-sector,0.8712,http://data.europa.eu/esco/skill/f2a34d6b-131a-4b8f-a110-898b9c91d18f
ESPOCH,Escuela Superior Politécnica de Chimborazo,ADMINISTRACIÓN DE EMPRESAS,1,mejorar procesos empresariales,skill/competence,cross-sector,0.8573,http://data.europa.eu/esco/skill/75b30aeb-34c0-40f4-b77d-271d75a98b14
ESPOCH,Escuela Superior Politécnica de Chimborazo,ADMINISTRACIÓN DE EMPRESAS,2,mantenerse al día sobre las innovaciones en el ámbito empresarial,skill/competence,cross-sector,0.8541,http://data.europa.eu/esco/skill/7f70572d-f0c1-4039-9954-b57dc69981f6
ESPOCH,Escuela Superior Politécnica de Chimborazo,ADMINISTRACIÓN DE EMPRESAS,3,ingeniería industrial,knowledge,cross-sector,0.8536,http://data.europa.eu/esco/skill/a1816dfd-dbdc-4499-bef3-ff81dd895b33
ESPOCH,Escuela Superior Politécnica de Chimborazo,ADMINISTRACIÓN DE EMPRESAS,4,realizar todas las actividades de ingeniería de procesos,skill/competence,cross-sector,0.8511,http://data.europa.eu/esco/skill/8b9d609a-6d62-4d5c-9133-01d41979cfac
ESPOCH,Escuela Superior Politécnica de Chimborazo,ADMINISTRACIÓN DE EMPRESAS,5,coordinar equipos de ingeniería,skill/competence,cross-sector,0.8496,http://data.europa.eu/esco/skill/7af6e9e8-1e11-4c0b-b7c6-ac96bbbbc674
ESPOCH,Escuela Superior Politécnica de Chimborazo,ADMINISTRACIÓN DE EMPRESAS,6,gestionar empresas de producción,skill/competence,cross-sector,0.8495,http://data.europa.eu/esco/skill/435d1751-8667-41ec-8b32-865b7cd3c684
ESPOCH,Escuela Superior Politécnica de Chimborazo,ADMINISTRACIÓN DE EMPRESAS,7,enseñar principios de gestión empresarial,skill/competence,cross-sector,0.8478,http://data.europa.eu/esco/skill/29d3663f-348a-4b67-a8db-b94fd3912385
ESPOCH,Escuela Superior Politécnica de Chimborazo,ADMINISTRACIÓN DE EMPRESAS,8,participar en las operaciones cotidianas de la empresa,skill/competence,cross-sector,0.8464,http://data.europa.eu/esco/skill/ce4cbc3a-bde0-43b4-9526-e643c4fe5b04
ESPOCH,Escuela Superior Politécnica de Chimborazo,ADMINISTRACIÓN DE EMPRESAS,9,Proponer soluciones tecnológicas a problemas empresariales,skill/competence,cross-sector,0.8458,http://data.europa.eu/esco/skill/07e51c60-763a-4335-b4ec-70a15f66d328
ESPOCH,Escuela Superior Politécnica de Chimborazo,ADMINISTRACIÓN DE EMPRESAS,10,gestionar proyectos de ingeniería,skill/competence,cross-sector,0.843,http://data.europa.eu/esco/skill/6a899482-8bcf-40ca-ae67-579a1cc467ab
ESPOCH,Escuela Superior Politécnica de Chimborazo,COMPUTACIÓN,1,ejecutar cálculos matemáticos analíticos,skill/competence,cross-sector,0.885,http://data.europa.eu/esco/skill/31c69100-b612-4a61-8db5-fd314318854c
ESPOCH,Escuela Superior Politécnica de Chimborazo,COMPUTACIÓN,2,diseñar sistemas de control,skill/competence,cross-sector,0.8833,http://data.europa.eu/esco/skill/d560df46-dda4-4407-bab2-b87353a96814
ESPOCH,Escuela Superior Politécnica de Chimborazo,COMPUTACIÓN,3,gestionar sistemas de instrumentación,skill/competence,cross-sector,0.8795,http://data.europa.eu/esco/skill/5d71a91f-cc72-4b66-b6e3-d75ecc05e235
ESPOCH,Escuela Superior Politécnica de Chimborazo,COMPUTACIÓN,4,gestionar datos de investigación,skill/competence,cross-sector,0.8783,http://data.europa.eu/esco/skill/08b04e53-ed25-41a2-9f90-0b9cd939ba3d
ESPOCH,Escuela Superior Politécnica de Chimborazo,COMPUTACIÓN,5,gestionar datos cuantitativos,skill/competence,cross-sector,0.8778,http://data.europa.eu/esco/skill/57231a22-4da7-49c8-97b8-75672feadf1e
ESPOCH,Escuela Superior Politécnica de Chimborazo,COMPUTACIÓN,6,"aplicar conocimientos científicos, tecnológicos y de ingeniería",skill/competence,transversal,0.8769,http://data.europa.eu/esco/skill/5c3ab99d-a3f1-4620-9602-d12d2151a03d
ESPOCH,Escuela Superior Politécnica de Chimborazo,COMPUTACIÓN,7,asesorar a la clientela acerca de las posibilidades técnicas,skill/competence,cross-sector,0.8762,http://data.europa.eu/esco/skill/7b3abd38-61ae-42a4-88bb-0884784f9ee1
ESPOCH,Escuela Superior Politécnica de Chimborazo,COMPUTACIÓN,8,montar máquinas,skill/competence,cross-sector,0.875,http://data.europa.eu/esco/skill/87a0c0e6-c114-4ea1-b2d0-933bce1f3c5f
ESPOCH,Escuela Superior Politécnica de Chimborazo,COMPUTACIÓN,9,analizar datos de carácter ecológico,skill/competence,cross-sector,0.8745,http://data.europa.eu/esco/skill/5354a726-ee64-4f34-90f8-8436f9f374b8
ESPOCH,Escuela Superior Politécnica de Chimborazo,COMPUTACIÓN,10,verificar unidades electrónicas,skill/competence,cross-sector,0.8727,http://data.europa.eu/esco/skill/baf501a8-f0fe-4ad7-9b69-8e920fa1a87b
ESPOCH,Escuela Superior Politécnica de Chimborazo,ECONOMÍA,1,asesorar sobre el desarrollo económico,skill/competence,cross-sector,0.8903,http://data.europa.eu/esco/skill/384ed14c-bf1f-4a65-aef6-6e711f43c4ce
ESPOCH,Escuela Superior Politécnica de Chimborazo,ECONOMÍA,2,analizar modelos de negocio,skill/competence,cross-sector,0.8846,http://data.europa.eu/esco/skill/3c1cbc5e-2220-4f45-bcc8-3d52c8c9cae0
ESPOCH,Escuela Superior Politécnica de Chimborazo,ECONOMÍA,3,analizar las tendencias económicas,skill/competence,cross-sector,0.8843,http://data.europa.eu/esco/skill/5f302d63-048e-451c-b150-97c124a5a26b
ESPOCH,Escuela Superior Politécnica de Chimborazo,ECONOMÍA,4,elaborar políticas de economía,skill/competence,cross-sector,0.8822,http://data.europa.eu/esco/skill/8394fefb-f62a-48c0-a156-3117cefdb9b3
ESPOCH,Escuela Superior Politécnica de Chimborazo,ECONOMÍA,5,elaborar software estadístico,skill/competence,cross-sector,0.8801,http://data.europa.eu/esco/skill/bb165899-d95f-4433-95f2-173fefd716d2
ESPOCH,Escuela Superior Politécnica de Chimborazo,ECONOMÍA,6,realizar estudios de mercado,skill/competence,cross-sector,0.8795,http://data.europa.eu/esco/skill/fe39d4db-4cb5-4299-bb9f-896c8fd6ab13
ESPOCH,Escuela Superior Politécnica de Chimborazo,ECONOMÍA,7,observar nuevas evoluciones en países extranjeros,skill/competence,cross-sector,0.879,http://data.europa.eu/esco/skill/2f4d68be-6e9f-46fa-9398-0573e900b5e3
ESPOCH,Escuela Superior Politécnica de Chimborazo,ECONOMÍA,8,asesorar sobre política tributaria,skill/competence,cross-sector,0.8781,http://data.europa.eu/esco/skill/b5feaf25-3975-4e74-85fd-4470e344ba2e
ESPOCH,Escuela Superior Politécnica de Chimborazo,ECONOMÍA,9,gestionar los programas públicos,skill/competence,cross-sector,0.8769,http://data.europa.eu/esco/skill/0761f325-13e7-49f4-a41a-ec64ba4e7b9d
ESPOCH,Escuela Superior Politécnica de Chimborazo,ECONOMÍA,10,evaluar presupuestos,skill/competence,cross-sector,0.8762,http://data.europa.eu/esco/skill/6556cbf1-d5c0-4f53-89a9-8707066069a6
ESPOCH,Escuela Superior Politécnica de Chimborazo,ELECTRÓNICA Y AUTOMATIZACIÓN,1,supervisar el funcionamiento de los equipos,skill/competence,cross-sector,0.8717,http://data.europa.eu/esco/skill/ca17f0df-59e4-4ed2-9360-fc5325bc7151
ESPOCH,Escuela Superior Politécnica de Chimborazo,ELECTRÓNICA Y AUTOMATIZACIÓN,2,planificar procesos de fabricación,skill/competence,cross-sector,0.8691,http://data.europa.eu/esco/skill/7d0f33ea-e724-4d77-8b75-ee4fe66bb9ba
ESPOCH,Escuela Superior Politécnica de Chimborazo,ELECTRÓNICA Y AUTOMATIZACIÓN,3,desarrollar procedimientos de prueba electrónica,skill/competence,cross-sector,0.8683,http://data.europa.eu/esco/skill/0de6bca4-f3aa-452a-8e10-d355b2c1bfc4
ESPOCH,Escuela Superior Politécnica de Chimborazo,ELECTRÓNICA Y AUTOMATIZACIÓN,4,diseñar sistemas de control,skill/competence,cross-sector,0.8676,http://data.europa.eu/esco/skill/d560df46-dda4-4407-bab2-b87353a96814
ESPOCH,Escuela Superior Politécnica de Chimborazo,ELECTRÓNICA Y AUTOMATIZACIÓN,5,actuar de enlace con profesionales del sector,skill/competence,cross-sector,0.8676,http://data.europa.eu/esco/skill/d1317634-ccea-44d0-9cdc-c863f9bf856b
ESPOCH,Escuela Superior Politécnica de Chimborazo,ELECTRÓNICA Y AUTOMATIZACIÓN,6,verificar unidades electrónicas,skill/competence,cross-sector,0.8674,http://data.europa.eu/esco/skill/baf501a8-f0fe-4ad7-9b69-8e920fa1a87b
ESPOCH,Escuela Superior Politécnica de Chimborazo,ELECTRÓNICA Y AUTOMATIZACIÓN,7,operar el equipo de empaquetado,skill/competence,cross-sector,0.8671,http://data.europa.eu/esco/skill/f8cd217b-b870-42aa-9bbe-d36b672cbb65
ESPOCH,Escuela Superior Politécnica de Chimborazo,ELECTRÓNICA Y AUTOMATIZACIÓN,8,montar máquinas,skill/competence,cross-sector,0.8662,http://data.europa.eu/esco/skill/87a0c0e6-c114-4ea1-b2d0-933bce1f3c5f
ESPOCH,Escuela Superior Politécnica de Chimborazo,ELECTRÓNICA Y AUTOMATIZACIÓN,9,desarrollar sistemas de instrumentación,skill/competence,cross-sector,0.8643,http://data.europa.eu/esco/skill/d8c19849-f4cf-458d-90cd-abe735a729bf
ESPOCH,Escuela Superior Politécnica de Chimborazo,ELECTRÓNICA Y AUTOMATIZACIÓN,10,evaluar el impacto ambiental de yacimientos y zonas industriales,skill/competence,cross-sector,0.864,http://data.europa.eu/esco/skill/f12f094b-492f-4e88-b36b-50b8e58b7500
ESPOCH,Escuela Superior Politécnica de Chimborazo,TELECOMUNICACIONES,1,coordinar comunicaciones remotas,skill/competence,cross-sector,0.863,http://data.europa.eu/esco/skill/9bafaea2-76cd-4532-ab77-8b3d21fa6235
ESPOCH,Escuela Superior Politécnica de Chimborazo,TELECOMUNICACIONES,2,gestionar las comunicaciones visuales,skill/competence,cross-sector,0.8619,http://data.europa.eu/esco/skill/50b96d21-f2eb-4f35-a8d3-77eee15ef51f
ESPOCH,Escuela Superior Politécnica de Chimborazo,TELECOMUNICACIONES,3,gestionar los programas públicos,skill/competence,cross-sector,0.8614,http://data.europa.eu/esco/skill/0761f325-13e7-49f4-a41a-ec64ba4e7b9d
ESPOCH,Escuela Superior Politécnica de Chimborazo,TELECOMUNICACIONES,4,gestionar presupuestos de transportistas potenciales,skill/competence,cross-sector,0.8608,http://data.europa.eu/esco/skill/25d8dedb-a557-441a-8aeb-2d618b79abe9
ESPOCH,Escuela Superior Politécnica de Chimborazo,TELECOMUNICACIONES,5,coordinar equipos de ingeniería,skill/competence,cross-sector,0.8589,http://data.europa.eu/esco/skill/7af6e9e8-1e11-4c0b-b7c6-ac96bbbbc674
ESPOCH,Escuela Superior Politécnica de Chimborazo,TELECOMUNICACIONES,6,coordinar comunicaciones en situaciones de emergencia en operaciones mineras,skill/competence,cross-sector,0.8588,http://data.europa.eu/esco/skill/707ff33d-d130-4e61-8a2a-6e8b023be9fc
ESPOCH,Escuela Superior Politécnica de Chimborazo,TELECOMUNICACIONES,7,gestionar la instalación de estructuras para eventos,skill/competence,cross-sector,0.8577,http://data.europa.eu/esco/skill/0e503b48-5491-4529-879e-b112251f8d50
ESPOCH,Escuela Superior Politécnica de Chimborazo,TELECOMUNICACIONES,8,evaluar el impacto ambiental de yacimientos y zonas industriales,skill/competence,cross-sector,0.8575,http://data.europa.eu/esco/skill/f12f094b-492f-4e88-b36b-50b8e58b7500
ESPOCH,Escuela Superior Politécnica de Chimborazo,TELECOMUNICACIONES,9,coordinar el envío de materiales reciclables,skill/competence,cross-sector,0.8568,http://data.europa.eu/esco/skill/9d04490c-cea5-4765-a15e-99c46b543c1d
ESPOCH,Escuela Superior Politécnica de Chimborazo,TELECOMUNICACIONES,10,asesorar sobre estrategias de comunicación,skill/competence,cross-sector,0.8553,http://data.europa.eu/esco/skill/69f36674-440a-4fa0-89f9-1b70172ebb9d
ESPOCH,Escuela Superior Politécnica de Chimborazo,INGENIERÍA CIVIL,1,garantizar el cumplimiento de los plazos de construcción,skill/competence,cross-sector,0.8926,http://data.europa.eu/esco/skill/6181f475-110c-497c-a46d-ed2e14e7bc90
ESPOCH,Escuela Superior Politécnica de Chimborazo,INGENIERÍA CIVIL,2,vigilar el cumplimiento de los parámetros de los proyectos de construcción,skill/competence,cross-sector,0.8875,http://data.europa.eu/esco/skill/3dd3dfa7-51c0-40ef-af46-e2df300489f6
ESPOCH,Escuela Superior Politécnica de Chimborazo,INGENIERÍA CIVIL,3,evaluar el impacto ambiental de yacimientos y zonas industriales,skill/competence,cross-sector,0.8854,http://data.europa.eu/esco/skill/f12f094b-492f-4e88-b36b-50b8e58b7500
ESPOCH,Escuela Superior Politécnica de Chimborazo,INGENIERÍA CIVIL,4,gestionar los programas públicos,skill/competence,cross-sector,0.8843,http://data.europa.eu/esco/skill/0761f325-13e7-49f4-a41a-ec64ba4e7b9d
ESPOCH,Escuela Superior Politécnica de Chimborazo,INGENIERÍA CIVIL,5,examinar las infraestructuras civiles,skill/competence,cross-sector,0.8799,http://data.europa.eu/esco/skill/d48b3cfe-80b6-406f-b582-d959b60417f8
ESPOCH,Escuela Superior Politécnica de Chimborazo,INGENIERÍA CIVIL,6,coordinar equipos de ingeniería,skill/competence,cross-sector,0.8799,http://data.europa.eu/esco/skill/7af6e9e8-1e11-4c0b-b7c6-ac96bbbbc674
ESPOCH,Escuela Superior Politécnica de Chimborazo,INGENIERÍA CIVIL,7,supervisar un proyecto de construcción,skill/competence,cross-sector,0.8782,http://data.europa.eu/esco/skill/1de548e0-9535-4d2e-9d20-d4474c1ea813
ESPOCH,Escuela Superior Politécnica de Chimborazo,INGENIERÍA CIVIL,8,asesorar sobre temas de construcción,skill/competence,cross-sector,0.8775,http://data.europa.eu/esco/skill/3b64ab47-a874-403a-b781-7b23c2fc3c6c
ESPOCH,Escuela Superior Politécnica de Chimborazo,INGENIERÍA CIVIL,9,supervisar obras de construcción,skill/competence,cross-sector,0.8761,http://data.europa.eu/esco/skill/fc1a75bb-70e3-4005-881f-7709bf7b0ed4
ESPOCH,Escuela Superior Politécnica de Chimborazo,INGENIERÍA CIVIL,10,supervisar el trabajo de planificación del diseño,skill/competence,cross-sector,0.8724,http://data.europa.eu/esco/skill/03227978-f839-4cc8-88a6-0a3c44d2c776
ESPOCH,Escuela Superior Politécnica de Chimborazo,INGENIERÍA INDUSTRIAL,1,supervisar la producción de la fábrica,skill/competence,cross-sector,0.8728,http://data.europa.eu/esco/skill/c09dce1b-e198-487e-b63f-934e10a4c181
ESPOCH,Escuela Superior Politécnica de Chimborazo,INGENIERÍA INDUSTRIAL,2,supervisar operaciones de ensamblado,skill/competence,cross-sector,0.8683,http://data.europa.eu/esco/skill/6b9194f0-f8bb-4b9a-96a5-2203c9c2671b
ESPOCH,Escuela Superior Politécnica de Chimborazo,INGENIERÍA INDUSTRIAL,3,asesorar sobre cuestiones relacionadas con problemas de fabricación,skill/competence,cross-sector,0.868,http://data.europa.eu/esco/skill/6c80c47c-3d08-4356-aa82-46f6ec82c898
ESPOCH,Escuela Superior Politécnica de Chimborazo,INGENIERÍA INDUSTRIAL,4,integrar productos nuevos en la cadena de fabricación,skill/competence,cross-sector,0.8637,http://data.europa.eu/esco/skill/8a753714-9a19-4418-9b37-77e79d72c705
ESPOCH,Escuela Superior Politécnica de Chimborazo,INGENIERÍA INDUSTRIAL,5,gestionar el impacto medioambiental de las operaciones,skill/competence,cross-sector,0.8629,http://data.europa.eu/esco/skill/d86babea-bf8b-4552-81a8-daf706066ad6
ESPOCH,Escuela Superior Politécnica de Chimborazo,INGENIERÍA INDUSTRIAL,6,coordinar equipos de ingeniería,skill/competence,cross-sector,0.8629,http://data.europa.eu/esco/skill/7af6e9e8-1e11-4c0b-b7c6-ac96bbbbc674
ESPOCH,Escuela Superior Politécnica de Chimborazo,INGENIERÍA INDUSTRIAL,7,verificar las exigencias de fabricación,skill/competence,cross-sector,0.8627,http://data.europa.eu/esco/skill/277f489c-7a47-4791-bd87-61ca01737f96
ESPOCH,Escuela Superior Politécnica de Chimborazo,INGENIERÍA INDUSTRIAL,8,gestionar los ensayos de productos,skill/competence,cross-sector,0.8606,http://data.europa.eu/esco/skill/b7a03115-41c9-4167-a0b6-7e40cf0fd607
ESPOCH,Escuela Superior Politécnica de Chimborazo,INGENIERÍA INDUSTRIAL,9,realizar diversas tareas organizativas en la empresa,skill/competence,cross-sector,0.8595,http://data.europa.eu/esco/skill/01755f08-4df4-4cf0-8d22-08f94cad68b5
ESPOCH,Escuela Superior Politécnica de Chimborazo,INGENIERÍA INDUSTRIAL,10,supervisar el funcionamiento de los equipos,skill/competence,cross-sector,0.8592,http://data.europa.eu/esco/skill/ca17f0df-59e4-4ed2-9360-fc5325bc7151
ESPOCH,Escuela Superior Politécnica de Chimborazo,MECÁNICA,1,planificar procesos de fabricación,skill/competence,cross-sector,0.8924,http://data.europa.eu/esco/skill/7d0f33ea-e724-4d77-8b75-ee4fe66bb9ba
ESPOCH,Escuela Superior Politécnica de Chimborazo,MECÁNICA,2,evaluar el impacto ambiental de yacimientos y zonas industriales,skill/competence,cross-sector,0.8817,http://data.europa.eu/esco/skill/f12f094b-492f-4e88-b36b-50b8e58b7500
ESPOCH,Escuela Superior Politécnica de Chimborazo,MECÁNICA,3,montar máquinas,skill/competence,cross-sector,0.8806,http://data.europa.eu/esco/skill/87a0c0e6-c114-4ea1-b2d0-933bce1f3c5f
ESPOCH,Escuela Superior Politécnica de Chimborazo,MECÁNICA,4,gestionar empresas de producción,skill/competence,cross-sector,0.8798,http://data.europa.eu/esco/skill/435d1751-8667-41ec-8b32-865b7cd3c684
ESPOCH,Escuela Superior Politécnica de Chimborazo,MECÁNICA,5,diseñar sistemas de control,skill/competence,cross-sector,0.8789,http://data.europa.eu/esco/skill/d560df46-dda4-4407-bab2-b87353a96814
ESPOCH,Escuela Superior Politécnica de Chimborazo,MECÁNICA,6,gestionar equipos pesados,skill/competence,cross-sector,0.8785,http://data.europa.eu/esco/skill/2a314d49-c071-403b-9cc8-75aea53e7859
ESPOCH,Escuela Superior Politécnica de Chimborazo,MECÁNICA,7,controlar maquinaria pesada,skill/competence,cross-sector,0.8763,http://data.europa.eu/esco/skill/4853efe8-0cdd-42d1-bc5a-6ba5fa9a8b2c
ESPOCH,Escuela Superior Politécnica de Chimborazo,MECÁNICA,8,actuar de enlace con profesionales del sector,skill/competence,cross-sector,0.8743,http://data.europa.eu/esco/skill/d1317634-ccea-44d0-9cdc-c863f9bf856b
ESPOCH,Escuela Superior Politécnica de Chimborazo,MECÁNICA,9,mejorar procesos químicos,skill/competence,cross-sector,0.8735,http://data.europa.eu/esco/skill/451c8010-7dbb-4f96-b4d4-0955766d9eff
ESPOCH,Escuela Superior Politécnica de Chimborazo,MECÁNICA,10,realizar todas las actividades de ingeniería de procesos,skill/competence,cross-sector,0.8728,http://data.europa.eu/esco/skill/8b9d609a-6d62-4d5c-9133-01d41979cfac
ESPOCH,Escuela Superior Politécnica de Chimborazo,INGENIERÍA QUÍMICA,1,mejorar procesos químicos,skill/competence,cross-sector,0.895,http://data.europa.eu/esco/skill/451c8010-7dbb-4f96-b4d4-0955766d9eff
ESPOCH,Escuela Superior Politécnica de Chimborazo,INGENIERÍA QUÍMICA,2,evaluar el impacto ambiental de yacimientos y zonas industriales,skill/competence,cross-sector,0.89,http://data.europa.eu/esco/skill/f12f094b-492f-4e88-b36b-50b8e58b7500
ESPOCH,Escuela Superior Politécnica de Chimborazo,INGENIERÍA QUÍMICA,3,trabajar con sustancias químicas,skill/competence,cross-sector,0.8835,http://data.europa.eu/esco/skill/929a997b-d56c-4383-b36d-6de9fa0e1721
ESPOCH,Escuela Superior Politécnica de Chimborazo,INGENIERÍA QUÍMICA,4,gestionar empresas de producción,skill/competence,cross-sector,0.8788,http://data.europa.eu/esco/skill/435d1751-8667-41ec-8b32-865b7cd3c684
ESPOCH,Escuela Superior Politécnica de Chimborazo,INGENIERÍA QUÍMICA,5,gestionar el impacto medioambiental de las operaciones,skill/competence,cross-sector,0.8741,http://data.europa.eu/esco/skill/d86babea-bf8b-4552-81a8-daf706066ad6
ESPOCH,Escuela Superior Politécnica de Chimborazo,INGENIERÍA QUÍMICA,6,elaborar fórmulas de fabricación,skill/competence,cross-sector,0.8734,http://data.europa.eu/esco/skill/b2ad4e50-cb82-4a34-ab3e-5b5f6c4f9b65
ESPOCH,Escuela Superior Politécnica de Chimborazo,INGENIERÍA QUÍMICA,7,planificar procesos de fabricación,skill/competence,cross-sector,0.8728,http://data.europa.eu/esco/skill/7d0f33ea-e724-4d77-8b75-ee4fe66bb9ba
ESPOCH,Escuela Superior Politécnica de Chimborazo,INGENIERÍA QUÍMICA,8,gestionar experimentos a gran escala para la fabricación de alimentos,skill/competence,cross-sector,0.8718,http://data.europa.eu/esco/skill/950c1106-4ea1-4fb7-a115-5dd5adcc1ea4
ESPOCH,Escuela Superior Politécnica de Chimborazo,INGENIERÍA QUÍMICA,9,desarrollar medicamentos,skill/competence,cross-sector,0.871,http://data.europa.eu/esco/skill/d8aa87e2-bbe4-45ac-a1e4-f48b6f63952e
ESPOCH,Escuela Superior Politécnica de Chimborazo,INGENIERÍA QUÍMICA,10,seguir fórmulas de coloración,skill/competence,cross-sector,0.8705,http://data.europa.eu/esco/skill/8779e8a1-45a8-4f51-b42a-2ea07ee4e8cd
ESPOCH,Escuela Superior Politécnica de Chimborazo,SOFTWARE,1,crear soluciones para problemas informativos,skill/competence,cross-sector,0.87,http://data.europa.eu/esco/skill/4539aeca-b56f-4d03-ba86-8f675a7f2536
ESPOCH,Escuela Superior Politécnica de Chimborazo,SOFTWARE,2,Proponer soluciones tecnológicas a problemas empresariales,skill/competence,cross-sector,0.8655,http://data.europa.eu/esco/skill/07e51c60-763a-4335-b4ec-70a15f66d328
ESPOCH,Escuela Superior Politécnica de Chimborazo,SOFTWARE,3,detectar necesidades tecnológicas,skill/competence,cross-sector,0.8623,http://data.europa.eu/esco/skill/42fcf80d-7b45-40f3-bd2f-5411c4c0dfa0
ESPOCH,Escuela Superior Politécnica de Chimborazo,SOFTWARE,4,mejorar procesos empresariales,skill/competence,cross-sector,0.8588,http://data.europa.eu/esco/skill/75b30aeb-34c0-40f4-b77d-271d75a98b14
ESPOCH,Escuela Superior Politécnica de Chimborazo,SOFTWARE,5,elaborar software estadístico,skill/competence,cross-sector,0.8587,http://data.europa.eu/esco/skill/bb165899-d95f-4433-95f2-173fefd716d2
ESPOCH,Escuela Superior Politécnica de Chimborazo,SOFTWARE,6,resolver problemas operativos,skill/competence,cross-sector,0.8582,http://data.europa.eu/esco/skill/334e3e49-fb02-4051-809a-f06adfdc1c40
ESPOCH,Escuela Superior Politécnica de Chimborazo,SOFTWARE,7,mantenerse al día sobre las innovaciones en el ámbito empresarial,skill/competence,cross-sector,0.8564,http://data.europa.eu/esco/skill/7f70572d-f0c1-4039-9954-b57dc69981f6
ESPOCH,Escuela Superior Politécnica de Chimborazo,SOFTWARE,8,medir el desempeño de la empresa en términos de sostenibilidad,skill/competence,cross-sector,0.8553,http://data.europa.eu/esco/skill/d53eab76-e8ff-4e28-af26-7e012951c763
ESPOCH,Escuela Superior Politécnica de Chimborazo,SOFTWARE,9,resolver problemas,skill/competence,transversal,0.8548,http://data.europa.eu/esco/skill/adc6dc11-3376-467b-96c5-9b0a21edc869
ESPOCH,Escuela Superior Politécnica de Chimborazo,SOFTWARE,10,crear soluciones para problemas,skill/competence,cross-sector,0.8541,http://data.europa.eu/esco/skill/03b9b491-fc9b-4868-914a-bf7cd47b5041
ESPOCH,Escuela Superior Politécnica de Chimborazo,SISTEMAS DE INFORMACIÓN,1,verificar unidades electrónicas,skill/competence,cross-sector,0.8629,http://data.europa.eu/esco/skill/baf501a8-f0fe-4ad7-9b69-8e920fa1a87b
ESPOCH,Escuela Superior Politécnica de Chimborazo,SISTEMAS DE INFORMACIÓN,2,gestionar sistemas de instrumentación,skill/competence,cross-sector,0.8617,http://data.europa.eu/esco/skill/5d71a91f-cc72-4b66-b6e3-d75ecc05e235
ESPOCH,Escuela Superior Politécnica de Chimborazo,SISTEMAS DE INFORMACIÓN,3,"gestionar datos, información y contenido digitales",skill/competence,cross-sector,0.8611,http://data.europa.eu/esco/skill/4d97e3c3-f335-47cc-a4ee-0d779fd42222
ESPOCH,Escuela Superior Politécnica de Chimborazo,SISTEMAS DE INFORMACIÓN,4,resolver problemas de sistemas TIC,skill/competence,cross-sector,0.8571,http://data.europa.eu/esco/skill/9e06bac6-6b91-48ca-8b7d-c1f48cdecd7c
ESPOCH,Escuela Superior Politécnica de Chimborazo,SISTEMAS DE INFORMACIÓN,5,mantener equipos electrónicos,skill/competence,cross-sector,0.8522,http://data.europa.eu/esco/skill/ba45db8f-34e8-4f29-af0b-e6645e1d693f
ESPOCH,Escuela Superior Politécnica de Chimborazo,SISTEMAS DE INFORMACIÓN,6,electrónica,knowledge,cross-sector,0.8514,http://data.europa.eu/esco/skill/95c35c3a-035f-47c2-90cf-7e934d20fc08
ESPOCH,Escuela Superior Politécnica de Chimborazo,SISTEMAS DE INFORMACIÓN,7,supervisar el funcionamiento de los equipos,skill/competence,cross-sector,0.8512,http://data.europa.eu/esco/skill/ca17f0df-59e4-4ed2-9360-fc5325bc7151
ESPOCH,Escuela Superior Politécnica de Chimborazo,SISTEMAS DE INFORMACIÓN,8,tecnología informática,knowledge,cross-sector,0.8507,http://data.europa.eu/esco/skill/ddc3119d-1d6e-4324-9125-a3380d299ac5
ESPOCH,Escuela Superior Politécnica de Chimborazo,SISTEMAS DE INFORMACIÓN,9,gestionar sistemas administrativos,skill/competence,cross-sector,0.8499,http://data.europa.eu/esco/skill/6ae8306a-4f9d-4410-ac82-6406f3cbd16a
ESPOCH,Escuela Superior Politécnica de Chimborazo,SISTEMAS DE INFORMACIÓN,10,analizar estudios sobre transporte,skill/competence,cross-sector,0.8497,http://data.europa.eu/esco/skill/99095ca0-1218-462d-9e95-79e334ba8b63
ESPOCH,Escuela Superior Politécnica de Chimborazo,GEOLOGÍA,1,evaluar el impacto ambiental de yacimientos y zonas industriales,skill/competence,cross-sector,0.9345,http://data.europa.eu/esco/skill/f12f094b-492f-4e88-b36b-50b8e58b7500
ESPOCH,Escuela Superior Politécnica de Chimborazo,GEOLOGÍA,2,reaccionar ante emergencias mineras,skill/competence,cross-sector,0.8848,http://data.europa.eu/esco/skill/3938da70-dd7a-4092-b039-10c2218867fd
ESPOCH,Escuela Superior Politécnica de Chimborazo,GEOLOGÍA,3,gestionar el impacto medioambiental de las operaciones,skill/competence,cross-sector,0.8808,http://data.europa.eu/esco/skill/d86babea-bf8b-4552-81a8-daf706066ad6
ESPOCH,Escuela Superior Politécnica de Chimborazo,GEOLOGÍA,4,gestionar impacto ambiental,skill/competence,cross-sector,0.8801,http://data.europa.eu/esco/skill/d3a8ef9c-8572-438c-91dc-010537070be3
ESPOCH,Escuela Superior Politécnica de Chimborazo,GEOLOGÍA,5,diseñar escombreras de minas,skill/competence,cross-sector,0.8781,http://data.europa.eu/esco/skill/cfbe1cdb-1738-45a1-b442-75cbda1fff06
ESPOCH,Escuela Superior Politécnica de Chimborazo,GEOLOGÍA,6,detectar peligros en el lugar de trabajo,skill/competence,cross-sector,0.8756,http://data.europa.eu/esco/skill/5f97fac8-2001-4b81-ae8b-22f9062d921a
ESPOCH,Escuela Superior Politécnica de Chimborazo,GEOLOGÍA,7,analizar modelos de negocio,skill/competence,cross-sector,0.8752,http://data.europa.eu/esco/skill/3c1cbc5e-2220-4f45-bcc8-3d52c8c9cae0
ESPOCH,Escuela Superior Politécnica de Chimborazo,GEOLOGÍA,8,realizar estudios de mercado,skill/competence,cross-sector,0.8735,http://data.europa.eu/esco/skill/fe39d4db-4cb5-4299-bb9f-896c8fd6ab13
ESPOCH,Escuela Superior Politécnica de Chimborazo,GEOLOGÍA,9,evaluar las necesidades energéticas,skill/competence,cross-sector,0.8732,http://data.europa.eu/esco/skill/36fccad9-1d20-4104-bcc2-a8ea9d1ce5ea
ESPOCH,Escuela Superior Politécnica de Chimborazo,GEOLOGÍA,10,realizar procedimientos de análisis de agua,skill/competence,cross-sector,0.8725,http://data.europa.eu/esco/skill/e80f9e50-71ff-4bb7-8b7d-eb232685d17f
ESPOCH,Escuela Superior Politécnica de Chimborazo,MATEMÁTICA,1,ejecutar cálculos matemáticos analíticos,skill/competence,cross-sector,0.9068,http://data.europa.eu/esco/skill/31c69100-b612-4a61-8db5-fd314318854c
ESPOCH,Escuela Superior Politécnica de Chimborazo,MATEMÁTICA,2,presentar informes,skill/competence,cross-sector,0.8866,http://data.europa.eu/esco/skill/d0f2f8a7-d935-4a6d-8e54-dcc3e5e2cbeb
ESPOCH,Escuela Superior Politécnica de Chimborazo,MATEMÁTICA,3,comunicar información matemática,skill/competence,cross-sector,0.8846,http://data.europa.eu/esco/skill/a5826fe3-8df6-4fa8-adad-b7116864588f
ESPOCH,Escuela Superior Politécnica de Chimborazo,MATEMÁTICA,4,aplicar competencias matemáticas,skill/competence,cross-sector,0.8812,http://data.europa.eu/esco/skill/5dd01a1e-7ba0-4b7f-a76c-ed811c12bfde
ESPOCH,Escuela Superior Politécnica de Chimborazo,MATEMÁTICA,5,gestionar datos cuantitativos,skill/competence,cross-sector,0.8789,http://data.europa.eu/esco/skill/57231a22-4da7-49c8-97b8-75672feadf1e
ESPOCH,Escuela Superior Politécnica de Chimborazo,MATEMÁTICA,6,realizar cálculos,skill/competence,transversal,0.8785,http://data.europa.eu/esco/skill/19ba11f3-9c99-41fd-a7c9-f77e6a026186
ESPOCH,Escuela Superior Politécnica de Chimborazo,MATEMÁTICA,7,elaborar estrategias para resolver problemas,skill/competence,cross-sector,0.8734,http://data.europa.eu/esco/skill/7a8fb784-67fa-41e9-a75c-6b491d91f800
ESPOCH,Escuela Superior Politécnica de Chimborazo,MATEMÁTICA,8,utilizar modelos informáticos especializados para predecir el tiempo,skill/competence,cross-sector,0.8731,http://data.europa.eu/esco/skill/206f5738-e91f-4390-84a2-fcb864bc11b1
ESPOCH,Escuela Superior Politécnica de Chimborazo,MATEMÁTICA,9,resolver problemas,skill/competence,transversal,0.8728,http://data.europa.eu/esco/skill/adc6dc11-3376-467b-96c5-9b0a21edc869
ESPOCH,Escuela Superior Politécnica de Chimborazo,MATEMÁTICA,10,crear soluciones para problemas,skill/competence,cross-sector,0.8728,http://data.europa.eu/esco/skill/03b9b491-fc9b-4868-914a-bf7cd47b5041
UCE,Universidad Central del Ecuador,ADMINISTRACIÓN DE EMPRESAS,1,gestionar empresas de producción,skill/competence,cross-sector,0.8871,http://data.europa.eu/esco/skill/435d1751-8667-41ec-8b32-865b7cd3c684
UCE,Universidad Central del Ecuador,ADMINISTRACIÓN DE EMPRESAS,2,gestionar recursos humanos,skill/competence,cross-sector,0.882,http://data.europa.eu/esco/skill/339ac029-066a-4985-9f9d-b3d7c8fea0bb
UCE,Universidad Central del Ecuador,ADMINISTRACIÓN DE EMPRESAS,3,realizar diversas tareas organizativas en la empresa,skill/competence,cross-sector,0.8706,http://data.europa.eu/esco/skill/01755f08-4df4-4cf0-8d22-08f94cad68b5
UCE,Universidad Central del Ecuador,ADMINISTRACIÓN DE EMPRESAS,4,participar en las operaciones cotidianas de la empresa,skill/competence,cross-sector,0.8699,http://data.europa.eu/esco/skill/ce4cbc3a-bde0-43b4-9526-e643c4fe5b04
UCE,Universidad Central del Ecuador,ADMINISTRACIÓN DE EMPRESAS,5,tomar decisiones empresariales estratégicas,skill/competence,cross-sector,0.8681,http://data.europa.eu/esco/skill/f60c9e52-95fc-4ca1-a73c-18a491153b63
UCE,Universidad Central del Ecuador,ADMINISTRACIÓN DE EMPRESAS,6,analizar procesos empresariales,skill/competence,cross-sector,0.8676,http://data.europa.eu/esco/skill/56042303-972b-41be-9310-58467599ff7e
UCE,Universidad Central del Ecuador,ADMINISTRACIÓN DE EMPRESAS,7,comunicarse con los jefes y directivos,skill/competence,cross-sector,0.8674,http://data.europa.eu/esco/skill/f14ff4b7-be1e-4b55-b39b-520005f8a97e
UCE,Universidad Central del Ecuador,ADMINISTRACIÓN DE EMPRESAS,8,ejercer el control del gasto,skill/competence,cross-sector,0.8671,http://data.europa.eu/esco/skill/b08ec8ff-1a3e-4cc3-8016-9520b21666a6
UCE,Universidad Central del Ecuador,ADMINISTRACIÓN DE EMPRESAS,9,gestionar los programas públicos,skill/competence,cross-sector,0.8671,http://data.europa.eu/esco/skill/0761f325-13e7-49f4-a41a-ec64ba4e7b9d
UCE,Universidad Central del Ecuador,ADMINISTRACIÓN DE EMPRESAS,10,gestionar aspectos administrativos de eventos,skill/competence,cross-sector,0.867,http://data.europa.eu/esco/skill/707e9935-d3e3-4d5a-b07d-60916081de15
UCE,Universidad Central del Ecuador,COMPUTACIÓN,1,diseñar sistemas de control,skill/competence,cross-sector,0.8899,http://data.europa.eu/esco/skill/d560df46-dda4-4407-bab2-b87353a96814
UCE,Universidad Central del Ecuador,COMPUTACIÓN,2,ejecutar cálculos matemáticos analíticos,skill/competence,cross-sector,0.8845,http://data.europa.eu/esco/skill/31c69100-b612-4a61-8db5-fd314318854c
UCE,Universidad Central del Ecuador,COMPUTACIÓN,3,montar máquinas,skill/competence,cross-sector,0.8819,http://data.europa.eu/esco/skill/87a0c0e6-c114-4ea1-b2d0-933bce1f3c5f
UCE,Universidad Central del Ecuador,COMPUTACIÓN,4,crear soluciones para problemas informativos,skill/competence,cross-sector,0.8778,http://data.europa.eu/esco/skill/4539aeca-b56f-4d03-ba86-8f675a7f2536
UCE,Universidad Central del Ecuador,COMPUTACIÓN,5,resolver problemas de sistemas TIC,skill/competence,cross-sector,0.8763,http://data.europa.eu/esco/skill/9e06bac6-6b91-48ca-8b7d-c1f48cdecd7c
UCE,Universidad Central del Ecuador,COMPUTACIÓN,6,diseñar sistemas electromecánicos,skill/competence,cross-sector,0.8761,http://data.europa.eu/esco/skill/c5422318-3218-4ce9-9bdd-f38b93ff63a3
UCE,Universidad Central del Ecuador,COMPUTACIÓN,7,gestionar sistemas de instrumentación,skill/competence,cross-sector,0.8749,http://data.europa.eu/esco/skill/5d71a91f-cc72-4b66-b6e3-d75ecc05e235
UCE,Universidad Central del Ecuador,COMPUTACIÓN,8,gestionar datos cuantitativos,skill/competence,cross-sector,0.8744,http://data.europa.eu/esco/skill/57231a22-4da7-49c8-97b8-75672feadf1e
UCE,Universidad Central del Ecuador,COMPUTACIÓN,9,detectar y corregir errores de las tecnologías de la información y de las comunicaciones,skill/competence,cross-sector,0.8729,http://data.europa.eu/esco/skill/744442ac-c157-4350-8be0-ce454df4f5c5
UCE,Universidad Central del Ecuador,COMPUTACIÓN,10,resolver problemas técnicos,skill/competence,cross-sector,0.8729,http://data.europa.eu/esco/skill/14832d87-2f2f-4895-b290-e4760ebae42a
UCE,Universidad Central del Ecuador,ECONOMÍA,1,asesorar sobre el desarrollo económico,skill/competence,cross-sector,0.8915,http://data.europa.eu/esco/skill/384ed14c-bf1f-4a65-aef6-6e711f43c4ce
UCE,Universidad Central del Ecuador,ECONOMÍA,2,analizar las tendencias económicas,skill/competence,cross-sector,0.8905,http://data.europa.eu/esco/skill/5f302d63-048e-451c-b150-97c124a5a26b
UCE,Universidad Central del Ecuador,ECONOMÍA,3,elaborar software estadístico,skill/competence,cross-sector,0.8885,http://data.europa.eu/esco/skill/bb165899-d95f-4433-95f2-173fefd716d2
UCE,Universidad Central del Ecuador,ECONOMÍA,4,asesorar sobre políticas de gestión sostenible,skill/competence,cross-sector,0.8856,http://data.europa.eu/esco/skill/6742977a-aa00-4c8c-9861-898b0373907e
UCE,Universidad Central del Ecuador,ECONOMÍA,5,elaborar políticas de economía,skill/competence,cross-sector,0.8839,http://data.europa.eu/esco/skill/8394fefb-f62a-48c0-a156-3117cefdb9b3
UCE,Universidad Central del Ecuador,ECONOMÍA,6,observar nuevas evoluciones en países extranjeros,skill/competence,cross-sector,0.8836,http://data.europa.eu/esco/skill/2f4d68be-6e9f-46fa-9398-0573e900b5e3
UCE,Universidad Central del Ecuador,ECONOMÍA,7,evaluar el impacto ambiental de yacimientos y zonas industriales,skill/competence,cross-sector,0.8813,http://data.europa.eu/esco/skill/f12f094b-492f-4e88-b36b-50b8e58b7500
UCE,Universidad Central del Ecuador,ECONOMÍA,8,realizar estudios de mercado,skill/competence,cross-sector,0.8808,http://data.europa.eu/esco/skill/fe39d4db-4cb5-4299-bb9f-896c8fd6ab13
UCE,Universidad Central del Ecuador,ECONOMÍA,9,analizar modelos de negocio,skill/competence,cross-sector,0.8802,http://data.europa.eu/esco/skill/3c1cbc5e-2220-4f45-bcc8-3d52c8c9cae0
UCE,Universidad Central del Ecuador,ECONOMÍA,10,asesorar sobre política tributaria,skill/competence,cross-sector,0.8801,http://data.europa.eu/esco/skill/b5feaf25-3975-4e74-85fd-4470e344ba2e
UCE,Universidad Central del Ecuador,INGENIERÍA AMBIENTAL,1,evaluar el impacto ambiental de yacimientos y zonas industriales,skill/competence,cross-sector,0.8963,http://data.europa.eu/esco/skill/f12f094b-492f-4e88-b36b-50b8e58b7500
UCE,Universidad Central del Ecuador,INGENIERÍA AMBIENTAL,2,gestionar el impacto medioambiental de las operaciones,skill/competence,cross-sector,0.892,http://data.europa.eu/esco/skill/d86babea-bf8b-4552-81a8-daf706066ad6
UCE,Universidad Central del Ecuador,INGENIERÍA AMBIENTAL,3,diseñar escombreras de minas,skill/competence,cross-sector,0.8849,http://data.europa.eu/esco/skill/cfbe1cdb-1738-45a1-b442-75cbda1fff06
UCE,Universidad Central del Ecuador,INGENIERÍA AMBIENTAL,4,realizar auditorías ambientales,skill/competence,cross-sector,0.8844,http://data.europa.eu/esco/skill/60ab2bf7-c812-4a88-86c0-7c81a9b2f77c
UCE,Universidad Central del Ecuador,INGENIERÍA AMBIENTAL,5,gestionar impacto ambiental,skill/competence,cross-sector,0.8834,http://data.europa.eu/esco/skill/d3a8ef9c-8572-438c-91dc-010537070be3
UCE,Universidad Central del Ecuador,INGENIERÍA AMBIENTAL,6,supervisar sistemas de gestión ambiental,skill/competence,cross-sector,0.8797,http://data.europa.eu/esco/skill/b13e0689-636d-42d0-86c3-df9d6f85a882
UCE,Universidad Central del Ecuador,INGENIERÍA AMBIENTAL,7,asesorar sobre políticas de gestión sostenible,skill/competence,cross-sector,0.8767,http://data.europa.eu/esco/skill/6742977a-aa00-4c8c-9861-898b0373907e
UCE,Universidad Central del Ecuador,INGENIERÍA AMBIENTAL,8,asesorar sobre sistemas de gestión de riesgos ambientales,skill/competence,cross-sector,0.875,http://data.europa.eu/esco/skill/a366bfc5-8d17-4792-a9f0-db0951528dda
UCE,Universidad Central del Ecuador,INGENIERÍA AMBIENTAL,9,asesorar sobre recuperación ambiental,skill/competence,cross-sector,0.8734,http://data.europa.eu/esco/skill/b422efe7-b151-4120-86ae-db11a48dd0fa
UCE,Universidad Central del Ecuador,INGENIERÍA AMBIENTAL,10,asesorar sobre procedimientos de gestión de residuos,skill/competence,cross-sector,0.8711,http://data.europa.eu/esco/skill/f82b05a7-128b-4a72-a815-044ff6062f62
UCE,Universidad Central del Ecuador,INGENIERÍA CIVIL,1,vigilar el cumplimiento de los parámetros de los proyectos de construcción,skill/competence,cross-sector,0.8992,http://data.europa.eu/esco/skill/3dd3dfa7-51c0-40ef-af46-e2df300489f6
UCE,Universidad Central del Ecuador,INGENIERÍA CIVIL,2,garantizar el cumplimiento de los plazos de construcción,skill/competence,cross-sector,0.895,http://data.europa.eu/esco/skill/6181f475-110c-497c-a46d-ed2e14e7bc90
UCE,Universidad Central del Ecuador,INGENIERÍA CIVIL,3,gestionar los programas públicos,skill/competence,cross-sector,0.8931,http://data.europa.eu/esco/skill/0761f325-13e7-49f4-a41a-ec64ba4e7b9d
UCE,Universidad Central del Ecuador,INGENIERÍA CIVIL,4,supervisar un proyecto de construcción,skill/competence,cross-sector,0.8866,http://data.europa.eu/esco/skill/1de548e0-9535-4d2e-9d20-d4474c1ea813
UCE,Universidad Central del Ecuador,INGENIERÍA CIVIL,5,supervisar obras de construcción,skill/competence,cross-sector,0.8857,http://data.europa.eu/esco/skill/fc1a75bb-70e3-4005-881f-7709bf7b0ed4
UCE,Universidad Central del Ecuador,INGENIERÍA CIVIL,6,asesorar sobre temas de construcción,skill/competence,cross-sector,0.8848,http://data.europa.eu/esco/skill/3b64ab47-a874-403a-b781-7b23c2fc3c6c
UCE,Universidad Central del Ecuador,INGENIERÍA CIVIL,7,someter a auditorías a los contratistas,skill/competence,cross-sector,0.8842,http://data.europa.eu/esco/skill/0520d8ba-3c24-4f75-a8b0-f883ddeed82d
UCE,Universidad Central del Ecuador,INGENIERÍA CIVIL,8,examinar las infraestructuras civiles,skill/competence,cross-sector,0.8826,http://data.europa.eu/esco/skill/d48b3cfe-80b6-406f-b582-d959b60417f8
UCE,Universidad Central del Ecuador,INGENIERÍA CIVIL,9,supervisar el trabajo de planificación del diseño,skill/competence,cross-sector,0.8816,http://data.europa.eu/esco/skill/03227978-f839-4cc8-88a6-0a3c44d2c776
UCE,Universidad Central del Ecuador,INGENIERÍA CIVIL,10,revisar proyectos de construcción,skill/competence,cross-sector,0.8813,http://data.europa.eu/esco/skill/ea9fc9d9-c602-4430-a7fc-edac7429a6a8
UCE,Universidad Central del Ecuador,QUÍMICA,1,trabajar con sustancias químicas,skill/competence,cross-sector,0.8862,http://data.europa.eu/esco/skill/929a997b-d56c-4383-b36d-6de9fa0e1721
UCE,Universidad Central del Ecuador,QUÍMICA,2,evaluar el impacto ambiental de yacimientos y zonas industriales,skill/competence,cross-sector,0.8859,http://data.europa.eu/esco/skill/f12f094b-492f-4e88-b36b-50b8e58b7500
UCE,Universidad Central del Ecuador,QUÍMICA,3,mejorar procesos químicos,skill/competence,cross-sector,0.8858,http://data.europa.eu/esco/skill/451c8010-7dbb-4f96-b4d4-0955766d9eff
UCE,Universidad Central del Ecuador,QUÍMICA,4,realizar análisis fisicoquímicos en materiales alimentarios,skill/competence,cross-sector,0.8785,http://data.europa.eu/esco/skill/8ff67760-40b6-43fe-a6c5-6f1949fd0f0a
UCE,Universidad Central del Ecuador,QUÍMICA,5,interpretar datos científicos para determinar la calidad del agua,skill/competence,cross-sector,0.8779,http://data.europa.eu/esco/skill/07ec6866-d283-46a6-991c-e8ce0c6fc159
UCE,Universidad Central del Ecuador,QUÍMICA,6,desarrollar medicamentos,skill/competence,cross-sector,0.8756,http://data.europa.eu/esco/skill/d8aa87e2-bbe4-45ac-a1e4-f48b6f63952e
UCE,Universidad Central del Ecuador,QUÍMICA,7,realizar pruebas de laboratorio para el calzado y los artículos de piel y cuero,skill/competence,cross-sector,0.8718,http://data.europa.eu/esco/skill/88f0a98e-4b90-479b-9b5a-f5f8cbe0b49e
UCE,Universidad Central del Ecuador,QUÍMICA,8,conservar muestras,skill/competence,cross-sector,0.8687,http://data.europa.eu/esco/skill/ff9ed77c-f19c-41d8-8b11-a382c6819e8d
UCE,Universidad Central del Ecuador,QUÍMICA,9,asegurarse de que los productos cumplen los requisitos legales,skill/competence,cross-sector,0.8684,http://data.europa.eu/esco/skill/f453b1a6-c7db-4d9d-9ba3-47c45159bfe3
UCE,Universidad Central del Ecuador,QUÍMICA,10,prestar asistencia en investigaciones científicas,skill/competence,cross-sector,0.8682,http://data.europa.eu/esco/skill/d6179c4b-ff5a-4bbb-a3c8-e0acf0de1f56
UCE,Universidad Central del Ecuador,INGENIERÍA QUÍMICA,1,mejorar procesos químicos,skill/competence,cross-sector,0.8996,http://data.europa.eu/esco/skill/451c8010-7dbb-4f96-b4d4-0955766d9eff
UCE,Universidad Central del Ecuador,INGENIERÍA QUÍMICA,2,evaluar el impacto ambiental de yacimientos y zonas industriales,skill/competence,cross-sector,0.89,http://data.europa.eu/esco/skill/f12f094b-492f-4e88-b36b-50b8e58b7500
UCE,Universidad Central del Ecuador,INGENIERÍA QUÍMICA,3,trabajar con sustancias químicas,skill/competence,cross-sector,0.8866,http://data.europa.eu/esco/skill/929a997b-d56c-4383-b36d-6de9fa0e1721
UCE,Universidad Central del Ecuador,INGENIERÍA QUÍMICA,4,planificar procesos de fabricación,skill/competence,cross-sector,0.8789,http://data.europa.eu/esco/skill/7d0f33ea-e724-4d77-8b75-ee4fe66bb9ba
UCE,Universidad Central del Ecuador,INGENIERÍA QUÍMICA,5,realizar todas las actividades de ingeniería de procesos,skill/competence,cross-sector,0.8775,http://data.europa.eu/esco/skill/8b9d609a-6d62-4d5c-9133-01d41979cfac
UCE,Universidad Central del Ecuador,INGENIERÍA QUÍMICA,6,manipular productos químicos,skill/competence,cross-sector,0.877,http://data.europa.eu/esco/skill/2416dc09-6384-409e-8b1d-80bb7a2e7369
UCE,Universidad Central del Ecuador,INGENIERÍA QUÍMICA,7,elaborar fórmulas de fabricación,skill/competence,cross-sector,0.8764,http://data.europa.eu/esco/skill/b2ad4e50-cb82-4a34-ab3e-5b5f6c4f9b65
UCE,Universidad Central del Ecuador,INGENIERÍA QUÍMICA,8,gestionar empresas de producción,skill/competence,cross-sector,0.8744,http://data.europa.eu/esco/skill/435d1751-8667-41ec-8b32-865b7cd3c684
UCE,Universidad Central del Ecuador,INGENIERÍA QUÍMICA,9,integrar productos nuevos en la cadena de fabricación,skill/competence,cross-sector,0.8735,http://data.europa.eu/esco/skill/8a753714-9a19-4418-9b37-77e79d72c705
UCE,Universidad Central del Ecuador,INGENIERÍA QUÍMICA,10,seguir fórmulas de coloración,skill/competence,cross-sector,0.8733,http://data.europa.eu/esco/skill/8779e8a1-45a8-4f51-b42a-2ea07ee4e8cd
UCE,Universidad Central del Ecuador,GEOLOGÍA,1,evaluar el impacto ambiental de yacimientos y zonas industriales,skill/competence,cross-sector,0.9199,http://data.europa.eu/esco/skill/f12f094b-492f-4e88-b36b-50b8e58b7500
UCE,Universidad Central del Ecuador,GEOLOGÍA,2,detectar peligros en el lugar de trabajo,skill/competence,cross-sector,0.87,http://data.europa.eu/esco/skill/5f97fac8-2001-4b81-ae8b-22f9062d921a
UCE,Universidad Central del Ecuador,GEOLOGÍA,3,reaccionar ante emergencias mineras,skill/competence,cross-sector,0.8675,http://data.europa.eu/esco/skill/3938da70-dd7a-4092-b039-10c2218867fd
UCE,Universidad Central del Ecuador,GEOLOGÍA,4,elaborar informes de SIG,skill/competence,cross-sector,0.8668,http://data.europa.eu/esco/skill/bad66a63-4e3f-41f9-9e5d-a4d5f12f8d36
UCE,Universidad Central del Ecuador,GEOLOGÍA,5,gestionar impacto ambiental,skill/competence,cross-sector,0.8659,http://data.europa.eu/esco/skill/d3a8ef9c-8572-438c-91dc-010537070be3
UCE,Universidad Central del Ecuador,GEOLOGÍA,6,diseñar escombreras de minas,skill/competence,cross-sector,0.8649,http://data.europa.eu/esco/skill/cfbe1cdb-1738-45a1-b442-75cbda1fff06
UCE,Universidad Central del Ecuador,GEOLOGÍA,7,procesar datos topográficos recabados,skill/competence,cross-sector,0.863,http://data.europa.eu/esco/skill/6b30644d-bdc5-4bca-b1af-edbf5c6b15ee
UCE,Universidad Central del Ecuador,GEOLOGÍA,8,realizar un análisis de riesgo,skill/competence,cross-sector,0.8627,http://data.europa.eu/esco/skill/1dd23dba-dd00-45ab-abf4-642902538317
UCE,Universidad Central del Ecuador,GEOLOGÍA,9,calcular materiales necesarios para construcción,skill/competence,cross-sector,0.8625,http://data.europa.eu/esco/skill/5d9dd44a-81f8-4710-bd4d-af27ec5c2139
UCE,Universidad Central del Ecuador,GEOLOGÍA,10,determinar riesgos de incendios,skill/competence,cross-sector,0.8622,http://data.europa.eu/esco/skill/2e04c512-6867-49c5-ad58-0797b8fbddf2
UCE,Universidad Central del Ecuador,MECÁNICA,1,planificar procesos de fabricación,skill/competence,cross-sector,0.8828,http://data.europa.eu/esco/skill/7d0f33ea-e724-4d77-8b75-ee4fe66bb9ba
UCE,Universidad Central del Ecuador,MECÁNICA,2,diseñar sistemas de control,skill/competence,cross-sector,0.8808,http://data.europa.eu/esco/skill/d560df46-dda4-4407-bab2-b87353a96814
UCE,Universidad Central del Ecuador,MECÁNICA,3,evaluar el impacto ambiental de yacimientos y zonas industriales,skill/competence,cross-sector,0.8736,http://data.europa.eu/esco/skill/f12f094b-492f-4e88-b36b-50b8e58b7500
UCE,Universidad Central del Ecuador,MECÁNICA,4,montar máquinas,skill/competence,cross-sector,0.8733,http://data.europa.eu/esco/skill/87a0c0e6-c114-4ea1-b2d0-933bce1f3c5f
UCE,Universidad Central del Ecuador,MECÁNICA,5,reparar sistemas de fontanería,skill/competence,cross-sector,0.8731,http://data.europa.eu/esco/skill/d809a1d2-b80e-43e4-8984-de7517fb68f1
UCE,Universidad Central del Ecuador,MECÁNICA,6,actuar de enlace con profesionales del sector,skill/competence,cross-sector,0.8712,http://data.europa.eu/esco/skill/d1317634-ccea-44d0-9cdc-c863f9bf856b
UCE,Universidad Central del Ecuador,MECÁNICA,7,gestionar empresas de producción,skill/competence,cross-sector,0.871,http://data.europa.eu/esco/skill/435d1751-8667-41ec-8b32-865b7cd3c684
UCE,Universidad Central del Ecuador,MECÁNICA,8,ingeniería ambiental,knowledge,cross-sector,0.8705,http://data.europa.eu/esco/skill/b1b118c4-3291-484e-b64d-6d51fd5da8b3
UCE,Universidad Central del Ecuador,MECÁNICA,9,mejorar procesos químicos,skill/competence,cross-sector,0.8696,http://data.europa.eu/esco/skill/451c8010-7dbb-4f96-b4d4-0955766d9eff
UCE,Universidad Central del Ecuador,MECÁNICA,10,coordinar equipos de ingeniería,skill/competence,cross-sector,0.8688,http://data.europa.eu/esco/skill/7af6e9e8-1e11-4c0b-b7c6-ac96bbbbc674
UCE,Universidad Central del Ecuador,PETRÓLEOS,1,evaluar el impacto ambiental de yacimientos y zonas industriales,skill/competence,cross-sector,0.9087,http://data.europa.eu/esco/skill/f12f094b-492f-4e88-b36b-50b8e58b7500
UCE,Universidad Central del Ecuador,PETRÓLEOS,2,gestionar el impacto medioambiental de las operaciones,skill/competence,cross-sector,0.8851,http://data.europa.eu/esco/skill/d86babea-bf8b-4552-81a8-daf706066ad6
UCE,Universidad Central del Ecuador,PETRÓLEOS,3,manipular combustibles,skill/competence,cross-sector,0.8764,http://data.europa.eu/esco/skill/2035c565-f0df-4efa-99fc-09a42f18c158
UCE,Universidad Central del Ecuador,PETRÓLEOS,4,manejar equipos de extracción de hidrógeno,skill/competence,cross-sector,0.8745,http://data.europa.eu/esco/skill/d2fd219f-5cb1-4f67-8db5-be6c5fc865c7
UCE,Universidad Central del Ecuador,PETRÓLEOS,5,evaluar las necesidades energéticas,skill/competence,cross-sector,0.8716,http://data.europa.eu/esco/skill/36fccad9-1d20-4104-bcc2-a8ea9d1ce5ea
UCE,Universidad Central del Ecuador,PETRÓLEOS,6,asesorar sobre recuperación ambiental,skill/competence,cross-sector,0.871,http://data.europa.eu/esco/skill/b422efe7-b151-4120-86ae-db11a48dd0fa
UCE,Universidad Central del Ecuador,PETRÓLEOS,7,diseñar escombreras de minas,skill/competence,cross-sector,0.8692,http://data.europa.eu/esco/skill/cfbe1cdb-1738-45a1-b442-75cbda1fff06
UCE,Universidad Central del Ecuador,PETRÓLEOS,8,reaccionar ante emergencias mineras,skill/competence,cross-sector,0.8674,http://data.europa.eu/esco/skill/3938da70-dd7a-4092-b039-10c2218867fd
UCE,Universidad Central del Ecuador,PETRÓLEOS,9,trabajar con sustancias químicas,skill/competence,cross-sector,0.8651,http://data.europa.eu/esco/skill/929a997b-d56c-4383-b36d-6de9fa0e1721
UCE,Universidad Central del Ecuador,PETRÓLEOS,10,gestionar los programas públicos,skill/competence,cross-sector,0.8644,http://data.europa.eu/esco/skill/0761f325-13e7-49f4-a41a-ec64ba4e7b9d
UCE,Universidad Central del Ecuador,SISTEMAS DE INFORMACIÓN,1,"gestionar datos, información y contenido digitales",skill/competence,cross-sector,0.8864,http://data.europa.eu/esco/skill/4d97e3c3-f335-47cc-a4ee-0d779fd42222
UCE,Universidad Central del Ecuador,SISTEMAS DE INFORMACIÓN,2,gestionar sistemas de instrumentación,skill/competence,cross-sector,0.8853,http://data.europa.eu/esco/skill/5d71a91f-cc72-4b66-b6e3-d75ecc05e235
UCE,Universidad Central del Ecuador,SISTEMAS DE INFORMACIÓN,3,crear soluciones para problemas informativos,skill/competence,cross-sector,0.8836,http://data.europa.eu/esco/skill/4539aeca-b56f-4d03-ba86-8f675a7f2536
UCE,Universidad Central del Ecuador,SISTEMAS DE INFORMACIÓN,4,configurar textos en formato digital,skill/competence,cross-sector,0.8779,http://data.europa.eu/esco/skill/9b30c8fd-6467-4d16-99e0-32899a9ceec0
UCE,Universidad Central del Ecuador,SISTEMAS DE INFORMACIÓN,5,montar máquinas,skill/competence,cross-sector,0.8768,http://data.europa.eu/esco/skill/87a0c0e6-c114-4ea1-b2d0-933bce1f3c5f
UCE,Universidad Central del Ecuador,SISTEMAS DE INFORMACIÓN,6,resolver problemas de sistemas TIC,skill/competence,cross-sector,0.8749,http://data.europa.eu/esco/skill/9e06bac6-6b91-48ca-8b7d-c1f48cdecd7c
UCE,Universidad Central del Ecuador,SISTEMAS DE INFORMACIÓN,7,asesorar sobre estrategias de mercado,skill/competence,cross-sector,0.8724,http://data.europa.eu/esco/skill/34d6ed30-5d35-44b9-9498-fd15badb5f28
UCE,Universidad Central del Ecuador,SISTEMAS DE INFORMACIÓN,8,detectar necesidades tecnológicas,skill/competence,cross-sector,0.8723,http://data.europa.eu/esco/skill/42fcf80d-7b45-40f3-bd2f-5411c4c0dfa0
UCE,Universidad Central del Ecuador,SISTEMAS DE INFORMACIÓN,9,"navegar, buscar y filtrar datos, información y contenido digitales",skill/competence,cross-sector,0.8721,http://data.europa.eu/esco/skill/e439742d-558d-4f52-885e-afdc740b48cf
UCE,Universidad Central del Ecuador,SISTEMAS DE INFORMACIÓN,10,diseñar sistemas electromecánicos,skill/competence,cross-sector,0.8709,http://data.europa.eu/esco/skill/c5422318-3218-4ce9-9bdd-f38b93ff63a3
UCE,Universidad Central del Ecuador,MATEMÁTICA,1,ejecutar cálculos matemáticos analíticos,skill/competence,cross-sector,0.9116,http://data.europa.eu/esco/skill/31c69100-b612-4a61-8db5-fd314318854c
UCE,Universidad Central del Ecuador,MATEMÁTICA,2,aplicar competencias matemáticas,skill/competence,cross-sector,0.8856,http://data.europa.eu/esco/skill/5dd01a1e-7ba0-4b7f-a76c-ed811c12bfde
UCE,Universidad Central del Ecuador,MATEMÁTICA,3,utilizar modelos informáticos especializados para predecir el tiempo,skill/competence,cross-sector,0.8843,http://data.europa.eu/esco/skill/206f5738-e91f-4390-84a2-fcb864bc11b1
UCE,Universidad Central del Ecuador,MATEMÁTICA,4,"aplicar conocimientos científicos, tecnológicos y de ingeniería",skill/competence,transversal,0.8789,http://data.europa.eu/esco/skill/5c3ab99d-a3f1-4620-9602-d12d2151a03d
UCE,Universidad Central del Ecuador,MATEMÁTICA,5,interpretar información matemática,skill/competence,transversal,0.8789,http://data.europa.eu/esco/skill/6fc6f757-6baa-49fe-9a82-6ba6a52f2e13
UCE,Universidad Central del Ecuador,MATEMÁTICA,6,aplicar métodos de análisis estadísticos,skill/competence,cross-sector,0.8745,http://data.europa.eu/esco/skill/382c11ed-20d5-4ae7-b60e-15fec527fa6c
UCE,Universidad Central del Ecuador,MATEMÁTICA,7,simular problemas de transporte,skill/competence,cross-sector,0.8735,http://data.europa.eu/esco/skill/82394321-7f35-4a29-b2fa-4a58f66258f5
UCE,Universidad Central del Ecuador,MATEMÁTICA,8,comunicar información matemática,skill/competence,cross-sector,0.8734,http://data.europa.eu/esco/skill/a5826fe3-8df6-4fa8-adad-b7116864588f
UCE,Universidad Central del Ecuador,MATEMÁTICA,9,realizar cálculos,skill/competence,transversal,0.8722,http://data.europa.eu/esco/skill/19ba11f3-9c99-41fd-a7c9-f77e6a026186
UCE,Universidad Central del Ecuador,MATEMÁTICA,10,desarrollar modelos para la predicción meteorológica,skill/competence,cross-sector,0.8697,http://data.europa.eu/esco/skill/669edd06-1de6-4d01-8029-3e64a3754001
UG,Universidad de Guayaquil,ADMINISTRACIÓN DE EMPRESAS,1,gestionar empresas de producción,skill/competence,cross-sector,0.9022,http://data.europa.eu/esco/skill/435d1751-8667-41ec-8b32-865b7cd3c684
UG,Universidad de Guayaquil,ADMINISTRACIÓN DE EMPRESAS,2,realizar diversas tareas organizativas en la empresa,skill/competence,cross-sector,0.896,http://data.europa.eu/esco/skill/01755f08-4df4-4cf0-8d22-08f94cad68b5
UG,Universidad de Guayaquil,ADMINISTRACIÓN DE EMPRESAS,3,gestionar recursos humanos,skill/competence,cross-sector,0.8932,http://data.europa.eu/esco/skill/339ac029-066a-4985-9f9d-b3d7c8fea0bb
UG,Universidad de Guayaquil,ADMINISTRACIÓN DE EMPRESAS,4,ejercer el control del gasto,skill/competence,cross-sector,0.886,http://data.europa.eu/esco/skill/b08ec8ff-1a3e-4cc3-8016-9520b21666a6
UG,Universidad de Guayaquil,ADMINISTRACIÓN DE EMPRESAS,5,mejorar procesos empresariales,skill/competence,cross-sector,0.8852,http://data.europa.eu/esco/skill/75b30aeb-34c0-40f4-b77d-271d75a98b14
UG,Universidad de Guayaquil,ADMINISTRACIÓN DE EMPRESAS,6,elaborar estrategias para resolver problemas,skill/competence,cross-sector,0.8844,http://data.europa.eu/esco/skill/7a8fb784-67fa-41e9-a75c-6b491d91f800
UG,Universidad de Guayaquil,ADMINISTRACIÓN DE EMPRESAS,7,gestionar programas de formación en la empresa,skill/competence,cross-sector,0.8837,http://data.europa.eu/esco/skill/6e66fa0f-4d3b-415e-9693-dc556eb5112a
UG,Universidad de Guayaquil,ADMINISTRACIÓN DE EMPRESAS,8,gestionar los aspectos financieros de una empresa,skill/competence,cross-sector,0.8825,http://data.europa.eu/esco/skill/fa6acfc3-0a4f-4192-b77d-80e94d0faf2a
UG,Universidad de Guayaquil,ADMINISTRACIÓN DE EMPRESAS,9,formar equipos dentro de la empresa en base a las competencias,skill/competence,cross-sector,0.8818,http://data.europa.eu/esco/skill/f1155d3f-fbca-4298-a31c-f6955653bacf
UG,Universidad de Guayaquil,ADMINISTRACIÓN DE EMPRESAS,10,participar en las operaciones cotidianas de la empresa,skill/competence,cross-sector,0.8805,http://data.europa.eu/esco/skill/ce4cbc3a-bde0-43b4-9526-e643c4fe5b04
UG,Universidad de Guayaquil,CIENCIA DE DATOS E INTELIGENCIA ARTIFICIAL,1,ciencia de datos,knowledge,cross-sector,0.8795,http://data.europa.eu/esco/skill/edebd83d-35f6-4ed5-a940-6c203d178c01
UG,Universidad de Guayaquil,CIENCIA DE DATOS E INTELIGENCIA ARTIFICIAL,2,analizar inteligencia de datos,skill/competence,cross-sector,0.8761,http://data.europa.eu/esco/skill/47a49cd6-097d-457a-9f7b-c290c14930d5
UG,Universidad de Guayaquil,CIENCIA DE DATOS E INTELIGENCIA ARTIFICIAL,3,analizar datos,skill/competence,cross-sector,0.8761,http://data.europa.eu/esco/skill/a571ae14-3e16-4fd3-a615-5646e0b0b696
UG,Universidad de Guayaquil,CIENCIA DE DATOS E INTELIGENCIA ARTIFICIAL,4,predecir tendencias económicas,skill/competence,cross-sector,0.8743,http://data.europa.eu/esco/skill/f2a34d6b-131a-4b8f-a110-898b9c91d18f
UG,Universidad de Guayaquil,CIENCIA DE DATOS E INTELIGENCIA ARTIFICIAL,5,interpretar datos actuales,skill/competence,cross-sector,0.8743,http://data.europa.eu/esco/skill/1e77e42a-181f-4b48-8e74-201ce50ffc29
UG,Universidad de Guayaquil,CIENCIA DE DATOS E INTELIGENCIA ARTIFICIAL,6,realizar estudios de mercado,skill/competence,cross-sector,0.8733,http://data.europa.eu/esco/skill/fe39d4db-4cb5-4299-bb9f-896c8fd6ab13
UG,Universidad de Guayaquil,CIENCIA DE DATOS E INTELIGENCIA ARTIFICIAL,7,gestionar datos cuantitativos,skill/competence,cross-sector,0.871,http://data.europa.eu/esco/skill/57231a22-4da7-49c8-97b8-75672feadf1e
UG,Universidad de Guayaquil,CIENCIA DE DATOS E INTELIGENCIA ARTIFICIAL,8,realizar un análisis de datos,skill/competence,cross-sector,0.8708,http://data.europa.eu/esco/skill/2b92a5b2-6758-4ee3-9fb4-b6387a55cc8f
UG,Universidad de Guayaquil,CIENCIA DE DATOS E INTELIGENCIA ARTIFICIAL,9,interpretar la información comercial,skill/competence,cross-sector,0.8703,http://data.europa.eu/esco/skill/3cb68bb2-66fc-495a-af82-012338a9402b
UG,Universidad de Guayaquil,CIENCIA DE DATOS E INTELIGENCIA ARTIFICIAL,10,"navegar, buscar y filtrar datos, información y contenido digitales",skill/competence,cross-sector,0.8698,http://data.europa.eu/esco/skill/e439742d-558d-4f52-885e-afdc740b48cf
UG,Universidad de Guayaquil,COMPUTACIÓN,1,diseñar sistemas de control,skill/competence,cross-sector,0.8841,http://data.europa.eu/esco/skill/d560df46-dda4-4407-bab2-b87353a96814
UG,Universidad de Guayaquil,COMPUTACIÓN,2,gestionar proyectos de investigación y desarrollo,skill/competence,cross-sector,0.8787,http://data.europa.eu/esco/skill/d5dbc342-8e39-4998-8237-ebbe05a381ce
UG,Universidad de Guayaquil,COMPUTACIÓN,3,crear soluciones para problemas informativos,skill/competence,cross-sector,0.8783,http://data.europa.eu/esco/skill/4539aeca-b56f-4d03-ba86-8f675a7f2536
UG,Universidad de Guayaquil,COMPUTACIÓN,4,montar máquinas,skill/competence,cross-sector,0.876,http://data.europa.eu/esco/skill/87a0c0e6-c114-4ea1-b2d0-933bce1f3c5f
UG,Universidad de Guayaquil,COMPUTACIÓN,5,diseñar sistemas electromecánicos,skill/competence,cross-sector,0.8732,http://data.europa.eu/esco/skill/c5422318-3218-4ce9-9bdd-f38b93ff63a3
UG,Universidad de Guayaquil,COMPUTACIÓN,6,gestionar sistemas de instrumentación,skill/competence,cross-sector,0.8729,http://data.europa.eu/esco/skill/5d71a91f-cc72-4b66-b6e3-d75ecc05e235
UG,Universidad de Guayaquil,COMPUTACIÓN,7,gestionar datos de investigación,skill/competence,cross-sector,0.8729,http://data.europa.eu/esco/skill/08b04e53-ed25-41a2-9f90-0b9cd939ba3d
UG,Universidad de Guayaquil,COMPUTACIÓN,8,resolver problemas de sistemas TIC,skill/competence,cross-sector,0.8722,http://data.europa.eu/esco/skill/9e06bac6-6b91-48ca-8b7d-c1f48cdecd7c
UG,Universidad de Guayaquil,COMPUTACIÓN,9,ejecutar cálculos matemáticos analíticos,skill/competence,cross-sector,0.8722,http://data.europa.eu/esco/skill/31c69100-b612-4a61-8db5-fd314318854c
UG,Universidad de Guayaquil,COMPUTACIÓN,10,detectar y corregir errores de las tecnologías de la información y de las comunicaciones,skill/competence,cross-sector,0.8715,http://data.europa.eu/esco/skill/744442ac-c157-4350-8be0-ce454df4f5c5
UG,Universidad de Guayaquil,ECONOMÍA,1,analizar las tendencias económicas,skill/competence,cross-sector,0.8959,http://data.europa.eu/esco/skill/5f302d63-048e-451c-b150-97c124a5a26b
UG,Universidad de Guayaquil,ECONOMÍA,2,elaborar software estadístico,skill/competence,cross-sector,0.8921,http://data.europa.eu/esco/skill/bb165899-d95f-4433-95f2-173fefd716d2
UG,Universidad de Guayaquil,ECONOMÍA,3,asesorar sobre el desarrollo económico,skill/competence,cross-sector,0.8913,http://data.europa.eu/esco/skill/384ed14c-bf1f-4a65-aef6-6e711f43c4ce
UG,Universidad de Guayaquil,ECONOMÍA,4,elaborar políticas de economía,skill/competence,cross-sector,0.891,http://data.europa.eu/esco/skill/8394fefb-f62a-48c0-a156-3117cefdb9b3
UG,Universidad de Guayaquil,ECONOMÍA,5,analizar modelos de negocio,skill/competence,cross-sector,0.8887,http://data.europa.eu/esco/skill/3c1cbc5e-2220-4f45-bcc8-3d52c8c9cae0
UG,Universidad de Guayaquil,ECONOMÍA,6,evaluar presupuestos,skill/competence,cross-sector,0.8874,http://data.europa.eu/esco/skill/6556cbf1-d5c0-4f53-89a9-8707066069a6
UG,Universidad de Guayaquil,ECONOMÍA,7,realizar un análisis empresarial,skill/competence,cross-sector,0.8861,http://data.europa.eu/esco/skill/27ed854c-15b8-4ba2-90e9-ae888a219703
UG,Universidad de Guayaquil,ECONOMÍA,8,realizar estudios de mercado,skill/competence,cross-sector,0.8859,http://data.europa.eu/esco/skill/fe39d4db-4cb5-4299-bb9f-896c8fd6ab13
UG,Universidad de Guayaquil,ECONOMÍA,9,"llevar a cabo análisis de factores políticos, económicos, sociales, tecnológicos, ambientales y jurídicos",skill/competence,cross-sector,0.8847,http://data.europa.eu/esco/skill/9979e727-3104-42e0-8f41-4af2578111ea
UG,Universidad de Guayaquil,ECONOMÍA,10,asesorar sobre estrategias de mercado,skill/competence,cross-sector,0.8843,http://data.europa.eu/esco/skill/34d6ed30-5d35-44b9-9498-fd15badb5f28
UG,Universidad de Guayaquil,INGENIERÍA CIVIL,1,vigilar el cumplimiento de los parámetros de los proyectos de construcción,skill/competence,cross-sector,0.89,http://data.europa.eu/esco/skill/3dd3dfa7-51c0-40ef-af46-e2df300489f6
UG,Universidad de Guayaquil,INGENIERÍA CIVIL,2,garantizar el cumplimiento de los plazos de construcción,skill/competence,cross-sector,0.8894,http://data.europa.eu/esco/skill/6181f475-110c-497c-a46d-ed2e14e7bc90
UG,Universidad de Guayaquil,INGENIERÍA CIVIL,3,supervisar un proyecto de construcción,skill/competence,cross-sector,0.8828,http://data.europa.eu/esco/skill/1de548e0-9535-4d2e-9d20-d4474c1ea813
UG,Universidad de Guayaquil,INGENIERÍA CIVIL,4,supervisar obras de construcción,skill/competence,cross-sector,0.8798,http://data.europa.eu/esco/skill/fc1a75bb-70e3-4005-881f-7709bf7b0ed4
UG,Universidad de Guayaquil,INGENIERÍA CIVIL,5,supervisar el trabajo de planificación del diseño,skill/competence,cross-sector,0.8792,http://data.europa.eu/esco/skill/03227978-f839-4cc8-88a6-0a3c44d2c776
UG,Universidad de Guayaquil,INGENIERÍA CIVIL,6,examinar las infraestructuras civiles,skill/competence,cross-sector,0.8766,http://data.europa.eu/esco/skill/d48b3cfe-80b6-406f-b582-d959b60417f8
UG,Universidad de Guayaquil,INGENIERÍA CIVIL,7,coordinar equipos de ingeniería,skill/competence,cross-sector,0.8757,http://data.europa.eu/esco/skill/7af6e9e8-1e11-4c0b-b7c6-ac96bbbbc674
UG,Universidad de Guayaquil,INGENIERÍA CIVIL,8,asesorar sobre temas de construcción,skill/competence,cross-sector,0.8756,http://data.europa.eu/esco/skill/3b64ab47-a874-403a-b781-7b23c2fc3c6c
UG,Universidad de Guayaquil,INGENIERÍA CIVIL,9,gestionar los programas públicos,skill/competence,cross-sector,0.8754,http://data.europa.eu/esco/skill/0761f325-13e7-49f4-a41a-ec64ba4e7b9d
UG,Universidad de Guayaquil,INGENIERÍA CIVIL,10,revisar proyectos de construcción,skill/competence,cross-sector,0.8753,http://data.europa.eu/esco/skill/ea9fc9d9-c602-4430-a7fc-edac7429a6a8
UG,Universidad de Guayaquil,INGENIERÍA QUÍMICA,1,mejorar procesos químicos,skill/competence,cross-sector,0.9001,http://data.europa.eu/esco/skill/451c8010-7dbb-4f96-b4d4-0955766d9eff
UG,Universidad de Guayaquil,INGENIERÍA QUÍMICA,2,evaluar el impacto ambiental de yacimientos y zonas industriales,skill/competence,cross-sector,0.8879,http://data.europa.eu/esco/skill/f12f094b-492f-4e88-b36b-50b8e58b7500
UG,Universidad de Guayaquil,INGENIERÍA QUÍMICA,3,trabajar con sustancias químicas,skill/competence,cross-sector,0.8847,http://data.europa.eu/esco/skill/929a997b-d56c-4383-b36d-6de9fa0e1721
UG,Universidad de Guayaquil,INGENIERÍA QUÍMICA,4,manipular productos químicos,skill/competence,cross-sector,0.8773,http://data.europa.eu/esco/skill/2416dc09-6384-409e-8b1d-80bb7a2e7369
UG,Universidad de Guayaquil,INGENIERÍA QUÍMICA,5,realizar todas las actividades de ingeniería de procesos,skill/competence,cross-sector,0.8772,http://data.europa.eu/esco/skill/8b9d609a-6d62-4d5c-9133-01d41979cfac
UG,Universidad de Guayaquil,INGENIERÍA QUÍMICA,6,elaborar fórmulas de fabricación,skill/competence,cross-sector,0.8769,http://data.europa.eu/esco/skill/b2ad4e50-cb82-4a34-ab3e-5b5f6c4f9b65
UG,Universidad de Guayaquil,INGENIERÍA QUÍMICA,7,seguir fórmulas de coloración,skill/competence,cross-sector,0.8757,http://data.europa.eu/esco/skill/8779e8a1-45a8-4f51-b42a-2ea07ee4e8cd
UG,Universidad de Guayaquil,INGENIERÍA QUÍMICA,8,gestionar el impacto medioambiental de las operaciones,skill/competence,cross-sector,0.873,http://data.europa.eu/esco/skill/d86babea-bf8b-4552-81a8-daf706066ad6
UG,Universidad de Guayaquil,INGENIERÍA QUÍMICA,9,planificar procesos de fabricación,skill/competence,cross-sector,0.8719,http://data.europa.eu/esco/skill/7d0f33ea-e724-4d77-8b75-ee4fe66bb9ba
UG,Universidad de Guayaquil,INGENIERÍA QUÍMICA,10,gestionar empresas de producción,skill/competence,cross-sector,0.8714,http://data.europa.eu/esco/skill/435d1751-8667-41ec-8b32-865b7cd3c684
UG,Universidad de Guayaquil,INGENIERÍA INDUSTRIAL,1,analizar estrategias de gestión de la cadena de suministro,skill/competence,cross-sector,0.9074,http://data.europa.eu/esco/skill/96d549bb-3e62-4c45-92a7-f114df089581
UG,Universidad de Guayaquil,INGENIERÍA INDUSTRIAL,2,integrar productos nuevos en la cadena de fabricación,skill/competence,cross-sector,0.9001,http://data.europa.eu/esco/skill/8a753714-9a19-4418-9b37-77e79d72c705
UG,Universidad de Guayaquil,INGENIERÍA INDUSTRIAL,3,gestionar empresas de producción,skill/competence,cross-sector,0.8973,http://data.europa.eu/esco/skill/435d1751-8667-41ec-8b32-865b7cd3c684
UG,Universidad de Guayaquil,INGENIERÍA INDUSTRIAL,4,planificar procesos de fabricación,skill/competence,cross-sector,0.892,http://data.europa.eu/esco/skill/7d0f33ea-e724-4d77-8b75-ee4fe66bb9ba
UG,Universidad de Guayaquil,INGENIERÍA INDUSTRIAL,5,gestionar sistemas de instrumentación,skill/competence,cross-sector,0.8917,http://data.europa.eu/esco/skill/5d71a91f-cc72-4b66-b6e3-d75ecc05e235
UG,Universidad de Guayaquil,INGENIERÍA INDUSTRIAL,6,gestionar proyectos de investigación y desarrollo,skill/competence,cross-sector,0.8916,http://data.europa.eu/esco/skill/d5dbc342-8e39-4998-8237-ebbe05a381ce
UG,Universidad de Guayaquil,INGENIERÍA INDUSTRIAL,7,analizar procesos de producción para introducir mejoras,skill/competence,cross-sector,0.8906,http://data.europa.eu/esco/skill/f1b5800e-b763-4740-9586-3fef30568e81
UG,Universidad de Guayaquil,INGENIERÍA INDUSTRIAL,8,gestionar los suministros,skill/competence,cross-sector,0.8902,http://data.europa.eu/esco/skill/020b3c27-bae1-4b85-9d6f-eccee0f5ed99
UG,Universidad de Guayaquil,INGENIERÍA INDUSTRIAL,9,realizar diversas tareas organizativas en la empresa,skill/competence,cross-sector,0.8884,http://data.europa.eu/esco/skill/01755f08-4df4-4cf0-8d22-08f94cad68b5
UG,Universidad de Guayaquil,INGENIERÍA INDUSTRIAL,10,gestionar la cadena de suministros sanitarios,skill/competence,cross-sector,0.8865,http://data.europa.eu/esco/skill/71d441c3-163a-41b6-b713-074d69362c27
UG,Universidad de Guayaquil,MECÁNICA,1,diseñar sistemas de control,skill/competence,cross-sector,0.881,http://data.europa.eu/esco/skill/d560df46-dda4-4407-bab2-b87353a96814
UG,Universidad de Guayaquil,MECÁNICA,2,evaluar el impacto ambiental de yacimientos y zonas industriales,skill/competence,cross-sector,0.8789,http://data.europa.eu/esco/skill/f12f094b-492f-4e88-b36b-50b8e58b7500
UG,Universidad de Guayaquil,MECÁNICA,3,planificar procesos de fabricación,skill/competence,cross-sector,0.8759,http://data.europa.eu/esco/skill/7d0f33ea-e724-4d77-8b75-ee4fe66bb9ba
UG,Universidad de Guayaquil,MECÁNICA,4,ingeniería ambiental,knowledge,cross-sector,0.8734,http://data.europa.eu/esco/skill/b1b118c4-3291-484e-b64d-6d51fd5da8b3
UG,Universidad de Guayaquil,MECÁNICA,5,montar máquinas,skill/competence,cross-sector,0.8724,http://data.europa.eu/esco/skill/87a0c0e6-c114-4ea1-b2d0-933bce1f3c5f
UG,Universidad de Guayaquil,MECÁNICA,6,actuar de enlace con profesionales del sector,skill/competence,cross-sector,0.8724,http://data.europa.eu/esco/skill/d1317634-ccea-44d0-9cdc-c863f9bf856b
UG,Universidad de Guayaquil,MECÁNICA,7,sensibilizar sobre el medioambiente,skill/competence,cross-sector,0.8704,http://data.europa.eu/esco/skill/8abdc43c-2bfd-417c-97c2-27fcdaf53171
UG,Universidad de Guayaquil,MECÁNICA,8,mejorar procesos químicos,skill/competence,cross-sector,0.87,http://data.europa.eu/esco/skill/451c8010-7dbb-4f96-b4d4-0955766d9eff
UG,Universidad de Guayaquil,MECÁNICA,9,gestionar empresas de producción,skill/competence,cross-sector,0.8689,http://data.europa.eu/esco/skill/435d1751-8667-41ec-8b32-865b7cd3c684
UG,Universidad de Guayaquil,MECÁNICA,10,gestionar equipos pesados,skill/competence,cross-sector,0.8684,http://data.europa.eu/esco/skill/2a314d49-c071-403b-9cc8-75aea53e7859
UG,Universidad de Guayaquil,SISTEMAS DE INFORMACIÓN,1,"gestionar datos, información y contenido digitales",skill/competence,cross-sector,0.8915,http://data.europa.eu/esco/skill/4d97e3c3-f335-47cc-a4ee-0d779fd42222
UG,Universidad de Guayaquil,SISTEMAS DE INFORMACIÓN,2,crear soluciones para problemas informativos,skill/competence,cross-sector,0.8859,http://data.europa.eu/esco/skill/4539aeca-b56f-4d03-ba86-8f675a7f2536
UG,Universidad de Guayaquil,SISTEMAS DE INFORMACIÓN,3,gestionar sistemas de instrumentación,skill/competence,cross-sector,0.8851,http://data.europa.eu/esco/skill/5d71a91f-cc72-4b66-b6e3-d75ecc05e235
UG,Universidad de Guayaquil,SISTEMAS DE INFORMACIÓN,4,configurar textos en formato digital,skill/competence,cross-sector,0.8783,http://data.europa.eu/esco/skill/9b30c8fd-6467-4d16-99e0-32899a9ceec0
UG,Universidad de Guayaquil,SISTEMAS DE INFORMACIÓN,5,gestionar proyectos de investigación y desarrollo,skill/competence,cross-sector,0.875,http://data.europa.eu/esco/skill/d5dbc342-8e39-4998-8237-ebbe05a381ce
UG,Universidad de Guayaquil,SISTEMAS DE INFORMACIÓN,6,resolver problemas de sistemas TIC,skill/competence,cross-sector,0.8747,http://data.europa.eu/esco/skill/9e06bac6-6b91-48ca-8b7d-c1f48cdecd7c
UG,Universidad de Guayaquil,SISTEMAS DE INFORMACIÓN,7,detectar necesidades tecnológicas,skill/competence,cross-sector,0.8734,http://data.europa.eu/esco/skill/42fcf80d-7b45-40f3-bd2f-5411c4c0dfa0
UG,Universidad de Guayaquil,SISTEMAS DE INFORMACIÓN,8,asesorar sobre estrategias de mercado,skill/competence,cross-sector,0.8734,http://data.europa.eu/esco/skill/34d6ed30-5d35-44b9-9498-fd15badb5f28
UG,Universidad de Guayaquil,SISTEMAS DE INFORMACIÓN,9,montar máquinas,skill/competence,cross-sector,0.8733,http://data.europa.eu/esco/skill/87a0c0e6-c114-4ea1-b2d0-933bce1f3c5f
UG,Universidad de Guayaquil,SISTEMAS DE INFORMACIÓN,10,gestionar datos de investigación,skill/competence,cross-sector,0.8733,http://data.europa.eu/esco/skill/08b04e53-ed25-41a2-9f90-0b9cd939ba3d
UG,Universidad de Guayaquil,SOFTWARE,1,supervisar sistemas de gestión ambiental,skill/competence,cross-sector,0.8729,http://data.europa.eu/esco/skill/b13e0689-636d-42d0-86c3-df9d6f85a882
UG,Universidad de Guayaquil,SOFTWARE,2,realizar un análisis de riesgo,skill/competence,cross-sector,0.8706,http://data.europa.eu/esco/skill/1dd23dba-dd00-45ab-abf4-642902538317
UG,Universidad de Guayaquil,SOFTWARE,3,elaborar software estadístico,skill/competence,cross-sector,0.8701,http://data.europa.eu/esco/skill/bb165899-d95f-4433-95f2-173fefd716d2
UG,Universidad de Guayaquil,SOFTWARE,4,diseñar sistemas de control,skill/competence,cross-sector,0.87,http://data.europa.eu/esco/skill/d560df46-dda4-4407-bab2-b87353a96814
UG,Universidad de Guayaquil,SOFTWARE,5,montar máquinas,skill/competence,cross-sector,0.8683,http://data.europa.eu/esco/skill/87a0c0e6-c114-4ea1-b2d0-933bce1f3c5f
UG,Universidad de Guayaquil,SOFTWARE,6,asesorar a la clientela acerca de las posibilidades técnicas,skill/competence,cross-sector,0.8672,http://data.europa.eu/esco/skill/7b3abd38-61ae-42a4-88bb-0884784f9ee1
UG,Universidad de Guayaquil,SOFTWARE,7,almacenar datos y sistemas digitales,skill/competence,cross-sector,0.8655,http://data.europa.eu/esco/skill/611ed16b-99bf-4840-9cab-f55d1d286e0a
UG,Universidad de Guayaquil,SOFTWARE,8,realizar gestión de clientes,skill/competence,cross-sector,0.864,http://data.europa.eu/esco/skill/91306a20-9b81-4f3d-97eb-f5368b607da7
UG,Universidad de Guayaquil,SOFTWARE,9,diseñar sistemas electromecánicos,skill/competence,cross-sector,0.863,http://data.europa.eu/esco/skill/c5422318-3218-4ce9-9bdd-f38b93ff63a3
UG,Universidad de Guayaquil,SOFTWARE,10,asesorar sobre sistemas de gestión de riesgos ambientales,skill/competence,cross-sector,0.8627,http://data.europa.eu/esco/skill/a366bfc5-8d17-4792-a9f0-db0951528dda
UG,Universidad de Guayaquil,TELECOMUNICACIONES,1,actuar de enlace con profesionales del sector,skill/competence,cross-sector,0.8762,http://data.europa.eu/esco/skill/d1317634-ccea-44d0-9cdc-c863f9bf856b
UG,Universidad de Guayaquil,TELECOMUNICACIONES,2,asesorar a la clientela acerca de las posibilidades técnicas,skill/competence,cross-sector,0.876,http://data.europa.eu/esco/skill/7b3abd38-61ae-42a4-88bb-0884784f9ee1
UG,Universidad de Guayaquil,TELECOMUNICACIONES,3,diseñar sistemas de control,skill/competence,cross-sector,0.8759,http://data.europa.eu/esco/skill/d560df46-dda4-4407-bab2-b87353a96814
UG,Universidad de Guayaquil,TELECOMUNICACIONES,4,gestionar la instalación de estructuras para eventos,skill/competence,cross-sector,0.8755,http://data.europa.eu/esco/skill/0e503b48-5491-4529-879e-b112251f8d50
UG,Universidad de Guayaquil,TELECOMUNICACIONES,5,montar máquinas,skill/competence,cross-sector,0.8731,http://data.europa.eu/esco/skill/87a0c0e6-c114-4ea1-b2d0-933bce1f3c5f
UG,Universidad de Guayaquil,TELECOMUNICACIONES,6,supervisar el funcionamiento de los equipos,skill/competence,cross-sector,0.8699,http://data.europa.eu/esco/skill/ca17f0df-59e4-4ed2-9360-fc5325bc7151
UG,Universidad de Guayaquil,TELECOMUNICACIONES,7,coordinar comunicaciones remotas,skill/competence,cross-sector,0.8696,http://data.europa.eu/esco/skill/9bafaea2-76cd-4532-ab77-8b3d21fa6235
UG,Universidad de Guayaquil,TELECOMUNICACIONES,8,evaluar el impacto ambiental de yacimientos y zonas industriales,skill/competence,cross-sector,0.8695,http://data.europa.eu/esco/skill/f12f094b-492f-4e88-b36b-50b8e58b7500
UG,Universidad de Guayaquil,TELECOMUNICACIONES,9,coordinar comunicaciones en situaciones de emergencia en operaciones mineras,skill/competence,cross-sector,0.8689,http://data.europa.eu/esco/skill/707ff33d-d130-4e61-8a2a-6e8b023be9fc
UG,Universidad de Guayaquil,TELECOMUNICACIONES,10,gestionar las comunicaciones visuales,skill/competence,cross-sector,0.8687,http://data.europa.eu/esco/skill/50b96d21-f2eb-4f35-a8d3-77eee15ef51f
USFQ,Universidad San Francisco de Quito USFQ,ADMINISTRACIÓN DE EMPRESAS,1,gestionar recursos humanos,skill/competence,cross-sector,0.881,http://data.europa.eu/esco/skill/339ac029-066a-4985-9f9d-b3d7c8fea0bb
USFQ,Universidad San Francisco de Quito USFQ,ADMINISTRACIÓN DE EMPRESAS,2,gestionar empresas de producción,skill/competence,cross-sector,0.8802,http://data.europa.eu/esco/skill/435d1751-8667-41ec-8b32-865b7cd3c684
USFQ,Universidad San Francisco de Quito USFQ,ADMINISTRACIÓN DE EMPRESAS,3,participar en las operaciones cotidianas de la empresa,skill/competence,cross-sector,0.8801,http://data.europa.eu/esco/skill/ce4cbc3a-bde0-43b4-9526-e643c4fe5b04
USFQ,Universidad San Francisco de Quito USFQ,ADMINISTRACIÓN DE EMPRESAS,4,realizar diversas tareas organizativas en la empresa,skill/competence,cross-sector,0.8767,http://data.europa.eu/esco/skill/01755f08-4df4-4cf0-8d22-08f94cad68b5
USFQ,Universidad San Francisco de Quito USFQ,ADMINISTRACIÓN DE EMPRESAS,5,asesorar sobre estrategias de mercado,skill/competence,cross-sector,0.876,http://data.europa.eu/esco/skill/34d6ed30-5d35-44b9-9498-fd15badb5f28
USFQ,Universidad San Francisco de Quito USFQ,ADMINISTRACIÓN DE EMPRESAS,6,analizar modelos de negocio,skill/competence,cross-sector,0.8742,http://data.europa.eu/esco/skill/3c1cbc5e-2220-4f45-bcc8-3d52c8c9cae0
USFQ,Universidad San Francisco de Quito USFQ,ADMINISTRACIÓN DE EMPRESAS,7,gestionar los aspectos financieros de una empresa,skill/competence,cross-sector,0.8737,http://data.europa.eu/esco/skill/fa6acfc3-0a4f-4192-b77d-80e94d0faf2a
USFQ,Universidad San Francisco de Quito USFQ,ADMINISTRACIÓN DE EMPRESAS,8,realizar estudios de mercado,skill/competence,cross-sector,0.8736,http://data.europa.eu/esco/skill/fe39d4db-4cb5-4299-bb9f-896c8fd6ab13
USFQ,Universidad San Francisco de Quito USFQ,ADMINISTRACIÓN DE EMPRESAS,9,tomar decisiones empresariales estratégicas,skill/competence,cross-sector,0.8725,http://data.europa.eu/esco/skill/f60c9e52-95fc-4ca1-a73c-18a491153b63
USFQ,Universidad San Francisco de Quito USFQ,ADMINISTRACIÓN DE EMPRESAS,10,formar equipos dentro de la empresa en base a las competencias,skill/competence,cross-sector,0.8712,http://data.europa.eu/esco/skill/f1155d3f-fbca-4298-a31c-f6955653bacf
USFQ,Universidad San Francisco de Quito USFQ,CIENCIA DE DATOS E INTELIGENCIA ARTIFICIAL,1,ciencia de datos,knowledge,cross-sector,0.8755,http://data.europa.eu/esco/skill/edebd83d-35f6-4ed5-a940-6c203d178c01
USFQ,Universidad San Francisco de Quito USFQ,CIENCIA DE DATOS E INTELIGENCIA ARTIFICIAL,2,aplicar métodos de análisis estadísticos,skill/competence,cross-sector,0.8716,http://data.europa.eu/esco/skill/382c11ed-20d5-4ae7-b60e-15fec527fa6c
USFQ,Universidad San Francisco de Quito USFQ,CIENCIA DE DATOS E INTELIGENCIA ARTIFICIAL,3,ejecutar cálculos matemáticos analíticos,skill/competence,cross-sector,0.8713,http://data.europa.eu/esco/skill/31c69100-b612-4a61-8db5-fd314318854c
USFQ,Universidad San Francisco de Quito USFQ,CIENCIA DE DATOS E INTELIGENCIA ARTIFICIAL,4,predecir tendencias económicas,skill/competence,cross-sector,0.8702,http://data.europa.eu/esco/skill/f2a34d6b-131a-4b8f-a110-898b9c91d18f
USFQ,Universidad San Francisco de Quito USFQ,CIENCIA DE DATOS E INTELIGENCIA ARTIFICIAL,5,interpretar datos actuales,skill/competence,cross-sector,0.8699,http://data.europa.eu/esco/skill/1e77e42a-181f-4b48-8e74-201ce50ffc29
USFQ,Universidad San Francisco de Quito USFQ,CIENCIA DE DATOS E INTELIGENCIA ARTIFICIAL,6,analizar datos,skill/competence,cross-sector,0.8695,http://data.europa.eu/esco/skill/a571ae14-3e16-4fd3-a615-5646e0b0b696
USFQ,Universidad San Francisco de Quito USFQ,CIENCIA DE DATOS E INTELIGENCIA ARTIFICIAL,7,gestionar datos de investigación,skill/competence,cross-sector,0.8695,http://data.europa.eu/esco/skill/08b04e53-ed25-41a2-9f90-0b9cd939ba3d
USFQ,Universidad San Francisco de Quito USFQ,CIENCIA DE DATOS E INTELIGENCIA ARTIFICIAL,8,tomar decisiones basadas en datos,skill/competence,cross-sector,0.8676,http://data.europa.eu/esco/skill/be20d05c-f6b4-4580-9fcf-f00f4baab562
USFQ,Universidad San Francisco de Quito USFQ,CIENCIA DE DATOS E INTELIGENCIA ARTIFICIAL,9,aplicar procesos de calidad de datos,skill/competence,cross-sector,0.8675,http://data.europa.eu/esco/skill/713fb616-118e-40bc-9366-4a69879a49d5
USFQ,Universidad San Francisco de Quito USFQ,CIENCIA DE DATOS E INTELIGENCIA ARTIFICIAL,10,realizar estudios de mercado,skill/competence,cross-sector,0.8673,http://data.europa.eu/esco/skill/fe39d4db-4cb5-4299-bb9f-896c8fd6ab13
USFQ,Universidad San Francisco de Quito USFQ,COMPUTACIÓN,1,ejecutar cálculos matemáticos analíticos,skill/competence,cross-sector,0.8861,http://data.europa.eu/esco/skill/31c69100-b612-4a61-8db5-fd314318854c
USFQ,Universidad San Francisco de Quito USFQ,COMPUTACIÓN,2,asesorar a la clientela acerca de las posibilidades técnicas,skill/competence,cross-sector,0.8799,http://data.europa.eu/esco/skill/7b3abd38-61ae-42a4-88bb-0884784f9ee1
USFQ,Universidad San Francisco de Quito USFQ,COMPUTACIÓN,3,montar máquinas,skill/competence,cross-sector,0.8793,http://data.europa.eu/esco/skill/87a0c0e6-c114-4ea1-b2d0-933bce1f3c5f
USFQ,Universidad San Francisco de Quito USFQ,COMPUTACIÓN,4,resolver problemas técnicos,skill/competence,cross-sector,0.8781,http://data.europa.eu/esco/skill/14832d87-2f2f-4895-b290-e4760ebae42a
USFQ,Universidad San Francisco de Quito USFQ,COMPUTACIÓN,5,crear soluciones para problemas informativos,skill/competence,cross-sector,0.8772,http://data.europa.eu/esco/skill/4539aeca-b56f-4d03-ba86-8f675a7f2536
USFQ,Universidad San Francisco de Quito USFQ,COMPUTACIÓN,6,diseñar sistemas de control,skill/competence,cross-sector,0.8771,http://data.europa.eu/esco/skill/d560df46-dda4-4407-bab2-b87353a96814
USFQ,Universidad San Francisco de Quito USFQ,COMPUTACIÓN,7,resolver problemas,skill/competence,transversal,0.8738,http://data.europa.eu/esco/skill/adc6dc11-3376-467b-96c5-9b0a21edc869
USFQ,Universidad San Francisco de Quito USFQ,COMPUTACIÓN,8,Proponer soluciones tecnológicas a problemas empresariales,skill/competence,cross-sector,0.8734,http://data.europa.eu/esco/skill/07e51c60-763a-4335-b4ec-70a15f66d328
USFQ,Universidad San Francisco de Quito USFQ,COMPUTACIÓN,9,elaborar software estadístico,skill/competence,cross-sector,0.873,http://data.europa.eu/esco/skill/bb165899-d95f-4433-95f2-173fefd716d2
USFQ,Universidad San Francisco de Quito USFQ,COMPUTACIÓN,10,diseñar sistemas electromecánicos,skill/competence,cross-sector,0.8714,http://data.europa.eu/esco/skill/c5422318-3218-4ce9-9bdd-f38b93ff63a3
USFQ,Universidad San Francisco de Quito USFQ,ECONOMÍA,1,analizar las tendencias económicas,skill/competence,cross-sector,0.8929,http://data.europa.eu/esco/skill/5f302d63-048e-451c-b150-97c124a5a26b
USFQ,Universidad San Francisco de Quito USFQ,ECONOMÍA,2,elaborar software estadístico,skill/competence,cross-sector,0.8851,http://data.europa.eu/esco/skill/bb165899-d95f-4433-95f2-173fefd716d2
USFQ,Universidad San Francisco de Quito USFQ,ECONOMÍA,3,analizar modelos de negocio,skill/competence,cross-sector,0.8851,http://data.europa.eu/esco/skill/3c1cbc5e-2220-4f45-bcc8-3d52c8c9cae0
USFQ,Universidad San Francisco de Quito USFQ,ECONOMÍA,4,predecir tendencias económicas,skill/competence,cross-sector,0.8824,http://data.europa.eu/esco/skill/f2a34d6b-131a-4b8f-a110-898b9c91d18f
USFQ,Universidad San Francisco de Quito USFQ,ECONOMÍA,5,asesorar sobre política tributaria,skill/competence,cross-sector,0.88,http://data.europa.eu/esco/skill/b5feaf25-3975-4e74-85fd-4470e344ba2e
USFQ,Universidad San Francisco de Quito USFQ,ECONOMÍA,6,ejecutar cálculos matemáticos analíticos,skill/competence,cross-sector,0.8791,http://data.europa.eu/esco/skill/31c69100-b612-4a61-8db5-fd314318854c
USFQ,Universidad San Francisco de Quito USFQ,ECONOMÍA,7,preparar archivos estadísticos y financieros,skill/competence,cross-sector,0.8787,http://data.europa.eu/esco/skill/08ee68b2-0a6d-4bdf-a870-a36c0dc8064e
USFQ,Universidad San Francisco de Quito USFQ,ECONOMÍA,8,analizar datos de carácter ecológico,skill/competence,cross-sector,0.8783,http://data.europa.eu/esco/skill/5354a726-ee64-4f34-90f8-8436f9f374b8
USFQ,Universidad San Francisco de Quito USFQ,ECONOMÍA,9,realizar estudios de mercado,skill/competence,cross-sector,0.8781,http://data.europa.eu/esco/skill/fe39d4db-4cb5-4299-bb9f-896c8fd6ab13
USFQ,Universidad San Francisco de Quito USFQ,ECONOMÍA,10,asesorar sobre el desarrollo económico,skill/competence,cross-sector,0.8765,http://data.europa.eu/esco/skill/384ed14c-bf1f-4a65-aef6-6e711f43c4ce
USFQ,Universidad San Francisco de Quito USFQ,INGENIERÍA CIVIL,1,coordinar equipos de ingeniería,skill/competence,cross-sector,0.8715,http://data.europa.eu/esco/skill/7af6e9e8-1e11-4c0b-b7c6-ac96bbbbc674
USFQ,Universidad San Francisco de Quito USFQ,INGENIERÍA CIVIL,2,examinar las infraestructuras civiles,skill/competence,cross-sector,0.8713,http://data.europa.eu/esco/skill/d48b3cfe-80b6-406f-b582-d959b60417f8
USFQ,Universidad San Francisco de Quito USFQ,INGENIERÍA CIVIL,3,asesorar sobre temas de construcción,skill/competence,cross-sector,0.8665,http://data.europa.eu/esco/skill/3b64ab47-a874-403a-b781-7b23c2fc3c6c
USFQ,Universidad San Francisco de Quito USFQ,INGENIERÍA CIVIL,4,coordinar con expertos ferroviarios,skill/competence,cross-sector,0.8656,http://data.europa.eu/esco/skill/6172948e-5d52-4f94-a617-278a9013a8ae
USFQ,Universidad San Francisco de Quito USFQ,INGENIERÍA CIVIL,5,elaborar planos,skill/competence,cross-sector,0.8653,http://data.europa.eu/esco/skill/bf59255e-782a-4e83-a93c-6055cfdd8e7f
USFQ,Universidad San Francisco de Quito USFQ,INGENIERÍA CIVIL,6,gestionar los programas públicos,skill/competence,cross-sector,0.8648,http://data.europa.eu/esco/skill/0761f325-13e7-49f4-a41a-ec64ba4e7b9d
USFQ,Universidad San Francisco de Quito USFQ,INGENIERÍA CIVIL,7,garantizar el cumplimiento de los plazos de construcción,skill/competence,cross-sector,0.8645,http://data.europa.eu/esco/skill/6181f475-110c-497c-a46d-ed2e14e7bc90
USFQ,Universidad San Francisco de Quito USFQ,INGENIERÍA CIVIL,8,evaluar el impacto ambiental de yacimientos y zonas industriales,skill/competence,cross-sector,0.8615,http://data.europa.eu/esco/skill/f12f094b-492f-4e88-b36b-50b8e58b7500
USFQ,Universidad San Francisco de Quito USFQ,INGENIERÍA CIVIL,9,vigilar el cumplimiento de los parámetros de los proyectos de construcción,skill/competence,cross-sector,0.8606,http://data.europa.eu/esco/skill/3dd3dfa7-51c0-40ef-af46-e2df300489f6
USFQ,Universidad San Francisco de Quito USFQ,INGENIERÍA CIVIL,10,someter a auditorías a los contratistas,skill/competence,cross-sector,0.8606,http://data.europa.eu/esco/skill/0520d8ba-3c24-4f75-a8b0-f883ddeed82d
USFQ,Universidad San Francisco de Quito USFQ,INGENIERÍA QUÍMICA,1,mejorar procesos químicos,skill/competence,cross-sector,0.905,http://data.europa.eu/esco/skill/451c8010-7dbb-4f96-b4d4-0955766d9eff
USFQ,Universidad San Francisco de Quito USFQ,INGENIERÍA QUÍMICA,2,evaluar el impacto ambiental de yacimientos y zonas industriales,skill/competence,cross-sector,0.8986,http://data.europa.eu/esco/skill/f12f094b-492f-4e88-b36b-50b8e58b7500
USFQ,Universidad San Francisco de Quito USFQ,INGENIERÍA QUÍMICA,3,trabajar con sustancias químicas,skill/competence,cross-sector,0.8908,http://data.europa.eu/esco/skill/929a997b-d56c-4383-b36d-6de9fa0e1721
USFQ,Universidad San Francisco de Quito USFQ,INGENIERÍA QUÍMICA,4,gestionar el impacto medioambiental de las operaciones,skill/competence,cross-sector,0.8842,http://data.europa.eu/esco/skill/d86babea-bf8b-4552-81a8-daf706066ad6
USFQ,Universidad San Francisco de Quito USFQ,INGENIERÍA QUÍMICA,5,seguir fórmulas de coloración,skill/competence,cross-sector,0.881,http://data.europa.eu/esco/skill/8779e8a1-45a8-4f51-b42a-2ea07ee4e8cd
USFQ,Universidad San Francisco de Quito USFQ,INGENIERÍA QUÍMICA,6,desarrollar medicamentos,skill/competence,cross-sector,0.8805,http://data.europa.eu/esco/skill/d8aa87e2-bbe4-45ac-a1e4-f48b6f63952e
USFQ,Universidad San Francisco de Quito USFQ,INGENIERÍA QUÍMICA,7,gestionar empresas de producción,skill/competence,cross-sector,0.8778,http://data.europa.eu/esco/skill/435d1751-8667-41ec-8b32-865b7cd3c684
USFQ,Universidad San Francisco de Quito USFQ,INGENIERÍA QUÍMICA,8,manipular productos químicos,skill/competence,cross-sector,0.8778,http://data.europa.eu/esco/skill/2416dc09-6384-409e-8b1d-80bb7a2e7369
USFQ,Universidad San Francisco de Quito USFQ,INGENIERÍA QUÍMICA,9,elaborar fórmulas de fabricación,skill/competence,cross-sector,0.8758,http://data.europa.eu/esco/skill/b2ad4e50-cb82-4a34-ab3e-5b5f6c4f9b65
USFQ,Universidad San Francisco de Quito USFQ,INGENIERÍA QUÍMICA,10,planificar procesos de fabricación,skill/competence,cross-sector,0.8754,http://data.europa.eu/esco/skill/7d0f33ea-e724-4d77-8b75-ee4fe66bb9ba
USFQ,Universidad San Francisco de Quito USFQ,INGENIERÍA INDUSTRIAL,1,analizar estrategias de gestión de la cadena de suministro,skill/competence,cross-sector,0.9128,http://data.europa.eu/esco/skill/96d549bb-3e62-4c45-92a7-f114df089581
USFQ,Universidad San Francisco de Quito USFQ,INGENIERÍA INDUSTRIAL,2,gestionar empresas de producción,skill/competence,cross-sector,0.9039,http://data.europa.eu/esco/skill/435d1751-8667-41ec-8b32-865b7cd3c684
USFQ,Universidad San Francisco de Quito USFQ,INGENIERÍA INDUSTRIAL,3,realizar diversas tareas organizativas en la empresa,skill/competence,cross-sector,0.8985,http://data.europa.eu/esco/skill/01755f08-4df4-4cf0-8d22-08f94cad68b5
USFQ,Universidad San Francisco de Quito USFQ,INGENIERÍA INDUSTRIAL,4,integrar productos nuevos en la cadena de fabricación,skill/competence,cross-sector,0.898,http://data.europa.eu/esco/skill/8a753714-9a19-4418-9b37-77e79d72c705
USFQ,Universidad San Francisco de Quito USFQ,INGENIERÍA INDUSTRIAL,5,gestionar sistemas de instrumentación,skill/competence,cross-sector,0.892,http://data.europa.eu/esco/skill/5d71a91f-cc72-4b66-b6e3-d75ecc05e235
USFQ,Universidad San Francisco de Quito USFQ,INGENIERÍA INDUSTRIAL,6,planificar procesos de fabricación,skill/competence,cross-sector,0.891,http://data.europa.eu/esco/skill/7d0f33ea-e724-4d77-8b75-ee4fe66bb9ba
USFQ,Universidad San Francisco de Quito USFQ,INGENIERÍA INDUSTRIAL,7,gestionar la producción de calzado y de artículos de piel y cuero,skill/competence,cross-sector,0.8867,http://data.europa.eu/esco/skill/7e71fbcf-ebf8-4164-829b-e16b68aa9432
USFQ,Universidad San Francisco de Quito USFQ,INGENIERÍA INDUSTRIAL,8,utilizar métodos de análisis de datos logísticos,skill/competence,cross-sector,0.8866,http://data.europa.eu/esco/skill/6f993130-082b-4732-b62f-52cdf2096ad9
USFQ,Universidad San Francisco de Quito USFQ,INGENIERÍA INDUSTRIAL,9,administrar la logística multimodal,skill/competence,cross-sector,0.8866,http://data.europa.eu/esco/skill/52f6fca4-1ab6-4588-983d-15a278148961
USFQ,Universidad San Francisco de Quito USFQ,INGENIERÍA INDUSTRIAL,10,gestionar proyectos de investigación y desarrollo,skill/competence,cross-sector,0.8866,http://data.europa.eu/esco/skill/d5dbc342-8e39-4998-8237-ebbe05a381ce
USFQ,Universidad San Francisco de Quito USFQ,MECÁNICA,1,diseñar sistemas electromecánicos,skill/competence,cross-sector,0.8874,http://data.europa.eu/esco/skill/c5422318-3218-4ce9-9bdd-f38b93ff63a3
USFQ,Universidad San Francisco de Quito USFQ,MECÁNICA,2,diseñar sistemas electrónicos,skill/competence,cross-sector,0.8775,http://data.europa.eu/esco/skill/feb717ff-fba6-4a91-aa10-ee11cf2da6b4
USFQ,Universidad San Francisco de Quito USFQ,MECÁNICA,3,diseñar sistemas de control,skill/competence,cross-sector,0.8768,http://data.europa.eu/esco/skill/d560df46-dda4-4407-bab2-b87353a96814
USFQ,Universidad San Francisco de Quito USFQ,MECÁNICA,4,diseñar componentes de automatización,skill/competence,cross-sector,0.8713,http://data.europa.eu/esco/skill/f96f5aa5-6ed7-40dc-a431-68b0a09d6d4b
USFQ,Universidad San Francisco de Quito USFQ,MECÁNICA,5,planificar procesos de fabricación,skill/competence,cross-sector,0.8703,http://data.europa.eu/esco/skill/7d0f33ea-e724-4d77-8b75-ee4fe66bb9ba
USFQ,Universidad San Francisco de Quito USFQ,MECÁNICA,6,diseñar sistemas eléctricos,skill/competence,cross-sector,0.8676,http://data.europa.eu/esco/skill/05010f6c-0b40-4525-ac4a-057d46a2b6f4
USFQ,Universidad San Francisco de Quito USFQ,MECÁNICA,7,diseñar componentes de ingeniería,skill/competence,cross-sector,0.8661,http://data.europa.eu/esco/skill/87434439-c07d-48be-af34-b0cdd03121c4
USFQ,Universidad San Francisco de Quito USFQ,MECÁNICA,8,asesorar sobre soluciones sostenibles,skill/competence,cross-sector,0.8658,http://data.europa.eu/esco/skill/dbef5042-4b99-4e6f-b2ed-1d33b07b3ed6
USFQ,Universidad San Francisco de Quito USFQ,MECÁNICA,9,realizar diseños técnicos de artículos de moda,skill/competence,cross-sector,0.8655,http://data.europa.eu/esco/skill/881cd4ec-5b52-46c6-abc4-60551d58b355
USFQ,Universidad San Francisco de Quito USFQ,MECÁNICA,10,diseñar circuitos mediante programas de diseño asistido por ordenador,skill/competence,cross-sector,0.8651,http://data.europa.eu/esco/skill/9ba355be-f119-42b6-a7d6-52f6ce2e4a3f
USFQ,Universidad San Francisco de Quito USFQ,MECATRÓNICA,1,mecatrónica,knowledge,cross-sector,0.8975,http://data.europa.eu/esco/skill/d88cb3f1-8e02-4618-bf32-4b0488066934
USFQ,Universidad San Francisco de Quito USFQ,MECATRÓNICA,2,diseñar sistemas de control,skill/competence,cross-sector,0.878,http://data.europa.eu/esco/skill/d560df46-dda4-4407-bab2-b87353a96814
USFQ,Universidad San Francisco de Quito USFQ,MECATRÓNICA,3,diseñar sistemas electromecánicos,skill/competence,cross-sector,0.8776,http://data.europa.eu/esco/skill/c5422318-3218-4ce9-9bdd-f38b93ff63a3
USFQ,Universidad San Francisco de Quito USFQ,MECATRÓNICA,4,planificar procesos de fabricación,skill/competence,cross-sector,0.8749,http://data.europa.eu/esco/skill/7d0f33ea-e724-4d77-8b75-ee4fe66bb9ba
USFQ,Universidad San Francisco de Quito USFQ,MECATRÓNICA,5,diseñar componentes de automatización,skill/competence,cross-sector,0.8724,http://data.europa.eu/esco/skill/f96f5aa5-6ed7-40dc-a431-68b0a09d6d4b
USFQ,Universidad San Francisco de Quito USFQ,MECATRÓNICA,6,diseñar sistemas microelectromecánicos,skill/competence,cross-sector,0.8722,http://data.europa.eu/esco/skill/c022ff1b-7783-4e64-89ef-0422c81ff51f
USFQ,Universidad San Francisco de Quito USFQ,MECATRÓNICA,7,integrar productos nuevos en la cadena de fabricación,skill/competence,cross-sector,0.871,http://data.europa.eu/esco/skill/8a753714-9a19-4418-9b37-77e79d72c705
USFQ,Universidad San Francisco de Quito USFQ,MECATRÓNICA,8,montar máquinas,skill/competence,cross-sector,0.8667,http://data.europa.eu/esco/skill/87a0c0e6-c114-4ea1-b2d0-933bce1f3c5f
USFQ,Universidad San Francisco de Quito USFQ,MECATRÓNICA,9,robótica,knowledge,cross-sector,0.8651,http://data.europa.eu/esco/skill/e87ec79a-c9ff-46f5-84fa-7a0f394cdf40
USFQ,Universidad San Francisco de Quito USFQ,MECATRÓNICA,10,desarrollar nuevas técnicas de soldadura,skill/competence,cross-sector,0.8633,http://data.europa.eu/esco/skill/d73a88a6-6325-4c2b-887c-5d598580afad
USFQ,Universidad San Francisco de Quito USFQ,SISTEMAS DE INFORMACIÓN,1,configurar textos en formato digital,skill/competence,cross-sector,0.8801,http://data.europa.eu/esco/skill/9b30c8fd-6467-4d16-99e0-32899a9ceec0
USFQ,Universidad San Francisco de Quito USFQ,SISTEMAS DE INFORMACIÓN,2,"gestionar datos, información y contenido digitales",skill/competence,cross-sector,0.8782,http://data.europa.eu/esco/skill/4d97e3c3-f335-47cc-a4ee-0d779fd42222
USFQ,Universidad San Francisco de Quito USFQ,SISTEMAS DE INFORMACIÓN,3,realizar gestión de clientes,skill/competence,cross-sector,0.8766,http://data.europa.eu/esco/skill/91306a20-9b81-4f3d-97eb-f5368b607da7
USFQ,Universidad San Francisco de Quito USFQ,SISTEMAS DE INFORMACIÓN,4,asesorar sobre estrategias de mercado,skill/competence,cross-sector,0.8765,http://data.europa.eu/esco/skill/34d6ed30-5d35-44b9-9498-fd15badb5f28
USFQ,Universidad San Francisco de Quito USFQ,SISTEMAS DE INFORMACIÓN,5,Proponer soluciones tecnológicas a problemas empresariales,skill/competence,cross-sector,0.8738,http://data.europa.eu/esco/skill/07e51c60-763a-4335-b4ec-70a15f66d328
USFQ,Universidad San Francisco de Quito USFQ,SISTEMAS DE INFORMACIÓN,6,crear soluciones para problemas informativos,skill/competence,cross-sector,0.8716,http://data.europa.eu/esco/skill/4539aeca-b56f-4d03-ba86-8f675a7f2536
USFQ,Universidad San Francisco de Quito USFQ,SISTEMAS DE INFORMACIÓN,7,gestionar empresas de producción,skill/competence,cross-sector,0.8705,http://data.europa.eu/esco/skill/435d1751-8667-41ec-8b32-865b7cd3c684
USFQ,Universidad San Francisco de Quito USFQ,SISTEMAS DE INFORMACIÓN,8,analizar modelos de negocio,skill/competence,cross-sector,0.87,http://data.europa.eu/esco/skill/3c1cbc5e-2220-4f45-bcc8-3d52c8c9cae0
USFQ,Universidad San Francisco de Quito USFQ,SISTEMAS DE INFORMACIÓN,9,gestionar sistemas de instrumentación,skill/competence,cross-sector,0.8697,http://data.europa.eu/esco/skill/5d71a91f-cc72-4b66-b6e3-d75ecc05e235
USFQ,Universidad San Francisco de Quito USFQ,SISTEMAS DE INFORMACIÓN,10,tomar decisiones empresariales estratégicas,skill/competence,cross-sector,0.8695,http://data.europa.eu/esco/skill/f60c9e52-95fc-4ca1-a73c-18a491153b63
USFQ,Universidad San Francisco de Quito USFQ,TELECOMUNICACIONES,1,diseñar sistemas de control,skill/competence,cross-sector,0.9016,http://data.europa.eu/esco/skill/d560df46-dda4-4407-bab2-b87353a96814
USFQ,Universidad San Francisco de Quito USFQ,TELECOMUNICACIONES,2,resolver problemas técnicos,skill/competence,cross-sector,0.892,http://data.europa.eu/esco/skill/14832d87-2f2f-4895-b290-e4760ebae42a
USFQ,Universidad San Francisco de Quito USFQ,TELECOMUNICACIONES,3,desarrollar procedimientos de prueba electrónica,skill/competence,cross-sector,0.8876,http://data.europa.eu/esco/skill/0de6bca4-f3aa-452a-8e10-d355b2c1bfc4
USFQ,Universidad San Francisco de Quito USFQ,TELECOMUNICACIONES,4,crear soluciones para problemas informativos,skill/competence,cross-sector,0.8851,http://data.europa.eu/esco/skill/4539aeca-b56f-4d03-ba86-8f675a7f2536
USFQ,Universidad San Francisco de Quito USFQ,TELECOMUNICACIONES,5,montar máquinas,skill/competence,cross-sector,0.8844,http://data.europa.eu/esco/skill/87a0c0e6-c114-4ea1-b2d0-933bce1f3c5f
USFQ,Universidad San Francisco de Quito USFQ,TELECOMUNICACIONES,6,evaluar las necesidades energéticas,skill/competence,cross-sector,0.8781,http://data.europa.eu/esco/skill/36fccad9-1d20-4104-bcc2-a8ea9d1ce5ea
USFQ,Universidad San Francisco de Quito USFQ,TELECOMUNICACIONES,7,supervisar el funcionamiento de los equipos,skill/competence,cross-sector,0.878,http://data.europa.eu/esco/skill/ca17f0df-59e4-4ed2-9360-fc5325bc7151
USFQ,Universidad San Francisco de Quito USFQ,TELECOMUNICACIONES,8,mantener equipos electrónicos,skill/competence,cross-sector,0.8779,http://data.europa.eu/esco/skill/ba45db8f-34e8-4f29-af0b-e6645e1d693f
USFQ,Universidad San Francisco de Quito USFQ,TELECOMUNICACIONES,9,gestionar sistemas de instrumentación,skill/competence,cross-sector,0.8776,http://data.europa.eu/esco/skill/5d71a91f-cc72-4b66-b6e3-d75ecc05e235
USFQ,Universidad San Francisco de Quito USFQ,TELECOMUNICACIONES,10,planificar procesos de fabricación,skill/competence,cross-sector,0.8776,http://data.europa.eu/esco/skill/7d0f33ea-e724-4d77-8b75-ee4fe66bb9ba
UDLA,Universidad de Las Américas,ADMINISTRACIÓN DE EMPRESAS,1,gestionar empresas de producción,skill/competence,cross-sector,0.8972,http://data.europa.eu/esco/skill/435d1751-8667-41ec-8b32-865b7cd3c684
UDLA,Universidad de Las Américas,ADMINISTRACIÓN DE EMPRESAS,2,gestionar recursos humanos,skill/competence,cross-sector,0.8875,http://data.europa.eu/esco/skill/339ac029-066a-4985-9f9d-b3d7c8fea0bb
UDLA,Universidad de Las Américas,ADMINISTRACIÓN DE EMPRESAS,3,participar en las operaciones cotidianas de la empresa,skill/competence,cross-sector,0.8829,http://data.europa.eu/esco/skill/ce4cbc3a-bde0-43b4-9526-e643c4fe5b04
UDLA,Universidad de Las Américas,ADMINISTRACIÓN DE EMPRESAS,4,enseñar principios de gestión empresarial,skill/competence,cross-sector,0.8807,http://data.europa.eu/esco/skill/29d3663f-348a-4b67-a8db-b94fd3912385
UDLA,Universidad de Las Américas,ADMINISTRACIÓN DE EMPRESAS,5,gestionar programas de formación en la empresa,skill/competence,cross-sector,0.8806,http://data.europa.eu/esco/skill/6e66fa0f-4d3b-415e-9693-dc556eb5112a
UDLA,Universidad de Las Américas,ADMINISTRACIÓN DE EMPRESAS,6,realizar diversas tareas organizativas en la empresa,skill/competence,cross-sector,0.8795,http://data.europa.eu/esco/skill/01755f08-4df4-4cf0-8d22-08f94cad68b5
UDLA,Universidad de Las Américas,ADMINISTRACIÓN DE EMPRESAS,7,tomar decisiones empresariales estratégicas,skill/competence,cross-sector,0.8786,http://data.europa.eu/esco/skill/f60c9e52-95fc-4ca1-a73c-18a491153b63
UDLA,Universidad de Las Américas,ADMINISTRACIÓN DE EMPRESAS,8,respetar las normas internas de una empresa,skill/competence,cross-sector,0.8782,http://data.europa.eu/esco/skill/f5f5b244-6cea-4fbc-8a50-8f712791bc09
UDLA,Universidad de Las Américas,ADMINISTRACIÓN DE EMPRESAS,9,asesorar sobre gestión de conflictos,skill/competence,cross-sector,0.8771,http://data.europa.eu/esco/skill/9091c8e5-9357-4c29-bceb-ddb1792c22e8
UDLA,Universidad de Las Américas,ADMINISTRACIÓN DE EMPRESAS,10,ejercer el control del gasto,skill/competence,cross-sector,0.8765,http://data.europa.eu/esco/skill/b08ec8ff-1a3e-4cc3-8016-9520b21666a6
UDLA,Universidad de Las Américas,CIENCIA DE DATOS E INTELIGENCIA ARTIFICIAL,1,crear soluciones para problemas informativos,skill/competence,cross-sector,0.8751,http://data.europa.eu/esco/skill/4539aeca-b56f-4d03-ba86-8f675a7f2536
UDLA,Universidad de Las Américas,CIENCIA DE DATOS E INTELIGENCIA ARTIFICIAL,2,interpretar datos actuales,skill/competence,cross-sector,0.8746,http://data.europa.eu/esco/skill/1e77e42a-181f-4b48-8e74-201ce50ffc29
UDLA,Universidad de Las Américas,CIENCIA DE DATOS E INTELIGENCIA ARTIFICIAL,3,ciencia de datos,knowledge,cross-sector,0.8724,http://data.europa.eu/esco/skill/edebd83d-35f6-4ed5-a940-6c203d178c01
UDLA,Universidad de Las Américas,CIENCIA DE DATOS E INTELIGENCIA ARTIFICIAL,4,ejecutar cálculos matemáticos analíticos,skill/competence,cross-sector,0.8715,http://data.europa.eu/esco/skill/31c69100-b612-4a61-8db5-fd314318854c
UDLA,Universidad de Las Américas,CIENCIA DE DATOS E INTELIGENCIA ARTIFICIAL,5,analizar datos,skill/competence,cross-sector,0.8709,http://data.europa.eu/esco/skill/a571ae14-3e16-4fd3-a615-5646e0b0b696
UDLA,Universidad de Las Américas,CIENCIA DE DATOS E INTELIGENCIA ARTIFICIAL,6,realizar estudios de mercado,skill/competence,cross-sector,0.8705,http://data.europa.eu/esco/skill/fe39d4db-4cb5-4299-bb9f-896c8fd6ab13
UDLA,Universidad de Las Américas,CIENCIA DE DATOS E INTELIGENCIA ARTIFICIAL,7,realizar gestión de clientes,skill/competence,cross-sector,0.8704,http://data.europa.eu/esco/skill/91306a20-9b81-4f3d-97eb-f5368b607da7
UDLA,Universidad de Las Américas,CIENCIA DE DATOS E INTELIGENCIA ARTIFICIAL,8,"navegar, buscar y filtrar datos, información y contenido digitales",skill/competence,cross-sector,0.8698,http://data.europa.eu/esco/skill/e439742d-558d-4f52-885e-afdc740b48cf
UDLA,Universidad de Las Américas,CIENCIA DE DATOS E INTELIGENCIA ARTIFICIAL,9,"gestionar datos, información y contenido digitales",skill/competence,cross-sector,0.8695,http://data.europa.eu/esco/skill/4d97e3c3-f335-47cc-a4ee-0d779fd42222
UDLA,Universidad de Las Américas,CIENCIA DE DATOS E INTELIGENCIA ARTIFICIAL,10,tomar decisiones basadas en datos,skill/competence,cross-sector,0.8682,http://data.europa.eu/esco/skill/be20d05c-f6b4-4580-9fcf-f00f4baab562
UDLA,Universidad de Las Américas,COMPUTACIÓN,1,crear soluciones para problemas informativos,skill/competence,cross-sector,0.8828,http://data.europa.eu/esco/skill/4539aeca-b56f-4d03-ba86-8f675a7f2536
UDLA,Universidad de Las Américas,COMPUTACIÓN,2,Proponer soluciones tecnológicas a problemas empresariales,skill/competence,cross-sector,0.8819,http://data.europa.eu/esco/skill/07e51c60-763a-4335-b4ec-70a15f66d328
UDLA,Universidad de Las Américas,COMPUTACIÓN,3,asesorar a la clientela acerca de las posibilidades técnicas,skill/competence,cross-sector,0.8759,http://data.europa.eu/esco/skill/7b3abd38-61ae-42a4-88bb-0884784f9ee1
UDLA,Universidad de Las Américas,COMPUTACIÓN,4,resolver problemas de sistemas TIC,skill/competence,cross-sector,0.8755,http://data.europa.eu/esco/skill/9e06bac6-6b91-48ca-8b7d-c1f48cdecd7c
UDLA,Universidad de Las Américas,COMPUTACIÓN,5,detectar y corregir errores de las tecnologías de la información y de las comunicaciones,skill/competence,cross-sector,0.8733,http://data.europa.eu/esco/skill/744442ac-c157-4350-8be0-ce454df4f5c5
UDLA,Universidad de Las Américas,COMPUTACIÓN,6,montar máquinas,skill/competence,cross-sector,0.8728,http://data.europa.eu/esco/skill/87a0c0e6-c114-4ea1-b2d0-933bce1f3c5f
UDLA,Universidad de Las Américas,COMPUTACIÓN,7,configurar textos en formato digital,skill/competence,cross-sector,0.8727,http://data.europa.eu/esco/skill/9b30c8fd-6467-4d16-99e0-32899a9ceec0
UDLA,Universidad de Las Américas,COMPUTACIÓN,8,detectar necesidades tecnológicas,skill/competence,cross-sector,0.8712,http://data.europa.eu/esco/skill/42fcf80d-7b45-40f3-bd2f-5411c4c0dfa0
UDLA,Universidad de Las Américas,COMPUTACIÓN,9,gestionar proyectos de investigación y desarrollo,skill/competence,cross-sector,0.8658,http://data.europa.eu/esco/skill/d5dbc342-8e39-4998-8237-ebbe05a381ce
UDLA,Universidad de Las Américas,COMPUTACIÓN,10,resolver problemas técnicos,skill/competence,cross-sector,0.8654,http://data.europa.eu/esco/skill/14832d87-2f2f-4895-b290-e4760ebae42a
UDLA,Universidad de Las Américas,ECONOMÍA,1,elaborar software estadístico,skill/competence,cross-sector,0.8953,http://data.europa.eu/esco/skill/bb165899-d95f-4433-95f2-173fefd716d2
UDLA,Universidad de Las Américas,ECONOMÍA,2,analizar las tendencias económicas,skill/competence,cross-sector,0.8912,http://data.europa.eu/esco/skill/5f302d63-048e-451c-b150-97c124a5a26b
UDLA,Universidad de Las Américas,ECONOMÍA,3,preparar archivos estadísticos y financieros,skill/competence,cross-sector,0.8864,http://data.europa.eu/esco/skill/08ee68b2-0a6d-4bdf-a870-a36c0dc8064e
UDLA,Universidad de Las Américas,ECONOMÍA,4,asesorar sobre el desarrollo económico,skill/competence,cross-sector,0.886,http://data.europa.eu/esco/skill/384ed14c-bf1f-4a65-aef6-6e711f43c4ce
UDLA,Universidad de Las Américas,ECONOMÍA,5,analizar datos de carácter ecológico,skill/competence,cross-sector,0.8819,http://data.europa.eu/esco/skill/5354a726-ee64-4f34-90f8-8436f9f374b8
UDLA,Universidad de Las Américas,ECONOMÍA,6,analizar modelos de negocio,skill/competence,cross-sector,0.8809,http://data.europa.eu/esco/skill/3c1cbc5e-2220-4f45-bcc8-3d52c8c9cae0
UDLA,Universidad de Las Américas,ECONOMÍA,7,observar nuevas evoluciones en países extranjeros,skill/competence,cross-sector,0.8784,http://data.europa.eu/esco/skill/2f4d68be-6e9f-46fa-9398-0573e900b5e3
UDLA,Universidad de Las Américas,ECONOMÍA,8,"llevar a cabo análisis de factores políticos, económicos, sociales, tecnológicos, ambientales y jurídicos",skill/competence,cross-sector,0.8784,http://data.europa.eu/esco/skill/9979e727-3104-42e0-8f41-4af2578111ea
UDLA,Universidad de Las Américas,ECONOMÍA,9,realizar estudios de mercado,skill/competence,cross-sector,0.8783,http://data.europa.eu/esco/skill/fe39d4db-4cb5-4299-bb9f-896c8fd6ab13
UDLA,Universidad de Las Américas,ECONOMÍA,10,elaborar políticas de economía,skill/competence,cross-sector,0.8781,http://data.europa.eu/esco/skill/8394fefb-f62a-48c0-a156-3117cefdb9b3
UDLA,Universidad de Las Américas,INGENIERÍA CIVIL,1,examinar las infraestructuras civiles,skill/competence,cross-sector,0.8775,http://data.europa.eu/esco/skill/d48b3cfe-80b6-406f-b582-d959b60417f8
UDLA,Universidad de Las Américas,INGENIERÍA CIVIL,2,garantizar el cumplimiento de los plazos de construcción,skill/competence,cross-sector,0.8771,http://data.europa.eu/esco/skill/6181f475-110c-497c-a46d-ed2e14e7bc90
UDLA,Universidad de Las Américas,INGENIERÍA CIVIL,3,evaluar el impacto ambiental de yacimientos y zonas industriales,skill/competence,cross-sector,0.8771,http://data.europa.eu/esco/skill/f12f094b-492f-4e88-b36b-50b8e58b7500
UDLA,Universidad de Las Américas,INGENIERÍA CIVIL,4,gestionar los programas públicos,skill/competence,cross-sector,0.8759,http://data.europa.eu/esco/skill/0761f325-13e7-49f4-a41a-ec64ba4e7b9d
UDLA,Universidad de Las Américas,INGENIERÍA CIVIL,5,vigilar el cumplimiento de los parámetros de los proyectos de construcción,skill/competence,cross-sector,0.8759,http://data.europa.eu/esco/skill/3dd3dfa7-51c0-40ef-af46-e2df300489f6
UDLA,Universidad de Las Américas,INGENIERÍA CIVIL,6,supervisar obras de construcción,skill/competence,cross-sector,0.8706,http://data.europa.eu/esco/skill/fc1a75bb-70e3-4005-881f-7709bf7b0ed4
UDLA,Universidad de Las Américas,INGENIERÍA CIVIL,7,proteger humedales en el desarrollo de proyectos,skill/competence,cross-sector,0.8699,http://data.europa.eu/esco/skill/e2028206-3060-4e81-8350-77baefabefde
UDLA,Universidad de Las Américas,INGENIERÍA CIVIL,8,coordinar con expertos ferroviarios,skill/competence,cross-sector,0.868,http://data.europa.eu/esco/skill/6172948e-5d52-4f94-a617-278a9013a8ae
UDLA,Universidad de Las Américas,INGENIERÍA CIVIL,9,supervisar el trabajo de planificación del diseño,skill/competence,cross-sector,0.868,http://data.europa.eu/esco/skill/03227978-f839-4cc8-88a6-0a3c44d2c776
UDLA,Universidad de Las Américas,INGENIERÍA CIVIL,10,asesorar sobre temas de construcción,skill/competence,cross-sector,0.8679,http://data.europa.eu/esco/skill/3b64ab47-a874-403a-b781-7b23c2fc3c6c
UDLA,Universidad de Las Américas,INGENIERÍA INDUSTRIAL,1,mejorar procesos empresariales,skill/competence,cross-sector,0.9006,http://data.europa.eu/esco/skill/75b30aeb-34c0-40f4-b77d-271d75a98b14
UDLA,Universidad de Las Américas,INGENIERÍA INDUSTRIAL,2,analizar procesos de producción para introducir mejoras,skill/competence,cross-sector,0.8975,http://data.europa.eu/esco/skill/f1b5800e-b763-4740-9586-3fef30568e81
UDLA,Universidad de Las Américas,INGENIERÍA INDUSTRIAL,3,mejorar procesos químicos,skill/competence,cross-sector,0.8946,http://data.europa.eu/esco/skill/451c8010-7dbb-4f96-b4d4-0955766d9eff
UDLA,Universidad de Las Américas,INGENIERÍA INDUSTRIAL,4,gestionar empresas de producción,skill/competence,cross-sector,0.8919,http://data.europa.eu/esco/skill/435d1751-8667-41ec-8b32-865b7cd3c684
UDLA,Universidad de Las Américas,INGENIERÍA INDUSTRIAL,5,analizar modelos de negocio,skill/competence,cross-sector,0.8885,http://data.europa.eu/esco/skill/3c1cbc5e-2220-4f45-bcc8-3d52c8c9cae0
UDLA,Universidad de Las Américas,INGENIERÍA INDUSTRIAL,6,realizar diversas tareas organizativas en la empresa,skill/competence,cross-sector,0.8884,http://data.europa.eu/esco/skill/01755f08-4df4-4cf0-8d22-08f94cad68b5
UDLA,Universidad de Las Américas,INGENIERÍA INDUSTRIAL,7,analizar estrategias de gestión de la cadena de suministro,skill/competence,cross-sector,0.8861,http://data.europa.eu/esco/skill/96d549bb-3e62-4c45-92a7-f114df089581
UDLA,Universidad de Las Américas,INGENIERÍA INDUSTRIAL,8,gestionar sistemas de instrumentación,skill/competence,cross-sector,0.8858,http://data.europa.eu/esco/skill/5d71a91f-cc72-4b66-b6e3-d75ecc05e235
UDLA,Universidad de Las Américas,INGENIERÍA INDUSTRIAL,9,planificar procesos de fabricación,skill/competence,cross-sector,0.8829,http://data.europa.eu/esco/skill/7d0f33ea-e724-4d77-8b75-ee4fe66bb9ba
UDLA,Universidad de Las Américas,INGENIERÍA INDUSTRIAL,10,comunicar cuestiones técnicas a los clientes,skill/competence,cross-sector,0.881,http://data.europa.eu/esco/skill/652da95d-b336-497a-bce5-1c29a674eecb
UDLA,Universidad de Las Américas,MECÁNICA,1,diseñar sistemas de control,skill/competence,cross-sector,0.8794,http://data.europa.eu/esco/skill/d560df46-dda4-4407-bab2-b87353a96814
UDLA,Universidad de Las Américas,MECÁNICA,2,diseñar sistemas electromecánicos,skill/competence,cross-sector,0.8749,http://data.europa.eu/esco/skill/c5422318-3218-4ce9-9bdd-f38b93ff63a3
UDLA,Universidad de Las Américas,MECÁNICA,3,asesorar a la clientela acerca de las posibilidades técnicas,skill/competence,cross-sector,0.8735,http://data.europa.eu/esco/skill/7b3abd38-61ae-42a4-88bb-0884784f9ee1
UDLA,Universidad de Las Américas,MECÁNICA,4,montar máquinas,skill/competence,cross-sector,0.8713,http://data.europa.eu/esco/skill/87a0c0e6-c114-4ea1-b2d0-933bce1f3c5f
UDLA,Universidad de Las Américas,MECÁNICA,5,planificar procesos de fabricación,skill/competence,cross-sector,0.8705,http://data.europa.eu/esco/skill/7d0f33ea-e724-4d77-8b75-ee4fe66bb9ba
UDLA,Universidad de Las Américas,MECÁNICA,6,supervisar el funcionamiento de los equipos,skill/competence,cross-sector,0.8703,http://data.europa.eu/esco/skill/ca17f0df-59e4-4ed2-9360-fc5325bc7151
UDLA,Universidad de Las Américas,MECÁNICA,7,actuar de enlace con profesionales del sector,skill/competence,cross-sector,0.8702,http://data.europa.eu/esco/skill/d1317634-ccea-44d0-9cdc-c863f9bf856b
UDLA,Universidad de Las Américas,MECÁNICA,8,evaluar el impacto ambiental de yacimientos y zonas industriales,skill/competence,cross-sector,0.8691,http://data.europa.eu/esco/skill/f12f094b-492f-4e88-b36b-50b8e58b7500
UDLA,Universidad de Las Américas,MECÁNICA,9,realizar diseños técnicos de artículos de moda,skill/competence,cross-sector,0.869,http://data.europa.eu/esco/skill/881cd4ec-5b52-46c6-abc4-60551d58b355
UDLA,Universidad de Las Américas,MECÁNICA,10,diseñar sistemas electrónicos,skill/competence,cross-sector,0.8678,http://data.europa.eu/esco/skill/feb717ff-fba6-4a91-aa10-ee11cf2da6b4
UDLA,Universidad de Las Américas,MECATRÓNICA,1,mecatrónica,knowledge,cross-sector,0.8978,http://data.europa.eu/esco/skill/d88cb3f1-8e02-4618-bf32-4b0488066934
UDLA,Universidad de Las Américas,MECATRÓNICA,2,diseñar sistemas electromecánicos,skill/competence,cross-sector,0.8789,http://data.europa.eu/esco/skill/c5422318-3218-4ce9-9bdd-f38b93ff63a3
UDLA,Universidad de Las Américas,MECATRÓNICA,3,diseñar sistemas de control,skill/competence,cross-sector,0.8785,http://data.europa.eu/esco/skill/d560df46-dda4-4407-bab2-b87353a96814
UDLA,Universidad de Las Américas,MECATRÓNICA,4,diseñar componentes de automatización,skill/competence,cross-sector,0.8744,http://data.europa.eu/esco/skill/f96f5aa5-6ed7-40dc-a431-68b0a09d6d4b
UDLA,Universidad de Las Américas,MECATRÓNICA,5,planificar procesos de fabricación,skill/competence,cross-sector,0.8742,http://data.europa.eu/esco/skill/7d0f33ea-e724-4d77-8b75-ee4fe66bb9ba
UDLA,Universidad de Las Américas,MECATRÓNICA,6,diseñar sistemas microelectromecánicos,skill/competence,cross-sector,0.8733,http://data.europa.eu/esco/skill/c022ff1b-7783-4e64-89ef-0422c81ff51f
UDLA,Universidad de Las Américas,MECATRÓNICA,7,integrar productos nuevos en la cadena de fabricación,skill/competence,cross-sector,0.8707,http://data.europa.eu/esco/skill/8a753714-9a19-4418-9b37-77e79d72c705
UDLA,Universidad de Las Américas,MECATRÓNICA,8,montar máquinas,skill/competence,cross-sector,0.8689,http://data.europa.eu/esco/skill/87a0c0e6-c114-4ea1-b2d0-933bce1f3c5f
UDLA,Universidad de Las Américas,MECATRÓNICA,9,diseñar planos técnicos,skill/competence,cross-sector,0.8661,http://data.europa.eu/esco/skill/5c98825f-146d-4d35-97cf-207b2afd9ae2
UDLA,Universidad de Las Américas,MECATRÓNICA,10,realizar diseños técnicos de artículos de moda,skill/competence,cross-sector,0.8645,http://data.europa.eu/esco/skill/881cd4ec-5b52-46c6-abc4-60551d58b355
UDLA,Universidad de Las Américas,SOFTWARE,1,supervisar sistemas de gestión ambiental,skill/competence,cross-sector,0.8684,http://data.europa.eu/esco/skill/b13e0689-636d-42d0-86c3-df9d6f85a882
UDLA,Universidad de Las Américas,SOFTWARE,2,asesorar a la clientela acerca de las posibilidades técnicas,skill/competence,cross-sector,0.8629,http://data.europa.eu/esco/skill/7b3abd38-61ae-42a4-88bb-0884784f9ee1
UDLA,Universidad de Las Américas,SOFTWARE,3,montar máquinas,skill/competence,cross-sector,0.8626,http://data.europa.eu/esco/skill/87a0c0e6-c114-4ea1-b2d0-933bce1f3c5f
UDLA,Universidad de Las Américas,SOFTWARE,4,asesorar sobre sistemas de gestión de riesgos ambientales,skill/competence,cross-sector,0.8597,http://data.europa.eu/esco/skill/a366bfc5-8d17-4792-a9f0-db0951528dda
UDLA,Universidad de Las Américas,SOFTWARE,5,trabajar de forma organizada,skill/competence,cross-sector,0.8596,http://data.europa.eu/esco/skill/1258cc12-37bb-4a12-b219-9c3d6b294533
UDLA,Universidad de Las Américas,SOFTWARE,6,trabajar de forma organizada,skill/competence,cross-sector,0.8596,http://data.europa.eu/esco/skill/1258cc12-37bb-4a12-b219-9c3d6b294533
UDLA,Universidad de Las Américas,SOFTWARE,7,resolver problemas de sistemas TIC,skill/competence,cross-sector,0.8587,http://data.europa.eu/esco/skill/9e06bac6-6b91-48ca-8b7d-c1f48cdecd7c
UDLA,Universidad de Las Américas,SOFTWARE,8,realizar un análisis de riesgo,skill/competence,cross-sector,0.8578,http://data.europa.eu/esco/skill/1dd23dba-dd00-45ab-abf4-642902538317
UDLA,Universidad de Las Américas,SOFTWARE,9,realizar gestión de clientes,skill/competence,cross-sector,0.8576,http://data.europa.eu/esco/skill/91306a20-9b81-4f3d-97eb-f5368b607da7
UDLA,Universidad de Las Américas,SOFTWARE,10,elaborar software estadístico,skill/competence,cross-sector,0.8571,http://data.europa.eu/esco/skill/bb165899-d95f-4433-95f2-173fefd716d2
UTPL,Universidad Técnica Particular de Loja,ADMINISTRACIÓN DE EMPRESAS,1,gestionar empresas de producción,skill/competence,cross-sector,0.9112,http://data.europa.eu/esco/skill/435d1751-8667-41ec-8b32-865b7cd3c684
UTPL,Universidad Técnica Particular de Loja,ADMINISTRACIÓN DE EMPRESAS,2,gestionar recursos humanos,skill/competence,cross-sector,0.9015,http://data.europa.eu/esco/skill/339ac029-066a-4985-9f9d-b3d7c8fea0bb
UTPL,Universidad Técnica Particular de Loja,ADMINISTRACIÓN DE EMPRESAS,3,realizar diversas tareas organizativas en la empresa,skill/competence,cross-sector,0.8989,http://data.europa.eu/esco/skill/01755f08-4df4-4cf0-8d22-08f94cad68b5
UTPL,Universidad Técnica Particular de Loja,ADMINISTRACIÓN DE EMPRESAS,4,asesorar sobre gestión de conflictos,skill/competence,cross-sector,0.8899,http://data.europa.eu/esco/skill/9091c8e5-9357-4c29-bceb-ddb1792c22e8
UTPL,Universidad Técnica Particular de Loja,ADMINISTRACIÓN DE EMPRESAS,5,elaborar estrategias para resolver problemas,skill/competence,cross-sector,0.8896,http://data.europa.eu/esco/skill/7a8fb784-67fa-41e9-a75c-6b491d91f800
UTPL,Universidad Técnica Particular de Loja,ADMINISTRACIÓN DE EMPRESAS,6,gestionar recursos empresariales,skill/competence,cross-sector,0.8868,http://data.europa.eu/esco/skill/911e13ee-1eec-4243-88c8-3c08a3681a19
UTPL,Universidad Técnica Particular de Loja,ADMINISTRACIÓN DE EMPRESAS,7,elaborar las estrategias empresariales,skill/competence,cross-sector,0.8865,http://data.europa.eu/esco/skill/ba2c6181-b036-40b4-8f6d-51499463ccbb
UTPL,Universidad Técnica Particular de Loja,ADMINISTRACIÓN DE EMPRESAS,8,mejorar procesos empresariales,skill/competence,cross-sector,0.8863,http://data.europa.eu/esco/skill/75b30aeb-34c0-40f4-b77d-271d75a98b14
UTPL,Universidad Técnica Particular de Loja,ADMINISTRACIÓN DE EMPRESAS,9,ejercer el control del gasto,skill/competence,cross-sector,0.8859,http://data.europa.eu/esco/skill/b08ec8ff-1a3e-4cc3-8016-9520b21666a6
UTPL,Universidad Técnica Particular de Loja,ADMINISTRACIÓN DE EMPRESAS,10,gestionar proyectos de investigación y desarrollo,skill/competence,cross-sector,0.8857,http://data.europa.eu/esco/skill/d5dbc342-8e39-4998-8237-ebbe05a381ce
UTPL,Universidad Técnica Particular de Loja,ECONOMÍA,1,elaborar software estadístico,skill/competence,cross-sector,0.8926,http://data.europa.eu/esco/skill/bb165899-d95f-4433-95f2-173fefd716d2
UTPL,Universidad Técnica Particular de Loja,ECONOMÍA,2,analizar las tendencias económicas,skill/competence,cross-sector,0.8924,http://data.europa.eu/esco/skill/5f302d63-048e-451c-b150-97c124a5a26b
UTPL,Universidad Técnica Particular de Loja,ECONOMÍA,3,analizar modelos de negocio,skill/competence,cross-sector,0.8893,http://data.europa.eu/esco/skill/3c1cbc5e-2220-4f45-bcc8-3d52c8c9cae0
UTPL,Universidad Técnica Particular de Loja,ECONOMÍA,4,asesorar sobre el desarrollo económico,skill/competence,cross-sector,0.8878,http://data.europa.eu/esco/skill/384ed14c-bf1f-4a65-aef6-6e711f43c4ce
UTPL,Universidad Técnica Particular de Loja,ECONOMÍA,5,elaborar políticas de economía,skill/competence,cross-sector,0.8866,http://data.europa.eu/esco/skill/8394fefb-f62a-48c0-a156-3117cefdb9b3
UTPL,Universidad Técnica Particular de Loja,ECONOMÍA,6,observar nuevas evoluciones en países extranjeros,skill/competence,cross-sector,0.8846,http://data.europa.eu/esco/skill/2f4d68be-6e9f-46fa-9398-0573e900b5e3
UTPL,Universidad Técnica Particular de Loja,ECONOMÍA,7,asesorar sobre política tributaria,skill/competence,cross-sector,0.8833,http://data.europa.eu/esco/skill/b5feaf25-3975-4e74-85fd-4470e344ba2e
UTPL,Universidad Técnica Particular de Loja,ECONOMÍA,8,evaluar el impacto ambiental de yacimientos y zonas industriales,skill/competence,cross-sector,0.8819,http://data.europa.eu/esco/skill/f12f094b-492f-4e88-b36b-50b8e58b7500
UTPL,Universidad Técnica Particular de Loja,ECONOMÍA,9,realizar estudios de mercado,skill/competence,cross-sector,0.8801,http://data.europa.eu/esco/skill/fe39d4db-4cb5-4299-bb9f-896c8fd6ab13
UTPL,Universidad Técnica Particular de Loja,ECONOMÍA,10,predecir tendencias económicas,skill/competence,cross-sector,0.8795,http://data.europa.eu/esco/skill/f2a34d6b-131a-4b8f-a110-898b9c91d18f
UTPL,Universidad Técnica Particular de Loja,INGENIERÍA CIVIL,1,garantizar el cumplimiento de los plazos de construcción,skill/competence,cross-sector,0.8836,http://data.europa.eu/esco/skill/6181f475-110c-497c-a46d-ed2e14e7bc90
UTPL,Universidad Técnica Particular de Loja,INGENIERÍA CIVIL,2,vigilar el cumplimiento de los parámetros de los proyectos de construcción,skill/competence,cross-sector,0.8823,http://data.europa.eu/esco/skill/3dd3dfa7-51c0-40ef-af46-e2df300489f6
UTPL,Universidad Técnica Particular de Loja,INGENIERÍA CIVIL,3,supervisar el trabajo de planificación del diseño,skill/competence,cross-sector,0.8769,http://data.europa.eu/esco/skill/03227978-f839-4cc8-88a6-0a3c44d2c776
UTPL,Universidad Técnica Particular de Loja,INGENIERÍA CIVIL,4,gestionar los programas públicos,skill/competence,cross-sector,0.8766,http://data.europa.eu/esco/skill/0761f325-13e7-49f4-a41a-ec64ba4e7b9d
UTPL,Universidad Técnica Particular de Loja,INGENIERÍA CIVIL,5,examinar las infraestructuras civiles,skill/competence,cross-sector,0.8762,http://data.europa.eu/esco/skill/d48b3cfe-80b6-406f-b582-d959b60417f8
UTPL,Universidad Técnica Particular de Loja,INGENIERÍA CIVIL,6,supervisar obras de construcción,skill/competence,cross-sector,0.8758,http://data.europa.eu/esco/skill/fc1a75bb-70e3-4005-881f-7709bf7b0ed4
UTPL,Universidad Técnica Particular de Loja,INGENIERÍA CIVIL,7,revisar proyectos de construcción,skill/competence,cross-sector,0.8745,http://data.europa.eu/esco/skill/ea9fc9d9-c602-4430-a7fc-edac7429a6a8
UTPL,Universidad Técnica Particular de Loja,INGENIERÍA CIVIL,8,evaluar el impacto ambiental de yacimientos y zonas industriales,skill/competence,cross-sector,0.8743,http://data.europa.eu/esco/skill/f12f094b-492f-4e88-b36b-50b8e58b7500
UTPL,Universidad Técnica Particular de Loja,INGENIERÍA CIVIL,9,coordinar con expertos ferroviarios,skill/competence,cross-sector,0.8722,http://data.europa.eu/esco/skill/6172948e-5d52-4f94-a617-278a9013a8ae
UTPL,Universidad Técnica Particular de Loja,INGENIERÍA CIVIL,10,supervisar un proyecto de construcción,skill/competence,cross-sector,0.8714,http://data.europa.eu/esco/skill/1de548e0-9535-4d2e-9d20-d4474c1ea813
UTPL,Universidad Técnica Particular de Loja,INGENIERÍA INDUSTRIAL,1,analizar estrategias de gestión de la cadena de suministro,skill/competence,cross-sector,0.9112,http://data.europa.eu/esco/skill/96d549bb-3e62-4c45-92a7-f114df089581
UTPL,Universidad Técnica Particular de Loja,INGENIERÍA INDUSTRIAL,2,integrar productos nuevos en la cadena de fabricación,skill/competence,cross-sector,0.8982,http://data.europa.eu/esco/skill/8a753714-9a19-4418-9b37-77e79d72c705
UTPL,Universidad Técnica Particular de Loja,INGENIERÍA INDUSTRIAL,3,gestionar empresas de producción,skill/competence,cross-sector,0.8916,http://data.europa.eu/esco/skill/435d1751-8667-41ec-8b32-865b7cd3c684
UTPL,Universidad Técnica Particular de Loja,INGENIERÍA INDUSTRIAL,4,realizar diversas tareas organizativas en la empresa,skill/competence,cross-sector,0.8903,http://data.europa.eu/esco/skill/01755f08-4df4-4cf0-8d22-08f94cad68b5
UTPL,Universidad Técnica Particular de Loja,INGENIERÍA INDUSTRIAL,5,gestionar sistemas de instrumentación,skill/competence,cross-sector,0.8895,http://data.europa.eu/esco/skill/5d71a91f-cc72-4b66-b6e3-d75ecc05e235
UTPL,Universidad Técnica Particular de Loja,INGENIERÍA INDUSTRIAL,6,planificar procesos de fabricación,skill/competence,cross-sector,0.8893,http://data.europa.eu/esco/skill/7d0f33ea-e724-4d77-8b75-ee4fe66bb9ba
UTPL,Universidad Técnica Particular de Loja,INGENIERÍA INDUSTRIAL,7,realizar gestión de clientes,skill/competence,cross-sector,0.888,http://data.europa.eu/esco/skill/91306a20-9b81-4f3d-97eb-f5368b607da7
UTPL,Universidad Técnica Particular de Loja,INGENIERÍA INDUSTRIAL,8,redactar informes de producción,skill/competence,cross-sector,0.887,http://data.europa.eu/esco/skill/7f18c3a2-f1ce-4db2-a354-9417691b5a43
UTPL,Universidad Técnica Particular de Loja,INGENIERÍA INDUSTRIAL,9,gestionar la cadena de suministros sanitarios,skill/competence,cross-sector,0.8869,http://data.europa.eu/esco/skill/71d441c3-163a-41b6-b713-074d69362c27
UTPL,Universidad Técnica Particular de Loja,INGENIERÍA INDUSTRIAL,10,analizar procesos de producción para introducir mejoras,skill/competence,cross-sector,0.8866,http://data.europa.eu/esco/skill/f1b5800e-b763-4740-9586-3fef30568e81
UTPL,Universidad Técnica Particular de Loja,COMPUTACIÓN,1,diseñar sistemas de control,skill/competence,cross-sector,0.8866,http://data.europa.eu/esco/skill/d560df46-dda4-4407-bab2-b87353a96814
UTPL,Universidad Técnica Particular de Loja,COMPUTACIÓN,2,ejecutar cálculos matemáticos analíticos,skill/competence,cross-sector,0.8846,http://data.europa.eu/esco/skill/31c69100-b612-4a61-8db5-fd314318854c
UTPL,Universidad Técnica Particular de Loja,COMPUTACIÓN,3,montar máquinas,skill/competence,cross-sector,0.8837,http://data.europa.eu/esco/skill/87a0c0e6-c114-4ea1-b2d0-933bce1f3c5f
UTPL,Universidad Técnica Particular de Loja,COMPUTACIÓN,4,crear soluciones para problemas informativos,skill/competence,cross-sector,0.8818,http://data.europa.eu/esco/skill/4539aeca-b56f-4d03-ba86-8f675a7f2536
UTPL,Universidad Técnica Particular de Loja,COMPUTACIÓN,5,resolver problemas de sistemas TIC,skill/competence,cross-sector,0.8793,http://data.europa.eu/esco/skill/9e06bac6-6b91-48ca-8b7d-c1f48cdecd7c
UTPL,Universidad Técnica Particular de Loja,COMPUTACIÓN,6,diseñar sistemas electromecánicos,skill/competence,cross-sector,0.8788,http://data.europa.eu/esco/skill/c5422318-3218-4ce9-9bdd-f38b93ff63a3
UTPL,Universidad Técnica Particular de Loja,COMPUTACIÓN,7,gestionar sistemas de instrumentación,skill/competence,cross-sector,0.878,http://data.europa.eu/esco/skill/5d71a91f-cc72-4b66-b6e3-d75ecc05e235
UTPL,Universidad Técnica Particular de Loja,COMPUTACIÓN,8,resolver problemas técnicos,skill/competence,cross-sector,0.8773,http://data.europa.eu/esco/skill/14832d87-2f2f-4895-b290-e4760ebae42a
UTPL,Universidad Técnica Particular de Loja,COMPUTACIÓN,9,gestionar datos cuantitativos,skill/competence,cross-sector,0.8772,http://data.europa.eu/esco/skill/57231a22-4da7-49c8-97b8-75672feadf1e
UTPL,Universidad Técnica Particular de Loja,COMPUTACIÓN,10,analizar datos de carácter ecológico,skill/competence,cross-sector,0.8751,http://data.europa.eu/esco/skill/5354a726-ee64-4f34-90f8-8436f9f374b8
UTPL,Universidad Técnica Particular de Loja,TELECOMUNICACIONES,1,coordinar comunicaciones remotas,skill/competence,cross-sector,0.8851,http://data.europa.eu/esco/skill/9bafaea2-76cd-4532-ab77-8b3d21fa6235
UTPL,Universidad Técnica Particular de Loja,TELECOMUNICACIONES,2,gestionar las comunicaciones visuales,skill/competence,cross-sector,0.8849,http://data.europa.eu/esco/skill/50b96d21-f2eb-4f35-a8d3-77eee15ef51f
UTPL,Universidad Técnica Particular de Loja,TELECOMUNICACIONES,3,gestionar los programas públicos,skill/competence,cross-sector,0.8837,http://data.europa.eu/esco/skill/0761f325-13e7-49f4-a41a-ec64ba4e7b9d
UTPL,Universidad Técnica Particular de Loja,TELECOMUNICACIONES,4,diseñar sistemas de control,skill/competence,cross-sector,0.8832,http://data.europa.eu/esco/skill/d560df46-dda4-4407-bab2-b87353a96814
UTPL,Universidad Técnica Particular de Loja,TELECOMUNICACIONES,5,montar máquinas,skill/competence,cross-sector,0.882,http://data.europa.eu/esco/skill/87a0c0e6-c114-4ea1-b2d0-933bce1f3c5f
UTPL,Universidad Técnica Particular de Loja,TELECOMUNICACIONES,6,gestionar sistemas de instrumentación,skill/competence,cross-sector,0.8812,http://data.europa.eu/esco/skill/5d71a91f-cc72-4b66-b6e3-d75ecc05e235
UTPL,Universidad Técnica Particular de Loja,TELECOMUNICACIONES,7,supervisar el funcionamiento de los equipos,skill/competence,cross-sector,0.8796,http://data.europa.eu/esco/skill/ca17f0df-59e4-4ed2-9360-fc5325bc7151
UTPL,Universidad Técnica Particular de Loja,TELECOMUNICACIONES,8,gestionar proyectos de investigación y desarrollo,skill/competence,cross-sector,0.8794,http://data.europa.eu/esco/skill/d5dbc342-8e39-4998-8237-ebbe05a381ce
UTPL,Universidad Técnica Particular de Loja,TELECOMUNICACIONES,9,evaluar las necesidades energéticas,skill/competence,cross-sector,0.8788,http://data.europa.eu/esco/skill/36fccad9-1d20-4104-bcc2-a8ea9d1ce5ea
UTPL,Universidad Técnica Particular de Loja,TELECOMUNICACIONES,10,detectar y corregir errores de las tecnologías de la información y de las comunicaciones,skill/competence,cross-sector,0.8771,http://data.europa.eu/esco/skill/744442ac-c157-4350-8be0-ce454df4f5c5
UTPL,Universidad Técnica Particular de Loja,ELECTRICIDAD,1,evaluar las necesidades energéticas,skill/competence,cross-sector,0.897,http://data.europa.eu/esco/skill/36fccad9-1d20-4104-bcc2-a8ea9d1ce5ea
UTPL,Universidad Técnica Particular de Loja,ELECTRICIDAD,2,asesorar sobre cuestiones relativas a la energía renovable marina,skill/competence,cross-sector,0.8949,http://data.europa.eu/esco/skill/610ccf09-e9f2-4268-bb93-442dde5bf26e
UTPL,Universidad Técnica Particular de Loja,ELECTRICIDAD,3,realizar actividades de gestión energética en instalaciones,skill/competence,cross-sector,0.8918,http://data.europa.eu/esco/skill/885808f7-f42b-406e-95f2-28efcd45ddda
UTPL,Universidad Técnica Particular de Loja,ELECTRICIDAD,4,mantener el equipo eléctrico,skill/competence,cross-sector,0.8864,http://data.europa.eu/esco/skill/386774ac-fe5b-431a-b485-9aec0bf5c09e
UTPL,Universidad Técnica Particular de Loja,ELECTRICIDAD,5,montar generadores,skill/competence,cross-sector,0.8852,http://data.europa.eu/esco/skill/942edf03-a450-4261-b65c-9b447fdddc51
UTPL,Universidad Técnica Particular de Loja,ELECTRICIDAD,6,mantener sistemas de energía solar,skill/competence,cross-sector,0.8852,http://data.europa.eu/esco/skill/9cf2856d-0375-4ec3-a51f-7f9c82119859
UTPL,Universidad Técnica Particular de Loja,ELECTRICIDAD,7,mantener motores eléctricos,skill/competence,cross-sector,0.885,http://data.europa.eu/esco/skill/2876970d-90af-45bd-9cfd-c0af757947ea
UTPL,Universidad Técnica Particular de Loja,ELECTRICIDAD,8,analizar las tendencias del mercado de la energía,skill/competence,cross-sector,0.8836,http://data.europa.eu/esco/skill/28878fd9-9a17-452a-b3b8-5db5c63d7905
UTPL,Universidad Técnica Particular de Loja,ELECTRICIDAD,9,gestionar la recepción de suministros eléctricos,skill/competence,cross-sector,0.8831,http://data.europa.eu/esco/skill/c796e1fa-cbbd-4639-b8d9-cbcdc130c7a2
UTPL,Universidad Técnica Particular de Loja,ELECTRICIDAD,10,diseñar sistemas de control,skill/competence,cross-sector,0.8819,http://data.europa.eu/esco/skill/d560df46-dda4-4407-bab2-b87353a96814
UTPL,Universidad Técnica Particular de Loja,ELECTRÓNICA Y AUTOMATIZACIÓN,1,diseñar sistemas de control,skill/competence,cross-sector,0.9078,http://data.europa.eu/esco/skill/d560df46-dda4-4407-bab2-b87353a96814
UTPL,Universidad Técnica Particular de Loja,ELECTRÓNICA Y AUTOMATIZACIÓN,2,montar máquinas,skill/competence,cross-sector,0.8968,http://data.europa.eu/esco/skill/87a0c0e6-c114-4ea1-b2d0-933bce1f3c5f
UTPL,Universidad Técnica Particular de Loja,ELECTRÓNICA Y AUTOMATIZACIÓN,3,operar el equipo de empaquetado,skill/competence,cross-sector,0.8949,http://data.europa.eu/esco/skill/f8cd217b-b870-42aa-9bbe-d36b672cbb65
UTPL,Universidad Técnica Particular de Loja,ELECTRÓNICA Y AUTOMATIZACIÓN,4,verificar unidades electrónicas,skill/competence,cross-sector,0.8893,http://data.europa.eu/esco/skill/baf501a8-f0fe-4ad7-9b69-8e920fa1a87b
UTPL,Universidad Técnica Particular de Loja,ELECTRÓNICA Y AUTOMATIZACIÓN,5,mantener equipos electrónicos,skill/competence,cross-sector,0.8885,http://data.europa.eu/esco/skill/ba45db8f-34e8-4f29-af0b-e6645e1d693f
UTPL,Universidad Técnica Particular de Loja,ELECTRÓNICA Y AUTOMATIZACIÓN,6,desarrollar procedimientos de prueba electrónica,skill/competence,cross-sector,0.8867,http://data.europa.eu/esco/skill/0de6bca4-f3aa-452a-8e10-d355b2c1bfc4
UTPL,Universidad Técnica Particular de Loja,ELECTRÓNICA Y AUTOMATIZACIÓN,7,gestionar sistemas de instrumentación,skill/competence,cross-sector,0.8861,http://data.europa.eu/esco/skill/5d71a91f-cc72-4b66-b6e3-d75ecc05e235
UTPL,Universidad Técnica Particular de Loja,ELECTRÓNICA Y AUTOMATIZACIÓN,8,supervisar el funcionamiento de los equipos,skill/competence,cross-sector,0.8861,http://data.europa.eu/esco/skill/ca17f0df-59e4-4ed2-9360-fc5325bc7151
UTPL,Universidad Técnica Particular de Loja,ELECTRÓNICA Y AUTOMATIZACIÓN,9,planificar procesos de fabricación,skill/competence,cross-sector,0.883,http://data.europa.eu/esco/skill/7d0f33ea-e724-4d77-8b75-ee4fe66bb9ba
UTPL,Universidad Técnica Particular de Loja,ELECTRÓNICA Y AUTOMATIZACIÓN,10,diseñar sistemas eléctricos,skill/competence,cross-sector,0.8823,http://data.europa.eu/esco/skill/05010f6c-0b40-4525-ac4a-057d46a2b6f4
UTPL,Universidad Técnica Particular de Loja,SISTEMAS DE INFORMACIÓN,1,"gestionar datos, información y contenido digitales",skill/competence,cross-sector,0.8892,http://data.europa.eu/esco/skill/4d97e3c3-f335-47cc-a4ee-0d779fd42222
UTPL,Universidad Técnica Particular de Loja,SISTEMAS DE INFORMACIÓN,2,crear soluciones para problemas informativos,skill/competence,cross-sector,0.8845,http://data.europa.eu/esco/skill/4539aeca-b56f-4d03-ba86-8f675a7f2536
UTPL,Universidad Técnica Particular de Loja,SISTEMAS DE INFORMACIÓN,3,gestionar sistemas de instrumentación,skill/competence,cross-sector,0.8839,http://data.europa.eu/esco/skill/5d71a91f-cc72-4b66-b6e3-d75ecc05e235
UTPL,Universidad Técnica Particular de Loja,SISTEMAS DE INFORMACIÓN,4,configurar textos en formato digital,skill/competence,cross-sector,0.8794,http://data.europa.eu/esco/skill/9b30c8fd-6467-4d16-99e0-32899a9ceec0
UTPL,Universidad Técnica Particular de Loja,SISTEMAS DE INFORMACIÓN,5,diseñar sistemas electromecánicos,skill/competence,cross-sector,0.8764,http://data.europa.eu/esco/skill/c5422318-3218-4ce9-9bdd-f38b93ff63a3
UTPL,Universidad Técnica Particular de Loja,SISTEMAS DE INFORMACIÓN,6,gestionar proyectos de investigación y desarrollo,skill/competence,cross-sector,0.876,http://data.europa.eu/esco/skill/d5dbc342-8e39-4998-8237-ebbe05a381ce
UTPL,Universidad Técnica Particular de Loja,SISTEMAS DE INFORMACIÓN,7,gestionar datos de investigación,skill/competence,cross-sector,0.8757,http://data.europa.eu/esco/skill/08b04e53-ed25-41a2-9f90-0b9cd939ba3d
UTPL,Universidad Técnica Particular de Loja,SISTEMAS DE INFORMACIÓN,8,realizar gestión de clientes,skill/competence,cross-sector,0.8756,http://data.europa.eu/esco/skill/91306a20-9b81-4f3d-97eb-f5368b607da7
UTPL,Universidad Técnica Particular de Loja,SISTEMAS DE INFORMACIÓN,9,"navegar, buscar y filtrar datos, información y contenido digitales",skill/competence,cross-sector,0.8753,http://data.europa.eu/esco/skill/e439742d-558d-4f52-885e-afdc740b48cf
UTPL,Universidad Técnica Particular de Loja,SISTEMAS DE INFORMACIÓN,10,detectar necesidades tecnológicas,skill/competence,cross-sector,0.8751,http://data.europa.eu/esco/skill/42fcf80d-7b45-40f3-bd2f-5411c4c0dfa0
ESPE,Universidad de las Fuerzas Armadas-ESPE,ADMINISTRACIÓN DE EMPRESAS,1,gestionar empresas de producción,skill/competence,cross-sector,0.9113,http://data.europa.eu/esco/skill/435d1751-8667-41ec-8b32-865b7cd3c684
ESPE,Universidad de las Fuerzas Armadas-ESPE,ADMINISTRACIÓN DE EMPRESAS,2,gestionar recursos humanos,skill/competence,cross-sector,0.8976,http://data.europa.eu/esco/skill/339ac029-066a-4985-9f9d-b3d7c8fea0bb
ESPE,Universidad de las Fuerzas Armadas-ESPE,ADMINISTRACIÓN DE EMPRESAS,3,realizar diversas tareas organizativas en la empresa,skill/competence,cross-sector,0.8949,http://data.europa.eu/esco/skill/01755f08-4df4-4cf0-8d22-08f94cad68b5
ESPE,Universidad de las Fuerzas Armadas-ESPE,ADMINISTRACIÓN DE EMPRESAS,4,asesorar sobre gestión de conflictos,skill/competence,cross-sector,0.8926,http://data.europa.eu/esco/skill/9091c8e5-9357-4c29-bceb-ddb1792c22e8
ESPE,Universidad de las Fuerzas Armadas-ESPE,ADMINISTRACIÓN DE EMPRESAS,5,elaborar estrategias para resolver problemas,skill/competence,cross-sector,0.8903,http://data.europa.eu/esco/skill/7a8fb784-67fa-41e9-a75c-6b491d91f800
ESPE,Universidad de las Fuerzas Armadas-ESPE,ADMINISTRACIÓN DE EMPRESAS,6,elaborar las estrategias empresariales,skill/competence,cross-sector,0.8901,http://data.europa.eu/esco/skill/ba2c6181-b036-40b4-8f6d-51499463ccbb
ESPE,Universidad de las Fuerzas Armadas-ESPE,ADMINISTRACIÓN DE EMPRESAS,7,tomar decisiones empresariales estratégicas,skill/competence,cross-sector,0.89,http://data.europa.eu/esco/skill/f60c9e52-95fc-4ca1-a73c-18a491153b63
ESPE,Universidad de las Fuerzas Armadas-ESPE,ADMINISTRACIÓN DE EMPRESAS,8,mejorar procesos empresariales,skill/competence,cross-sector,0.8885,http://data.europa.eu/esco/skill/75b30aeb-34c0-40f4-b77d-271d75a98b14
ESPE,Universidad de las Fuerzas Armadas-ESPE,ADMINISTRACIÓN DE EMPRESAS,9,respetar las normas internas de una empresa,skill/competence,cross-sector,0.8878,http://data.europa.eu/esco/skill/f5f5b244-6cea-4fbc-8a50-8f712791bc09
ESPE,Universidad de las Fuerzas Armadas-ESPE,ADMINISTRACIÓN DE EMPRESAS,10,gestionar los aspectos financieros de una empresa,skill/competence,cross-sector,0.8876,http://data.europa.eu/esco/skill/fa6acfc3-0a4f-4192-b77d-80e94d0faf2a
ESPE,Universidad de las Fuerzas Armadas-ESPE,COMPUTACIÓN,1,montar máquinas,skill/competence,cross-sector,0.8848,http://data.europa.eu/esco/skill/87a0c0e6-c114-4ea1-b2d0-933bce1f3c5f
ESPE,Universidad de las Fuerzas Armadas-ESPE,COMPUTACIÓN,2,gestionar sistemas de instrumentación,skill/competence,cross-sector,0.8832,http://data.europa.eu/esco/skill/5d71a91f-cc72-4b66-b6e3-d75ecc05e235
ESPE,Universidad de las Fuerzas Armadas-ESPE,COMPUTACIÓN,3,diseñar sistemas de control,skill/competence,cross-sector,0.8824,http://data.europa.eu/esco/skill/d560df46-dda4-4407-bab2-b87353a96814
ESPE,Universidad de las Fuerzas Armadas-ESPE,COMPUTACIÓN,4,crear soluciones para problemas informativos,skill/competence,cross-sector,0.8773,http://data.europa.eu/esco/skill/4539aeca-b56f-4d03-ba86-8f675a7f2536
ESPE,Universidad de las Fuerzas Armadas-ESPE,COMPUTACIÓN,5,resolver problemas de sistemas TIC,skill/competence,cross-sector,0.8767,http://data.europa.eu/esco/skill/9e06bac6-6b91-48ca-8b7d-c1f48cdecd7c
ESPE,Universidad de las Fuerzas Armadas-ESPE,COMPUTACIÓN,6,ejecutar cálculos matemáticos analíticos,skill/competence,cross-sector,0.8763,http://data.europa.eu/esco/skill/31c69100-b612-4a61-8db5-fd314318854c
ESPE,Universidad de las Fuerzas Armadas-ESPE,COMPUTACIÓN,7,gestionar empresas de producción,skill/competence,cross-sector,0.8741,http://data.europa.eu/esco/skill/435d1751-8667-41ec-8b32-865b7cd3c684
ESPE,Universidad de las Fuerzas Armadas-ESPE,COMPUTACIÓN,8,detectar y corregir errores de las tecnologías de la información y de las comunicaciones,skill/competence,cross-sector,0.874,http://data.europa.eu/esco/skill/744442ac-c157-4350-8be0-ce454df4f5c5
ESPE,Universidad de las Fuerzas Armadas-ESPE,COMPUTACIÓN,9,configurar textos en formato digital,skill/competence,cross-sector,0.8738,http://data.europa.eu/esco/skill/9b30c8fd-6467-4d16-99e0-32899a9ceec0
ESPE,Universidad de las Fuerzas Armadas-ESPE,COMPUTACIÓN,10,diseñar sistemas electromecánicos,skill/competence,cross-sector,0.8734,http://data.europa.eu/esco/skill/c5422318-3218-4ce9-9bdd-f38b93ff63a3
ESPE,Universidad de las Fuerzas Armadas-ESPE,ELECTRÓNICA Y AUTOMATIZACIÓN,1,diseñar sistemas de control,skill/competence,cross-sector,0.8954,http://data.europa.eu/esco/skill/d560df46-dda4-4407-bab2-b87353a96814
ESPE,Universidad de las Fuerzas Armadas-ESPE,ELECTRÓNICA Y AUTOMATIZACIÓN,2,montar máquinas,skill/competence,cross-sector,0.8909,http://data.europa.eu/esco/skill/87a0c0e6-c114-4ea1-b2d0-933bce1f3c5f
ESPE,Universidad de las Fuerzas Armadas-ESPE,ELECTRÓNICA Y AUTOMATIZACIÓN,3,operar el equipo de empaquetado,skill/competence,cross-sector,0.8874,http://data.europa.eu/esco/skill/f8cd217b-b870-42aa-9bbe-d36b672cbb65
ESPE,Universidad de las Fuerzas Armadas-ESPE,ELECTRÓNICA Y AUTOMATIZACIÓN,4,supervisar el funcionamiento de los equipos,skill/competence,cross-sector,0.8856,http://data.europa.eu/esco/skill/ca17f0df-59e4-4ed2-9360-fc5325bc7151
ESPE,Universidad de las Fuerzas Armadas-ESPE,ELECTRÓNICA Y AUTOMATIZACIÓN,5,desarrollar procedimientos de prueba electrónica,skill/competence,cross-sector,0.8839,http://data.europa.eu/esco/skill/0de6bca4-f3aa-452a-8e10-d355b2c1bfc4
ESPE,Universidad de las Fuerzas Armadas-ESPE,ELECTRÓNICA Y AUTOMATIZACIÓN,6,planificar procesos de fabricación,skill/competence,cross-sector,0.8832,http://data.europa.eu/esco/skill/7d0f33ea-e724-4d77-8b75-ee4fe66bb9ba
ESPE,Universidad de las Fuerzas Armadas-ESPE,ELECTRÓNICA Y AUTOMATIZACIÓN,7,verificar unidades electrónicas,skill/competence,cross-sector,0.8829,http://data.europa.eu/esco/skill/baf501a8-f0fe-4ad7-9b69-8e920fa1a87b
ESPE,Universidad de las Fuerzas Armadas-ESPE,ELECTRÓNICA Y AUTOMATIZACIÓN,8,gestionar empresas de producción,skill/competence,cross-sector,0.8813,http://data.europa.eu/esco/skill/435d1751-8667-41ec-8b32-865b7cd3c684
ESPE,Universidad de las Fuerzas Armadas-ESPE,ELECTRÓNICA Y AUTOMATIZACIÓN,9,mantener equipos electrónicos,skill/competence,cross-sector,0.8802,http://data.europa.eu/esco/skill/ba45db8f-34e8-4f29-af0b-e6645e1d693f
ESPE,Universidad de las Fuerzas Armadas-ESPE,ELECTRÓNICA Y AUTOMATIZACIÓN,10,gestionar la instalación de estructuras para eventos,skill/competence,cross-sector,0.8794,http://data.europa.eu/esco/skill/0e503b48-5491-4529-879e-b112251f8d50
ESPE,Universidad de las Fuerzas Armadas-ESPE,INGENIERÍA CIVIL,1,garantizar el cumplimiento de los plazos de construcción,skill/competence,cross-sector,0.8821,http://data.europa.eu/esco/skill/6181f475-110c-497c-a46d-ed2e14e7bc90
ESPE,Universidad de las Fuerzas Armadas-ESPE,INGENIERÍA CIVIL,2,vigilar el cumplimiento de los parámetros de los proyectos de construcción,skill/competence,cross-sector,0.8793,http://data.europa.eu/esco/skill/3dd3dfa7-51c0-40ef-af46-e2df300489f6
ESPE,Universidad de las Fuerzas Armadas-ESPE,INGENIERÍA CIVIL,3,examinar las infraestructuras civiles,skill/competence,cross-sector,0.8786,http://data.europa.eu/esco/skill/d48b3cfe-80b6-406f-b582-d959b60417f8
ESPE,Universidad de las Fuerzas Armadas-ESPE,INGENIERÍA CIVIL,4,supervisar obras de construcción,skill/competence,cross-sector,0.8753,http://data.europa.eu/esco/skill/fc1a75bb-70e3-4005-881f-7709bf7b0ed4
ESPE,Universidad de las Fuerzas Armadas-ESPE,INGENIERÍA CIVIL,5,evaluar el impacto ambiental de yacimientos y zonas industriales,skill/competence,cross-sector,0.8724,http://data.europa.eu/esco/skill/f12f094b-492f-4e88-b36b-50b8e58b7500
ESPE,Universidad de las Fuerzas Armadas-ESPE,INGENIERÍA CIVIL,6,gestionar los programas públicos,skill/competence,cross-sector,0.8712,http://data.europa.eu/esco/skill/0761f325-13e7-49f4-a41a-ec64ba4e7b9d
ESPE,Universidad de las Fuerzas Armadas-ESPE,INGENIERÍA CIVIL,7,asesorar sobre temas de construcción,skill/competence,cross-sector,0.8709,http://data.europa.eu/esco/skill/3b64ab47-a874-403a-b781-7b23c2fc3c6c
ESPE,Universidad de las Fuerzas Armadas-ESPE,INGENIERÍA CIVIL,8,supervisar el trabajo de planificación del diseño,skill/competence,cross-sector,0.8692,http://data.europa.eu/esco/skill/03227978-f839-4cc8-88a6-0a3c44d2c776
ESPE,Universidad de las Fuerzas Armadas-ESPE,INGENIERÍA CIVIL,9,revisar proyectos de construcción,skill/competence,cross-sector,0.869,http://data.europa.eu/esco/skill/ea9fc9d9-c602-4430-a7fc-edac7429a6a8
ESPE,Universidad de las Fuerzas Armadas-ESPE,INGENIERÍA CIVIL,10,supervisar un proyecto de construcción,skill/competence,cross-sector,0.8678,http://data.europa.eu/esco/skill/1de548e0-9535-4d2e-9d20-d4474c1ea813
ESPE,Universidad de las Fuerzas Armadas-ESPE,MECÁNICA,1,montar máquinas,skill/competence,cross-sector,0.8828,http://data.europa.eu/esco/skill/87a0c0e6-c114-4ea1-b2d0-933bce1f3c5f
ESPE,Universidad de las Fuerzas Armadas-ESPE,MECÁNICA,2,planificar procesos de fabricación,skill/competence,cross-sector,0.8826,http://data.europa.eu/esco/skill/7d0f33ea-e724-4d77-8b75-ee4fe66bb9ba
ESPE,Universidad de las Fuerzas Armadas-ESPE,MECÁNICA,3,diseñar sistemas de control,skill/competence,cross-sector,0.8822,http://data.europa.eu/esco/skill/d560df46-dda4-4407-bab2-b87353a96814
ESPE,Universidad de las Fuerzas Armadas-ESPE,MECÁNICA,4,actuar de enlace con profesionales del sector,skill/competence,cross-sector,0.8744,http://data.europa.eu/esco/skill/d1317634-ccea-44d0-9cdc-c863f9bf856b
ESPE,Universidad de las Fuerzas Armadas-ESPE,MECÁNICA,5,evaluar el impacto ambiental de yacimientos y zonas industriales,skill/competence,cross-sector,0.8741,http://data.europa.eu/esco/skill/f12f094b-492f-4e88-b36b-50b8e58b7500
ESPE,Universidad de las Fuerzas Armadas-ESPE,MECÁNICA,6,gestionar equipos pesados,skill/competence,cross-sector,0.873,http://data.europa.eu/esco/skill/2a314d49-c071-403b-9cc8-75aea53e7859
ESPE,Universidad de las Fuerzas Armadas-ESPE,MECÁNICA,7,gestionar empresas de producción,skill/competence,cross-sector,0.8721,http://data.europa.eu/esco/skill/435d1751-8667-41ec-8b32-865b7cd3c684
ESPE,Universidad de las Fuerzas Armadas-ESPE,MECÁNICA,8,realizar diseños técnicos de artículos de moda,skill/competence,cross-sector,0.8718,http://data.europa.eu/esco/skill/881cd4ec-5b52-46c6-abc4-60551d58b355
ESPE,Universidad de las Fuerzas Armadas-ESPE,MECÁNICA,9,coordinar equipos de ingeniería,skill/competence,cross-sector,0.871,http://data.europa.eu/esco/skill/7af6e9e8-1e11-4c0b-b7c6-ac96bbbbc674
ESPE,Universidad de las Fuerzas Armadas-ESPE,MECÁNICA,10,asesorar sobre averías de máquinas,skill/competence,cross-sector,0.8704,http://data.europa.eu/esco/skill/8c474534-707f-46f3-b356-810bbfe8b693
ESPE,Universidad de las Fuerzas Armadas-ESPE,MECATRÓNICA,1,mecatrónica,knowledge,cross-sector,0.8897,http://data.europa.eu/esco/skill/d88cb3f1-8e02-4618-bf32-4b0488066934
ESPE,Universidad de las Fuerzas Armadas-ESPE,MECATRÓNICA,2,diseñar sistemas de control,skill/competence,cross-sector,0.8796,http://data.europa.eu/esco/skill/d560df46-dda4-4407-bab2-b87353a96814
ESPE,Universidad de las Fuerzas Armadas-ESPE,MECATRÓNICA,3,diseñar sistemas electromecánicos,skill/competence,cross-sector,0.8779,http://data.europa.eu/esco/skill/c5422318-3218-4ce9-9bdd-f38b93ff63a3
ESPE,Universidad de las Fuerzas Armadas-ESPE,MECATRÓNICA,4,diseñar componentes de automatización,skill/competence,cross-sector,0.8754,http://data.europa.eu/esco/skill/f96f5aa5-6ed7-40dc-a431-68b0a09d6d4b
ESPE,Universidad de las Fuerzas Armadas-ESPE,MECATRÓNICA,5,planificar procesos de fabricación,skill/competence,cross-sector,0.8751,http://data.europa.eu/esco/skill/7d0f33ea-e724-4d77-8b75-ee4fe66bb9ba
ESPE,Universidad de las Fuerzas Armadas-ESPE,MECATRÓNICA,6,montar máquinas,skill/competence,cross-sector,0.8739,http://data.europa.eu/esco/skill/87a0c0e6-c114-4ea1-b2d0-933bce1f3c5f
ESPE,Universidad de las Fuerzas Armadas-ESPE,MECATRÓNICA,7,diseñar sistemas microelectromecánicos,skill/competence,cross-sector,0.8729,http://data.europa.eu/esco/skill/c022ff1b-7783-4e64-89ef-0422c81ff51f
ESPE,Universidad de las Fuerzas Armadas-ESPE,MECATRÓNICA,8,integrar productos nuevos en la cadena de fabricación,skill/competence,cross-sector,0.8696,http://data.europa.eu/esco/skill/8a753714-9a19-4418-9b37-77e79d72c705
ESPE,Universidad de las Fuerzas Armadas-ESPE,MECATRÓNICA,9,diseñar planos técnicos,skill/competence,cross-sector,0.8694,http://data.europa.eu/esco/skill/5c98825f-146d-4d35-97cf-207b2afd9ae2
ESPE,Universidad de las Fuerzas Armadas-ESPE,MECATRÓNICA,10,mejorar procesos químicos,skill/competence,cross-sector,0.8663,http://data.europa.eu/esco/skill/451c8010-7dbb-4f96-b4d4-0955766d9eff
ESPE,Universidad de las Fuerzas Armadas-ESPE,SISTEMAS DE INFORMACIÓN,1,gestionar sistemas de instrumentación,skill/competence,cross-sector,0.8911,http://data.europa.eu/esco/skill/5d71a91f-cc72-4b66-b6e3-d75ecc05e235
ESPE,Universidad de las Fuerzas Armadas-ESPE,SISTEMAS DE INFORMACIÓN,2,"gestionar datos, información y contenido digitales",skill/competence,cross-sector,0.8901,http://data.europa.eu/esco/skill/4d97e3c3-f335-47cc-a4ee-0d779fd42222
ESPE,Universidad de las Fuerzas Armadas-ESPE,SISTEMAS DE INFORMACIÓN,3,crear soluciones para problemas informativos,skill/competence,cross-sector,0.8816,http://data.europa.eu/esco/skill/4539aeca-b56f-4d03-ba86-8f675a7f2536
ESPE,Universidad de las Fuerzas Armadas-ESPE,SISTEMAS DE INFORMACIÓN,4,resolver problemas de sistemas TIC,skill/competence,cross-sector,0.8779,http://data.europa.eu/esco/skill/9e06bac6-6b91-48ca-8b7d-c1f48cdecd7c
ESPE,Universidad de las Fuerzas Armadas-ESPE,SISTEMAS DE INFORMACIÓN,5,configurar textos en formato digital,skill/competence,cross-sector,0.8759,http://data.europa.eu/esco/skill/9b30c8fd-6467-4d16-99e0-32899a9ceec0
ESPE,Universidad de las Fuerzas Armadas-ESPE,SISTEMAS DE INFORMACIÓN,6,realizar un análisis de los datos de seguridad,skill/competence,cross-sector,0.8747,http://data.europa.eu/esco/skill/c2ce7fe9-203b-492a-961e-9698dce7de19
ESPE,Universidad de las Fuerzas Armadas-ESPE,SISTEMAS DE INFORMACIÓN,7,montar máquinas,skill/competence,cross-sector,0.8742,http://data.europa.eu/esco/skill/87a0c0e6-c114-4ea1-b2d0-933bce1f3c5f
ESPE,Universidad de las Fuerzas Armadas-ESPE,SISTEMAS DE INFORMACIÓN,8,almacenar datos y sistemas digitales,skill/competence,cross-sector,0.874,http://data.europa.eu/esco/skill/611ed16b-99bf-4840-9cab-f55d1d286e0a
ESPE,Universidad de las Fuerzas Armadas-ESPE,SISTEMAS DE INFORMACIÓN,9,diseñar sistemas de control,skill/competence,cross-sector,0.8726,http://data.europa.eu/esco/skill/d560df46-dda4-4407-bab2-b87353a96814
ESPE,Universidad de las Fuerzas Armadas-ESPE,SISTEMAS DE INFORMACIÓN,10,detectar necesidades tecnológicas,skill/competence,cross-sector,0.8723,http://data.europa.eu/esco/skill/42fcf80d-7b45-40f3-bd2f-5411c4c0dfa0
ESPE,Universidad de las Fuerzas Armadas-ESPE,TELECOMUNICACIONES,1,coordinar comunicaciones remotas,skill/competence,cross-sector,0.8837,http://data.europa.eu/esco/skill/9bafaea2-76cd-4532-ab77-8b3d21fa6235
ESPE,Universidad de las Fuerzas Armadas-ESPE,TELECOMUNICACIONES,2,diseñar sistemas de control,skill/competence,cross-sector,0.8826,http://data.europa.eu/esco/skill/d560df46-dda4-4407-bab2-b87353a96814
ESPE,Universidad de las Fuerzas Armadas-ESPE,TELECOMUNICACIONES,3,gestionar las comunicaciones visuales,skill/competence,cross-sector,0.8823,http://data.europa.eu/esco/skill/50b96d21-f2eb-4f35-a8d3-77eee15ef51f
ESPE,Universidad de las Fuerzas Armadas-ESPE,TELECOMUNICACIONES,4,gestionar proyectos de investigación y desarrollo,skill/competence,cross-sector,0.8755,http://data.europa.eu/esco/skill/d5dbc342-8e39-4998-8237-ebbe05a381ce
ESPE,Universidad de las Fuerzas Armadas-ESPE,TELECOMUNICACIONES,5,crear soluciones para problemas informativos,skill/competence,cross-sector,0.8749,http://data.europa.eu/esco/skill/4539aeca-b56f-4d03-ba86-8f675a7f2536
ESPE,Universidad de las Fuerzas Armadas-ESPE,TELECOMUNICACIONES,6,ingeniería de telecomunicaciones,knowledge,cross-sector,0.8743,http://data.europa.eu/esco/skill/14764a75-3104-4875-ba1d-57c059b9b013
ESPE,Universidad de las Fuerzas Armadas-ESPE,TELECOMUNICACIONES,7,resolver problemas de sistemas TIC,skill/competence,cross-sector,0.8723,http://data.europa.eu/esco/skill/9e06bac6-6b91-48ca-8b7d-c1f48cdecd7c
ESPE,Universidad de las Fuerzas Armadas-ESPE,TELECOMUNICACIONES,8,instalar dispositivos electrónicos de comunicación en los trenes,skill/competence,cross-sector,0.8721,http://data.europa.eu/esco/skill/fc6cddab-c9ce-4ce6-83ac-32b6854dd6da
ESPE,Universidad de las Fuerzas Armadas-ESPE,TELECOMUNICACIONES,9,coordinar comunicaciones en situaciones de emergencia en operaciones mineras,skill/competence,cross-sector,0.872,http://data.europa.eu/esco/skill/707ff33d-d130-4e61-8a2a-6e8b023be9fc
ESPE,Universidad de las Fuerzas Armadas-ESPE,TELECOMUNICACIONES,10,gestionar los programas públicos,skill/competence,cross-sector,0.8715,http://data.europa.eu/esco/skill/0761f325-13e7-49f4-a41a-ec64ba4e7b9d
UCSG,Universidad Católica de Santiago de Guayaquil (UCSG),ADMINISTRACIÓN DE EMPRESAS,1,gestionar empresas de producción,skill/competence,cross-sector,0.9073,http://data.europa.eu/esco/skill/435d1751-8667-41ec-8b32-865b7cd3c684
UCSG,Universidad Católica de Santiago de Guayaquil (UCSG),ADMINISTRACIÓN DE EMPRESAS,2,realizar diversas tareas organizativas en la empresa,skill/competence,cross-sector,0.8954,http://data.europa.eu/esco/skill/01755f08-4df4-4cf0-8d22-08f94cad68b5
UCSG,Universidad Católica de Santiago de Guayaquil (UCSG),ADMINISTRACIÓN DE EMPRESAS,3,tomar decisiones empresariales estratégicas,skill/competence,cross-sector,0.8931,http://data.europa.eu/esco/skill/f60c9e52-95fc-4ca1-a73c-18a491153b63
UCSG,Universidad Católica de Santiago de Guayaquil (UCSG),ADMINISTRACIÓN DE EMPRESAS,4,gestionar recursos humanos,skill/competence,cross-sector,0.8931,http://data.europa.eu/esco/skill/339ac029-066a-4985-9f9d-b3d7c8fea0bb
UCSG,Universidad Católica de Santiago de Guayaquil (UCSG),ADMINISTRACIÓN DE EMPRESAS,5,formar equipos dentro de la empresa en base a las competencias,skill/competence,cross-sector,0.8899,http://data.europa.eu/esco/skill/f1155d3f-fbca-4298-a31c-f6955653bacf
UCSG,Universidad Católica de Santiago de Guayaquil (UCSG),ADMINISTRACIÓN DE EMPRESAS,6,asesorar sobre gestión de conflictos,skill/competence,cross-sector,0.8894,http://data.europa.eu/esco/skill/9091c8e5-9357-4c29-bceb-ddb1792c22e8
UCSG,Universidad Católica de Santiago de Guayaquil (UCSG),ADMINISTRACIÓN DE EMPRESAS,7,ejercer el control del gasto,skill/competence,cross-sector,0.8892,http://data.europa.eu/esco/skill/b08ec8ff-1a3e-4cc3-8016-9520b21666a6
UCSG,Universidad Católica de Santiago de Guayaquil (UCSG),ADMINISTRACIÓN DE EMPRESAS,8,elaborar estrategias para resolver problemas,skill/competence,cross-sector,0.889,http://data.europa.eu/esco/skill/7a8fb784-67fa-41e9-a75c-6b491d91f800
UCSG,Universidad Católica de Santiago de Guayaquil (UCSG),ADMINISTRACIÓN DE EMPRESAS,9,participar en las operaciones cotidianas de la empresa,skill/competence,cross-sector,0.8867,http://data.europa.eu/esco/skill/ce4cbc3a-bde0-43b4-9526-e643c4fe5b04
UCSG,Universidad Católica de Santiago de Guayaquil (UCSG),ADMINISTRACIÓN DE EMPRESAS,10,gestionar programas de formación en la empresa,skill/competence,cross-sector,0.8866,http://data.europa.eu/esco/skill/6e66fa0f-4d3b-415e-9693-dc556eb5112a
UCSG,Universidad Católica de Santiago de Guayaquil (UCSG),ECONOMÍA,1,realizar estudios de mercado,skill/competence,cross-sector,0.8974,http://data.europa.eu/esco/skill/fe39d4db-4cb5-4299-bb9f-896c8fd6ab13
UCSG,Universidad Católica de Santiago de Guayaquil (UCSG),ECONOMÍA,2,analizar las tendencias económicas,skill/competence,cross-sector,0.8909,http://data.europa.eu/esco/skill/5f302d63-048e-451c-b150-97c124a5a26b
UCSG,Universidad Católica de Santiago de Guayaquil (UCSG),ECONOMÍA,3,analizar inteligencia de datos,skill/competence,cross-sector,0.8827,http://data.europa.eu/esco/skill/47a49cd6-097d-457a-9f7b-c290c14930d5
UCSG,Universidad Católica de Santiago de Guayaquil (UCSG),ECONOMÍA,4,interpretar datos actuales,skill/competence,cross-sector,0.881,http://data.europa.eu/esco/skill/1e77e42a-181f-4b48-8e74-201ce50ffc29
UCSG,Universidad Católica de Santiago de Guayaquil (UCSG),ECONOMÍA,5,preparar archivos estadísticos y financieros,skill/competence,cross-sector,0.8803,http://data.europa.eu/esco/skill/08ee68b2-0a6d-4bdf-a870-a36c0dc8064e
UCSG,Universidad Católica de Santiago de Guayaquil (UCSG),ECONOMÍA,6,analizar modelos de negocio,skill/competence,cross-sector,0.8802,http://data.europa.eu/esco/skill/3c1cbc5e-2220-4f45-bcc8-3d52c8c9cae0
UCSG,Universidad Católica de Santiago de Guayaquil (UCSG),ECONOMÍA,7,interpretar la información comercial,skill/competence,cross-sector,0.8775,http://data.europa.eu/esco/skill/3cb68bb2-66fc-495a-af82-012338a9402b
UCSG,Universidad Católica de Santiago de Guayaquil (UCSG),ECONOMÍA,8,interpretar estados financieros,skill/competence,cross-sector,0.877,http://data.europa.eu/esco/skill/5f1d1319-7954-4a9b-90c7-57668e3a0d4b
UCSG,Universidad Católica de Santiago de Guayaquil (UCSG),ECONOMÍA,9,predecir tendencias económicas,skill/competence,cross-sector,0.8761,http://data.europa.eu/esco/skill/f2a34d6b-131a-4b8f-a110-898b9c91d18f
UCSG,Universidad Católica de Santiago de Guayaquil (UCSG),ECONOMÍA,10,realizar un análisis de datos,skill/competence,cross-sector,0.876,http://data.europa.eu/esco/skill/2b92a5b2-6758-4ee3-9fb4-b6387a55cc8f
UCSG,Universidad Católica de Santiago de Guayaquil (UCSG),INGENIERÍA CIVIL,1,vigilar el cumplimiento de los parámetros de los proyectos de construcción,skill/competence,cross-sector,0.8887,http://data.europa.eu/esco/skill/3dd3dfa7-51c0-40ef-af46-e2df300489f6
UCSG,Universidad Católica de Santiago de Guayaquil (UCSG),INGENIERÍA CIVIL,2,garantizar el cumplimiento de los plazos de construcción,skill/competence,cross-sector,0.8879,http://data.europa.eu/esco/skill/6181f475-110c-497c-a46d-ed2e14e7bc90
UCSG,Universidad Católica de Santiago de Guayaquil (UCSG),INGENIERÍA CIVIL,3,supervisar el trabajo de planificación del diseño,skill/competence,cross-sector,0.8791,http://data.europa.eu/esco/skill/03227978-f839-4cc8-88a6-0a3c44d2c776
UCSG,Universidad Católica de Santiago de Guayaquil (UCSG),INGENIERÍA CIVIL,4,examinar las infraestructuras civiles,skill/competence,cross-sector,0.8788,http://data.europa.eu/esco/skill/d48b3cfe-80b6-406f-b582-d959b60417f8
UCSG,Universidad Católica de Santiago de Guayaquil (UCSG),INGENIERÍA CIVIL,5,evaluar el impacto ambiental de yacimientos y zonas industriales,skill/competence,cross-sector,0.8778,http://data.europa.eu/esco/skill/f12f094b-492f-4e88-b36b-50b8e58b7500
UCSG,Universidad Católica de Santiago de Guayaquil (UCSG),INGENIERÍA CIVIL,6,supervisar obras de construcción,skill/competence,cross-sector,0.8774,http://data.europa.eu/esco/skill/fc1a75bb-70e3-4005-881f-7709bf7b0ed4
UCSG,Universidad Católica de Santiago de Guayaquil (UCSG),INGENIERÍA CIVIL,7,gestionar los programas públicos,skill/competence,cross-sector,0.8772,http://data.europa.eu/esco/skill/0761f325-13e7-49f4-a41a-ec64ba4e7b9d
UCSG,Universidad Católica de Santiago de Guayaquil (UCSG),INGENIERÍA CIVIL,8,someter a auditorías a los contratistas,skill/competence,cross-sector,0.8771,http://data.europa.eu/esco/skill/0520d8ba-3c24-4f75-a8b0-f883ddeed82d
UCSG,Universidad Católica de Santiago de Guayaquil (UCSG),INGENIERÍA CIVIL,9,proteger humedales en el desarrollo de proyectos,skill/competence,cross-sector,0.8756,http://data.europa.eu/esco/skill/e2028206-3060-4e81-8350-77baefabefde
UCSG,Universidad Católica de Santiago de Guayaquil (UCSG),INGENIERÍA CIVIL,10,supervisar un proyecto de construcción,skill/competence,cross-sector,0.8753,http://data.europa.eu/esco/skill/1de548e0-9535-4d2e-9d20-d4474c1ea813
UCSG,Universidad Católica de Santiago de Guayaquil (UCSG),INGENIERÍA INDUSTRIAL,1,analizar estrategias de gestión de la cadena de suministro,skill/competence,cross-sector,0.9103,http://data.europa.eu/esco/skill/96d549bb-3e62-4c45-92a7-f114df089581
UCSG,Universidad Católica de Santiago de Guayaquil (UCSG),INGENIERÍA INDUSTRIAL,2,integrar productos nuevos en la cadena de fabricación,skill/competence,cross-sector,0.9037,http://data.europa.eu/esco/skill/8a753714-9a19-4418-9b37-77e79d72c705
UCSG,Universidad Católica de Santiago de Guayaquil (UCSG),INGENIERÍA INDUSTRIAL,3,gestionar empresas de producción,skill/competence,cross-sector,0.9019,http://data.europa.eu/esco/skill/435d1751-8667-41ec-8b32-865b7cd3c684
UCSG,Universidad Católica de Santiago de Guayaquil (UCSG),INGENIERÍA INDUSTRIAL,4,realizar diversas tareas organizativas en la empresa,skill/competence,cross-sector,0.8975,http://data.europa.eu/esco/skill/01755f08-4df4-4cf0-8d22-08f94cad68b5
UCSG,Universidad Católica de Santiago de Guayaquil (UCSG),INGENIERÍA INDUSTRIAL,5,mejorar procesos empresariales,skill/competence,cross-sector,0.8954,http://data.europa.eu/esco/skill/75b30aeb-34c0-40f4-b77d-271d75a98b14
UCSG,Universidad Católica de Santiago de Guayaquil (UCSG),INGENIERÍA INDUSTRIAL,6,gestionar las operaciones del almacén,skill/competence,cross-sector,0.8953,http://data.europa.eu/esco/skill/fa7be6bf-f906-4b8e-857d-48a9a7da901c
UCSG,Universidad Católica de Santiago de Guayaquil (UCSG),INGENIERÍA INDUSTRIAL,7,planificar procesos de fabricación,skill/competence,cross-sector,0.894,http://data.europa.eu/esco/skill/7d0f33ea-e724-4d77-8b75-ee4fe66bb9ba
UCSG,Universidad Católica de Santiago de Guayaquil (UCSG),INGENIERÍA INDUSTRIAL,8,gestionar la cadena de suministros sanitarios,skill/competence,cross-sector,0.8938,http://data.europa.eu/esco/skill/71d441c3-163a-41b6-b713-074d69362c27
UCSG,Universidad Católica de Santiago de Guayaquil (UCSG),INGENIERÍA INDUSTRIAL,9,gestionar sistemas de instrumentación,skill/competence,cross-sector,0.8927,http://data.europa.eu/esco/skill/5d71a91f-cc72-4b66-b6e3-d75ecc05e235
UCSG,Universidad Católica de Santiago de Guayaquil (UCSG),INGENIERÍA INDUSTRIAL,10,analizar procesos de producción para introducir mejoras,skill/competence,cross-sector,0.8923,http://data.europa.eu/esco/skill/f1b5800e-b763-4740-9586-3fef30568e81
UCSG,Universidad Católica de Santiago de Guayaquil (UCSG),INGENIERÍA QUÍMICA,1,mejorar procesos químicos,skill/competence,cross-sector,0.8996,http://data.europa.eu/esco/skill/451c8010-7dbb-4f96-b4d4-0955766d9eff
UCSG,Universidad Católica de Santiago de Guayaquil (UCSG),INGENIERÍA QUÍMICA,2,evaluar el impacto ambiental de yacimientos y zonas industriales,skill/competence,cross-sector,0.8912,http://data.europa.eu/esco/skill/f12f094b-492f-4e88-b36b-50b8e58b7500
UCSG,Universidad Católica de Santiago de Guayaquil (UCSG),INGENIERÍA QUÍMICA,3,trabajar con sustancias químicas,skill/competence,cross-sector,0.8875,http://data.europa.eu/esco/skill/929a997b-d56c-4383-b36d-6de9fa0e1721
UCSG,Universidad Católica de Santiago de Guayaquil (UCSG),INGENIERÍA QUÍMICA,4,manipular productos químicos,skill/competence,cross-sector,0.8796,http://data.europa.eu/esco/skill/2416dc09-6384-409e-8b1d-80bb7a2e7369
UCSG,Universidad Católica de Santiago de Guayaquil (UCSG),INGENIERÍA QUÍMICA,5,gestionar el impacto medioambiental de las operaciones,skill/competence,cross-sector,0.8772,http://data.europa.eu/esco/skill/d86babea-bf8b-4552-81a8-daf706066ad6
UCSG,Universidad Católica de Santiago de Guayaquil (UCSG),INGENIERÍA QUÍMICA,6,elaborar fórmulas de fabricación,skill/competence,cross-sector,0.8752,http://data.europa.eu/esco/skill/b2ad4e50-cb82-4a34-ab3e-5b5f6c4f9b65
UCSG,Universidad Católica de Santiago de Guayaquil (UCSG),INGENIERÍA QUÍMICA,7,seguir fórmulas de coloración,skill/competence,cross-sector,0.8743,http://data.europa.eu/esco/skill/8779e8a1-45a8-4f51-b42a-2ea07ee4e8cd
UCSG,Universidad Católica de Santiago de Guayaquil (UCSG),INGENIERÍA QUÍMICA,8,realizar todas las actividades de ingeniería de procesos,skill/competence,cross-sector,0.8739,http://data.europa.eu/esco/skill/8b9d609a-6d62-4d5c-9133-01d41979cfac
UCSG,Universidad Católica de Santiago de Guayaquil (UCSG),INGENIERÍA QUÍMICA,9,planificar procesos de fabricación,skill/competence,cross-sector,0.8709,http://data.europa.eu/esco/skill/7d0f33ea-e724-4d77-8b75-ee4fe66bb9ba
UCSG,Universidad Católica de Santiago de Guayaquil (UCSG),INGENIERÍA QUÍMICA,10,desarrollar medicamentos,skill/competence,cross-sector,0.8705,http://data.europa.eu/esco/skill/d8aa87e2-bbe4-45ac-a1e4-f48b6f63952e
UCSG,Universidad Católica de Santiago de Guayaquil (UCSG),COMPUTACIÓN,1,ejecutar cálculos matemáticos analíticos,skill/competence,cross-sector,0.8848,http://data.europa.eu/esco/skill/31c69100-b612-4a61-8db5-fd314318854c
UCSG,Universidad Católica de Santiago de Guayaquil (UCSG),COMPUTACIÓN,2,diseñar sistemas de control,skill/competence,cross-sector,0.8832,http://data.europa.eu/esco/skill/d560df46-dda4-4407-bab2-b87353a96814
UCSG,Universidad Católica de Santiago de Guayaquil (UCSG),COMPUTACIÓN,3,montar máquinas,skill/competence,cross-sector,0.8827,http://data.europa.eu/esco/skill/87a0c0e6-c114-4ea1-b2d0-933bce1f3c5f
UCSG,Universidad Católica de Santiago de Guayaquil (UCSG),COMPUTACIÓN,4,crear soluciones para problemas informativos,skill/competence,cross-sector,0.8809,http://data.europa.eu/esco/skill/4539aeca-b56f-4d03-ba86-8f675a7f2536
UCSG,Universidad Católica de Santiago de Guayaquil (UCSG),COMPUTACIÓN,5,resolver problemas de sistemas TIC,skill/competence,cross-sector,0.8796,http://data.europa.eu/esco/skill/9e06bac6-6b91-48ca-8b7d-c1f48cdecd7c
UCSG,Universidad Católica de Santiago de Guayaquil (UCSG),COMPUTACIÓN,6,gestionar sistemas de instrumentación,skill/competence,cross-sector,0.8783,http://data.europa.eu/esco/skill/5d71a91f-cc72-4b66-b6e3-d75ecc05e235
UCSG,Universidad Católica de Santiago de Guayaquil (UCSG),COMPUTACIÓN,7,diseñar sistemas electromecánicos,skill/competence,cross-sector,0.8783,http://data.europa.eu/esco/skill/c5422318-3218-4ce9-9bdd-f38b93ff63a3
UCSG,Universidad Católica de Santiago de Guayaquil (UCSG),COMPUTACIÓN,8,gestionar datos cuantitativos,skill/competence,cross-sector,0.8771,http://data.europa.eu/esco/skill/57231a22-4da7-49c8-97b8-75672feadf1e
UCSG,Universidad Católica de Santiago de Guayaquil (UCSG),COMPUTACIÓN,9,analizar datos de carácter ecológico,skill/competence,cross-sector,0.877,http://data.europa.eu/esco/skill/5354a726-ee64-4f34-90f8-8436f9f374b8
UCSG,Universidad Católica de Santiago de Guayaquil (UCSG),COMPUTACIÓN,10,detectar y corregir errores de las tecnologías de la información y de las comunicaciones,skill/competence,cross-sector,0.8767,http://data.europa.eu/esco/skill/744442ac-c157-4350-8be0-ce454df4f5c5
UCSG,Universidad Católica de Santiago de Guayaquil (UCSG),SISTEMAS DE INFORMACIÓN,1,gestionar sistemas de instrumentación,skill/competence,cross-sector,0.8867,http://data.europa.eu/esco/skill/5d71a91f-cc72-4b66-b6e3-d75ecc05e235
UCSG,Universidad Católica de Santiago de Guayaquil (UCSG),SISTEMAS DE INFORMACIÓN,2,"gestionar datos, información y contenido digitales",skill/competence,cross-sector,0.8852,http://data.europa.eu/esco/skill/4d97e3c3-f335-47cc-a4ee-0d779fd42222
UCSG,Universidad Católica de Santiago de Guayaquil (UCSG),SISTEMAS DE INFORMACIÓN,3,crear soluciones para problemas informativos,skill/competence,cross-sector,0.8844,http://data.europa.eu/esco/skill/4539aeca-b56f-4d03-ba86-8f675a7f2536
UCSG,Universidad Católica de Santiago de Guayaquil (UCSG),SISTEMAS DE INFORMACIÓN,4,configurar textos en formato digital,skill/competence,cross-sector,0.8841,http://data.europa.eu/esco/skill/9b30c8fd-6467-4d16-99e0-32899a9ceec0
UCSG,Universidad Católica de Santiago de Guayaquil (UCSG),SISTEMAS DE INFORMACIÓN,5,resolver problemas de sistemas TIC,skill/competence,cross-sector,0.883,http://data.europa.eu/esco/skill/9e06bac6-6b91-48ca-8b7d-c1f48cdecd7c
UCSG,Universidad Católica de Santiago de Guayaquil (UCSG),SISTEMAS DE INFORMACIÓN,6,montar máquinas,skill/competence,cross-sector,0.8825,http://data.europa.eu/esco/skill/87a0c0e6-c114-4ea1-b2d0-933bce1f3c5f
UCSG,Universidad Católica de Santiago de Guayaquil (UCSG),SISTEMAS DE INFORMACIÓN,7,detectar necesidades tecnológicas,skill/competence,cross-sector,0.8793,http://data.europa.eu/esco/skill/42fcf80d-7b45-40f3-bd2f-5411c4c0dfa0
UCSG,Universidad Católica de Santiago de Guayaquil (UCSG),SISTEMAS DE INFORMACIÓN,8,detectar y corregir errores de las tecnologías de la información y de las comunicaciones,skill/competence,cross-sector,0.8763,http://data.europa.eu/esco/skill/744442ac-c157-4350-8be0-ce454df4f5c5
UCSG,Universidad Católica de Santiago de Guayaquil (UCSG),SISTEMAS DE INFORMACIÓN,9,resolver problemas técnicos,skill/competence,cross-sector,0.8758,http://data.europa.eu/esco/skill/14832d87-2f2f-4895-b290-e4760ebae42a
UCSG,Universidad Católica de Santiago de Guayaquil (UCSG),SISTEMAS DE INFORMACIÓN,10,gestionar proyectos de investigación y desarrollo,skill/competence,cross-sector,0.8745,http://data.europa.eu/esco/skill/d5dbc342-8e39-4998-8237-ebbe05a381ce
UCSG,Universidad Católica de Santiago de Guayaquil (UCSG),TELECOMUNICACIONES,1,gestionar las comunicaciones visuales,skill/competence,cross-sector,0.8857,http://data.europa.eu/esco/skill/50b96d21-f2eb-4f35-a8d3-77eee15ef51f
UCSG,Universidad Católica de Santiago de Guayaquil (UCSG),TELECOMUNICACIONES,2,coordinar comunicaciones remotas,skill/competence,cross-sector,0.8854,http://data.europa.eu/esco/skill/9bafaea2-76cd-4532-ab77-8b3d21fa6235
UCSG,Universidad Católica de Santiago de Guayaquil (UCSG),TELECOMUNICACIONES,3,diseñar sistemas de control,skill/competence,cross-sector,0.884,http://data.europa.eu/esco/skill/d560df46-dda4-4407-bab2-b87353a96814
UCSG,Universidad Católica de Santiago de Guayaquil (UCSG),TELECOMUNICACIONES,4,gestionar proyectos de investigación y desarrollo,skill/competence,cross-sector,0.8823,http://data.europa.eu/esco/skill/d5dbc342-8e39-4998-8237-ebbe05a381ce
UCSG,Universidad Católica de Santiago de Guayaquil (UCSG),TELECOMUNICACIONES,5,gestionar sistemas de instrumentación,skill/competence,cross-sector,0.8819,http://data.europa.eu/esco/skill/5d71a91f-cc72-4b66-b6e3-d75ecc05e235
UCSG,Universidad Católica de Santiago de Guayaquil (UCSG),TELECOMUNICACIONES,6,gestionar los programas públicos,skill/competence,cross-sector,0.8813,http://data.europa.eu/esco/skill/0761f325-13e7-49f4-a41a-ec64ba4e7b9d
UCSG,Universidad Católica de Santiago de Guayaquil (UCSG),TELECOMUNICACIONES,7,montar máquinas,skill/competence,cross-sector,0.8811,http://data.europa.eu/esco/skill/87a0c0e6-c114-4ea1-b2d0-933bce1f3c5f
UCSG,Universidad Católica de Santiago de Guayaquil (UCSG),TELECOMUNICACIONES,8,coordinar equipos de ingeniería,skill/competence,cross-sector,0.878,http://data.europa.eu/esco/skill/7af6e9e8-1e11-4c0b-b7c6-ac96bbbbc674
UCSG,Universidad Católica de Santiago de Guayaquil (UCSG),TELECOMUNICACIONES,9,detectar y corregir errores de las tecnologías de la información y de las comunicaciones,skill/competence,cross-sector,0.8777,http://data.europa.eu/esco/skill/744442ac-c157-4350-8be0-ce454df4f5c5
UCSG,Universidad Católica de Santiago de Guayaquil (UCSG),TELECOMUNICACIONES,10,comunicar cuestiones técnicas a los clientes,skill/competence,cross-sector,0.8766,http://data.europa.eu/esco/skill/652da95d-b336-497a-bce5-1c29a674eecb
PUCE,Pontificia Universidad Católica del Ecuador,ADMINISTRACIÓN DE EMPRESAS,1,gestionar empresas de producción,skill/competence,cross-sector,0.9043,http://data.europa.eu/esco/skill/435d1751-8667-41ec-8b32-865b7cd3c684
PUCE,Pontificia Universidad Católica del Ecuador,ADMINISTRACIÓN DE EMPRESAS,2,gestionar recursos humanos,skill/competence,cross-sector,0.8975,http://data.europa.eu/esco/skill/339ac029-066a-4985-9f9d-b3d7c8fea0bb
PUCE,Pontificia Universidad Católica del Ecuador,ADMINISTRACIÓN DE EMPRESAS,3,realizar diversas tareas organizativas en la empresa,skill/competence,cross-sector,0.8933,http://data.europa.eu/esco/skill/01755f08-4df4-4cf0-8d22-08f94cad68b5
PUCE,Pontificia Universidad Católica del Ecuador,ADMINISTRACIÓN DE EMPRESAS,4,tomar decisiones empresariales estratégicas,skill/competence,cross-sector,0.8904,http://data.europa.eu/esco/skill/f60c9e52-95fc-4ca1-a73c-18a491153b63
PUCE,Pontificia Universidad Católica del Ecuador,ADMINISTRACIÓN DE EMPRESAS,5,formar equipos dentro de la empresa en base a las competencias,skill/competence,cross-sector,0.8903,http://data.europa.eu/esco/skill/f1155d3f-fbca-4298-a31c-f6955653bacf
PUCE,Pontificia Universidad Católica del Ecuador,ADMINISTRACIÓN DE EMPRESAS,6,supervisar el trabajo de promoción,skill/competence,cross-sector,0.8899,http://data.europa.eu/esco/skill/f0a1db01-ffbd-4366-8120-add9bd134ffd
PUCE,Pontificia Universidad Católica del Ecuador,ADMINISTRACIÓN DE EMPRESAS,7,elaborar estrategias para resolver problemas,skill/competence,cross-sector,0.888,http://data.europa.eu/esco/skill/7a8fb784-67fa-41e9-a75c-6b491d91f800
PUCE,Pontificia Universidad Católica del Ecuador,ADMINISTRACIÓN DE EMPRESAS,8,respetar las normas internas de una empresa,skill/competence,cross-sector,0.8873,http://data.europa.eu/esco/skill/f5f5b244-6cea-4fbc-8a50-8f712791bc09
PUCE,Pontificia Universidad Católica del Ecuador,ADMINISTRACIÓN DE EMPRESAS,9,asesorar sobre gestión de conflictos,skill/competence,cross-sector,0.8863,http://data.europa.eu/esco/skill/9091c8e5-9357-4c29-bceb-ddb1792c22e8
PUCE,Pontificia Universidad Católica del Ecuador,ADMINISTRACIÓN DE EMPRESAS,10,gestionar programas de formación en la empresa,skill/competence,cross-sector,0.8854,http://data.europa.eu/esco/skill/6e66fa0f-4d3b-415e-9693-dc556eb5112a
PUCE,Pontificia Universidad Católica del Ecuador,CIENCIA DE DATOS E INTELIGENCIA ARTIFICIAL,1,ejecutar cálculos matemáticos analíticos,skill/competence,cross-sector,0.8851,http://data.europa.eu/esco/skill/31c69100-b612-4a61-8db5-fd314318854c
PUCE,Pontificia Universidad Católica del Ecuador,CIENCIA DE DATOS E INTELIGENCIA ARTIFICIAL,2,aplicar métodos de análisis estadísticos,skill/competence,cross-sector,0.8797,http://data.europa.eu/esco/skill/382c11ed-20d5-4ae7-b60e-15fec527fa6c
PUCE,Pontificia Universidad Católica del Ecuador,CIENCIA DE DATOS E INTELIGENCIA ARTIFICIAL,3,analizar datos,skill/competence,cross-sector,0.8785,http://data.europa.eu/esco/skill/a571ae14-3e16-4fd3-a615-5646e0b0b696
PUCE,Pontificia Universidad Católica del Ecuador,CIENCIA DE DATOS E INTELIGENCIA ARTIFICIAL,4,aplicar procesos de calidad de datos,skill/competence,cross-sector,0.8778,http://data.europa.eu/esco/skill/713fb616-118e-40bc-9366-4a69879a49d5
PUCE,Pontificia Universidad Católica del Ecuador,CIENCIA DE DATOS E INTELIGENCIA ARTIFICIAL,5,predecir tendencias económicas,skill/competence,cross-sector,0.8771,http://data.europa.eu/esco/skill/f2a34d6b-131a-4b8f-a110-898b9c91d18f
PUCE,Pontificia Universidad Católica del Ecuador,CIENCIA DE DATOS E INTELIGENCIA ARTIFICIAL,6,gestionar datos cuantitativos,skill/competence,cross-sector,0.8752,http://data.europa.eu/esco/skill/57231a22-4da7-49c8-97b8-75672feadf1e
PUCE,Pontificia Universidad Católica del Ecuador,CIENCIA DE DATOS E INTELIGENCIA ARTIFICIAL,7,gestionar datos de investigación,skill/competence,cross-sector,0.8749,http://data.europa.eu/esco/skill/08b04e53-ed25-41a2-9f90-0b9cd939ba3d
PUCE,Pontificia Universidad Católica del Ecuador,CIENCIA DE DATOS E INTELIGENCIA ARTIFICIAL,8,realizar un análisis de datos,skill/competence,cross-sector,0.8749,http://data.europa.eu/esco/skill/2b92a5b2-6758-4ee3-9fb4-b6387a55cc8f
PUCE,Pontificia Universidad Católica del Ecuador,CIENCIA DE DATOS E INTELIGENCIA ARTIFICIAL,9,analizar datos de carácter ecológico,skill/competence,cross-sector,0.8735,http://data.europa.eu/esco/skill/5354a726-ee64-4f34-90f8-8436f9f374b8
PUCE,Pontificia Universidad Católica del Ecuador,CIENCIA DE DATOS E INTELIGENCIA ARTIFICIAL,10,tomar decisiones basadas en datos,skill/competence,cross-sector,0.8732,http://data.europa.eu/esco/skill/be20d05c-f6b4-4580-9fcf-f00f4baab562
PUCE,Pontificia Universidad Católica del Ecuador,COMPUTACIÓN,1,montar máquinas,skill/competence,cross-sector,0.8829,http://data.europa.eu/esco/skill/87a0c0e6-c114-4ea1-b2d0-933bce1f3c5f
PUCE,Pontificia Universidad Católica del Ecuador,COMPUTACIÓN,2,ejecutar cálculos matemáticos analíticos,skill/competence,cross-sector,0.8826,http://data.europa.eu/esco/skill/31c69100-b612-4a61-8db5-fd314318854c
PUCE,Pontificia Universidad Católica del Ecuador,COMPUTACIÓN,3,asesorar a la clientela acerca de las posibilidades técnicas,skill/competence,cross-sector,0.8823,http://data.europa.eu/esco/skill/7b3abd38-61ae-42a4-88bb-0884784f9ee1
PUCE,Pontificia Universidad Católica del Ecuador,COMPUTACIÓN,4,diseñar sistemas de control,skill/competence,cross-sector,0.8819,http://data.europa.eu/esco/skill/d560df46-dda4-4407-bab2-b87353a96814
PUCE,Pontificia Universidad Católica del Ecuador,COMPUTACIÓN,5,resolver problemas técnicos,skill/competence,cross-sector,0.8787,http://data.europa.eu/esco/skill/14832d87-2f2f-4895-b290-e4760ebae42a
PUCE,Pontificia Universidad Católica del Ecuador,COMPUTACIÓN,6,crear soluciones para problemas informativos,skill/competence,cross-sector,0.8757,http://data.europa.eu/esco/skill/4539aeca-b56f-4d03-ba86-8f675a7f2536
PUCE,Pontificia Universidad Católica del Ecuador,COMPUTACIÓN,7,elaborar estrategias para resolver problemas,skill/competence,cross-sector,0.8748,http://data.europa.eu/esco/skill/7a8fb784-67fa-41e9-a75c-6b491d91f800
PUCE,Pontificia Universidad Católica del Ecuador,COMPUTACIÓN,8,diseñar sistemas electromecánicos,skill/competence,cross-sector,0.8743,http://data.europa.eu/esco/skill/c5422318-3218-4ce9-9bdd-f38b93ff63a3
PUCE,Pontificia Universidad Católica del Ecuador,COMPUTACIÓN,9,Proponer soluciones tecnológicas a problemas empresariales,skill/competence,cross-sector,0.8735,http://data.europa.eu/esco/skill/07e51c60-763a-4335-b4ec-70a15f66d328
PUCE,Pontificia Universidad Católica del Ecuador,COMPUTACIÓN,10,resolver problemas de sistemas TIC,skill/competence,cross-sector,0.873,http://data.europa.eu/esco/skill/9e06bac6-6b91-48ca-8b7d-c1f48cdecd7c
PUCE,Pontificia Universidad Católica del Ecuador,ECONOMÍA,1,analizar las tendencias económicas,skill/competence,cross-sector,0.8938,http://data.europa.eu/esco/skill/5f302d63-048e-451c-b150-97c124a5a26b
PUCE,Pontificia Universidad Católica del Ecuador,ECONOMÍA,2,analizar modelos de negocio,skill/competence,cross-sector,0.8923,http://data.europa.eu/esco/skill/3c1cbc5e-2220-4f45-bcc8-3d52c8c9cae0
PUCE,Pontificia Universidad Católica del Ecuador,ECONOMÍA,3,elaborar software estadístico,skill/competence,cross-sector,0.8914,http://data.europa.eu/esco/skill/bb165899-d95f-4433-95f2-173fefd716d2
PUCE,Pontificia Universidad Católica del Ecuador,ECONOMÍA,4,asesorar sobre el desarrollo económico,skill/competence,cross-sector,0.8889,http://data.europa.eu/esco/skill/384ed14c-bf1f-4a65-aef6-6e711f43c4ce
PUCE,Pontificia Universidad Católica del Ecuador,ECONOMÍA,5,predecir tendencias económicas,skill/competence,cross-sector,0.8881,http://data.europa.eu/esco/skill/f2a34d6b-131a-4b8f-a110-898b9c91d18f
PUCE,Pontificia Universidad Católica del Ecuador,ECONOMÍA,6,observar nuevas evoluciones en países extranjeros,skill/competence,cross-sector,0.8864,http://data.europa.eu/esco/skill/2f4d68be-6e9f-46fa-9398-0573e900b5e3
PUCE,Pontificia Universidad Católica del Ecuador,ECONOMÍA,7,"llevar a cabo análisis de factores políticos, económicos, sociales, tecnológicos, ambientales y jurídicos",skill/competence,cross-sector,0.8848,http://data.europa.eu/esco/skill/9979e727-3104-42e0-8f41-4af2578111ea
PUCE,Pontificia Universidad Católica del Ecuador,ECONOMÍA,8,realizar estudios de mercado,skill/competence,cross-sector,0.8833,http://data.europa.eu/esco/skill/fe39d4db-4cb5-4299-bb9f-896c8fd6ab13
PUCE,Pontificia Universidad Católica del Ecuador,ECONOMÍA,9,analizar datos de carácter ecológico,skill/competence,cross-sector,0.8832,http://data.europa.eu/esco/skill/5354a726-ee64-4f34-90f8-8436f9f374b8
PUCE,Pontificia Universidad Católica del Ecuador,ECONOMÍA,10,ejecutar cálculos matemáticos analíticos,skill/competence,cross-sector,0.8823,http://data.europa.eu/esco/skill/31c69100-b612-4a61-8db5-fd314318854c
PUCE,Pontificia Universidad Católica del Ecuador,INGENIERÍA CIVIL,1,vigilar el cumplimiento de los parámetros de los proyectos de construcción,skill/competence,cross-sector,0.8806,http://data.europa.eu/esco/skill/3dd3dfa7-51c0-40ef-af46-e2df300489f6
PUCE,Pontificia Universidad Católica del Ecuador,INGENIERÍA CIVIL,2,garantizar el cumplimiento de los plazos de construcción,skill/competence,cross-sector,0.8804,http://data.europa.eu/esco/skill/6181f475-110c-497c-a46d-ed2e14e7bc90
PUCE,Pontificia Universidad Católica del Ecuador,INGENIERÍA CIVIL,3,examinar las infraestructuras civiles,skill/competence,cross-sector,0.8801,http://data.europa.eu/esco/skill/d48b3cfe-80b6-406f-b582-d959b60417f8
PUCE,Pontificia Universidad Católica del Ecuador,INGENIERÍA CIVIL,4,supervisar obras de construcción,skill/competence,cross-sector,0.8755,http://data.europa.eu/esco/skill/fc1a75bb-70e3-4005-881f-7709bf7b0ed4
PUCE,Pontificia Universidad Católica del Ecuador,INGENIERÍA CIVIL,5,coordinar con expertos ferroviarios,skill/competence,cross-sector,0.8739,http://data.europa.eu/esco/skill/6172948e-5d52-4f94-a617-278a9013a8ae
PUCE,Pontificia Universidad Católica del Ecuador,INGENIERÍA CIVIL,6,someter a auditorías a los contratistas,skill/competence,cross-sector,0.873,http://data.europa.eu/esco/skill/0520d8ba-3c24-4f75-a8b0-f883ddeed82d
PUCE,Pontificia Universidad Católica del Ecuador,INGENIERÍA CIVIL,7,asesorar sobre temas de construcción,skill/competence,cross-sector,0.8726,http://data.europa.eu/esco/skill/3b64ab47-a874-403a-b781-7b23c2fc3c6c
PUCE,Pontificia Universidad Católica del Ecuador,INGENIERÍA CIVIL,8,revisar proyectos de construcción,skill/competence,cross-sector,0.8709,http://data.europa.eu/esco/skill/ea9fc9d9-c602-4430-a7fc-edac7429a6a8
PUCE,Pontificia Universidad Católica del Ecuador,INGENIERÍA CIVIL,9,evaluar el impacto ambiental de yacimientos y zonas industriales,skill/competence,cross-sector,0.8702,http://data.europa.eu/esco/skill/f12f094b-492f-4e88-b36b-50b8e58b7500
PUCE,Pontificia Universidad Católica del Ecuador,INGENIERÍA CIVIL,10,asesorar sobre el uso de terrenos,skill/competence,cross-sector,0.8683,http://data.europa.eu/esco/skill/8b46636e-e201-4086-a8d5-049b65eaf40e
PUCE,Pontificia Universidad Católica del Ecuador,MATEMÁTICA,1,ejecutar cálculos matemáticos analíticos,skill/competence,cross-sector,0.9097,http://data.europa.eu/esco/skill/31c69100-b612-4a61-8db5-fd314318854c
PUCE,Pontificia Universidad Católica del Ecuador,MATEMÁTICA,2,aplicar competencias matemáticas,skill/competence,cross-sector,0.8902,http://data.europa.eu/esco/skill/5dd01a1e-7ba0-4b7f-a76c-ed811c12bfde
PUCE,Pontificia Universidad Católica del Ecuador,MATEMÁTICA,3,comunicar información matemática,skill/competence,cross-sector,0.8851,http://data.europa.eu/esco/skill/a5826fe3-8df6-4fa8-adad-b7116864588f
PUCE,Pontificia Universidad Católica del Ecuador,MATEMÁTICA,4,"aplicar conocimientos científicos, tecnológicos y de ingeniería",skill/competence,transversal,0.8851,http://data.europa.eu/esco/skill/5c3ab99d-a3f1-4620-9602-d12d2151a03d
PUCE,Pontificia Universidad Católica del Ecuador,MATEMÁTICA,5,utilizar modelos informáticos especializados para predecir el tiempo,skill/competence,cross-sector,0.8839,http://data.europa.eu/esco/skill/206f5738-e91f-4390-84a2-fcb864bc11b1
PUCE,Pontificia Universidad Católica del Ecuador,MATEMÁTICA,6,interpretar información matemática,skill/competence,transversal,0.8832,http://data.europa.eu/esco/skill/6fc6f757-6baa-49fe-9a82-6ba6a52f2e13
PUCE,Pontificia Universidad Católica del Ecuador,MATEMÁTICA,7,presentar informes,skill/competence,cross-sector,0.8773,http://data.europa.eu/esco/skill/d0f2f8a7-d935-4a6d-8e54-dcc3e5e2cbeb
PUCE,Pontificia Universidad Católica del Ecuador,MATEMÁTICA,8,realizar cálculos,skill/competence,transversal,0.8772,http://data.europa.eu/esco/skill/19ba11f3-9c99-41fd-a7c9-f77e6a026186
PUCE,Pontificia Universidad Católica del Ecuador,MATEMÁTICA,9,gestionar datos de investigación,skill/competence,cross-sector,0.8767,http://data.europa.eu/esco/skill/08b04e53-ed25-41a2-9f90-0b9cd939ba3d
PUCE,Pontificia Universidad Católica del Ecuador,MATEMÁTICA,10,prestar asistencia en investigaciones científicas,skill/competence,cross-sector,0.876,http://data.europa.eu/esco/skill/d6179c4b-ff5a-4bbb-a3c8-e0acf0de1f56
PUCE,Pontificia Universidad Católica del Ecuador,INGENIERÍA AMBIENTAL,1,evaluar el impacto ambiental de yacimientos y zonas industriales,skill/competence,cross-sector,0.8984,http://data.europa.eu/esco/skill/f12f094b-492f-4e88-b36b-50b8e58b7500
PUCE,Pontificia Universidad Católica del Ecuador,INGENIERÍA AMBIENTAL,2,gestionar el impacto medioambiental de las operaciones,skill/competence,cross-sector,0.8979,http://data.europa.eu/esco/skill/d86babea-bf8b-4552-81a8-daf706066ad6
PUCE,Pontificia Universidad Católica del Ecuador,INGENIERÍA AMBIENTAL,3,realizar auditorías ambientales,skill/competence,cross-sector,0.8953,http://data.europa.eu/esco/skill/60ab2bf7-c812-4a88-86c0-7c81a9b2f77c
PUCE,Pontificia Universidad Católica del Ecuador,INGENIERÍA AMBIENTAL,4,diseñar escombreras de minas,skill/competence,cross-sector,0.8923,http://data.europa.eu/esco/skill/cfbe1cdb-1738-45a1-b442-75cbda1fff06
PUCE,Pontificia Universidad Católica del Ecuador,INGENIERÍA AMBIENTAL,5,supervisar sistemas de gestión ambiental,skill/competence,cross-sector,0.8856,http://data.europa.eu/esco/skill/b13e0689-636d-42d0-86c3-df9d6f85a882
PUCE,Pontificia Universidad Católica del Ecuador,INGENIERÍA AMBIENTAL,6,asesorar sobre políticas de gestión sostenible,skill/competence,cross-sector,0.8855,http://data.europa.eu/esco/skill/6742977a-aa00-4c8c-9861-898b0373907e
PUCE,Pontificia Universidad Católica del Ecuador,INGENIERÍA AMBIENTAL,7,gestionar impacto ambiental,skill/competence,cross-sector,0.8846,http://data.europa.eu/esco/skill/d3a8ef9c-8572-438c-91dc-010537070be3
PUCE,Pontificia Universidad Católica del Ecuador,INGENIERÍA AMBIENTAL,8,asesorar sobre sistemas de gestión de riesgos ambientales,skill/competence,cross-sector,0.8819,http://data.europa.eu/esco/skill/a366bfc5-8d17-4792-a9f0-db0951528dda
PUCE,Pontificia Universidad Católica del Ecuador,INGENIERÍA AMBIENTAL,9,asesorar sobre recuperación ambiental,skill/competence,cross-sector,0.8808,http://data.europa.eu/esco/skill/b422efe7-b151-4120-86ae-db11a48dd0fa
PUCE,Pontificia Universidad Católica del Ecuador,INGENIERÍA AMBIENTAL,10,asesorar sobre procedimientos de gestión de residuos,skill/competence,cross-sector,0.8788,http://data.europa.eu/esco/skill/f82b05a7-128b-4a72-a815-044ff6062f62
PUCE,Pontificia Universidad Católica del Ecuador,SISTEMAS DE INFORMACIÓN,1,crear soluciones para problemas informativos,skill/competence,cross-sector,0.889,http://data.europa.eu/esco/skill/4539aeca-b56f-4d03-ba86-8f675a7f2536
PUCE,Pontificia Universidad Católica del Ecuador,SISTEMAS DE INFORMACIÓN,2,resolver problemas de sistemas TIC,skill/competence,cross-sector,0.8843,http://data.europa.eu/esco/skill/9e06bac6-6b91-48ca-8b7d-c1f48cdecd7c
PUCE,Pontificia Universidad Católica del Ecuador,SISTEMAS DE INFORMACIÓN,3,gestionar sistemas de instrumentación,skill/competence,cross-sector,0.8839,http://data.europa.eu/esco/skill/5d71a91f-cc72-4b66-b6e3-d75ecc05e235
PUCE,Pontificia Universidad Católica del Ecuador,SISTEMAS DE INFORMACIÓN,4,configurar textos en formato digital,skill/competence,cross-sector,0.8826,http://data.europa.eu/esco/skill/9b30c8fd-6467-4d16-99e0-32899a9ceec0
PUCE,Pontificia Universidad Católica del Ecuador,SISTEMAS DE INFORMACIÓN,5,detectar necesidades tecnológicas,skill/competence,cross-sector,0.8809,http://data.europa.eu/esco/skill/42fcf80d-7b45-40f3-bd2f-5411c4c0dfa0
PUCE,Pontificia Universidad Católica del Ecuador,SISTEMAS DE INFORMACIÓN,6,"gestionar datos, información y contenido digitales",skill/competence,cross-sector,0.8796,http://data.europa.eu/esco/skill/4d97e3c3-f335-47cc-a4ee-0d779fd42222
PUCE,Pontificia Universidad Católica del Ecuador,SISTEMAS DE INFORMACIÓN,7,montar máquinas,skill/competence,cross-sector,0.8792,http://data.europa.eu/esco/skill/87a0c0e6-c114-4ea1-b2d0-933bce1f3c5f
PUCE,Pontificia Universidad Católica del Ecuador,SISTEMAS DE INFORMACIÓN,8,detectar y corregir errores de las tecnologías de la información y de las comunicaciones,skill/competence,cross-sector,0.8786,http://data.europa.eu/esco/skill/744442ac-c157-4350-8be0-ce454df4f5c5
PUCE,Pontificia Universidad Católica del Ecuador,SISTEMAS DE INFORMACIÓN,9,diseñar sistemas de control,skill/competence,cross-sector,0.8774,http://data.europa.eu/esco/skill/d560df46-dda4-4407-bab2-b87353a96814
PUCE,Pontificia Universidad Católica del Ecuador,SISTEMAS DE INFORMACIÓN,10,ejecutar cálculos matemáticos analíticos,skill/competence,cross-sector,0.8768,http://data.europa.eu/esco/skill/31c69100-b612-4a61-8db5-fd314318854c
UTN,Universidad Técnica del Norte,ADMINISTRACIÓN DE EMPRESAS,1,gestionar empresas de producción,skill/competence,cross-sector,0.9053,http://data.europa.eu/esco/skill/435d1751-8667-41ec-8b32-865b7cd3c684
UTN,Universidad Técnica del Norte,ADMINISTRACIÓN DE EMPRESAS,2,realizar diversas tareas organizativas en la empresa,skill/competence,cross-sector,0.8883,http://data.europa.eu/esco/skill/01755f08-4df4-4cf0-8d22-08f94cad68b5
UTN,Universidad Técnica del Norte,ADMINISTRACIÓN DE EMPRESAS,3,elaborar estrategias para resolver problemas,skill/competence,cross-sector,0.8877,http://data.europa.eu/esco/skill/7a8fb784-67fa-41e9-a75c-6b491d91f800
UTN,Universidad Técnica del Norte,ADMINISTRACIÓN DE EMPRESAS,4,gestionar recursos humanos,skill/competence,cross-sector,0.8854,http://data.europa.eu/esco/skill/339ac029-066a-4985-9f9d-b3d7c8fea0bb
UTN,Universidad Técnica del Norte,ADMINISTRACIÓN DE EMPRESAS,5,gestionar los programas públicos,skill/competence,cross-sector,0.8852,http://data.europa.eu/esco/skill/0761f325-13e7-49f4-a41a-ec64ba4e7b9d
UTN,Universidad Técnica del Norte,ADMINISTRACIÓN DE EMPRESAS,6,gestionar proyectos de investigación y desarrollo,skill/competence,cross-sector,0.8829,http://data.europa.eu/esco/skill/d5dbc342-8e39-4998-8237-ebbe05a381ce
UTN,Universidad Técnica del Norte,ADMINISTRACIÓN DE EMPRESAS,7,elaborar las estrategias empresariales,skill/competence,cross-sector,0.8813,http://data.europa.eu/esco/skill/ba2c6181-b036-40b4-8f6d-51499463ccbb
UTN,Universidad Técnica del Norte,ADMINISTRACIÓN DE EMPRESAS,8,realizar gestión de clientes,skill/competence,cross-sector,0.8809,http://data.europa.eu/esco/skill/91306a20-9b81-4f3d-97eb-f5368b607da7
UTN,Universidad Técnica del Norte,ADMINISTRACIÓN DE EMPRESAS,9,mejorar procesos empresariales,skill/competence,cross-sector,0.88,http://data.europa.eu/esco/skill/75b30aeb-34c0-40f4-b77d-271d75a98b14
UTN,Universidad Técnica del Norte,ADMINISTRACIÓN DE EMPRESAS,10,gestionar programas de formación en la empresa,skill/competence,cross-sector,0.88,http://data.europa.eu/esco/skill/6e66fa0f-4d3b-415e-9693-dc556eb5112a
UTN,Universidad Técnica del Norte,AGROINDUSTRIA ALIMENTARIA,1,gestionar experimentos a gran escala para la fabricación de alimentos,skill/competence,cross-sector,0.8881,http://data.europa.eu/esco/skill/950c1106-4ea1-4fb7-a115-5dd5adcc1ea4
UTN,Universidad Técnica del Norte,AGROINDUSTRIA ALIMENTARIA,2,cuidar la presentación de los alimentos,skill/competence,cross-sector,0.8843,http://data.europa.eu/esco/skill/0eece926-f1a3-4b65-9b99-a35e4c0eb835
UTN,Universidad Técnica del Norte,AGROINDUSTRIA ALIMENTARIA,3,gestionar los ensayos de productos,skill/competence,cross-sector,0.8782,http://data.europa.eu/esco/skill/b7a03115-41c9-4167-a0b6-7e40cf0fd607
UTN,Universidad Técnica del Norte,AGROINDUSTRIA ALIMENTARIA,4,impartir formación sobre cómo supervisar la gestión de la calidad,skill/competence,cross-sector,0.8771,http://data.europa.eu/esco/skill/09e7cd13-ea36-4694-afe5-f34373759392
UTN,Universidad Técnica del Norte,AGROINDUSTRIA ALIMENTARIA,5,seguir procedimientos higiénicos en el tratamiento de alimentos,skill/competence,cross-sector,0.8767,http://data.europa.eu/esco/skill/a34f4fd4-1aff-4941-82d5-542ac94f81c3
UTN,Universidad Técnica del Norte,AGROINDUSTRIA ALIMENTARIA,6,realizar la evaluación sensorial de productos alimenticios,skill/competence,cross-sector,0.8756,http://data.europa.eu/esco/skill/2f4e1ff6-1191-4fd8-b1bf-043af19cec65
UTN,Universidad Técnica del Norte,AGROINDUSTRIA ALIMENTARIA,7,evaluar el impacto ambiental de yacimientos y zonas industriales,skill/competence,cross-sector,0.8756,http://data.europa.eu/esco/skill/f12f094b-492f-4e88-b36b-50b8e58b7500
UTN,Universidad Técnica del Norte,AGROINDUSTRIA ALIMENTARIA,8,asegurarse de que los productos cumplen los requisitos legales,skill/competence,cross-sector,0.8752,http://data.europa.eu/esco/skill/f453b1a6-c7db-4d9d-9ba3-47c45159bfe3
UTN,Universidad Técnica del Norte,AGROINDUSTRIA ALIMENTARIA,9,mejorar procesos químicos,skill/competence,cross-sector,0.872,http://data.europa.eu/esco/skill/451c8010-7dbb-4f96-b4d4-0955766d9eff
UTN,Universidad Técnica del Norte,AGROINDUSTRIA ALIMENTARIA,10,integrar productos nuevos en la cadena de fabricación,skill/competence,cross-sector,0.8716,http://data.europa.eu/esco/skill/8a753714-9a19-4418-9b37-77e79d72c705
UTN,Universidad Técnica del Norte,COMPUTACIÓN,1,montar máquinas,skill/competence,cross-sector,0.8852,http://data.europa.eu/esco/skill/87a0c0e6-c114-4ea1-b2d0-933bce1f3c5f
UTN,Universidad Técnica del Norte,COMPUTACIÓN,2,resolver problemas de sistemas TIC,skill/competence,cross-sector,0.8826,http://data.europa.eu/esco/skill/9e06bac6-6b91-48ca-8b7d-c1f48cdecd7c
UTN,Universidad Técnica del Norte,COMPUTACIÓN,3,diseñar sistemas de control,skill/competence,cross-sector,0.881,http://data.europa.eu/esco/skill/d560df46-dda4-4407-bab2-b87353a96814
UTN,Universidad Técnica del Norte,COMPUTACIÓN,4,crear soluciones para problemas informativos,skill/competence,cross-sector,0.8773,http://data.europa.eu/esco/skill/4539aeca-b56f-4d03-ba86-8f675a7f2536
UTN,Universidad Técnica del Norte,COMPUTACIÓN,5,Proponer soluciones tecnológicas a problemas empresariales,skill/competence,cross-sector,0.8762,http://data.europa.eu/esco/skill/07e51c60-763a-4335-b4ec-70a15f66d328
UTN,Universidad Técnica del Norte,COMPUTACIÓN,6,gestionar sistemas de instrumentación,skill/competence,cross-sector,0.8761,http://data.europa.eu/esco/skill/5d71a91f-cc72-4b66-b6e3-d75ecc05e235
UTN,Universidad Técnica del Norte,COMPUTACIÓN,7,gestionar los programas públicos,skill/competence,cross-sector,0.8751,http://data.europa.eu/esco/skill/0761f325-13e7-49f4-a41a-ec64ba4e7b9d
UTN,Universidad Técnica del Norte,COMPUTACIÓN,8,ejecutar cálculos matemáticos analíticos,skill/competence,cross-sector,0.8747,http://data.europa.eu/esco/skill/31c69100-b612-4a61-8db5-fd314318854c
UTN,Universidad Técnica del Norte,COMPUTACIÓN,9,resolver problemas técnicos,skill/competence,cross-sector,0.8747,http://data.europa.eu/esco/skill/14832d87-2f2f-4895-b290-e4760ebae42a
UTN,Universidad Técnica del Norte,COMPUTACIÓN,10,garantizar el cumplimiento de la legislación en materia de seguridad,skill/competence,cross-sector,0.8745,http://data.europa.eu/esco/skill/233be639-bdb5-4099-ab40-96d537d6c1f3
UTN,Universidad Técnica del Norte,ELECTRÓNICA Y AUTOMATIZACIÓN,1,diseñar sistemas de control,skill/competence,cross-sector,0.897,http://data.europa.eu/esco/skill/d560df46-dda4-4407-bab2-b87353a96814
UTN,Universidad Técnica del Norte,ELECTRÓNICA Y AUTOMATIZACIÓN,2,montar máquinas,skill/competence,cross-sector,0.8889,http://data.europa.eu/esco/skill/87a0c0e6-c114-4ea1-b2d0-933bce1f3c5f
UTN,Universidad Técnica del Norte,ELECTRÓNICA Y AUTOMATIZACIÓN,3,operar el equipo de empaquetado,skill/competence,cross-sector,0.8885,http://data.europa.eu/esco/skill/f8cd217b-b870-42aa-9bbe-d36b672cbb65
UTN,Universidad Técnica del Norte,ELECTRÓNICA Y AUTOMATIZACIÓN,4,supervisar el funcionamiento de los equipos,skill/competence,cross-sector,0.8855,http://data.europa.eu/esco/skill/ca17f0df-59e4-4ed2-9360-fc5325bc7151
UTN,Universidad Técnica del Norte,ELECTRÓNICA Y AUTOMATIZACIÓN,5,planificar procesos de fabricación,skill/competence,cross-sector,0.8845,http://data.europa.eu/esco/skill/7d0f33ea-e724-4d77-8b75-ee4fe66bb9ba
UTN,Universidad Técnica del Norte,ELECTRÓNICA Y AUTOMATIZACIÓN,6,desarrollar procedimientos de prueba electrónica,skill/competence,cross-sector,0.884,http://data.europa.eu/esco/skill/0de6bca4-f3aa-452a-8e10-d355b2c1bfc4
UTN,Universidad Técnica del Norte,ELECTRÓNICA Y AUTOMATIZACIÓN,7,verificar unidades electrónicas,skill/competence,cross-sector,0.8824,http://data.europa.eu/esco/skill/baf501a8-f0fe-4ad7-9b69-8e920fa1a87b
UTN,Universidad Técnica del Norte,ELECTRÓNICA Y AUTOMATIZACIÓN,8,gestionar empresas de producción,skill/competence,cross-sector,0.8812,http://data.europa.eu/esco/skill/435d1751-8667-41ec-8b32-865b7cd3c684
UTN,Universidad Técnica del Norte,ELECTRÓNICA Y AUTOMATIZACIÓN,9,mantener equipos electrónicos,skill/competence,cross-sector,0.8795,http://data.europa.eu/esco/skill/ba45db8f-34e8-4f29-af0b-e6645e1d693f
UTN,Universidad Técnica del Norte,ELECTRÓNICA Y AUTOMATIZACIÓN,10,gestionar sistemas de instrumentación,skill/competence,cross-sector,0.8788,http://data.europa.eu/esco/skill/5d71a91f-cc72-4b66-b6e3-d75ecc05e235
UTN,Universidad Técnica del Norte,INGENIERÍA CIVIL,1,gestionar los programas públicos,skill/competence,cross-sector,0.8844,http://data.europa.eu/esco/skill/0761f325-13e7-49f4-a41a-ec64ba4e7b9d
UTN,Universidad Técnica del Norte,INGENIERÍA CIVIL,2,garantizar el cumplimiento de los plazos de construcción,skill/competence,cross-sector,0.8833,http://data.europa.eu/esco/skill/6181f475-110c-497c-a46d-ed2e14e7bc90
UTN,Universidad Técnica del Norte,INGENIERÍA CIVIL,3,vigilar el cumplimiento de los parámetros de los proyectos de construcción,skill/competence,cross-sector,0.883,http://data.europa.eu/esco/skill/3dd3dfa7-51c0-40ef-af46-e2df300489f6
UTN,Universidad Técnica del Norte,INGENIERÍA CIVIL,4,supervisar obras de construcción,skill/competence,cross-sector,0.8806,http://data.europa.eu/esco/skill/fc1a75bb-70e3-4005-881f-7709bf7b0ed4
UTN,Universidad Técnica del Norte,INGENIERÍA CIVIL,5,evaluar el impacto ambiental de yacimientos y zonas industriales,skill/competence,cross-sector,0.8788,http://data.europa.eu/esco/skill/f12f094b-492f-4e88-b36b-50b8e58b7500
UTN,Universidad Técnica del Norte,INGENIERÍA CIVIL,6,supervisar el trabajo de planificación del diseño,skill/competence,cross-sector,0.8787,http://data.europa.eu/esco/skill/03227978-f839-4cc8-88a6-0a3c44d2c776
UTN,Universidad Técnica del Norte,INGENIERÍA CIVIL,7,examinar las infraestructuras civiles,skill/competence,cross-sector,0.8756,http://data.europa.eu/esco/skill/d48b3cfe-80b6-406f-b582-d959b60417f8
UTN,Universidad Técnica del Norte,INGENIERÍA CIVIL,8,revisar proyectos de construcción,skill/competence,cross-sector,0.8746,http://data.europa.eu/esco/skill/ea9fc9d9-c602-4430-a7fc-edac7429a6a8
UTN,Universidad Técnica del Norte,INGENIERÍA CIVIL,9,supervisar un proyecto de construcción,skill/competence,cross-sector,0.8726,http://data.europa.eu/esco/skill/1de548e0-9535-4d2e-9d20-d4474c1ea813
UTN,Universidad Técnica del Norte,INGENIERÍA CIVIL,10,asesorar sobre temas de construcción,skill/competence,cross-sector,0.8721,http://data.europa.eu/esco/skill/3b64ab47-a874-403a-b781-7b23c2fc3c6c
UTN,Universidad Técnica del Norte,MECATRÓNICA,1,mecatrónica,knowledge,cross-sector,0.8879,http://data.europa.eu/esco/skill/d88cb3f1-8e02-4618-bf32-4b0488066934
UTN,Universidad Técnica del Norte,MECATRÓNICA,2,diseñar sistemas electromecánicos,skill/competence,cross-sector,0.8811,http://data.europa.eu/esco/skill/c5422318-3218-4ce9-9bdd-f38b93ff63a3
UTN,Universidad Técnica del Norte,MECATRÓNICA,3,planificar procesos de fabricación,skill/competence,cross-sector,0.8794,http://data.europa.eu/esco/skill/7d0f33ea-e724-4d77-8b75-ee4fe66bb9ba
UTN,Universidad Técnica del Norte,MECATRÓNICA,4,diseñar sistemas de control,skill/competence,cross-sector,0.8787,http://data.europa.eu/esco/skill/d560df46-dda4-4407-bab2-b87353a96814
UTN,Universidad Técnica del Norte,MECATRÓNICA,5,diseñar componentes de automatización,skill/competence,cross-sector,0.8783,http://data.europa.eu/esco/skill/f96f5aa5-6ed7-40dc-a431-68b0a09d6d4b
UTN,Universidad Técnica del Norte,MECATRÓNICA,6,integrar productos nuevos en la cadena de fabricación,skill/competence,cross-sector,0.875,http://data.europa.eu/esco/skill/8a753714-9a19-4418-9b37-77e79d72c705
UTN,Universidad Técnica del Norte,MECATRÓNICA,7,montar máquinas,skill/competence,cross-sector,0.8735,http://data.europa.eu/esco/skill/87a0c0e6-c114-4ea1-b2d0-933bce1f3c5f
UTN,Universidad Técnica del Norte,MECATRÓNICA,8,mejorar procesos químicos,skill/competence,cross-sector,0.8724,http://data.europa.eu/esco/skill/451c8010-7dbb-4f96-b4d4-0955766d9eff
UTN,Universidad Técnica del Norte,MECATRÓNICA,9,diseñar sistemas microelectromecánicos,skill/competence,cross-sector,0.8696,http://data.europa.eu/esco/skill/c022ff1b-7783-4e64-89ef-0422c81ff51f
UTN,Universidad Técnica del Norte,MECATRÓNICA,10,diseñar planos técnicos,skill/competence,cross-sector,0.8687,http://data.europa.eu/esco/skill/5c98825f-146d-4d35-97cf-207b2afd9ae2
UTN,Universidad Técnica del Norte,SISTEMAS DE INFORMACIÓN,1,crear soluciones para problemas informativos,skill/competence,cross-sector,0.8892,http://data.europa.eu/esco/skill/4539aeca-b56f-4d03-ba86-8f675a7f2536
UTN,Universidad Técnica del Norte,SISTEMAS DE INFORMACIÓN,2,gestionar sistemas de instrumentación,skill/competence,cross-sector,0.8882,http://data.europa.eu/esco/skill/5d71a91f-cc72-4b66-b6e3-d75ecc05e235
UTN,Universidad Técnica del Norte,SISTEMAS DE INFORMACIÓN,3,resolver problemas de sistemas TIC,skill/competence,cross-sector,0.8851,http://data.europa.eu/esco/skill/9e06bac6-6b91-48ca-8b7d-c1f48cdecd7c
UTN,Universidad Técnica del Norte,SISTEMAS DE INFORMACIÓN,4,montar máquinas,skill/competence,cross-sector,0.8827,http://data.europa.eu/esco/skill/87a0c0e6-c114-4ea1-b2d0-933bce1f3c5f
UTN,Universidad Técnica del Norte,SISTEMAS DE INFORMACIÓN,5,"gestionar datos, información y contenido digitales",skill/competence,cross-sector,0.881,http://data.europa.eu/esco/skill/4d97e3c3-f335-47cc-a4ee-0d779fd42222
UTN,Universidad Técnica del Norte,SISTEMAS DE INFORMACIÓN,6,configurar textos en formato digital,skill/competence,cross-sector,0.8809,http://data.europa.eu/esco/skill/9b30c8fd-6467-4d16-99e0-32899a9ceec0
UTN,Universidad Técnica del Norte,SISTEMAS DE INFORMACIÓN,7,diseñar sistemas de control,skill/competence,cross-sector,0.8806,http://data.europa.eu/esco/skill/d560df46-dda4-4407-bab2-b87353a96814
UTN,Universidad Técnica del Norte,SISTEMAS DE INFORMACIÓN,8,detectar necesidades tecnológicas,skill/competence,cross-sector,0.8793,http://data.europa.eu/esco/skill/42fcf80d-7b45-40f3-bd2f-5411c4c0dfa0
UTN,Universidad Técnica del Norte,SISTEMAS DE INFORMACIÓN,9,resolver problemas técnicos,skill/competence,cross-sector,0.8787,http://data.europa.eu/esco/skill/14832d87-2f2f-4895-b290-e4760ebae42a
UTN,Universidad Técnica del Norte,SISTEMAS DE INFORMACIÓN,10,detectar y corregir errores de las tecnologías de la información y de las comunicaciones,skill/competence,cross-sector,0.8772,http://data.europa.eu/esco/skill/744442ac-c157-4350-8be0-ce454df4f5c5
UTN,Universidad Técnica del Norte,TELECOMUNICACIONES,1,coordinar comunicaciones remotas,skill/competence,cross-sector,0.8823,http://data.europa.eu/esco/skill/9bafaea2-76cd-4532-ab77-8b3d21fa6235
UTN,Universidad Técnica del Norte,TELECOMUNICACIONES,2,gestionar los programas públicos,skill/competence,cross-sector,0.8757,http://data.europa.eu/esco/skill/0761f325-13e7-49f4-a41a-ec64ba4e7b9d
UTN,Universidad Técnica del Norte,TELECOMUNICACIONES,3,resolver problemas técnicos,skill/competence,cross-sector,0.875,http://data.europa.eu/esco/skill/14832d87-2f2f-4895-b290-e4760ebae42a
UTN,Universidad Técnica del Norte,TELECOMUNICACIONES,4,configurar textos en formato digital,skill/competence,cross-sector,0.8728,http://data.europa.eu/esco/skill/9b30c8fd-6467-4d16-99e0-32899a9ceec0
UTN,Universidad Técnica del Norte,TELECOMUNICACIONES,5,actuar de enlace con profesionales del sector,skill/competence,cross-sector,0.8725,http://data.europa.eu/esco/skill/d1317634-ccea-44d0-9cdc-c863f9bf856b
UTN,Universidad Técnica del Norte,TELECOMUNICACIONES,6,detectar y corregir errores de las tecnologías de la información y de las comunicaciones,skill/competence,cross-sector,0.8725,http://data.europa.eu/esco/skill/744442ac-c157-4350-8be0-ce454df4f5c5
UTN,Universidad Técnica del Norte,TELECOMUNICACIONES,7,comunicar cuestiones técnicas a los clientes,skill/competence,cross-sector,0.8694,http://data.europa.eu/esco/skill/652da95d-b336-497a-bce5-1c29a674eecb
UTN,Universidad Técnica del Norte,TELECOMUNICACIONES,8,crear soluciones para problemas informativos,skill/competence,cross-sector,0.8688,http://data.europa.eu/esco/skill/4539aeca-b56f-4d03-ba86-8f675a7f2536
UTN,Universidad Técnica del Norte,TELECOMUNICACIONES,9,gestionar las comunicaciones visuales,skill/competence,cross-sector,0.8687,http://data.europa.eu/esco/skill/50b96d21-f2eb-4f35-a8d3-77eee15ef51f
UTN,Universidad Técnica del Norte,TELECOMUNICACIONES,10,evaluar el impacto ambiental de yacimientos y zonas industriales,skill/competence,cross-sector,0.8682,http://data.europa.eu/esco/skill/f12f094b-492f-4e88-b36b-50b8e58b7500
UTM,Universidad Técnica de Manabí,ADMINISTRACIÓN DE EMPRESAS,1,gestionar empresas de producción,skill/competence,cross-sector,0.91,http://data.europa.eu/esco/skill/435d1751-8667-41ec-8b32-865b7cd3c684
UTM,Universidad Técnica de Manabí,ADMINISTRACIÓN DE EMPRESAS,2,realizar diversas tareas organizativas en la empresa,skill/competence,cross-sector,0.8977,http://data.europa.eu/esco/skill/01755f08-4df4-4cf0-8d22-08f94cad68b5
UTM,Universidad Técnica de Manabí,ADMINISTRACIÓN DE EMPRESAS,3,elaborar estrategias para resolver problemas,skill/competence,cross-sector,0.8933,http://data.europa.eu/esco/skill/7a8fb784-67fa-41e9-a75c-6b491d91f800
UTM,Universidad Técnica de Manabí,ADMINISTRACIÓN DE EMPRESAS,4,gestionar recursos humanos,skill/competence,cross-sector,0.8926,http://data.europa.eu/esco/skill/339ac029-066a-4985-9f9d-b3d7c8fea0bb
UTM,Universidad Técnica de Manabí,ADMINISTRACIÓN DE EMPRESAS,5,elaborar las estrategias empresariales,skill/competence,cross-sector,0.8885,http://data.europa.eu/esco/skill/ba2c6181-b036-40b4-8f6d-51499463ccbb
UTM,Universidad Técnica de Manabí,ADMINISTRACIÓN DE EMPRESAS,6,asesorar sobre gestión de conflictos,skill/competence,cross-sector,0.8885,http://data.europa.eu/esco/skill/9091c8e5-9357-4c29-bceb-ddb1792c22e8
UTM,Universidad Técnica de Manabí,ADMINISTRACIÓN DE EMPRESAS,7,gestionar proyectos de investigación y desarrollo,skill/competence,cross-sector,0.8866,http://data.europa.eu/esco/skill/d5dbc342-8e39-4998-8237-ebbe05a381ce
UTM,Universidad Técnica de Manabí,ADMINISTRACIÓN DE EMPRESAS,8,ejercer el control del gasto,skill/competence,cross-sector,0.8862,http://data.europa.eu/esco/skill/b08ec8ff-1a3e-4cc3-8016-9520b21666a6
UTM,Universidad Técnica de Manabí,ADMINISTRACIÓN DE EMPRESAS,9,mejorar procesos empresariales,skill/competence,cross-sector,0.8861,http://data.europa.eu/esco/skill/75b30aeb-34c0-40f4-b77d-271d75a98b14
UTM,Universidad Técnica de Manabí,ADMINISTRACIÓN DE EMPRESAS,10,participar en las operaciones cotidianas de la empresa,skill/competence,cross-sector,0.8856,http://data.europa.eu/esco/skill/ce4cbc3a-bde0-43b4-9526-e643c4fe5b04
UTM,Universidad Técnica de Manabí,ECONOMÍA,1,elaborar software estadístico,skill/competence,cross-sector,0.898,http://data.europa.eu/esco/skill/bb165899-d95f-4433-95f2-173fefd716d2
UTM,Universidad Técnica de Manabí,ECONOMÍA,2,asesorar sobre el desarrollo económico,skill/competence,cross-sector,0.8896,http://data.europa.eu/esco/skill/384ed14c-bf1f-4a65-aef6-6e711f43c4ce
UTM,Universidad Técnica de Manabí,ECONOMÍA,3,realizar estudios de mercado,skill/competence,cross-sector,0.8881,http://data.europa.eu/esco/skill/fe39d4db-4cb5-4299-bb9f-896c8fd6ab13
UTM,Universidad Técnica de Manabí,ECONOMÍA,4,predecir tendencias económicas,skill/competence,cross-sector,0.8881,http://data.europa.eu/esco/skill/f2a34d6b-131a-4b8f-a110-898b9c91d18f
UTM,Universidad Técnica de Manabí,ECONOMÍA,5,asesorar sobre políticas de gestión sostenible,skill/competence,cross-sector,0.8869,http://data.europa.eu/esco/skill/6742977a-aa00-4c8c-9861-898b0373907e
UTM,Universidad Técnica de Manabí,ECONOMÍA,6,gestionar los programas públicos,skill/competence,cross-sector,0.8863,http://data.europa.eu/esco/skill/0761f325-13e7-49f4-a41a-ec64ba4e7b9d
UTM,Universidad Técnica de Manabí,ECONOMÍA,7,evaluar el impacto ambiental de yacimientos y zonas industriales,skill/competence,cross-sector,0.886,http://data.europa.eu/esco/skill/f12f094b-492f-4e88-b36b-50b8e58b7500
UTM,Universidad Técnica de Manabí,ECONOMÍA,8,analizar las tendencias económicas,skill/competence,cross-sector,0.8855,http://data.europa.eu/esco/skill/5f302d63-048e-451c-b150-97c124a5a26b
UTM,Universidad Técnica de Manabí,ECONOMÍA,9,analizar modelos de negocio,skill/competence,cross-sector,0.8844,http://data.europa.eu/esco/skill/3c1cbc5e-2220-4f45-bcc8-3d52c8c9cae0
UTM,Universidad Técnica de Manabí,ECONOMÍA,10,asesorar sobre política tributaria,skill/competence,cross-sector,0.884,http://data.europa.eu/esco/skill/b5feaf25-3975-4e74-85fd-4470e344ba2e
UTM,Universidad Técnica de Manabí,ELECTRICIDAD,1,evaluar las necesidades energéticas,skill/competence,cross-sector,0.8929,http://data.europa.eu/esco/skill/36fccad9-1d20-4104-bcc2-a8ea9d1ce5ea
UTM,Universidad Técnica de Manabí,ELECTRICIDAD,2,realizar actividades de gestión energética en instalaciones,skill/competence,cross-sector,0.8885,http://data.europa.eu/esco/skill/885808f7-f42b-406e-95f2-28efcd45ddda
UTM,Universidad Técnica de Manabí,ELECTRICIDAD,3,mantener motores eléctricos,skill/competence,cross-sector,0.8786,http://data.europa.eu/esco/skill/2876970d-90af-45bd-9cfd-c0af757947ea
UTM,Universidad Técnica de Manabí,ELECTRICIDAD,4,montar generadores,skill/competence,cross-sector,0.8775,http://data.europa.eu/esco/skill/942edf03-a450-4261-b65c-9b447fdddc51
UTM,Universidad Técnica de Manabí,ELECTRICIDAD,5,mantener el equipo eléctrico,skill/competence,cross-sector,0.8773,http://data.europa.eu/esco/skill/386774ac-fe5b-431a-b485-9aec0bf5c09e
UTM,Universidad Técnica de Manabí,ELECTRICIDAD,6,analizar las tendencias del mercado de la energía,skill/competence,cross-sector,0.876,http://data.europa.eu/esco/skill/28878fd9-9a17-452a-b3b8-5db5c63d7905
UTM,Universidad Técnica de Manabí,ELECTRICIDAD,7,asesorar sobre cuestiones relativas a la energía renovable marina,skill/competence,cross-sector,0.8745,http://data.europa.eu/esco/skill/610ccf09-e9f2-4268-bb93-442dde5bf26e
UTM,Universidad Técnica de Manabí,ELECTRICIDAD,8,diseñar sistemas eléctricos,skill/competence,cross-sector,0.8741,http://data.europa.eu/esco/skill/05010f6c-0b40-4525-ac4a-057d46a2b6f4
UTM,Universidad Técnica de Manabí,ELECTRICIDAD,9,gestionar la recepción de suministros eléctricos,skill/competence,cross-sector,0.8731,http://data.europa.eu/esco/skill/c796e1fa-cbbd-4639-b8d9-cbcdc130c7a2
UTM,Universidad Técnica de Manabí,ELECTRICIDAD,10,gestionar los programas públicos,skill/competence,cross-sector,0.8728,http://data.europa.eu/esco/skill/0761f325-13e7-49f4-a41a-ec64ba4e7b9d
UTM,Universidad Técnica de Manabí,ELECTRÓNICA Y AUTOMATIZACIÓN,1,diseñar sistemas de control,skill/competence,cross-sector,0.9032,http://data.europa.eu/esco/skill/d560df46-dda4-4407-bab2-b87353a96814
UTM,Universidad Técnica de Manabí,ELECTRÓNICA Y AUTOMATIZACIÓN,2,montar máquinas,skill/competence,cross-sector,0.892,http://data.europa.eu/esco/skill/87a0c0e6-c114-4ea1-b2d0-933bce1f3c5f
UTM,Universidad Técnica de Manabí,ELECTRÓNICA Y AUTOMATIZACIÓN,3,operar el equipo de empaquetado,skill/competence,cross-sector,0.8897,http://data.europa.eu/esco/skill/f8cd217b-b870-42aa-9bbe-d36b672cbb65
UTM,Universidad Técnica de Manabí,ELECTRÓNICA Y AUTOMATIZACIÓN,4,planificar procesos de fabricación,skill/competence,cross-sector,0.8835,http://data.europa.eu/esco/skill/7d0f33ea-e724-4d77-8b75-ee4fe66bb9ba
UTM,Universidad Técnica de Manabí,ELECTRÓNICA Y AUTOMATIZACIÓN,5,gestionar sistemas de instrumentación,skill/competence,cross-sector,0.8819,http://data.europa.eu/esco/skill/5d71a91f-cc72-4b66-b6e3-d75ecc05e235
UTM,Universidad Técnica de Manabí,ELECTRÓNICA Y AUTOMATIZACIÓN,6,verificar unidades electrónicas,skill/competence,cross-sector,0.8811,http://data.europa.eu/esco/skill/baf501a8-f0fe-4ad7-9b69-8e920fa1a87b
UTM,Universidad Técnica de Manabí,ELECTRÓNICA Y AUTOMATIZACIÓN,7,desarrollar procedimientos de prueba electrónica,skill/competence,cross-sector,0.8802,http://data.europa.eu/esco/skill/0de6bca4-f3aa-452a-8e10-d355b2c1bfc4
UTM,Universidad Técnica de Manabí,ELECTRÓNICA Y AUTOMATIZACIÓN,8,supervisar el funcionamiento de los equipos,skill/competence,cross-sector,0.8801,http://data.europa.eu/esco/skill/ca17f0df-59e4-4ed2-9360-fc5325bc7151
UTM,Universidad Técnica de Manabí,ELECTRÓNICA Y AUTOMATIZACIÓN,9,diseñar sistemas eléctricos,skill/competence,cross-sector,0.8799,http://data.europa.eu/esco/skill/05010f6c-0b40-4525-ac4a-057d46a2b6f4
UTM,Universidad Técnica de Manabí,ELECTRÓNICA Y AUTOMATIZACIÓN,10,gestionar empresas de producción,skill/competence,cross-sector,0.8797,http://data.europa.eu/esco/skill/435d1751-8667-41ec-8b32-865b7cd3c684
UTM,Universidad Técnica de Manabí,INGENIERÍA AMBIENTAL,1,evaluar el impacto ambiental de yacimientos y zonas industriales,skill/competence,cross-sector,0.8923,http://data.europa.eu/esco/skill/f12f094b-492f-4e88-b36b-50b8e58b7500
UTM,Universidad Técnica de Manabí,INGENIERÍA AMBIENTAL,2,gestionar el impacto medioambiental de las operaciones,skill/competence,cross-sector,0.8837,http://data.europa.eu/esco/skill/d86babea-bf8b-4552-81a8-daf706066ad6
UTM,Universidad Técnica de Manabí,INGENIERÍA AMBIENTAL,3,realizar auditorías ambientales,skill/competence,cross-sector,0.8751,http://data.europa.eu/esco/skill/60ab2bf7-c812-4a88-86c0-7c81a9b2f77c
UTM,Universidad Técnica de Manabí,INGENIERÍA AMBIENTAL,4,supervisar sistemas de gestión ambiental,skill/competence,cross-sector,0.8735,http://data.europa.eu/esco/skill/b13e0689-636d-42d0-86c3-df9d6f85a882
UTM,Universidad Técnica de Manabí,INGENIERÍA AMBIENTAL,5,diseñar escombreras de minas,skill/competence,cross-sector,0.8728,http://data.europa.eu/esco/skill/cfbe1cdb-1738-45a1-b442-75cbda1fff06
UTM,Universidad Técnica de Manabí,INGENIERÍA AMBIENTAL,6,asesorar sobre recuperación ambiental,skill/competence,cross-sector,0.8725,http://data.europa.eu/esco/skill/b422efe7-b151-4120-86ae-db11a48dd0fa
UTM,Universidad Técnica de Manabí,INGENIERÍA AMBIENTAL,7,asesorar sobre políticas de gestión sostenible,skill/competence,cross-sector,0.8679,http://data.europa.eu/esco/skill/6742977a-aa00-4c8c-9861-898b0373907e
UTM,Universidad Técnica de Manabí,INGENIERÍA AMBIENTAL,8,gestionar impacto ambiental,skill/competence,cross-sector,0.8672,http://data.europa.eu/esco/skill/d3a8ef9c-8572-438c-91dc-010537070be3
UTM,Universidad Técnica de Manabí,INGENIERÍA AMBIENTAL,9,asesorar sobre sistemas de gestión de riesgos ambientales,skill/competence,cross-sector,0.866,http://data.europa.eu/esco/skill/a366bfc5-8d17-4792-a9f0-db0951528dda
UTM,Universidad Técnica de Manabí,INGENIERÍA AMBIENTAL,10,controlar el entorno acuático de producción,skill/competence,cross-sector,0.8659,http://data.europa.eu/esco/skill/9a0c96a2-8ffb-4384-b9e8-8928e7f86e23
UTM,Universidad Técnica de Manabí,INGENIERÍA CIVIL,1,garantizar el cumplimiento de los plazos de construcción,skill/competence,cross-sector,0.8735,http://data.europa.eu/esco/skill/6181f475-110c-497c-a46d-ed2e14e7bc90
UTM,Universidad Técnica de Manabí,INGENIERÍA CIVIL,2,examinar las infraestructuras civiles,skill/competence,cross-sector,0.8712,http://data.europa.eu/esco/skill/d48b3cfe-80b6-406f-b582-d959b60417f8
UTM,Universidad Técnica de Manabí,INGENIERÍA CIVIL,3,vigilar el cumplimiento de los parámetros de los proyectos de construcción,skill/competence,cross-sector,0.869,http://data.europa.eu/esco/skill/3dd3dfa7-51c0-40ef-af46-e2df300489f6
UTM,Universidad Técnica de Manabí,INGENIERÍA CIVIL,4,evaluar el impacto ambiental de yacimientos y zonas industriales,skill/competence,cross-sector,0.8683,http://data.europa.eu/esco/skill/f12f094b-492f-4e88-b36b-50b8e58b7500
UTM,Universidad Técnica de Manabí,INGENIERÍA CIVIL,5,supervisar obras de construcción,skill/competence,cross-sector,0.8638,http://data.europa.eu/esco/skill/fc1a75bb-70e3-4005-881f-7709bf7b0ed4
UTM,Universidad Técnica de Manabí,INGENIERÍA CIVIL,6,supervisar el trabajo de planificación del diseño,skill/competence,cross-sector,0.8628,http://data.europa.eu/esco/skill/03227978-f839-4cc8-88a6-0a3c44d2c776
UTM,Universidad Técnica de Manabí,INGENIERÍA CIVIL,7,coordinar con expertos ferroviarios,skill/competence,cross-sector,0.8626,http://data.europa.eu/esco/skill/6172948e-5d52-4f94-a617-278a9013a8ae
UTM,Universidad Técnica de Manabí,INGENIERÍA CIVIL,8,someter a auditorías a los contratistas,skill/competence,cross-sector,0.8611,http://data.europa.eu/esco/skill/0520d8ba-3c24-4f75-a8b0-f883ddeed82d
UTM,Universidad Técnica de Manabí,INGENIERÍA CIVIL,9,revisar proyectos de construcción,skill/competence,cross-sector,0.8604,http://data.europa.eu/esco/skill/ea9fc9d9-c602-4430-a7fc-edac7429a6a8
UTM,Universidad Técnica de Manabí,INGENIERÍA CIVIL,10,gestionar los programas públicos,skill/competence,cross-sector,0.8601,http://data.europa.eu/esco/skill/0761f325-13e7-49f4-a41a-ec64ba4e7b9d
UTM,Universidad Técnica de Manabí,INGENIERÍA DE LA PRODUCCIÓN,1,planificar procesos de fabricación,skill/competence,cross-sector,0.8855,http://data.europa.eu/esco/skill/7d0f33ea-e724-4d77-8b75-ee4fe66bb9ba
UTM,Universidad Técnica de Manabí,INGENIERÍA DE LA PRODUCCIÓN,2,analizar estrategias de gestión de la cadena de suministro,skill/competence,cross-sector,0.8848,http://data.europa.eu/esco/skill/96d549bb-3e62-4c45-92a7-f114df089581
UTM,Universidad Técnica de Manabí,INGENIERÍA DE LA PRODUCCIÓN,3,integrar productos nuevos en la cadena de fabricación,skill/competence,cross-sector,0.8815,http://data.europa.eu/esco/skill/8a753714-9a19-4418-9b37-77e79d72c705
UTM,Universidad Técnica de Manabí,INGENIERÍA DE LA PRODUCCIÓN,4,gestionar la producción de calzado y de artículos de piel y cuero,skill/competence,cross-sector,0.8775,http://data.europa.eu/esco/skill/7e71fbcf-ebf8-4164-829b-e16b68aa9432
UTM,Universidad Técnica de Manabí,INGENIERÍA DE LA PRODUCCIÓN,5,gestionar empresas de producción,skill/competence,cross-sector,0.8764,http://data.europa.eu/esco/skill/435d1751-8667-41ec-8b32-865b7cd3c684
UTM,Universidad Técnica de Manabí,INGENIERÍA DE LA PRODUCCIÓN,6,gestionar la calidad,skill/competence,transversal,0.8709,http://data.europa.eu/esco/skill/35ebe444-9ece-4fbc-a55d-e99ea37267ae
UTM,Universidad Técnica de Manabí,INGENIERÍA DE LA PRODUCCIÓN,7,gestionar la cadena de suministros sanitarios,skill/competence,cross-sector,0.8695,http://data.europa.eu/esco/skill/71d441c3-163a-41b6-b713-074d69362c27
UTM,Universidad Técnica de Manabí,INGENIERÍA DE LA PRODUCCIÓN,8,realizar diversas tareas organizativas en la empresa,skill/competence,cross-sector,0.868,http://data.europa.eu/esco/skill/01755f08-4df4-4cf0-8d22-08f94cad68b5
UTM,Universidad Técnica de Manabí,INGENIERÍA DE LA PRODUCCIÓN,9,verificar las exigencias de fabricación,skill/competence,cross-sector,0.8677,http://data.europa.eu/esco/skill/277f489c-7a47-4791-bd87-61ca01737f96
UTM,Universidad Técnica de Manabí,INGENIERÍA DE LA PRODUCCIÓN,10,garantizar la salud y la seguridad en procesos de producción,skill/competence,cross-sector,0.8671,http://data.europa.eu/esco/skill/60ccdd6a-c100-43cf-9797-543a5c42b922
UTM,Universidad Técnica de Manabí,INGENIERÍA INDUSTRIAL,1,planificar procesos de fabricación,skill/competence,cross-sector,0.8814,http://data.europa.eu/esco/skill/7d0f33ea-e724-4d77-8b75-ee4fe66bb9ba
UTM,Universidad Técnica de Manabí,INGENIERÍA INDUSTRIAL,2,integrar productos nuevos en la cadena de fabricación,skill/competence,cross-sector,0.8761,http://data.europa.eu/esco/skill/8a753714-9a19-4418-9b37-77e79d72c705
UTM,Universidad Técnica de Manabí,INGENIERÍA INDUSTRIAL,3,garantizar la seguridad en el zona de producción,skill/competence,cross-sector,0.8739,http://data.europa.eu/esco/skill/ab239c75-dfcc-4f6c-9d11-75bb78049afc
UTM,Universidad Técnica de Manabí,INGENIERÍA INDUSTRIAL,4,garantizar la salud y la seguridad en procesos de producción,skill/competence,cross-sector,0.8735,http://data.europa.eu/esco/skill/60ccdd6a-c100-43cf-9797-543a5c42b922
UTM,Universidad Técnica de Manabí,INGENIERÍA INDUSTRIAL,5,mejorar procesos químicos,skill/competence,cross-sector,0.8731,http://data.europa.eu/esco/skill/451c8010-7dbb-4f96-b4d4-0955766d9eff
UTM,Universidad Técnica de Manabí,INGENIERÍA INDUSTRIAL,6,establecer normas para plantas de producción,skill/competence,cross-sector,0.8728,http://data.europa.eu/esco/skill/d154e48f-95b4-4ce6-907e-4a44d50129fe
UTM,Universidad Técnica de Manabí,INGENIERÍA INDUSTRIAL,7,analizar estrategias de gestión de la cadena de suministro,skill/competence,cross-sector,0.8723,http://data.europa.eu/esco/skill/96d549bb-3e62-4c45-92a7-f114df089581
UTM,Universidad Técnica de Manabí,INGENIERÍA INDUSTRIAL,8,gestionar empresas de producción,skill/competence,cross-sector,0.8723,http://data.europa.eu/esco/skill/435d1751-8667-41ec-8b32-865b7cd3c684
UTM,Universidad Técnica de Manabí,INGENIERÍA INDUSTRIAL,9,evaluar el impacto ambiental de yacimientos y zonas industriales,skill/competence,cross-sector,0.872,http://data.europa.eu/esco/skill/f12f094b-492f-4e88-b36b-50b8e58b7500
UTM,Universidad Técnica de Manabí,INGENIERÍA INDUSTRIAL,10,asesorar sobre cuestiones relacionadas con problemas de fabricación,skill/competence,cross-sector,0.8712,http://data.europa.eu/esco/skill/6c80c47c-3d08-4356-aa82-46f6ec82c898
UTM,Universidad Técnica de Manabí,INGENIERÍA QUÍMICA,1,mejorar procesos químicos,skill/competence,cross-sector,0.8914,http://data.europa.eu/esco/skill/451c8010-7dbb-4f96-b4d4-0955766d9eff
UTM,Universidad Técnica de Manabí,INGENIERÍA QUÍMICA,2,evaluar el impacto ambiental de yacimientos y zonas industriales,skill/competence,cross-sector,0.8844,http://data.europa.eu/esco/skill/f12f094b-492f-4e88-b36b-50b8e58b7500
UTM,Universidad Técnica de Manabí,INGENIERÍA QUÍMICA,3,trabajar con sustancias químicas,skill/competence,cross-sector,0.8805,http://data.europa.eu/esco/skill/929a997b-d56c-4383-b36d-6de9fa0e1721
UTM,Universidad Técnica de Manabí,INGENIERÍA QUÍMICA,4,planificar procesos de fabricación,skill/competence,cross-sector,0.8762,http://data.europa.eu/esco/skill/7d0f33ea-e724-4d77-8b75-ee4fe66bb9ba
UTM,Universidad Técnica de Manabí,INGENIERÍA QUÍMICA,5,elaborar fórmulas de fabricación,skill/competence,cross-sector,0.873,http://data.europa.eu/esco/skill/b2ad4e50-cb82-4a34-ab3e-5b5f6c4f9b65
UTM,Universidad Técnica de Manabí,INGENIERÍA QUÍMICA,6,gestionar los ensayos de productos,skill/competence,cross-sector,0.8712,http://data.europa.eu/esco/skill/b7a03115-41c9-4167-a0b6-7e40cf0fd607
UTM,Universidad Técnica de Manabí,INGENIERÍA QUÍMICA,7,manipular productos químicos,skill/competence,cross-sector,0.8694,http://data.europa.eu/esco/skill/2416dc09-6384-409e-8b1d-80bb7a2e7369
UTM,Universidad Técnica de Manabí,INGENIERÍA QUÍMICA,8,impartir formación sobre cómo supervisar la gestión de la calidad,skill/competence,cross-sector,0.8684,http://data.europa.eu/esco/skill/09e7cd13-ea36-4694-afe5-f34373759392
UTM,Universidad Técnica de Manabí,INGENIERÍA QUÍMICA,9,gestionar empresas de producción,skill/competence,cross-sector,0.8675,http://data.europa.eu/esco/skill/435d1751-8667-41ec-8b32-865b7cd3c684
UTM,Universidad Técnica de Manabí,INGENIERÍA QUÍMICA,10,inspeccionar la calidad de los productos,skill/competence,cross-sector,0.8667,http://data.europa.eu/esco/skill/1a3660c2-011c-4e96-9b1d-529afc305428
UTM,Universidad Técnica de Manabí,MECÁNICA,1,planificar procesos de fabricación,skill/competence,cross-sector,0.8812,http://data.europa.eu/esco/skill/7d0f33ea-e724-4d77-8b75-ee4fe66bb9ba
UTM,Universidad Técnica de Manabí,MECÁNICA,2,evaluar el impacto ambiental de yacimientos y zonas industriales,skill/competence,cross-sector,0.8757,http://data.europa.eu/esco/skill/f12f094b-492f-4e88-b36b-50b8e58b7500
UTM,Universidad Técnica de Manabí,MECÁNICA,3,montar máquinas,skill/competence,cross-sector,0.8725,http://data.europa.eu/esco/skill/87a0c0e6-c114-4ea1-b2d0-933bce1f3c5f
UTM,Universidad Técnica de Manabí,MECÁNICA,4,diseñar escombreras de minas,skill/competence,cross-sector,0.8701,http://data.europa.eu/esco/skill/cfbe1cdb-1738-45a1-b442-75cbda1fff06
UTM,Universidad Técnica de Manabí,MECÁNICA,5,gestionar equipos pesados,skill/competence,cross-sector,0.8696,http://data.europa.eu/esco/skill/2a314d49-c071-403b-9cc8-75aea53e7859
UTM,Universidad Técnica de Manabí,MECÁNICA,6,diseñar sistemas de control,skill/competence,cross-sector,0.8695,http://data.europa.eu/esco/skill/d560df46-dda4-4407-bab2-b87353a96814
UTM,Universidad Técnica de Manabí,MECÁNICA,7,actuar de enlace con profesionales del sector,skill/competence,cross-sector,0.8677,http://data.europa.eu/esco/skill/d1317634-ccea-44d0-9cdc-c863f9bf856b
UTM,Universidad Técnica de Manabí,MECÁNICA,8,elaborar planos,skill/competence,cross-sector,0.8649,http://data.europa.eu/esco/skill/bf59255e-782a-4e83-a93c-6055cfdd8e7f
UTM,Universidad Técnica de Manabí,MECÁNICA,9,supervisar el funcionamiento de los equipos,skill/competence,cross-sector,0.8648,http://data.europa.eu/esco/skill/ca17f0df-59e4-4ed2-9360-fc5325bc7151
UTM,Universidad Técnica de Manabí,MECÁNICA,10,coordinar equipos de ingeniería,skill/competence,cross-sector,0.8647,http://data.europa.eu/esco/skill/7af6e9e8-1e11-4c0b-b7c6-ac96bbbbc674
UTM,Universidad Técnica de Manabí,SISTEMAS DE INFORMACIÓN,1,gestionar sistemas de instrumentación,skill/competence,cross-sector,0.8591,http://data.europa.eu/esco/skill/5d71a91f-cc72-4b66-b6e3-d75ecc05e235
UTM,Universidad Técnica de Manabí,SISTEMAS DE INFORMACIÓN,2,resolver problemas de sistemas TIC,skill/competence,cross-sector,0.8402,http://data.europa.eu/esco/skill/9e06bac6-6b91-48ca-8b7d-c1f48cdecd7c
UTM,Universidad Técnica de Manabí,SISTEMAS DE INFORMACIÓN,3,ingeniería de datos,knowledge,cross-sector,0.84,http://data.europa.eu/esco/skill/48db96bf-3314-45c6-bad8-fdb6e20e5639
UTM,Universidad Técnica de Manabí,SISTEMAS DE INFORMACIÓN,4,diseñar sistemas de control,skill/competence,cross-sector,0.8397,http://data.europa.eu/esco/skill/d560df46-dda4-4407-bab2-b87353a96814
UTM,Universidad Técnica de Manabí,SISTEMAS DE INFORMACIÓN,5,montar máquinas,skill/competence,cross-sector,0.839,http://data.europa.eu/esco/skill/87a0c0e6-c114-4ea1-b2d0-933bce1f3c5f
UTM,Universidad Técnica de Manabí,SISTEMAS DE INFORMACIÓN,6,crear soluciones para problemas informativos,skill/competence,cross-sector,0.8373,http://data.europa.eu/esco/skill/4539aeca-b56f-4d03-ba86-8f675a7f2536
UTM,Universidad Técnica de Manabí,SISTEMAS DE INFORMACIÓN,7,realizar una evaluación de la incidencia de los procesos de las TIC en las empresas,skill/competence,cross-sector,0.8346,http://data.europa.eu/esco/skill/17c9a790-5664-4673-8237-c4cf3c5a8da5
UTM,Universidad Técnica de Manabí,SISTEMAS DE INFORMACIÓN,8,tecnología informática,knowledge,cross-sector,0.834,http://data.europa.eu/esco/skill/ddc3119d-1d6e-4324-9125-a3380d299ac5
UTM,Universidad Técnica de Manabí,SISTEMAS DE INFORMACIÓN,9,reparar equipos in situ,skill/competence,cross-sector,0.8338,http://data.europa.eu/esco/skill/b928ae44-b19f-49c7-a823-b09094de1063
UTM,Universidad Técnica de Manabí,SISTEMAS DE INFORMACIÓN,10,gestionar publicaciones abiertas,skill/competence,cross-sector,0.8324,http://data.europa.eu/esco/skill/da930e2f-6047-4616-a598-bba8ecef3039
UTM,Universidad Técnica de Manabí,TELECOMUNICACIONES,1,coordinar comunicaciones remotas,skill/competence,cross-sector,0.8716,http://data.europa.eu/esco/skill/9bafaea2-76cd-4532-ab77-8b3d21fa6235
UTM,Universidad Técnica de Manabí,TELECOMUNICACIONES,2,coordinar equipos de ingeniería,skill/competence,cross-sector,0.869,http://data.europa.eu/esco/skill/7af6e9e8-1e11-4c0b-b7c6-ac96bbbbc674
UTM,Universidad Técnica de Manabí,TELECOMUNICACIONES,3,gestionar proyectos de investigación y desarrollo,skill/competence,cross-sector,0.8683,http://data.europa.eu/esco/skill/d5dbc342-8e39-4998-8237-ebbe05a381ce
UTM,Universidad Técnica de Manabí,TELECOMUNICACIONES,4,evaluar el impacto ambiental de yacimientos y zonas industriales,skill/competence,cross-sector,0.8676,http://data.europa.eu/esco/skill/f12f094b-492f-4e88-b36b-50b8e58b7500
UTM,Universidad Técnica de Manabí,TELECOMUNICACIONES,5,montar máquinas,skill/competence,cross-sector,0.8647,http://data.europa.eu/esco/skill/87a0c0e6-c114-4ea1-b2d0-933bce1f3c5f
UTM,Universidad Técnica de Manabí,TELECOMUNICACIONES,6,actuar de enlace con profesionales del sector,skill/competence,cross-sector,0.8646,http://data.europa.eu/esco/skill/d1317634-ccea-44d0-9cdc-c863f9bf856b
UTM,Universidad Técnica de Manabí,TELECOMUNICACIONES,7,supervisar el funcionamiento de los equipos,skill/competence,cross-sector,0.8638,http://data.europa.eu/esco/skill/ca17f0df-59e4-4ed2-9360-fc5325bc7151
UTM,Universidad Técnica de Manabí,TELECOMUNICACIONES,8,gestionar los programas públicos,skill/competence,cross-sector,0.8633,http://data.europa.eu/esco/skill/0761f325-13e7-49f4-a41a-ec64ba4e7b9d
UTM,Universidad Técnica de Manabí,TELECOMUNICACIONES,9,comunicar cuestiones técnicas a los clientes,skill/competence,cross-sector,0.8632,http://data.europa.eu/esco/skill/652da95d-b336-497a-bce5-1c29a674eecb
UTM,Universidad Técnica de Manabí,TELECOMUNICACIONES,10,gestionar las comunicaciones visuales,skill/competence,cross-sector,0.8625,http://data.europa.eu/esco/skill/50b96d21-f2eb-4f35-a8d3-77eee15ef51f
UTM,Universidad Técnica de Manabí,COMPUTACIÓN,1,montar máquinas,skill/competence,cross-sector,0.874,http://data.europa.eu/esco/skill/87a0c0e6-c114-4ea1-b2d0-933bce1f3c5f
UTM,Universidad Técnica de Manabí,COMPUTACIÓN,2,resolver problemas de sistemas TIC,skill/competence,cross-sector,0.8735,http://data.europa.eu/esco/skill/9e06bac6-6b91-48ca-8b7d-c1f48cdecd7c
UTM,Universidad Técnica de Manabí,COMPUTACIÓN,3,diseñar sistemas de control,skill/competence,cross-sector,0.8718,http://data.europa.eu/esco/skill/d560df46-dda4-4407-bab2-b87353a96814
UTM,Universidad Técnica de Manabí,COMPUTACIÓN,4,ejecutar cálculos matemáticos analíticos,skill/competence,cross-sector,0.8717,http://data.europa.eu/esco/skill/31c69100-b612-4a61-8db5-fd314318854c
UTM,Universidad Técnica de Manabí,COMPUTACIÓN,5,gestionar sistemas de instrumentación,skill/competence,cross-sector,0.8698,http://data.europa.eu/esco/skill/5d71a91f-cc72-4b66-b6e3-d75ecc05e235
UTM,Universidad Técnica de Manabí,COMPUTACIÓN,6,planificar procesos de fabricación,skill/competence,cross-sector,0.868,http://data.europa.eu/esco/skill/7d0f33ea-e724-4d77-8b75-ee4fe66bb9ba
UTM,Universidad Técnica de Manabí,COMPUTACIÓN,7,Proponer soluciones tecnológicas a problemas empresariales,skill/competence,cross-sector,0.8673,http://data.europa.eu/esco/skill/07e51c60-763a-4335-b4ec-70a15f66d328
UTM,Universidad Técnica de Manabí,COMPUTACIÓN,8,supervisar sistemas de gestión ambiental,skill/competence,cross-sector,0.8656,http://data.europa.eu/esco/skill/b13e0689-636d-42d0-86c3-df9d6f85a882
UTM,Universidad Técnica de Manabí,COMPUTACIÓN,9,configurar textos en formato digital,skill/competence,cross-sector,0.8653,http://data.europa.eu/esco/skill/9b30c8fd-6467-4d16-99e0-32899a9ceec0
UTM,Universidad Técnica de Manabí,COMPUTACIÓN,10,analizar datos de carácter ecológico,skill/competence,cross-sector,0.8648,http://data.europa.eu/esco/skill/5354a726-ee64-4f34-90f8-8436f9f374b8
