siglas,universidad,nombre,rank,skill_label,skill_type,reuse_level,score,skill_uri
EPN,Escuela Politécnica Nacional,Licenciatura Administracion De Empresas,1,gestionar un equipo,skill/competence,cross-sector,0.6988,http://data.europa.eu/esco/skill/cb668e89-6ef5-4ff3-ab4a-506010e7e70b
EPN,Escuela Politécnica Nacional,Licenciatura Administracion De Empresas,2,crear soluciones para problemas,skill/competence,cross-sector,0.6737,http://data.europa.eu/esco/skill/03b9b491-fc9b-4868-914a-bf7cd47b5041
EPN,Escuela Politécnica Nacional,Licenciatura Administracion De Empresas,3,preparar informes sobre asuntos relacionados con el trabajo,skill/competence,cross-sector,0.6612,http://data.europa.eu/esco/skill/918f5211-b99f-4b29-9a34-6e475583ef55
EPN,Escuela Politécnica Nacional,Licenciatura Administracion De Empresas,4,informar sobre la gestión general de una empresa,skill/competence,cross-sector,0.6563,http://data.europa.eu/esco/skill/307ffd2d-8fb3-43ff-8ad8-4052382f8f83
EPN,Escuela Politécnica Nacional,Licenciatura Administracion De Empresas,5,construir redes,skill/competence,transversal,0.6558,http://data.europa.eu/esco/skill/bf983f2a-e941-4646-811d-cc81060cb53f
EPN,Escuela Politécnica Nacional,Licenciatura Administracion De Empresas,6,tener competencias informáticas,skill/competence,cross-sector,0.6543,http://data.europa.eu/esco/skill/d15ce60f-ddab-41ce-ba56-398451b77b60
EPN,Escuela Politécnica Nacional,Licenciatura Administracion De Empresas,7,gestionar recursos humanos,skill/competence,cross-sector,0.6537,http://data.europa.eu/esco/skill/279a4b1d-21df-4d78-9f4d-324c73fd7536
EPN,Escuela Politécnica Nacional,Licenciatura Administracion De Empresas,8,evaluar el rendimiento del personal y los gestores de la empresa,skill/competence,cross-sector,0.6525,http://data.europa.eu/esco/skill/5cfd2ec5-ef34-4e3b-9397-e580b903d716
EPN,Escuela Politécnica Nacional,Licenciatura Administracion De Empresas,9,desarrollar normas de información,skill/competence,cross-sector,0.6521,http://data.europa.eu/esco/skill/1b3fc0e0-c6f9-45fc-9c6e-14bbba662979
EPN,Escuela Politécnica Nacional,Licenciatura Administracion De Empresas,10,enseñar principios de gestión empresarial,skill/competence,cross-sector,0.6499,http://data.europa.eu/esco/skill/29d3663f-348a-4b67-a8db-b94fd3912385
EPN,Escuela Politécnica Nacional,Ingenieria Agroindustria,1,demostrar conocimientos especializados sobre una disciplina,skill/competence,cross-sector,0.6451,http://data.europa.eu/esco/skill/4134622c-c3fb-4a41-beb6-6d58ba5107db
EPN,Escuela Politécnica Nacional,Ingenieria Agroindustria,2,determinar viabilidad de producción,skill/competence,cross-sector,0.6047,http://data.europa.eu/esco/skill/c79a6989-a73c-496b-997f-c706e1c5c52b
EPN,Escuela Politécnica Nacional,Ingenieria Agroindustria,3,demostrar competencia en las normas de envasado,skill/competence,cross-sector,0.6016,http://data.europa.eu/esco/skill/07197605-141a-4c85-8995-00614de16c87
EPN,Escuela Politécnica Nacional,Ingenieria Agroindustria,4,desarrollar procedimientos de ensayo de materiales,skill/competence,cross-sector,0.6007,http://data.europa.eu/esco/skill/658b6ea0-79f5-451d-a037-7593a4416c85
EPN,Escuela Politécnica Nacional,Ingenieria Agroindustria,5,ingeniería ambiental,knowledge,cross-sector,0.5989,http://data.europa.eu/esco/skill/b1b118c4-3291-484e-b64d-6d51fd5da8b3
EPN,Escuela Politécnica Nacional,Ingenieria Agroindustria,6,examinar principios de ingeniería,skill/competence,cross-sector,0.5977,http://data.europa.eu/esco/skill/8bc1c7da-c832-4896-a441-30d087c46aad
EPN,Escuela Politécnica Nacional,Ingenieria Agroindustria,7,"aplicar conocimientos científicos, tecnológicos y de ingeniería",skill/competence,transversal,0.5886,http://data.europa.eu/esco/skill/5c3ab99d-a3f1-4620-9602-d12d2151a03d
EPN,Escuela Politécnica Nacional,Ingenieria Agroindustria,8,ofrecer formación técnica,skill/competence,cross-sector,0.5877,http://data.europa.eu/esco/skill/d54a1355-05c8-45eb-9c42-267d2cfcdf44
EPN,Escuela Politécnica Nacional,Ingenieria Agroindustria,9,construir redes,skill/competence,transversal,0.5864,http://data.europa.eu/esco/skill/bf983f2a-e941-4646-811d-cc81060cb53f
EPN,Escuela Politécnica Nacional,Ingenieria Agroindustria,10,principios de ingeniería,knowledge,cross-sector,0.5864,http://data.europa.eu/esco/skill/209a5498-3449-4689-8ed9-bd08cab4fd78
EPN,Escuela Politécnica Nacional,Ingenieria Ambiental,1,ingeniería ambiental,knowledge,cross-sector,0.7117,http://data.europa.eu/esco/skill/b1b118c4-3291-484e-b64d-6d51fd5da8b3
EPN,Escuela Politécnica Nacional,Ingenieria Ambiental,2,asesorar sobre sistemas de gestión de riesgos ambientales,skill/competence,cross-sector,0.7062,http://data.europa.eu/esco/skill/a366bfc5-8d17-4792-a9f0-db0951528dda
EPN,Escuela Politécnica Nacional,Ingenieria Ambiental,3,gestionar el impacto medioambiental de las operaciones,skill/competence,cross-sector,0.7034,http://data.europa.eu/esco/skill/d86babea-bf8b-4552-81a8-daf706066ad6
EPN,Escuela Politécnica Nacional,Ingenieria Ambiental,4,supervisar sistemas de gestión ambiental,skill/competence,cross-sector,0.6691,http://data.europa.eu/esco/skill/b13e0689-636d-42d0-86c3-df9d6f85a882
EPN,Escuela Politécnica Nacional,Ingenieria Ambiental,5,coordinar esfuerzos ambientales,skill/competence,cross-sector,0.6642,http://data.europa.eu/esco/skill/bd70f004-e1d6-43f0-96f1-59c014a4ea01
EPN,Escuela Politécnica Nacional,Ingenieria Ambiental,6,desarrollar estrategias de recuperación ambiental,skill/competence,cross-sector,0.6634,http://data.europa.eu/esco/skill/e4ff825c-7376-4135-93cd-3892fd67b7c1
EPN,Escuela Politécnica Nacional,Ingenieria Ambiental,7,evaluar el impacto ambiental,skill/competence,cross-sector,0.6608,http://data.europa.eu/esco/skill/e541c69c-ea80-4b17-87cb-4001d0b9d303
EPN,Escuela Politécnica Nacional,Ingenieria Ambiental,8,gestionar impacto ambiental,skill/competence,cross-sector,0.6585,http://data.europa.eu/esco/skill/d3a8ef9c-8572-438c-91dc-010537070be3
EPN,Escuela Politécnica Nacional,Ingenieria Ambiental,9,gestionar residuos,skill/competence,cross-sector,0.6445,http://data.europa.eu/esco/skill/73a9561d-112c-4d8a-9d5f-b2c11c5bbd5f
EPN,Escuela Politécnica Nacional,Ingenieria Ambiental,10,impartir formación sobre cuestiones ambientales,skill/competence,cross-sector,0.6427,http://data.europa.eu/esco/skill/2cb27e30-2be7-4a09-9502-fdd2102c046b
EPN,Escuela Politécnica Nacional,Ciencias De Datos E Inteligencia Artificial,1,gestionar datos de investigación,skill/competence,cross-sector,0.6475,http://data.europa.eu/esco/skill/08b04e53-ed25-41a2-9f90-0b9cd939ba3d
EPN,Escuela Politécnica Nacional,Ciencias De Datos E Inteligencia Artificial,2,ciencia de datos,knowledge,cross-sector,0.6324,http://data.europa.eu/esco/skill/edebd83d-35f6-4ed5-a940-6c203d178c01
EPN,Escuela Politécnica Nacional,Ciencias De Datos E Inteligencia Artificial,3,"gestionar datos localizables, accesibles, interoperables y reutilizables",skill/competence,cross-sector,0.6282,http://data.europa.eu/esco/skill/4f5c1208-62fd-4e5a-a51e-306c06947e11
EPN,Escuela Politécnica Nacional,Ciencias De Datos E Inteligencia Artificial,4,demostrar conocimientos especializados sobre una disciplina,skill/competence,cross-sector,0.6279,http://data.europa.eu/esco/skill/4134622c-c3fb-4a41-beb6-6d58ba5107db
EPN,Escuela Politécnica Nacional,Ciencias De Datos E Inteligencia Artificial,5,tomar decisiones basadas en datos,skill/competence,cross-sector,0.6262,http://data.europa.eu/esco/skill/be20d05c-f6b4-4580-9fcf-f00f4baab562
EPN,Escuela Politécnica Nacional,Ciencias De Datos E Inteligencia Artificial,6,ingeniería de datos,knowledge,cross-sector,0.6208,http://data.europa.eu/esco/skill/48db96bf-3314-45c6-bad8-fdb6e20e5639
EPN,Escuela Politécnica Nacional,Ciencias De Datos E Inteligencia Artificial,7,análisis de datos,knowledge,cross-sector,0.6062,http://data.europa.eu/esco/skill/97bd1c21-66b2-4b7e-ad0f-e3cda590e378
EPN,Escuela Politécnica Nacional,Ciencias De Datos E Inteligencia Artificial,8,gestionar conocimientos para repercutir en las políticas,skill/competence,cross-sector,0.6062,http://data.europa.eu/esco/skill/4d39b27a-b34f-4c89-8d46-df844d42f728
EPN,Escuela Politécnica Nacional,Ciencias De Datos E Inteligencia Artificial,9,analizar datos científicos,skill/competence,cross-sector,0.6006,http://data.europa.eu/esco/skill/36ff57b0-637d-4a83-a0e8-d14f86f9f078
EPN,Escuela Politécnica Nacional,Ciencias De Datos E Inteligencia Artificial,10,informática,knowledge,cross-sector,0.6006,http://data.europa.eu/esco/skill/7b5cce4d-c7fe-4119-b48f-70aa05391787
EPN,Escuela Politécnica Nacional,Ingenieria En Ciencias De La Computacion,1,promover la transferencia de conocimientos,skill/competence,cross-sector,0.6372,http://data.europa.eu/esco/skill/988f4ac3-a37c-4b0a-a40f-4e0e56b5919e
EPN,Escuela Politécnica Nacional,Ingenieria En Ciencias De La Computacion,2,utilizar las tecnologías digitales con creatividad,skill/competence,cross-sector,0.6308,http://data.europa.eu/esco/skill/1a4cc54f-1e53-442b-a6d2-1682dc8ef8f9
EPN,Escuela Politécnica Nacional,Ingenieria En Ciencias De La Computacion,3,"gestionar datos localizables, accesibles, interoperables y reutilizables",skill/competence,cross-sector,0.63,http://data.europa.eu/esco/skill/4f5c1208-62fd-4e5a-a51e-306c06947e11
EPN,Escuela Politécnica Nacional,Ingenieria En Ciencias De La Computacion,4,realizar una evaluación de la incidencia de los procesos de las TIC en las empresas,skill/competence,cross-sector,0.6273,http://data.europa.eu/esco/skill/17c9a790-5664-4673-8237-c4cf3c5a8da5
EPN,Escuela Politécnica Nacional,Ingenieria En Ciencias De La Computacion,5,tener competencias informáticas,skill/competence,cross-sector,0.6263,http://data.europa.eu/esco/skill/d15ce60f-ddab-41ce-ba56-398451b77b60
EPN,Escuela Politécnica Nacional,Ingenieria En Ciencias De La Computacion,6,detectar y corregir errores de las tecnologías de la información y de las comunicaciones,skill/competence,cross-sector,0.6219,http://data.europa.eu/esco/skill/744442ac-c157-4350-8be0-ce454df4f5c5
EPN,Escuela Politécnica Nacional,Ingenieria En Ciencias De La Computacion,7,tecnologías eficientes en el uso de los recursos,knowledge,cross-sector,0.6219,http://data.europa.eu/esco/skill/d1f73ae9-d348-4aac-b5d5-9b6d508401d3
EPN,Escuela Politécnica Nacional,Ingenieria En Ciencias De La Computacion,8,aplicar políticas organizativas del sistema,skill/competence,cross-sector,0.6217,http://data.europa.eu/esco/skill/07e47d58-dd0e-4302-9e68-70a188e89065
EPN,Escuela Politécnica Nacional,Ingenieria En Ciencias De La Computacion,9,crear soluciones para problemas,skill/competence,cross-sector,0.616,http://data.europa.eu/esco/skill/03b9b491-fc9b-4868-914a-bf7cd47b5041
EPN,Escuela Politécnica Nacional,Ingenieria En Ciencias De La Computacion,10,gestionar conocimientos para repercutir en las políticas,skill/competence,cross-sector,0.6157,http://data.europa.eu/esco/skill/4d39b27a-b34f-4c89-8d46-df844d42f728
EPN,Escuela Politécnica Nacional,Economia,1,tener en cuenta los criterios económicos en la toma de decisiones,skill/competence,cross-sector,0.6375,http://data.europa.eu/esco/skill/d41262ae-eca1-4ede-89a8-46d2d99a7a31
EPN,Escuela Politécnica Nacional,Economia,2,elaborar políticas de economía,skill/competence,cross-sector,0.6356,http://data.europa.eu/esco/skill/8394fefb-f62a-48c0-a156-3117cefdb9b3
EPN,Escuela Politécnica Nacional,Economia,3,aplicar conocimientos de ciencias sociales y humanidades,skill/competence,transversal,0.603,http://data.europa.eu/esco/skill/deb3c1bc-d48a-42e6-b0cc-cb238534ec28
EPN,Escuela Politécnica Nacional,Economia,4,gestionar conocimientos para repercutir en las políticas,skill/competence,cross-sector,0.6008,http://data.europa.eu/esco/skill/4d39b27a-b34f-4c89-8d46-df844d42f728
EPN,Escuela Politécnica Nacional,Economia,5,realizar cálculos,skill/competence,transversal,0.5943,http://data.europa.eu/esco/skill/19ba11f3-9c99-41fd-a7c9-f77e6a026186
EPN,Escuela Politécnica Nacional,Economia,6,establecer la justificación económica para un proyecto determinado,skill/competence,cross-sector,0.5862,http://data.europa.eu/esco/skill/a4bbd0d9-a6be-4472-b05d-291e60cf6b4b
EPN,Escuela Politécnica Nacional,Economia,7,analizar el sistema educativo,skill/competence,cross-sector,0.586,http://data.europa.eu/esco/skill/8215234e-d2eb-45cf-8a1a-c57c2ebef1b7
EPN,Escuela Politécnica Nacional,Economia,8,adaptar la formación al mercado laboral,skill/competence,cross-sector,0.5843,http://data.europa.eu/esco/skill/b4832996-b36c-40b2-b54e-780325b2546e
EPN,Escuela Politécnica Nacional,Economia,9,gestionar el desarrollo profesional personal,skill/competence,cross-sector,0.5827,http://data.europa.eu/esco/skill/a8d24a95-47b3-4f88-92e7-06600bcd3612
EPN,Escuela Politécnica Nacional,Economia,10,crear soluciones para problemas,skill/competence,cross-sector,0.5824,http://data.europa.eu/esco/skill/03b9b491-fc9b-4868-914a-bf7cd47b5041
EPN,Escuela Politécnica Nacional,Ingenieria En Electricidad,1,evaluar las necesidades energéticas,skill/competence,cross-sector,0.6557,http://data.europa.eu/esco/skill/36fccad9-1d20-4104-bcc2-a8ea9d1ce5ea
EPN,Escuela Politécnica Nacional,Ingenieria En Electricidad,2,ingeniería ambiental,knowledge,cross-sector,0.632,http://data.europa.eu/esco/skill/b1b118c4-3291-484e-b64d-6d51fd5da8b3
EPN,Escuela Politécnica Nacional,Ingenieria En Electricidad,3,realizar auditorías energéticas de instalaciones,skill/competence,cross-sector,0.6307,http://data.europa.eu/esco/skill/09473fea-69ea-40dc-9ff4-bbaaff10840e
EPN,Escuela Politécnica Nacional,Ingenieria En Electricidad,4,examinar principios de ingeniería,skill/competence,cross-sector,0.6238,http://data.europa.eu/esco/skill/8bc1c7da-c832-4896-a441-30d087c46aad
EPN,Escuela Politécnica Nacional,Ingenieria En Electricidad,5,crear soluciones para problemas,skill/competence,cross-sector,0.6214,http://data.europa.eu/esco/skill/03b9b491-fc9b-4868-914a-bf7cd47b5041
EPN,Escuela Politécnica Nacional,Ingenieria En Electricidad,6,realizar actividades de gestión energética en instalaciones,skill/competence,cross-sector,0.6175,http://data.europa.eu/esco/skill/885808f7-f42b-406e-95f2-28efcd45ddda
EPN,Escuela Politécnica Nacional,Ingenieria En Electricidad,7,crear especificaciones de proyectos,skill/competence,cross-sector,0.6148,http://data.europa.eu/esco/skill/21fecc8a-392e-49ce-ac26-fb0696ccfead
EPN,Escuela Politécnica Nacional,Ingenieria En Electricidad,8,desarrollar estrategias de recuperación ambiental,skill/competence,cross-sector,0.6136,http://data.europa.eu/esco/skill/e4ff825c-7376-4135-93cd-3892fd67b7c1
EPN,Escuela Politécnica Nacional,Ingenieria En Electricidad,9,asesorar sobre sistemas de gestión de riesgos ambientales,skill/competence,cross-sector,0.6116,http://data.europa.eu/esco/skill/a366bfc5-8d17-4792-a9f0-db0951528dda
EPN,Escuela Politécnica Nacional,Ingenieria En Electricidad,10,desarrollar estrategias de rehabilitación tras inundaciones,skill/competence,cross-sector,0.61,http://data.europa.eu/esco/skill/6b5d032a-b85a-44ea-9dad-5201048d2dd2
EPN,Escuela Politécnica Nacional,Ingenieria En Electronica Y Automatizacion,1,demostrar conocimientos especializados sobre una disciplina,skill/competence,cross-sector,0.6458,http://data.europa.eu/esco/skill/4134622c-c3fb-4a41-beb6-6d58ba5107db
EPN,Escuela Politécnica Nacional,Ingenieria En Electronica Y Automatizacion,2,gestionar un equipo,skill/competence,cross-sector,0.6268,http://data.europa.eu/esco/skill/cb668e89-6ef5-4ff3-ab4a-506010e7e70b
EPN,Escuela Politécnica Nacional,Ingenieria En Electronica Y Automatizacion,3,tener conciencia de los riesgos sanitarios,skill/competence,transversal,0.6166,http://data.europa.eu/esco/skill/c4180af3-befd-4bd8-9a65-6a496f9d9f15
EPN,Escuela Politécnica Nacional,Ingenieria En Electronica Y Automatizacion,4,adoptar vías para reducir el impacto negativo del consumo,skill/competence,transversal,0.6139,http://data.europa.eu/esco/skill/4c3ab565-747c-4db3-8c47-79e8d6f98cf4
EPN,Escuela Politécnica Nacional,Ingenieria En Electronica Y Automatizacion,5,Interactuar de manera profesional en entornos de investigación y profesionales,skill/competence,cross-sector,0.6127,http://data.europa.eu/esco/skill/20a8fe89-d4eb-4698-8521-8881c13377e0
EPN,Escuela Politécnica Nacional,Ingenieria En Electronica Y Automatizacion,6,crear un ambiente de trabajo de mejora continua,skill/competence,cross-sector,0.6119,http://data.europa.eu/esco/skill/9d59f4e5-20a5-428e-b8b3-645043500457
EPN,Escuela Politécnica Nacional,Ingenieria En Electronica Y Automatizacion,7,asesorar sobre sistemas de gestión de riesgos ambientales,skill/competence,cross-sector,0.6093,http://data.europa.eu/esco/skill/a366bfc5-8d17-4792-a9f0-db0951528dda
EPN,Escuela Politécnica Nacional,Ingenieria En Electronica Y Automatizacion,8,proporcionar experiencia técnica,skill/competence,cross-sector,0.6085,http://data.europa.eu/esco/skill/c69587b4-05d3-45bb-b79b-9b85e6603fc2
EPN,Escuela Politécnica Nacional,Ingenieria En Electronica Y Automatizacion,9,desarrollar procedimientos de prueba electrónica,skill/competence,cross-sector,0.6077,http://data.europa.eu/esco/skill/0de6bca4-f3aa-452a-8e10-d355b2c1bfc4
EPN,Escuela Politécnica Nacional,Ingenieria En Electronica Y Automatizacion,10,desarrollar procedimientos de ensayo de materiales,skill/competence,cross-sector,0.6065,http://data.europa.eu/esco/skill/658b6ea0-79f5-451d-a037-7593a4416c85
EPN,Escuela Politécnica Nacional,Fisica,1,"aplicar conocimientos científicos, tecnológicos y de ingeniería",skill/competence,transversal,0.6702,http://data.europa.eu/esco/skill/5c3ab99d-a3f1-4620-9602-d12d2151a03d
EPN,Escuela Politécnica Nacional,Fisica,2,enseñar física,skill/competence,cross-sector,0.6411,http://data.europa.eu/esco/skill/2bc7884c-0d04-4ae9-a4e5-dccd77701ba3
EPN,Escuela Politécnica Nacional,Fisica,3,física,knowledge,cross-sector,0.623,http://data.europa.eu/esco/skill/692ace70-7f97-4214-92bd-88f7637d8a44
EPN,Escuela Politécnica Nacional,Fisica,4,proporcionar experiencia técnica,skill/competence,cross-sector,0.6088,http://data.europa.eu/esco/skill/c69587b4-05d3-45bb-b79b-9b85e6603fc2
EPN,Escuela Politécnica Nacional,Fisica,5,geofísica,knowledge,cross-sector,0.5971,http://data.europa.eu/esco/skill/82fc3feb-752b-4d49-803d-c08a717917aa
EPN,Escuela Politécnica Nacional,Fisica,6,desarrollar procedimientos de ensayo de materiales,skill/competence,cross-sector,0.5964,http://data.europa.eu/esco/skill/658b6ea0-79f5-451d-a037-7593a4416c85
EPN,Escuela Politécnica Nacional,Fisica,7,modelización científica,knowledge,cross-sector,0.5961,http://data.europa.eu/esco/skill/cb304338-3a44-4b6f-802b-dfc6c64de109
EPN,Escuela Politécnica Nacional,Fisica,8,demostrar conocimientos especializados sobre una disciplina,skill/competence,cross-sector,0.5955,http://data.europa.eu/esco/skill/4134622c-c3fb-4a41-beb6-6d58ba5107db
EPN,Escuela Politécnica Nacional,Fisica,9,aplicar la toma de decisiones científica a la asistencia sanitaria,skill/competence,cross-sector,0.5954,http://data.europa.eu/esco/skill/8e0bfbba-6e9d-48e0-b152-2cc949e5022a
EPN,Escuela Politécnica Nacional,Fisica,10,realizar cálculos,skill/competence,transversal,0.5946,http://data.europa.eu/esco/skill/19ba11f3-9c99-41fd-a7c9-f77e6a026186
EPN,Escuela Politécnica Nacional,Ingenieria En Geologia,1,asesorar sobre sistemas de gestión de riesgos ambientales,skill/competence,cross-sector,0.6144,http://data.europa.eu/esco/skill/a366bfc5-8d17-4792-a9f0-db0951528dda
EPN,Escuela Politécnica Nacional,Ingenieria En Geologia,2,"aplicar conocimientos científicos, tecnológicos y de ingeniería",skill/competence,transversal,0.6117,http://data.europa.eu/esco/skill/5c3ab99d-a3f1-4620-9602-d12d2151a03d
EPN,Escuela Politécnica Nacional,Ingenieria En Geologia,3,gestionar conocimientos para repercutir en las políticas,skill/competence,cross-sector,0.6111,http://data.europa.eu/esco/skill/4d39b27a-b34f-4c89-8d46-df844d42f728
EPN,Escuela Politécnica Nacional,Ingenieria En Geologia,4,desarrollar estrategias de recuperación ambiental,skill/competence,cross-sector,0.608,http://data.europa.eu/esco/skill/e4ff825c-7376-4135-93cd-3892fd67b7c1
EPN,Escuela Politécnica Nacional,Ingenieria En Geologia,5,geología,knowledge,cross-sector,0.6036,http://data.europa.eu/esco/skill/8bdd25f8-4b6e-40fe-a2cf-c1badc594114
EPN,Escuela Politécnica Nacional,Ingenieria En Geologia,6,aplicar conocimientos de ciencias sociales y humanidades,skill/competence,transversal,0.5992,http://data.europa.eu/esco/skill/deb3c1bc-d48a-42e6-b0cc-cb238534ec28
EPN,Escuela Politécnica Nacional,Ingenieria En Geologia,7,recopilar información técnica,skill/competence,cross-sector,0.5989,http://data.europa.eu/esco/skill/0b8da079-f587-403f-a6ad-cd18b8150044
EPN,Escuela Politécnica Nacional,Ingenieria En Geologia,8,informar sobre resultados de pruebas,skill/competence,cross-sector,0.598,http://data.europa.eu/esco/skill/561c2525-5bd8-4d86-8f45-820f4be7db93
EPN,Escuela Politécnica Nacional,Ingenieria En Geologia,9,comunicar hallazgos científicos,skill/competence,cross-sector,0.5975,http://data.europa.eu/esco/skill/ff64e9fc-36dd-4035-872a-83aa41dc1ad9
EPN,Escuela Politécnica Nacional,Ingenieria En Geologia,10,enseñar geografía,skill/competence,cross-sector,0.5934,http://data.europa.eu/esco/skill/be040651-f357-45d0-9e1a-d98245be6546
EPN,Escuela Politécnica Nacional,Ingenieria De La Produccion,1,enseñar principios de gestión empresarial,skill/competence,cross-sector,0.6837,http://data.europa.eu/esco/skill/29d3663f-348a-4b67-a8db-b94fd3912385
EPN,Escuela Politécnica Nacional,Ingenieria De La Produccion,2,gestionar un equipo,skill/competence,cross-sector,0.6797,http://data.europa.eu/esco/skill/cb668e89-6ef5-4ff3-ab4a-506010e7e70b
EPN,Escuela Politécnica Nacional,Ingenieria De La Produccion,3,crear soluciones para problemas,skill/competence,cross-sector,0.674,http://data.europa.eu/esco/skill/03b9b491-fc9b-4868-914a-bf7cd47b5041
EPN,Escuela Politécnica Nacional,Ingenieria De La Produccion,4,gestionar conocimientos empresariales,skill/competence,cross-sector,0.6694,http://data.europa.eu/esco/skill/41bf7ede-fc84-4a57-8c89-b548d11b0ba1
EPN,Escuela Politécnica Nacional,Ingenieria De La Produccion,5,gestionar conocimientos para repercutir en las políticas,skill/competence,cross-sector,0.6639,http://data.europa.eu/esco/skill/4d39b27a-b34f-4c89-8d46-df844d42f728
EPN,Escuela Politécnica Nacional,Ingenieria De La Produccion,6,gestionar el impacto medioambiental de las operaciones,skill/competence,cross-sector,0.6586,http://data.europa.eu/esco/skill/d86babea-bf8b-4552-81a8-daf706066ad6
EPN,Escuela Politécnica Nacional,Ingenieria De La Produccion,7,tomar decisiones basadas en datos,skill/competence,cross-sector,0.6568,http://data.europa.eu/esco/skill/be20d05c-f6b4-4580-9fcf-f00f4baab562
EPN,Escuela Politécnica Nacional,Ingenieria De La Produccion,8,tomar decisiones empresariales estratégicas,skill/competence,cross-sector,0.6548,http://data.europa.eu/esco/skill/f60c9e52-95fc-4ca1-a73c-18a491153b63
EPN,Escuela Politécnica Nacional,Ingenieria De La Produccion,9,evaluar la formación,skill/competence,cross-sector,0.6505,http://data.europa.eu/esco/skill/728ad40d-4a79-4b4d-b77b-a48d094d73fa
EPN,Escuela Politécnica Nacional,Ingenieria De La Produccion,10,gestionar recursos humanos,skill/competence,cross-sector,0.6495,http://data.europa.eu/esco/skill/279a4b1d-21df-4d78-9f4d-324c73fd7536
EPN,Escuela Politécnica Nacional,Matematica,1,matemáticas,knowledge,cross-sector,0.7106,http://data.europa.eu/esco/skill/4339176e-3acd-4f7f-a5d9-445bee3d23f2
EPN,Escuela Politécnica Nacional,Matematica,2,realizar cálculos,skill/competence,transversal,0.6806,http://data.europa.eu/esco/skill/19ba11f3-9c99-41fd-a7c9-f77e6a026186
EPN,Escuela Politécnica Nacional,Matematica,3,ejecutar cálculos matemáticos analíticos,skill/competence,cross-sector,0.6656,http://data.europa.eu/esco/skill/31c69100-b612-4a61-8db5-fd314318854c
EPN,Escuela Politécnica Nacional,Matematica,4,interpretar información matemática,skill/competence,transversal,0.6563,http://data.europa.eu/esco/skill/6fc6f757-6baa-49fe-9a82-6ba6a52f2e13
EPN,Escuela Politécnica Nacional,Matematica,5,modelación matemática,knowledge,cross-sector,0.6317,http://data.europa.eu/esco/skill/0760bfac-9a03-427a-ad84-ccd33a2f2ae8
EPN,Escuela Politécnica Nacional,Matematica,6,elaborar software estadístico,skill/competence,cross-sector,0.6252,http://data.europa.eu/esco/skill/bb165899-d95f-4433-95f2-173fefd716d2
EPN,Escuela Politécnica Nacional,Matematica,7,prestar asistencia en investigaciones científicas,skill/competence,cross-sector,0.6236,http://data.europa.eu/esco/skill/d6179c4b-ff5a-4bbb-a3c8-e0acf0de1f56
EPN,Escuela Politécnica Nacional,Matematica,8,Interactuar de manera profesional en entornos de investigación y profesionales,skill/competence,cross-sector,0.6204,http://data.europa.eu/esco/skill/20a8fe89-d4eb-4698-8521-8881c13377e0
EPN,Escuela Politécnica Nacional,Matematica,9,informática,knowledge,cross-sector,0.6182,http://data.europa.eu/esco/skill/7b5cce4d-c7fe-4119-b48f-70aa05391787
EPN,Escuela Politécnica Nacional,Matematica,10,redactar propuestas de investigación,skill/competence,cross-sector,0.6182,http://data.europa.eu/esco/skill/0ee7b0d6-db98-4785-9948-f2ef415d155a
EPN,Escuela Politécnica Nacional,Matematica Aplicada,1,utilizar estrategias de aprendizaje,skill/competence,cross-sector,0.631,http://data.europa.eu/esco/skill/a44c0ed6-68b1-457a-9c6d-ea8487bdfeb2
EPN,Escuela Politécnica Nacional,Matematica Aplicada,2,realizar cálculos,skill/competence,transversal,0.629,http://data.europa.eu/esco/skill/19ba11f3-9c99-41fd-a7c9-f77e6a026186
EPN,Escuela Politécnica Nacional,Matematica Aplicada,3,desarrollar un plan de estudios de aprendizaje,skill/competence,cross-sector,0.6242,http://data.europa.eu/esco/skill/7ee872de-db39-4ae3-8e19-75d1a2cdf697
EPN,Escuela Politécnica Nacional,Matematica Aplicada,4,interpretar información matemática,skill/competence,transversal,0.623,http://data.europa.eu/esco/skill/6fc6f757-6baa-49fe-9a82-6ba6a52f2e13
EPN,Escuela Politécnica Nacional,Matematica Aplicada,5,"aplicar conocimientos científicos, tecnológicos y de ingeniería",skill/competence,transversal,0.6153,http://data.europa.eu/esco/skill/5c3ab99d-a3f1-4620-9602-d12d2151a03d
EPN,Escuela Politécnica Nacional,Matematica Aplicada,6,informar sobre resultados de pruebas,skill/competence,cross-sector,0.609,http://data.europa.eu/esco/skill/561c2525-5bd8-4d86-8f45-820f4be7db93
EPN,Escuela Politécnica Nacional,Matematica Aplicada,7,ejecutar cálculos matemáticos analíticos,skill/competence,cross-sector,0.6035,http://data.europa.eu/esco/skill/31c69100-b612-4a61-8db5-fd314318854c
EPN,Escuela Politécnica Nacional,Matematica Aplicada,8,evaluar la formación,skill/competence,cross-sector,0.6015,http://data.europa.eu/esco/skill/728ad40d-4a79-4b4d-b77b-a48d094d73fa
EPN,Escuela Politécnica Nacional,Matematica Aplicada,9,aplicar estrategias de enseñanza,skill/competence,cross-sector,0.6006,http://data.europa.eu/esco/skill/59eb177a-2f30-4943-8b30-5f87dd51a80d
EPN,Escuela Politécnica Nacional,Matematica Aplicada,10,principios de ingeniería,knowledge,cross-sector,0.598,http://data.europa.eu/esco/skill/209a5498-3449-4689-8ed9-bd08cab4fd78
EPN,Escuela Politécnica Nacional,Ingenieria En Materiales,1,realizar cálculos,skill/competence,transversal,0.6161,http://data.europa.eu/esco/skill/19ba11f3-9c99-41fd-a7c9-f77e6a026186
EPN,Escuela Politécnica Nacional,Ingenieria En Materiales,2,desarrollar procedimientos de ensayo de materiales,skill/competence,cross-sector,0.6068,http://data.europa.eu/esco/skill/658b6ea0-79f5-451d-a037-7593a4416c85
EPN,Escuela Politécnica Nacional,Ingenieria En Materiales,3,ejecutar cálculos matemáticos analíticos,skill/competence,cross-sector,0.6059,http://data.europa.eu/esco/skill/31c69100-b612-4a61-8db5-fd314318854c
EPN,Escuela Politécnica Nacional,Ingenieria En Materiales,4,comunicar información matemática,skill/competence,cross-sector,0.6042,http://data.europa.eu/esco/skill/a5826fe3-8df6-4fa8-adad-b7116864588f
EPN,Escuela Politécnica Nacional,Ingenieria En Materiales,5,interpretar información matemática,skill/competence,transversal,0.5989,http://data.europa.eu/esco/skill/6fc6f757-6baa-49fe-9a82-6ba6a52f2e13
EPN,Escuela Politécnica Nacional,Ingenieria En Materiales,6,desarrollar estrategias de recuperación ambiental,skill/competence,cross-sector,0.591,http://data.europa.eu/esco/skill/e4ff825c-7376-4135-93cd-3892fd67b7c1
EPN,Escuela Politécnica Nacional,Ingenieria En Materiales,7,aplicar competencias matemáticas,skill/competence,cross-sector,0.5819,http://data.europa.eu/esco/skill/5dd01a1e-7ba0-4b7f-a76c-ed811c12bfde
EPN,Escuela Politécnica Nacional,Ingenieria En Materiales,8,preparar materias primas,skill/competence,cross-sector,0.5785,http://data.europa.eu/esco/skill/34dc9e73-c35e-46a4-a35d-4417b721437c
EPN,Escuela Politécnica Nacional,Ingenieria En Materiales,9,aplicar métodos de producción avanzados,skill/competence,cross-sector,0.5776,http://data.europa.eu/esco/skill/4f0e579d-ca7b-427c-ace6-9e2de3eb19c7
EPN,Escuela Politécnica Nacional,Ingenieria En Materiales,10,crear soluciones para problemas,skill/competence,cross-sector,0.5771,http://data.europa.eu/esco/skill/03b9b491-fc9b-4868-914a-bf7cd47b5041
EPN,Escuela Politécnica Nacional,Ingenieria En Mecanica,1,gestionar un equipo,skill/competence,cross-sector,0.6324,http://data.europa.eu/esco/skill/cb668e89-6ef5-4ff3-ab4a-506010e7e70b
EPN,Escuela Politécnica Nacional,Ingenieria En Mecanica,2,desarrollar procedimientos de ensayo de materiales,skill/competence,cross-sector,0.631,http://data.europa.eu/esco/skill/658b6ea0-79f5-451d-a037-7593a4416c85
EPN,Escuela Politécnica Nacional,Ingenieria En Mecanica,3,ingeniería de seguridad,knowledge,cross-sector,0.6203,http://data.europa.eu/esco/skill/47d491a9-f7c0-4b13-a10f-983d3aa0113e
EPN,Escuela Politécnica Nacional,Ingenieria En Mecanica,4,demostrar conocimientos especializados sobre una disciplina,skill/competence,cross-sector,0.6189,http://data.europa.eu/esco/skill/4134622c-c3fb-4a41-beb6-6d58ba5107db
EPN,Escuela Politécnica Nacional,Ingenieria En Mecanica,5,desarrollar procedimientos de prueba,skill/competence,cross-sector,0.6189,http://data.europa.eu/esco/skill/f10142ce-d522-49c3-9fd1-054fb63529d4
EPN,Escuela Politécnica Nacional,Ingenieria En Mecanica,6,recopilar información técnica,skill/competence,cross-sector,0.6167,http://data.europa.eu/esco/skill/0b8da079-f587-403f-a6ad-cd18b8150044
EPN,Escuela Politécnica Nacional,Ingenieria En Mecanica,7,proporcionar experiencia técnica,skill/competence,cross-sector,0.6163,http://data.europa.eu/esco/skill/c69587b4-05d3-45bb-b79b-9b85e6603fc2
EPN,Escuela Politécnica Nacional,Ingenieria En Mecanica,8,coordinar equipos de ingeniería,skill/competence,cross-sector,0.6142,http://data.europa.eu/esco/skill/7af6e9e8-1e11-4c0b-b7c6-ac96bbbbc674
EPN,Escuela Politécnica Nacional,Ingenieria En Mecanica,9,crear soluciones para problemas,skill/competence,cross-sector,0.6137,http://data.europa.eu/esco/skill/03b9b491-fc9b-4868-914a-bf7cd47b5041
EPN,Escuela Politécnica Nacional,Ingenieria En Mecanica,10,examinar principios de ingeniería,skill/competence,cross-sector,0.6131,http://data.europa.eu/esco/skill/8bc1c7da-c832-4896-a441-30d087c46aad
EPN,Escuela Politécnica Nacional,Ingenieria En Mecatronica,1,mecatrónica,knowledge,cross-sector,0.6964,http://data.europa.eu/esco/skill/d88cb3f1-8e02-4618-bf32-4b0488066934
EPN,Escuela Politécnica Nacional,Ingenieria En Mecatronica,2,proporcionar experiencia técnica,skill/competence,cross-sector,0.6186,http://data.europa.eu/esco/skill/c69587b4-05d3-45bb-b79b-9b85e6603fc2
EPN,Escuela Politécnica Nacional,Ingenieria En Mecatronica,3,diseñar sistemas microelectromecánicos,skill/competence,cross-sector,0.6124,http://data.europa.eu/esco/skill/c022ff1b-7783-4e64-89ef-0422c81ff51f
EPN,Escuela Politécnica Nacional,Ingenieria En Mecatronica,4,sistemas mecánicos,knowledge,cross-sector,0.6037,http://data.europa.eu/esco/skill/69bece91-c806-42ad-bde4-db28c7f8fc4b
EPN,Escuela Politécnica Nacional,Ingenieria En Mecatronica,5,desarrollar procedimientos de ensayo de materiales,skill/competence,cross-sector,0.603,http://data.europa.eu/esco/skill/658b6ea0-79f5-451d-a037-7593a4416c85
EPN,Escuela Politécnica Nacional,Ingenieria En Mecatronica,6,actuar de enlace con los ingenieros,skill/competence,cross-sector,0.5943,http://data.europa.eu/esco/skill/c5c51528-ccfc-4c53-b409-c200aaa44222
EPN,Escuela Politécnica Nacional,Ingenieria En Mecatronica,7,"aplicar conocimientos científicos, tecnológicos y de ingeniería",skill/competence,transversal,0.594,http://data.europa.eu/esco/skill/5c3ab99d-a3f1-4620-9602-d12d2151a03d
EPN,Escuela Politécnica Nacional,Ingenieria En Mecatronica,8,desarrollar procedimientos de prueba electrónica,skill/competence,cross-sector,0.5913,http://data.europa.eu/esco/skill/0de6bca4-f3aa-452a-8e10-d355b2c1bfc4
EPN,Escuela Politécnica Nacional,Ingenieria En Mecatronica,9,diseñar sistemas de control,skill/competence,cross-sector,0.5912,http://data.europa.eu/esco/skill/d560df46-dda4-4407-bab2-b87353a96814
EPN,Escuela Politécnica Nacional,Ingenieria En Mecatronica,10,gestionar un equipo,skill/competence,cross-sector,0.589,http://data.europa.eu/esco/skill/cb668e89-6ef5-4ff3-ab4a-506010e7e70b
EPN,Escuela Politécnica Nacional,Ingenieria En Petroleos,1,demostrar conocimientos especializados sobre una disciplina,skill/competence,cross-sector,0.6181,http://data.europa.eu/esco/skill/4134622c-c3fb-4a41-beb6-6d58ba5107db
EPN,Escuela Politécnica Nacional,Ingenieria En Petroleos,2,preparar informes sobre asuntos relacionados con el trabajo,skill/competence,cross-sector,0.617,http://data.europa.eu/esco/skill/918f5211-b99f-4b29-9a34-6e475583ef55
EPN,Escuela Politécnica Nacional,Ingenieria En Petroleos,3,proporcionar experiencia técnica,skill/competence,cross-sector,0.614,http://data.europa.eu/esco/skill/c69587b4-05d3-45bb-b79b-9b85e6603fc2
EPN,Escuela Politécnica Nacional,Ingenieria En Petroleos,4,evaluar el impacto ambiental de yacimientos y zonas industriales,skill/competence,cross-sector,0.612,http://data.europa.eu/esco/skill/f12f094b-492f-4e88-b36b-50b8e58b7500
EPN,Escuela Politécnica Nacional,Ingenieria En Petroleos,5,Interactuar de manera profesional en entornos de investigación y profesionales,skill/competence,cross-sector,0.6115,http://data.europa.eu/esco/skill/20a8fe89-d4eb-4698-8521-8881c13377e0
EPN,Escuela Politécnica Nacional,Ingenieria En Petroleos,6,crear soluciones para problemas,skill/competence,cross-sector,0.6099,http://data.europa.eu/esco/skill/03b9b491-fc9b-4868-914a-bf7cd47b5041
EPN,Escuela Politécnica Nacional,Ingenieria En Petroleos,7,reaccionar ante emergencias mineras,skill/competence,cross-sector,0.6051,http://data.europa.eu/esco/skill/3938da70-dd7a-4092-b039-10c2218867fd
EPN,Escuela Politécnica Nacional,Ingenieria En Petroleos,8,gestionar el impacto medioambiental de las operaciones,skill/competence,cross-sector,0.5981,http://data.europa.eu/esco/skill/d86babea-bf8b-4552-81a8-daf706066ad6
EPN,Escuela Politécnica Nacional,Ingenieria En Petroleos,9,gestionar un equipo,skill/competence,cross-sector,0.5976,http://data.europa.eu/esco/skill/cb668e89-6ef5-4ff3-ab4a-506010e7e70b
EPN,Escuela Politécnica Nacional,Ingenieria En Petroleos,10,realizar investigaciones cualitativas,skill/competence,cross-sector,0.595,http://data.europa.eu/esco/skill/fa465db3-56e8-4b5d-a781-e2a313a4ed2d
EPN,Escuela Politécnica Nacional,Ingenieria Quimica,1,demostrar conocimientos especializados sobre una disciplina,skill/competence,cross-sector,0.6444,http://data.europa.eu/esco/skill/4134622c-c3fb-4a41-beb6-6d58ba5107db
EPN,Escuela Politécnica Nacional,Ingenieria Quimica,2,desarrollar procedimientos de ensayo de materiales,skill/competence,cross-sector,0.6246,http://data.europa.eu/esco/skill/658b6ea0-79f5-451d-a037-7593a4416c85
EPN,Escuela Politécnica Nacional,Ingenieria Quimica,3,gestionar procedimientos de ensayos de sustancias químicas,skill/competence,cross-sector,0.6044,http://data.europa.eu/esco/skill/abcfd4de-3b3d-48ed-a002-36071bad8d46
EPN,Escuela Politécnica Nacional,Ingenieria Quimica,4,química,knowledge,cross-sector,0.5922,http://data.europa.eu/esco/skill/cde9911c-f92e-4de1-811f-336e177ac4ce
EPN,Escuela Politécnica Nacional,Ingenieria Quimica,5,trabajar con sustancias químicas,skill/competence,cross-sector,0.5892,http://data.europa.eu/esco/skill/929a997b-d56c-4383-b36d-6de9fa0e1721
EPN,Escuela Politécnica Nacional,Ingenieria Quimica,6,demostrar competencia en las normas de envasado,skill/competence,cross-sector,0.5876,http://data.europa.eu/esco/skill/07197605-141a-4c85-8995-00614de16c87
EPN,Escuela Politécnica Nacional,Ingenieria Quimica,7,ingeniería ambiental,knowledge,cross-sector,0.5872,http://data.europa.eu/esco/skill/b1b118c4-3291-484e-b64d-6d51fd5da8b3
EPN,Escuela Politécnica Nacional,Ingenieria Quimica,8,"aplicar conocimientos científicos, tecnológicos y de ingeniería",skill/competence,transversal,0.5854,http://data.europa.eu/esco/skill/5c3ab99d-a3f1-4620-9602-d12d2151a03d
EPN,Escuela Politécnica Nacional,Ingenieria Quimica,9,examinar principios de ingeniería,skill/competence,cross-sector,0.5826,http://data.europa.eu/esco/skill/8bc1c7da-c832-4896-a441-30d087c46aad
EPN,Escuela Politécnica Nacional,Ingenieria Quimica,10,tener conciencia de los riesgos sanitarios,skill/competence,transversal,0.5791,http://data.europa.eu/esco/skill/c4180af3-befd-4bd8-9a65-6a496f9d9f15
EPN,Escuela Politécnica Nacional,Ingenieria En Sistemas De Informacion,1,asesorar sobre sistemas de gestión de riesgos ambientales,skill/competence,cross-sector,0.6912,http://data.europa.eu/esco/skill/a366bfc5-8d17-4792-a9f0-db0951528dda
EPN,Escuela Politécnica Nacional,Ingenieria En Sistemas De Informacion,2,ingeniería ambiental,knowledge,cross-sector,0.6804,http://data.europa.eu/esco/skill/b1b118c4-3291-484e-b64d-6d51fd5da8b3
EPN,Escuela Politécnica Nacional,Ingenieria En Sistemas De Informacion,3,gestionar el impacto medioambiental de las operaciones,skill/competence,cross-sector,0.653,http://data.europa.eu/esco/skill/d86babea-bf8b-4552-81a8-daf706066ad6
EPN,Escuela Politécnica Nacional,Ingenieria En Sistemas De Informacion,4,desarrollar estrategias de recuperación ambiental,skill/competence,cross-sector,0.65,http://data.europa.eu/esco/skill/e4ff825c-7376-4135-93cd-3892fd67b7c1
EPN,Escuela Politécnica Nacional,Ingenieria En Sistemas De Informacion,5,supervisar sistemas de gestión ambiental,skill/competence,cross-sector,0.6468,http://data.europa.eu/esco/skill/b13e0689-636d-42d0-86c3-df9d6f85a882
EPN,Escuela Politécnica Nacional,Ingenieria En Sistemas De Informacion,6,evaluar el impacto ambiental,skill/competence,cross-sector,0.6348,http://data.europa.eu/esco/skill/e541c69c-ea80-4b17-87cb-4001d0b9d303
EPN,Escuela Politécnica Nacional,Ingenieria En Sistemas De Informacion,7,adoptar vías para reducir el impacto negativo del consumo,skill/competence,transversal,0.6342,http://data.europa.eu/esco/skill/4c3ab565-747c-4db3-8c47-79e8d6f98cf4
EPN,Escuela Politécnica Nacional,Ingenieria En Sistemas De Informacion,8,asesorar sobre políticas de gestión sostenible,skill/competence,cross-sector,0.6326,http://data.europa.eu/esco/skill/6742977a-aa00-4c8c-9861-898b0373907e
EPN,Escuela Politécnica Nacional,Ingenieria En Sistemas De Informacion,9,impartir formación sobre cuestiones ambientales,skill/competence,cross-sector,0.6317,http://data.europa.eu/esco/skill/2cb27e30-2be7-4a09-9502-fdd2102c046b
EPN,Escuela Politécnica Nacional,Ingenieria En Sistemas De Informacion,10,coordinar esfuerzos ambientales,skill/competence,cross-sector,0.6302,http://data.europa.eu/esco/skill/bd70f004-e1d6-43f0-96f1-59c014a4ea01
EPN,Escuela Politécnica Nacional,Ingenieria En Software,1,demostrar conocimientos especializados sobre una disciplina,skill/competence,cross-sector,0.6296,http://data.europa.eu/esco/skill/4134622c-c3fb-4a41-beb6-6d58ba5107db
EPN,Escuela Politécnica Nacional,Ingenieria En Software,2,detectar necesidades tecnológicas,skill/competence,cross-sector,0.6251,http://data.europa.eu/esco/skill/42fcf80d-7b45-40f3-bd2f-5411c4c0dfa0
EPN,Escuela Politécnica Nacional,Ingenieria En Software,3,aplicar métodos de producción avanzados,skill/competence,cross-sector,0.6227,http://data.europa.eu/esco/skill/4f0e579d-ca7b-427c-ace6-9e2de3eb19c7
EPN,Escuela Politécnica Nacional,Ingenieria En Software,4,crear soluciones para problemas,skill/competence,cross-sector,0.6205,http://data.europa.eu/esco/skill/03b9b491-fc9b-4868-914a-bf7cd47b5041
EPN,Escuela Politécnica Nacional,Ingenieria En Software,5,gestionar un equipo,skill/competence,cross-sector,0.6199,http://data.europa.eu/esco/skill/cb668e89-6ef5-4ff3-ab4a-506010e7e70b
EPN,Escuela Politécnica Nacional,Ingenieria En Software,6,crear soluciones para problemas informativos,skill/competence,cross-sector,0.6183,http://data.europa.eu/esco/skill/4539aeca-b56f-4d03-ba86-8f675a7f2536
EPN,Escuela Politécnica Nacional,Ingenieria En Software,7,detectar y corregir errores de las tecnologías de la información y de las comunicaciones,skill/competence,cross-sector,0.6177,http://data.europa.eu/esco/skill/744442ac-c157-4350-8be0-ce454df4f5c5
EPN,Escuela Politécnica Nacional,Ingenieria En Software,8,desarrollar procedimientos de prueba,skill/competence,cross-sector,0.6164,http://data.europa.eu/esco/skill/f10142ce-d522-49c3-9fd1-054fb63529d4
EPN,Escuela Politécnica Nacional,Ingenieria En Software,9,proponer estrategias de mejora,skill/competence,cross-sector,0.6162,http://data.europa.eu/esco/skill/d4cc5022-7801-4885-bcff-166552788d35
EPN,Escuela Politécnica Nacional,Ingenieria En Software,10,promover el desarrollo del personal,skill/competence,cross-sector,0.6128,http://data.europa.eu/esco/skill/714eebcb-569a-4f1b-b592-28f70b59a9ba
EPN,Escuela Politécnica Nacional,Ingenieria En Telecomunicacion De La Informacion,1,desarrollar normas de información,skill/competence,cross-sector,0.6694,http://data.europa.eu/esco/skill/1b3fc0e0-c6f9-45fc-9c6e-14bbba662979
EPN,Escuela Politécnica Nacional,Ingenieria En Telecomunicacion De La Informacion,2,detectar necesidades tecnológicas,skill/competence,cross-sector,0.6622,http://data.europa.eu/esco/skill/42fcf80d-7b45-40f3-bd2f-5411c4c0dfa0
EPN,Escuela Politécnica Nacional,Ingenieria En Telecomunicacion De La Informacion,3,crear soluciones para problemas,skill/competence,cross-sector,0.658,http://data.europa.eu/esco/skill/03b9b491-fc9b-4868-914a-bf7cd47b5041
EPN,Escuela Politécnica Nacional,Ingenieria En Telecomunicacion De La Informacion,4,detectar y corregir errores de las tecnologías de la información y de las comunicaciones,skill/competence,cross-sector,0.6531,http://data.europa.eu/esco/skill/744442ac-c157-4350-8be0-ce454df4f5c5
EPN,Escuela Politécnica Nacional,Ingenieria En Telecomunicacion De La Informacion,5,gestionar un equipo,skill/competence,cross-sector,0.651,http://data.europa.eu/esco/skill/cb668e89-6ef5-4ff3-ab4a-506010e7e70b
EPN,Escuela Politécnica Nacional,Ingenieria En Telecomunicacion De La Informacion,6,crear soluciones para problemas informativos,skill/competence,cross-sector,0.6467,http://data.europa.eu/esco/skill/4539aeca-b56f-4d03-ba86-8f675a7f2536
EPN,Escuela Politécnica Nacional,Ingenieria En Telecomunicacion De La Informacion,7,tener competencias informáticas,skill/competence,cross-sector,0.6459,http://data.europa.eu/esco/skill/d15ce60f-ddab-41ce-ba56-398451b77b60
EPN,Escuela Politécnica Nacional,Ingenieria En Telecomunicacion De La Informacion,8,gestionar publicaciones abiertas,skill/competence,cross-sector,0.6421,http://data.europa.eu/esco/skill/da930e2f-6047-4616-a598-bba8ecef3039
EPN,Escuela Politécnica Nacional,Ingenieria En Telecomunicacion De La Informacion,9,demostrar conocimientos especializados sobre una disciplina,skill/competence,cross-sector,0.6421,http://data.europa.eu/esco/skill/4134622c-c3fb-4a41-beb6-6d58ba5107db
EPN,Escuela Politécnica Nacional,Ingenieria En Telecomunicacion De La Informacion,10,identificar oportunidades de reestructuración,skill/competence,cross-sector,0.6413,http://data.europa.eu/esco/skill/553ad092-b799-44c9-a94c-65a84fdc7526
EPN,Escuela Politécnica Nacional,Ingenieria En Telecomunicaciones,1,desarrollar normas de información,skill/competence,cross-sector,0.6701,http://data.europa.eu/esco/skill/1b3fc0e0-c6f9-45fc-9c6e-14bbba662979
EPN,Escuela Politécnica Nacional,Ingenieria En Telecomunicaciones,2,detectar necesidades tecnológicas,skill/competence,cross-sector,0.657,http://data.europa.eu/esco/skill/42fcf80d-7b45-40f3-bd2f-5411c4c0dfa0
EPN,Escuela Politécnica Nacional,Ingenieria En Telecomunicaciones,3,crear soluciones para problemas informativos,skill/competence,cross-sector,0.6534,http://data.europa.eu/esco/skill/4539aeca-b56f-4d03-ba86-8f675a7f2536
EPN,Escuela Politécnica Nacional,Ingenieria En Telecomunicaciones,4,crear soluciones para problemas,skill/competence,cross-sector,0.6471,http://data.europa.eu/esco/skill/03b9b491-fc9b-4868-914a-bf7cd47b5041
EPN,Escuela Politécnica Nacional,Ingenieria En Telecomunicaciones,5,detectar y corregir errores de las tecnologías de la información y de las comunicaciones,skill/competence,cross-sector,0.6468,http://data.europa.eu/esco/skill/744442ac-c157-4350-8be0-ce454df4f5c5
EPN,Escuela Politécnica Nacional,Ingenieria En Telecomunicaciones,6,tener competencias informáticas,skill/competence,cross-sector,0.6421,http://data.europa.eu/esco/skill/d15ce60f-ddab-41ce-ba56-398451b77b60
EPN,Escuela Politécnica Nacional,Ingenieria En Telecomunicaciones,7,tomar decisiones basadas en datos,skill/competence,cross-sector,0.6395,http://data.europa.eu/esco/skill/be20d05c-f6b4-4580-9fcf-f00f4baab562
EPN,Escuela Politécnica Nacional,Ingenieria En Telecomunicaciones,8,identificar requisitos del cliente,skill/competence,cross-sector,0.6392,http://data.europa.eu/esco/skill/0e0c9c11-b39e-43cf-ba95-2fe646f5de64
EPN,Escuela Politécnica Nacional,Ingenieria En Telecomunicaciones,9,recopilar información técnica,skill/competence,cross-sector,0.6332,http://data.europa.eu/esco/skill/0b8da079-f587-403f-a6ad-cd18b8150044
EPN,Escuela Politécnica Nacional,Ingenieria En Telecomunicaciones,10,gestionar conocimientos para repercutir en las políticas,skill/competence,cross-sector,0.6321,http://data.europa.eu/esco/skill/4d39b27a-b34f-4c89-8d46-df844d42f728
EPN,Escuela Politécnica Nacional,Ingenieria Civil,1,ingeniería civil,knowledge,cross-sector,0.672,http://data.europa.eu/esco/skill/82887396-e5bf-4306-af51-3fe8d82790b2
EPN,Escuela Politécnica Nacional,Ingenieria Civil,2,desarrollar estrategias de rehabilitación tras inundaciones,skill/competence,cross-sector,0.6494,http://data.europa.eu/esco/skill/6b5d032a-b85a-44ea-9dad-5201048d2dd2
EPN,Escuela Politécnica Nacional,Ingenieria Civil,3,ingeniería ambiental,knowledge,cross-sector,0.6473,http://data.europa.eu/esco/skill/b1b118c4-3291-484e-b64d-6d51fd5da8b3
EPN,Escuela Politécnica Nacional,Ingenieria Civil,4,integrar los principios de la ingeniería en el diseño arquitectónico,skill/competence,cross-sector,0.6331,http://data.europa.eu/esco/skill/ee239d14-bfc8-4939-91ff-824b5814ff67
EPN,Escuela Politécnica Nacional,Ingenieria Civil,5,coordinar equipos de ingeniería,skill/competence,cross-sector,0.6253,http://data.europa.eu/esco/skill/7af6e9e8-1e11-4c0b-b7c6-ac96bbbbc674
EPN,Escuela Politécnica Nacional,Ingenieria Civil,6,principios de ingeniería,knowledge,cross-sector,0.6249,http://data.europa.eu/esco/skill/209a5498-3449-4689-8ed9-bd08cab4fd78
EPN,Escuela Politécnica Nacional,Ingenieria Civil,7,examinar las infraestructuras civiles,skill/competence,cross-sector,0.624,http://data.europa.eu/esco/skill/d48b3cfe-80b6-406f-b582-d959b60417f8
EPN,Escuela Politécnica Nacional,Ingenieria Civil,8,gestionar proyectos de ingeniería,skill/competence,cross-sector,0.6185,http://data.europa.eu/esco/skill/6a899482-8bcf-40ca-ae67-579a1cc467ab
EPN,Escuela Politécnica Nacional,Ingenieria Civil,9,proporcionar experiencia técnica,skill/competence,cross-sector,0.615,http://data.europa.eu/esco/skill/c69587b4-05d3-45bb-b79b-9b85e6603fc2
EPN,Escuela Politécnica Nacional,Ingenieria Civil,10,"aplicar conocimientos científicos, tecnológicos y de ingeniería",skill/competence,transversal,0.6124,http://data.europa.eu/esco/skill/5c3ab99d-a3f1-4620-9602-d12d2151a03d
EPN,Escuela Politécnica Nacional,Seguridad De Redes De Informacion,1,detectar y corregir errores de las tecnologías de la información y de las comunicaciones,skill/competence,cross-sector,0.6369,http://data.europa.eu/esco/skill/744442ac-c157-4350-8be0-ce454df4f5c5
EPN,Escuela Politécnica Nacional,Seguridad De Redes De Informacion,2,tener competencias informáticas,skill/competence,cross-sector,0.6336,http://data.europa.eu/esco/skill/d15ce60f-ddab-41ce-ba56-398451b77b60
EPN,Escuela Politécnica Nacional,Seguridad De Redes De Informacion,3,proteger dispositivos de Tic,skill/competence,cross-sector,0.6292,http://data.europa.eu/esco/skill/df329d70-87b0-466b-a214-3431f36e2a5e
EPN,Escuela Politécnica Nacional,Seguridad De Redes De Informacion,4,ingeniería de seguridad,knowledge,cross-sector,0.6291,http://data.europa.eu/esco/skill/47d491a9-f7c0-4b13-a10f-983d3aa0113e
EPN,Escuela Politécnica Nacional,Seguridad De Redes De Informacion,5,evaluación de los riesgos y las amenazas,knowledge,cross-sector,0.629,http://data.europa.eu/esco/skill/7f27f1ff-2e17-4b69-990e-c23334478313
EPN,Escuela Politécnica Nacional,Seguridad De Redes De Informacion,6,resolver problemas de sistemas TIC,skill/competence,cross-sector,0.6256,http://data.europa.eu/esco/skill/9e06bac6-6b91-48ca-8b7d-c1f48cdecd7c
EPN,Escuela Politécnica Nacional,Seguridad De Redes De Informacion,7,ingeniería de protección,knowledge,cross-sector,0.6234,http://data.europa.eu/esco/skill/6f1edc19-191f-4ba5-a048-ee69aff05bab
EPN,Escuela Politécnica Nacional,Seguridad De Redes De Informacion,8,preparar informes sobre asuntos relacionados con el trabajo,skill/competence,cross-sector,0.618,http://data.europa.eu/esco/skill/918f5211-b99f-4b29-9a34-6e475583ef55
EPN,Escuela Politécnica Nacional,Seguridad De Redes De Informacion,9,desarrollar normas de información,skill/competence,cross-sector,0.6179,http://data.europa.eu/esco/skill/1b3fc0e0-c6f9-45fc-9c6e-14bbba662979
EPN,Escuela Politécnica Nacional,Seguridad De Redes De Informacion,10,gestionar publicaciones abiertas,skill/competence,cross-sector,0.6136,http://data.europa.eu/esco/skill/da930e2f-6047-4616-a598-bba8ecef3039
ESPOL,Escuela Superior Politécnica del Litoral,COMPUTACIÓN,1,tener competencias informáticas,skill/competence,cross-sector,0.715,http://data.europa.eu/esco/skill/d15ce60f-ddab-41ce-ba56-398451b77b60
ESPOL,Escuela Superior Politécnica del Litoral,COMPUTACIÓN,2,crear soluciones para problemas,skill/competence,cross-sector,0.7073,http://data.europa.eu/esco/skill/03b9b491-fc9b-4868-914a-bf7cd47b5041
ESPOL,Escuela Superior Politécnica del Litoral,COMPUTACIÓN,3,resolver problemas,skill/competence,transversal,0.7024,http://data.europa.eu/esco/skill/adc6dc11-3376-467b-96c5-9b0a21edc869
ESPOL,Escuela Superior Politécnica del Litoral,COMPUTACIÓN,4,crear soluciones para problemas informativos,skill/competence,cross-sector,0.7011,http://data.europa.eu/esco/skill/4539aeca-b56f-4d03-ba86-8f675a7f2536
ESPOL,Escuela Superior Politécnica del Litoral,COMPUTACIÓN,5,resolver problemas técnicos,skill/competence,cross-sector,0.6973,http://data.europa.eu/esco/skill/14832d87-2f2f-4895-b290-e4760ebae42a
ESPOL,Escuela Superior Politécnica del Litoral,COMPUTACIÓN,6,proyecto,knowledge,cross-sector,0.6962,http://data.europa.eu/esco/skill/d1072655-88ce-4445-8803-e6273da273e7
ESPOL,Escuela Superior Politécnica del Litoral,COMPUTACIÓN,7,resolver problemas de sistemas TIC,skill/competence,cross-sector,0.6882,http://data.europa.eu/esco/skill/9e06bac6-6b91-48ca-8b7d-c1f48cdecd7c
ESPOL,Escuela Superior Politécnica del Litoral,COMPUTACIÓN,8,Proponer soluciones tecnológicas a problemas empresariales,skill/competence,cross-sector,0.6881,http://data.europa.eu/esco/skill/07e51c60-763a-4335-b4ec-70a15f66d328
ESPOL,Escuela Superior Politécnica del Litoral,COMPUTACIÓN,9,utilizar las tecnologías digitales con creatividad,skill/competence,cross-sector,0.6832,http://data.europa.eu/esco/skill/1a4cc54f-1e53-442b-a6d2-1682dc8ef8f9
ESPOL,Escuela Superior Politécnica del Litoral,COMPUTACIÓN,10,detectar necesidades tecnológicas,skill/competence,cross-sector,0.6824,http://data.europa.eu/esco/skill/42fcf80d-7b45-40f3-bd2f-5411c4c0dfa0
ESPOL,Escuela Superior Politécnica del Litoral,ELECTRICIDAD,1,evaluar las necesidades energéticas,skill/competence,cross-sector,0.7351,http://data.europa.eu/esco/skill/36fccad9-1d20-4104-bcc2-a8ea9d1ce5ea
ESPOL,Escuela Superior Politécnica del Litoral,ELECTRICIDAD,2,realizar actividades de gestión energética en instalaciones,skill/competence,cross-sector,0.6981,http://data.europa.eu/esco/skill/885808f7-f42b-406e-95f2-28efcd45ddda
ESPOL,Escuela Superior Politécnica del Litoral,ELECTRICIDAD,3,gestionar la recepción de suministros eléctricos,skill/competence,cross-sector,0.6764,http://data.europa.eu/esco/skill/c796e1fa-cbbd-4639-b8d9-cbcdc130c7a2
ESPOL,Escuela Superior Politécnica del Litoral,ELECTRICIDAD,4,gestionar empresas de producción,skill/competence,cross-sector,0.6741,http://data.europa.eu/esco/skill/435d1751-8667-41ec-8b32-865b7cd3c684
ESPOL,Escuela Superior Politécnica del Litoral,ELECTRICIDAD,5,garantizar el cumplimiento del plan de distribución de energía,skill/competence,cross-sector,0.6705,http://data.europa.eu/esco/skill/694e1e70-3e22-4d72-a3ac-b5f92951423d
ESPOL,Escuela Superior Politécnica del Litoral,ELECTRICIDAD,6,gestionar proyectos de ingeniería,skill/competence,cross-sector,0.6685,http://data.europa.eu/esco/skill/6a899482-8bcf-40ca-ae67-579a1cc467ab
ESPOL,Escuela Superior Politécnica del Litoral,ELECTRICIDAD,7,realizar todas las actividades de ingeniería de procesos,skill/competence,cross-sector,0.6581,http://data.europa.eu/esco/skill/8b9d609a-6d62-4d5c-9133-01d41979cfac
ESPOL,Escuela Superior Politécnica del Litoral,ELECTRICIDAD,8,mantener motores eléctricos,skill/competence,cross-sector,0.6562,http://data.europa.eu/esco/skill/2876970d-90af-45bd-9cfd-c0af757947ea
ESPOL,Escuela Superior Politécnica del Litoral,ELECTRICIDAD,9,gestionar proyectos de investigación y desarrollo,skill/competence,cross-sector,0.6537,http://data.europa.eu/esco/skill/d5dbc342-8e39-4998-8237-ebbe05a381ce
ESPOL,Escuela Superior Politécnica del Litoral,ELECTRICIDAD,10,gestionar proyectos,skill/competence,cross-sector,0.653,http://data.europa.eu/esco/skill/cd5efa8c-e44d-4cbc-91c6-796018dbed68
ESPOL,Escuela Superior Politécnica del Litoral,ELECTRÓNICA Y AUTOMATIZACIÓN,1,desarrollar procedimientos de prueba electrónica,skill/competence,cross-sector,0.7225,http://data.europa.eu/esco/skill/0de6bca4-f3aa-452a-8e10-d355b2c1bfc4
ESPOL,Escuela Superior Politécnica del Litoral,ELECTRÓNICA Y AUTOMATIZACIÓN,2,asistir a usuarios de instrumentos eléctricos,skill/competence,cross-sector,0.7135,http://data.europa.eu/esco/skill/520f01d1-91a9-44cb-a3e6-b803e18f439c
ESPOL,Escuela Superior Politécnica del Litoral,ELECTRÓNICA Y AUTOMATIZACIÓN,3,diseñar sistemas de control,skill/competence,cross-sector,0.7092,http://data.europa.eu/esco/skill/d560df46-dda4-4407-bab2-b87353a96814
ESPOL,Escuela Superior Politécnica del Litoral,ELECTRÓNICA Y AUTOMATIZACIÓN,4,montar equipos de instrumentación,skill/competence,cross-sector,0.7059,http://data.europa.eu/esco/skill/af0b1937-7538-434f-871b-7e8f72e04117
ESPOL,Escuela Superior Politécnica del Litoral,ELECTRÓNICA Y AUTOMATIZACIÓN,5,asesorar sobre cuestiones relacionadas con problemas de fabricación,skill/competence,cross-sector,0.7034,http://data.europa.eu/esco/skill/6c80c47c-3d08-4356-aa82-46f6ec82c898
ESPOL,Escuela Superior Politécnica del Litoral,ELECTRÓNICA Y AUTOMATIZACIÓN,6,resolver problemas técnicos,skill/competence,cross-sector,0.7007,http://data.europa.eu/esco/skill/14832d87-2f2f-4895-b290-e4760ebae42a
ESPOL,Escuela Superior Politécnica del Litoral,ELECTRÓNICA Y AUTOMATIZACIÓN,7,desarrollar sistemas de instrumentación,skill/competence,cross-sector,0.6996,http://data.europa.eu/esco/skill/d8c19849-f4cf-458d-90cd-abe735a729bf
ESPOL,Escuela Superior Politécnica del Litoral,ELECTRÓNICA Y AUTOMATIZACIÓN,8,diseñar componentes de automatización,skill/competence,cross-sector,0.6991,http://data.europa.eu/esco/skill/f96f5aa5-6ed7-40dc-a431-68b0a09d6d4b
ESPOL,Escuela Superior Politécnica del Litoral,ELECTRÓNICA Y AUTOMATIZACIÓN,9,gestionar sistemas de instrumentación,skill/competence,cross-sector,0.6981,http://data.europa.eu/esco/skill/5d71a91f-cc72-4b66-b6e3-d75ecc05e235
ESPOL,Escuela Superior Politécnica del Litoral,ELECTRÓNICA Y AUTOMATIZACIÓN,10,mantener equipos electrónicos,skill/competence,cross-sector,0.6937,http://data.europa.eu/esco/skill/ba45db8f-34e8-4f29-af0b-e6645e1d693f
ESPOL,Escuela Superior Politécnica del Litoral,TELECOMUNICACIONES,1,detectar y corregir errores de las tecnologías de la información y de las comunicaciones,skill/competence,cross-sector,0.6798,http://data.europa.eu/esco/skill/744442ac-c157-4350-8be0-ce454df4f5c5
ESPOL,Escuela Superior Politécnica del Litoral,TELECOMUNICACIONES,2,desarrollar estrategias de comunicación,skill/competence,cross-sector,0.6647,http://data.europa.eu/esco/skill/3c834f6e-523a-49ee-8ed1-e073e28ae6fe
ESPOL,Escuela Superior Politécnica del Litoral,TELECOMUNICACIONES,3,detectar necesidades tecnológicas,skill/competence,cross-sector,0.6558,http://data.europa.eu/esco/skill/42fcf80d-7b45-40f3-bd2f-5411c4c0dfa0
ESPOL,Escuela Superior Politécnica del Litoral,TELECOMUNICACIONES,4,resolver problemas de sistemas TIC,skill/competence,cross-sector,0.6541,http://data.europa.eu/esco/skill/9e06bac6-6b91-48ca-8b7d-c1f48cdecd7c
ESPOL,Escuela Superior Politécnica del Litoral,TELECOMUNICACIONES,5,gestionar las comunicaciones visuales,skill/competence,cross-sector,0.6462,http://data.europa.eu/esco/skill/50b96d21-f2eb-4f35-a8d3-77eee15ef51f
ESPOL,Escuela Superior Politécnica del Litoral,TELECOMUNICACIONES,6,crear soluciones para problemas informativos,skill/competence,cross-sector,0.6437,http://data.europa.eu/esco/skill/4539aeca-b56f-4d03-ba86-8f675a7f2536
ESPOL,Escuela Superior Politécnica del Litoral,TELECOMUNICACIONES,7,asesorar sobre estrategias de comunicación,skill/competence,cross-sector,0.6371,http://data.europa.eu/esco/skill/69f36674-440a-4fa0-89f9-1b70172ebb9d
ESPOL,Escuela Superior Politécnica del Litoral,TELECOMUNICACIONES,8,diseñar sistemas eléctricos,skill/competence,cross-sector,0.6368,http://data.europa.eu/esco/skill/05010f6c-0b40-4525-ac4a-057d46a2b6f4
ESPOL,Escuela Superior Politécnica del Litoral,TELECOMUNICACIONES,9,ingeniería de telecomunicaciones,knowledge,cross-sector,0.632,http://data.europa.eu/esco/skill/14764a75-3104-4875-ba1d-57c059b9b013
ESPOL,Escuela Superior Politécnica del Litoral,TELECOMUNICACIONES,10,coordinar comunicaciones remotas,skill/competence,cross-sector,0.6294,http://data.europa.eu/esco/skill/9bafaea2-76cd-4532-ab77-8b3d21fa6235
ESPOL,Escuela Superior Politécnica del Litoral,MECATRÓNICA,1,mecatrónica,knowledge,cross-sector,0.7628,http://data.europa.eu/esco/skill/d88cb3f1-8e02-4618-bf32-4b0488066934
ESPOL,Escuela Superior Politécnica del Litoral,MECATRÓNICA,2,electromecánica,knowledge,cross-sector,0.6915,http://data.europa.eu/esco/skill/2bbdea06-a265-42b5-bb4f-7241b661f069
ESPOL,Escuela Superior Politécnica del Litoral,MECATRÓNICA,3,diseñar componentes de automatización,skill/competence,cross-sector,0.6796,http://data.europa.eu/esco/skill/f96f5aa5-6ed7-40dc-a431-68b0a09d6d4b
ESPOL,Escuela Superior Politécnica del Litoral,MECATRÓNICA,4,diseñar sistemas electromecánicos,skill/competence,cross-sector,0.677,http://data.europa.eu/esco/skill/c5422318-3218-4ce9-9bdd-f38b93ff63a3
ESPOL,Escuela Superior Politécnica del Litoral,MECATRÓNICA,5,realizar todas las actividades de ingeniería de procesos,skill/competence,cross-sector,0.6694,http://data.europa.eu/esco/skill/8b9d609a-6d62-4d5c-9133-01d41979cfac
ESPOL,Escuela Superior Politécnica del Litoral,MECATRÓNICA,6,sistemas mecánicos,knowledge,cross-sector,0.6677,http://data.europa.eu/esco/skill/69bece91-c806-42ad-bde4-db28c7f8fc4b
ESPOL,Escuela Superior Politécnica del Litoral,MECATRÓNICA,7,diseñar sistemas de control,skill/competence,cross-sector,0.6677,http://data.europa.eu/esco/skill/d560df46-dda4-4407-bab2-b87353a96814
ESPOL,Escuela Superior Politécnica del Litoral,MECATRÓNICA,8,robótica,knowledge,cross-sector,0.6617,http://data.europa.eu/esco/skill/e87ec79a-c9ff-46f5-84fa-7a0f394cdf40
ESPOL,Escuela Superior Politécnica del Litoral,MECATRÓNICA,9,operar sistemas de control informatizados,skill/competence,cross-sector,0.6604,http://data.europa.eu/esco/skill/b916d60e-38e9-4241-914a-4e2144bda711
ESPOL,Escuela Superior Politécnica del Litoral,MECATRÓNICA,10,desarrollar sistemas de instrumentación,skill/competence,cross-sector,0.66,http://data.europa.eu/esco/skill/d8c19849-f4cf-458d-90cd-abe735a729bf
ESPOL,Escuela Superior Politécnica del Litoral,INGENIERÍA CIVIL,1,ingeniería civil,knowledge,cross-sector,0.7012,http://data.europa.eu/esco/skill/82887396-e5bf-4306-af51-3fe8d82790b2
ESPOL,Escuela Superior Politécnica del Litoral,INGENIERÍA CIVIL,2,"aplicar conocimientos científicos, tecnológicos y de ingeniería",skill/competence,transversal,0.694,http://data.europa.eu/esco/skill/5c3ab99d-a3f1-4620-9602-d12d2151a03d
ESPOL,Escuela Superior Politécnica del Litoral,INGENIERÍA CIVIL,3,asesorar sobre temas de construcción,skill/competence,cross-sector,0.6642,http://data.europa.eu/esco/skill/3b64ab47-a874-403a-b781-7b23c2fc3c6c
ESPOL,Escuela Superior Politécnica del Litoral,INGENIERÍA CIVIL,4,integrar los principios de la ingeniería en el diseño arquitectónico,skill/competence,cross-sector,0.6535,http://data.europa.eu/esco/skill/ee239d14-bfc8-4939-91ff-824b5814ff67
ESPOL,Escuela Superior Politécnica del Litoral,INGENIERÍA CIVIL,5,calcular duración del trabajo,skill/competence,cross-sector,0.6519,http://data.europa.eu/esco/skill/e207163b-7963-4c3e-9494-7a4bb000211b
ESPOL,Escuela Superior Politécnica del Litoral,INGENIERÍA CIVIL,6,coordinar equipos de ingeniería,skill/competence,cross-sector,0.6508,http://data.europa.eu/esco/skill/7af6e9e8-1e11-4c0b-b7c6-ac96bbbbc674
ESPOL,Escuela Superior Politécnica del Litoral,INGENIERÍA CIVIL,7,garantizar el cumplimiento de los plazos de construcción,skill/competence,cross-sector,0.6504,http://data.europa.eu/esco/skill/6181f475-110c-497c-a46d-ed2e14e7bc90
ESPOL,Escuela Superior Politécnica del Litoral,INGENIERÍA CIVIL,8,aplicar conocimientos de ciencias sociales y humanidades,skill/competence,transversal,0.6469,http://data.europa.eu/esco/skill/deb3c1bc-d48a-42e6-b0cc-cb238534ec28
ESPOL,Escuela Superior Politécnica del Litoral,INGENIERÍA CIVIL,9,proporcionar experiencia técnica,skill/competence,cross-sector,0.643,http://data.europa.eu/esco/skill/c69587b4-05d3-45bb-b79b-9b85e6603fc2
ESPOL,Escuela Superior Politécnica del Litoral,INGENIERÍA CIVIL,10,examinar las infraestructuras civiles,skill/competence,cross-sector,0.6423,http://data.europa.eu/esco/skill/d48b3cfe-80b6-406f-b582-d959b60417f8
ESPOL,Escuela Superior Politécnica del Litoral,INGENIERÍA QUÍMICA,1,mejorar procesos químicos,skill/competence,cross-sector,0.7027,http://data.europa.eu/esco/skill/451c8010-7dbb-4f96-b4d4-0955766d9eff
ESPOL,Escuela Superior Politécnica del Litoral,INGENIERÍA QUÍMICA,2,desarrollar procedimientos de ensayo de materiales,skill/competence,cross-sector,0.697,http://data.europa.eu/esco/skill/658b6ea0-79f5-451d-a037-7593a4416c85
ESPOL,Escuela Superior Politécnica del Litoral,INGENIERÍA QUÍMICA,3,elaborar fórmulas de fabricación,skill/competence,cross-sector,0.6761,http://data.europa.eu/esco/skill/b2ad4e50-cb82-4a34-ab3e-5b5f6c4f9b65
ESPOL,Escuela Superior Politécnica del Litoral,INGENIERÍA QUÍMICA,4,trabajar con sustancias químicas,skill/competence,cross-sector,0.6735,http://data.europa.eu/esco/skill/929a997b-d56c-4383-b36d-6de9fa0e1721
ESPOL,Escuela Superior Politécnica del Litoral,INGENIERÍA QUÍMICA,5,química,knowledge,cross-sector,0.6695,http://data.europa.eu/esco/skill/cde9911c-f92e-4de1-811f-336e177ac4ce
ESPOL,Escuela Superior Politécnica del Litoral,INGENIERÍA QUÍMICA,6,fabricar productos químicos,skill/competence,cross-sector,0.6657,http://data.europa.eu/esco/skill/4309a39d-af97-4e56-8d0e-5351b7b8dd01
ESPOL,Escuela Superior Politécnica del Litoral,INGENIERÍA QUÍMICA,7,ingeniería ambiental,knowledge,cross-sector,0.6639,http://data.europa.eu/esco/skill/b1b118c4-3291-484e-b64d-6d51fd5da8b3
ESPOL,Escuela Superior Politécnica del Litoral,INGENIERÍA QUÍMICA,8,realizar todas las actividades de ingeniería de procesos,skill/competence,cross-sector,0.6639,http://data.europa.eu/esco/skill/8b9d609a-6d62-4d5c-9133-01d41979cfac
ESPOL,Escuela Superior Politécnica del Litoral,INGENIERÍA QUÍMICA,9,"aplicar conocimientos científicos, tecnológicos y de ingeniería",skill/competence,transversal,0.6632,http://data.europa.eu/esco/skill/5c3ab99d-a3f1-4620-9602-d12d2151a03d
ESPOL,Escuela Superior Politécnica del Litoral,INGENIERÍA QUÍMICA,10,gestionar procedimientos de ensayos de sustancias químicas,skill/competence,cross-sector,0.6609,http://data.europa.eu/esco/skill/abcfd4de-3b3d-48ed-a002-36071bad8d46
ESPOL,Escuela Superior Politécnica del Litoral,INGENIERÍA INDUSTRIAL,1,crear soluciones para problemas,skill/competence,cross-sector,0.7242,http://data.europa.eu/esco/skill/03b9b491-fc9b-4868-914a-bf7cd47b5041
ESPOL,Escuela Superior Politécnica del Litoral,INGENIERÍA INDUSTRIAL,2,mejorar procesos químicos,skill/competence,cross-sector,0.7054,http://data.europa.eu/esco/skill/451c8010-7dbb-4f96-b4d4-0955766d9eff
ESPOL,Escuela Superior Politécnica del Litoral,INGENIERÍA INDUSTRIAL,3,analizar procesos de producción para introducir mejoras,skill/competence,cross-sector,0.7039,http://data.europa.eu/esco/skill/f1b5800e-b763-4740-9586-3fef30568e81
ESPOL,Escuela Superior Politécnica del Litoral,INGENIERÍA INDUSTRIAL,4,analizar estrategias de gestión de la cadena de suministro,skill/competence,cross-sector,0.6996,http://data.europa.eu/esco/skill/96d549bb-3e62-4c45-92a7-f114df089581
ESPOL,Escuela Superior Politécnica del Litoral,INGENIERÍA INDUSTRIAL,5,aplicar métodos de producción avanzados,skill/competence,cross-sector,0.6961,http://data.europa.eu/esco/skill/4f0e579d-ca7b-427c-ace6-9e2de3eb19c7
ESPOL,Escuela Superior Politécnica del Litoral,INGENIERÍA INDUSTRIAL,6,diseñar procesos,skill/competence,cross-sector,0.6955,http://data.europa.eu/esco/skill/2c28fc20-8a60-4311-8899-5ef8729c05b3
ESPOL,Escuela Superior Politécnica del Litoral,INGENIERÍA INDUSTRIAL,7,identificar requisitos del cliente,skill/competence,cross-sector,0.6936,http://data.europa.eu/esco/skill/0e0c9c11-b39e-43cf-ba95-2fe646f5de64
ESPOL,Escuela Superior Politécnica del Litoral,INGENIERÍA INDUSTRIAL,8,planificar procesos de fabricación,skill/competence,cross-sector,0.6901,http://data.europa.eu/esco/skill/7d0f33ea-e724-4d77-8b75-ee4fe66bb9ba
ESPOL,Escuela Superior Politécnica del Litoral,INGENIERÍA INDUSTRIAL,9,ejecutar cálculos matemáticos analíticos,skill/competence,cross-sector,0.6892,http://data.europa.eu/esco/skill/31c69100-b612-4a61-8db5-fd314318854c
ESPOL,Escuela Superior Politécnica del Litoral,INGENIERÍA INDUSTRIAL,10,elaborar software estadístico,skill/competence,cross-sector,0.6874,http://data.europa.eu/esco/skill/bb165899-d95f-4433-95f2-173fefd716d2
ESPOL,Escuela Superior Politécnica del Litoral,MECÁNICA,1,realizar todas las actividades de ingeniería de procesos,skill/competence,cross-sector,0.6927,http://data.europa.eu/esco/skill/8b9d609a-6d62-4d5c-9133-01d41979cfac
ESPOL,Escuela Superior Politécnica del Litoral,MECÁNICA,2,desarrollar normas y procedimientos de fabricación,skill/competence,cross-sector,0.6812,http://data.europa.eu/esco/skill/764db027-9063-4468-acb3-c73ecfc76f35
ESPOL,Escuela Superior Politécnica del Litoral,MECÁNICA,3,diseñar componentes de ingeniería,skill/competence,cross-sector,0.6781,http://data.europa.eu/esco/skill/87434439-c07d-48be-af34-b0cdd03121c4
ESPOL,Escuela Superior Politécnica del Litoral,MECÁNICA,4,"aplicar conocimientos científicos, tecnológicos y de ingeniería",skill/competence,transversal,0.6762,http://data.europa.eu/esco/skill/5c3ab99d-a3f1-4620-9602-d12d2151a03d
ESPOL,Escuela Superior Politécnica del Litoral,MECÁNICA,5,aprobar un diseño técnico,skill/competence,cross-sector,0.6752,http://data.europa.eu/esco/skill/f54c10e4-630d-4e50-95e9-4e9e268e8f12
ESPOL,Escuela Superior Politécnica del Litoral,MECÁNICA,6,gestionar proyectos de ingeniería,skill/competence,cross-sector,0.6747,http://data.europa.eu/esco/skill/6a899482-8bcf-40ca-ae67-579a1cc467ab
ESPOL,Escuela Superior Politécnica del Litoral,MECÁNICA,7,proporcionar experiencia técnica,skill/competence,cross-sector,0.6734,http://data.europa.eu/esco/skill/c69587b4-05d3-45bb-b79b-9b85e6603fc2
ESPOL,Escuela Superior Politécnica del Litoral,MECÁNICA,8,desarrollar procedimientos de ensayo de materiales,skill/competence,cross-sector,0.6723,http://data.europa.eu/esco/skill/658b6ea0-79f5-451d-a037-7593a4416c85
ESPOL,Escuela Superior Politécnica del Litoral,MECÁNICA,9,gestionar empresas de producción,skill/competence,cross-sector,0.6716,http://data.europa.eu/esco/skill/435d1751-8667-41ec-8b32-865b7cd3c684
ESPOL,Escuela Superior Politécnica del Litoral,MECÁNICA,10,diseñar planos técnicos,skill/competence,cross-sector,0.6684,http://data.europa.eu/esco/skill/5c98825f-146d-4d35-97cf-207b2afd9ae2
ESPOL,Escuela Superior Politécnica del Litoral,MATERIALES,1,desarrollar procedimientos de ensayo de materiales,skill/competence,cross-sector,0.7061,http://data.europa.eu/esco/skill/658b6ea0-79f5-451d-a037-7593a4416c85
ESPOL,Escuela Superior Politécnica del Litoral,MATERIALES,2,economía circular,knowledge,cross-sector,0.6915,http://data.europa.eu/esco/skill/22c45bf7-e52b-475f-847b-c32a87f65a5d
ESPOL,Escuela Superior Politécnica del Litoral,MATERIALES,3,identificar nuevas oportunidades de reciclaje,skill/competence,cross-sector,0.68,http://data.europa.eu/esco/skill/89f5fa96-ae45-4906-902c-d50ca51009c6
ESPOL,Escuela Superior Politécnica del Litoral,MATERIALES,4,fabricar productos químicos,skill/competence,cross-sector,0.6735,http://data.europa.eu/esco/skill/4309a39d-af97-4e56-8d0e-5351b7b8dd01
ESPOL,Escuela Superior Politécnica del Litoral,MATERIALES,5,producir productos sostenibles,skill/competence,cross-sector,0.6674,http://data.europa.eu/esco/skill/97725325-5287-4ebb-9f83-1ba2c38f465c
ESPOL,Escuela Superior Politécnica del Litoral,MATERIALES,6,utilizar materiales y componentes sostenibles,skill/competence,cross-sector,0.6626,http://data.europa.eu/esco/skill/73576419-31c2-4e45-8e30-ab1afec3db4e
ESPOL,Escuela Superior Politécnica del Litoral,MATERIALES,7,analizar estrategias de gestión de la cadena de suministro,skill/competence,cross-sector,0.6615,http://data.europa.eu/esco/skill/96d549bb-3e62-4c45-92a7-f114df089581
ESPOL,Escuela Superior Politécnica del Litoral,MATERIALES,8,analizar procesos de producción para introducir mejoras,skill/competence,cross-sector,0.66,http://data.europa.eu/esco/skill/f1b5800e-b763-4740-9586-3fef30568e81
ESPOL,Escuela Superior Politécnica del Litoral,MATERIALES,9,desarrollar nuevas técnicas de soldadura,skill/competence,cross-sector,0.6595,http://data.europa.eu/esco/skill/d73a88a6-6325-4c2b-887c-5d598580afad
ESPOL,Escuela Superior Politécnica del Litoral,MATERIALES,10,asesorar sobre soluciones sostenibles,skill/competence,cross-sector,0.6576,http://data.europa.eu/esco/skill/dbef5042-4b99-4e6f-b2ed-1d33b07b3ed6
ESPOL,Escuela Superior Politécnica del Litoral,PETRÓLEOS,1,desarrollar procedimientos de ensayo de materiales,skill/competence,cross-sector,0.6282,http://data.europa.eu/esco/skill/658b6ea0-79f5-451d-a037-7593a4416c85
ESPOL,Escuela Superior Politécnica del Litoral,PETRÓLEOS,2,"aplicar conocimientos científicos, tecnológicos y de ingeniería",skill/competence,transversal,0.6177,http://data.europa.eu/esco/skill/5c3ab99d-a3f1-4620-9602-d12d2151a03d
ESPOL,Escuela Superior Politécnica del Litoral,PETRÓLEOS,3,realizar todas las actividades de ingeniería de procesos,skill/competence,cross-sector,0.6141,http://data.europa.eu/esco/skill/8b9d609a-6d62-4d5c-9133-01d41979cfac
ESPOL,Escuela Superior Politécnica del Litoral,PETRÓLEOS,4,gestionar proyectos de ingeniería,skill/competence,cross-sector,0.613,http://data.europa.eu/esco/skill/6a899482-8bcf-40ca-ae67-579a1cc467ab
ESPOL,Escuela Superior Politécnica del Litoral,PETRÓLEOS,5,coordinar equipos de ingeniería,skill/competence,cross-sector,0.6105,http://data.europa.eu/esco/skill/7af6e9e8-1e11-4c0b-b7c6-ac96bbbbc674
ESPOL,Escuela Superior Politécnica del Litoral,PETRÓLEOS,6,evaluar el impacto ambiental de yacimientos y zonas industriales,skill/competence,cross-sector,0.6062,http://data.europa.eu/esco/skill/f12f094b-492f-4e88-b36b-50b8e58b7500
ESPOL,Escuela Superior Politécnica del Litoral,PETRÓLEOS,7,Interactuar de manera profesional en entornos de investigación y profesionales,skill/competence,cross-sector,0.6038,http://data.europa.eu/esco/skill/20a8fe89-d4eb-4698-8521-8881c13377e0
ESPOL,Escuela Superior Politécnica del Litoral,PETRÓLEOS,8,diseñar componentes de ingeniería,skill/competence,cross-sector,0.6012,http://data.europa.eu/esco/skill/87434439-c07d-48be-af34-b0cdd03121c4
ESPOL,Escuela Superior Politécnica del Litoral,PETRÓLEOS,9,proyecto,knowledge,cross-sector,0.5972,http://data.europa.eu/esco/skill/d1072655-88ce-4445-8803-e6273da273e7
ESPOL,Escuela Superior Politécnica del Litoral,PETRÓLEOS,10,diseñar escombreras de minas,skill/competence,cross-sector,0.5959,http://data.europa.eu/esco/skill/cfbe1cdb-1738-45a1-b442-75cbda1fff06
ESPOL,Escuela Superior Politécnica del Litoral,GEOLOGÍA,1,evaluar el impacto ambiental de yacimientos y zonas industriales,skill/competence,cross-sector,0.6864,http://data.europa.eu/esco/skill/f12f094b-492f-4e88-b36b-50b8e58b7500
ESPOL,Escuela Superior Politécnica del Litoral,GEOLOGÍA,2,gestionar impacto ambiental,skill/competence,cross-sector,0.6395,http://data.europa.eu/esco/skill/d3a8ef9c-8572-438c-91dc-010537070be3
ESPOL,Escuela Superior Politécnica del Litoral,GEOLOGÍA,3,enseñar geografía,skill/competence,cross-sector,0.6379,http://data.europa.eu/esco/skill/be040651-f357-45d0-9e1a-d98245be6546
ESPOL,Escuela Superior Politécnica del Litoral,GEOLOGÍA,4,determinar riesgos de incendios,skill/competence,cross-sector,0.6293,http://data.europa.eu/esco/skill/2e04c512-6867-49c5-ad58-0797b8fbddf2
ESPOL,Escuela Superior Politécnica del Litoral,GEOLOGÍA,5,investigar accidentes laborales,skill/competence,cross-sector,0.6229,http://data.europa.eu/esco/skill/2cbb31ac-2403-4c31-90f3-7473623a56fc
ESPOL,Escuela Superior Politécnica del Litoral,GEOLOGÍA,6,gestionar el impacto medioambiental de las operaciones,skill/competence,cross-sector,0.6182,http://data.europa.eu/esco/skill/d86babea-bf8b-4552-81a8-daf706066ad6
ESPOL,Escuela Superior Politécnica del Litoral,GEOLOGÍA,7,"aplicar conocimientos científicos, tecnológicos y de ingeniería",skill/competence,transversal,0.6172,http://data.europa.eu/esco/skill/5c3ab99d-a3f1-4620-9602-d12d2151a03d
ESPOL,Escuela Superior Politécnica del Litoral,GEOLOGÍA,8,detectar peligros en el lugar de trabajo,skill/competence,cross-sector,0.6165,http://data.europa.eu/esco/skill/5f97fac8-2001-4b81-ae8b-22f9062d921a
ESPOL,Escuela Superior Politécnica del Litoral,GEOLOGÍA,9,realizar mediciones relacionadas con el trabajo,skill/competence,cross-sector,0.6164,http://data.europa.eu/esco/skill/ab75d510-ac75-482d-b671-bb3bad741f07
ESPOL,Escuela Superior Politécnica del Litoral,GEOLOGÍA,10,asesorar sobre sistemas de gestión de riesgos ambientales,skill/competence,cross-sector,0.6158,http://data.europa.eu/esco/skill/a366bfc5-8d17-4792-a9f0-db0951528dda
ESPOL,Escuela Superior Politécnica del Litoral,MATEMÁTICA,1,realizar cálculos,skill/competence,transversal,0.7123,http://data.europa.eu/esco/skill/19ba11f3-9c99-41fd-a7c9-f77e6a026186
ESPOL,Escuela Superior Politécnica del Litoral,MATEMÁTICA,2,asesorar al alumnado,skill/competence,cross-sector,0.7099,http://data.europa.eu/esco/skill/f7940b22-764a-43f0-9642-f60f5897109b
ESPOL,Escuela Superior Politécnica del Litoral,MATEMÁTICA,3,proporcionar orientación profesional,skill/competence,cross-sector,0.6754,http://data.europa.eu/esco/skill/fd88851f-4d1d-4de8-aee1-4464c3012969
ESPOL,Escuela Superior Politécnica del Litoral,MATEMÁTICA,4,ejecutar cálculos matemáticos analíticos,skill/competence,cross-sector,0.6654,http://data.europa.eu/esco/skill/31c69100-b612-4a61-8db5-fd314318854c
ESPOL,Escuela Superior Politécnica del Litoral,MATEMÁTICA,5,asesorar sobre mejoras de seguridad,skill/competence,cross-sector,0.6645,http://data.europa.eu/esco/skill/37838e04-ac5f-43a5-82d0-35f42351fd60
ESPOL,Escuela Superior Politécnica del Litoral,MATEMÁTICA,6,Interactuar de manera profesional en entornos de investigación y profesionales,skill/competence,cross-sector,0.6639,http://data.europa.eu/esco/skill/20a8fe89-d4eb-4698-8521-8881c13377e0
ESPOL,Escuela Superior Politécnica del Litoral,MATEMÁTICA,7,resolver problemas,skill/competence,transversal,0.6541,http://data.europa.eu/esco/skill/adc6dc11-3376-467b-96c5-9b0a21edc869
ESPOL,Escuela Superior Politécnica del Litoral,MATEMÁTICA,8,elaborar políticas de economía,skill/competence,cross-sector,0.6517,http://data.europa.eu/esco/skill/8394fefb-f62a-48c0-a156-3117cefdb9b3
ESPOL,Escuela Superior Politécnica del Litoral,MATEMÁTICA,9,interpretar información matemática,skill/competence,transversal,0.6506,http://data.europa.eu/esco/skill/6fc6f757-6baa-49fe-9a82-6ba6a52f2e13
ESPOL,Escuela Superior Politécnica del Litoral,MATEMÁTICA,10,asesorar sobre el desarrollo de los planes de estudio,skill/competence,cross-sector,0.65,http://data.europa.eu/esco/skill/142a5319-60cb-42a2-891f-90ba92af18b1
ESPOL,Escuela Superior Politécnica del Litoral,ECONOMÍA,1,elaborar políticas de economía,skill/competence,cross-sector,0.692,http://data.europa.eu/esco/skill/8394fefb-f62a-48c0-a156-3117cefdb9b3
ESPOL,Escuela Superior Politécnica del Litoral,ECONOMÍA,2,tener en cuenta los criterios económicos en la toma de decisiones,skill/competence,cross-sector,0.6634,http://data.europa.eu/esco/skill/d41262ae-eca1-4ede-89a8-46d2d99a7a31
ESPOL,Escuela Superior Politécnica del Litoral,ECONOMÍA,3,analizar el riesgo financiero,skill/competence,cross-sector,0.6591,http://data.europa.eu/esco/skill/eb8babfb-ab91-4937-a032-6a79f82e9b7f
ESPOL,Escuela Superior Politécnica del Litoral,ECONOMÍA,4,pronosticar niveles futuros de desarrollo empresarial,skill/competence,cross-sector,0.6571,http://data.europa.eu/esco/skill/ab167ae1-dfd8-4607-8dc4-d6d500622e1d
ESPOL,Escuela Superior Politécnica del Litoral,ECONOMÍA,5,economía,knowledge,cross-sector,0.6565,http://data.europa.eu/esco/skill/88af9294-b697-4687-ae19-aefbb6234dfa
ESPOL,Escuela Superior Politécnica del Litoral,ECONOMÍA,6,proporcionar orientación profesional,skill/competence,cross-sector,0.6534,http://data.europa.eu/esco/skill/fd88851f-4d1d-4de8-aee1-4464c3012969
ESPOL,Escuela Superior Politécnica del Litoral,ECONOMÍA,7,evaluar la información y sus fuentes de una manera crítica,skill/competence,transversal,0.6516,http://data.europa.eu/esco/skill/db33c0f3-43ee-4ba3-ba47-9269ac837697
ESPOL,Escuela Superior Politécnica del Litoral,ECONOMÍA,8,analizar las tendencias económicas,skill/competence,cross-sector,0.6501,http://data.europa.eu/esco/skill/5f302d63-048e-451c-b150-97c124a5a26b
ESPOL,Escuela Superior Politécnica del Litoral,ECONOMÍA,9,analizar los factores externos a una empresa,skill/competence,cross-sector,0.6497,http://data.europa.eu/esco/skill/ce5b1446-b5e3-4f05-a5ac-83f2ee142a44
ESPOL,Escuela Superior Politécnica del Litoral,ECONOMÍA,10,asesorar sobre el desarrollo económico,skill/competence,cross-sector,0.6483,http://data.europa.eu/esco/skill/384ed14c-bf1f-4a65-aef6-6e711f43c4ce
ESPOL,Escuela Superior Politécnica del Litoral,ADMINISTRACIÓN DE EMPRESAS,1,gestionar recursos financieros y materiales,skill/competence,transversal,0.7097,http://data.europa.eu/esco/skill/1ddc021d-d818-4731-904f-842d7491f419
ESPOL,Escuela Superior Politécnica del Litoral,ADMINISTRACIÓN DE EMPRESAS,2,realizar un análisis empresarial,skill/competence,cross-sector,0.6862,http://data.europa.eu/esco/skill/27ed854c-15b8-4ba2-90e9-ae888a219703
ESPOL,Escuela Superior Politécnica del Litoral,ADMINISTRACIÓN DE EMPRESAS,3,gestionar los aspectos financieros de una empresa,skill/competence,cross-sector,0.6858,http://data.europa.eu/esco/skill/fa6acfc3-0a4f-4192-b77d-80e94d0faf2a
ESPOL,Escuela Superior Politécnica del Litoral,ADMINISTRACIÓN DE EMPRESAS,4,elaborar políticas de economía,skill/competence,cross-sector,0.683,http://data.europa.eu/esco/skill/8394fefb-f62a-48c0-a156-3117cefdb9b3
ESPOL,Escuela Superior Politécnica del Litoral,ADMINISTRACIÓN DE EMPRESAS,5,analizar estrategias de gestión de la cadena de suministro,skill/competence,cross-sector,0.681,http://data.europa.eu/esco/skill/96d549bb-3e62-4c45-92a7-f114df089581
ESPOL,Escuela Superior Politécnica del Litoral,ADMINISTRACIÓN DE EMPRESAS,6,evaluar los programas de estudio,skill/competence,cross-sector,0.6788,http://data.europa.eu/esco/skill/3b660a83-91c3-4c9d-8f82-2d306777a42f
ESPOL,Escuela Superior Politécnica del Litoral,ADMINISTRACIÓN DE EMPRESAS,7,elaborar las estrategias empresariales,skill/competence,cross-sector,0.6757,http://data.europa.eu/esco/skill/ba2c6181-b036-40b4-8f6d-51499463ccbb
ESPOL,Escuela Superior Politécnica del Litoral,ADMINISTRACIÓN DE EMPRESAS,8,formar equipos dentro de la empresa en base a las competencias,skill/competence,cross-sector,0.6737,http://data.europa.eu/esco/skill/f1155d3f-fbca-4298-a31c-f6955653bacf
ESPOL,Escuela Superior Politécnica del Litoral,ADMINISTRACIÓN DE EMPRESAS,9,realizar investigación estratégica,skill/competence,cross-sector,0.671,http://data.europa.eu/esco/skill/0aa02c52-077d-45f8-8c2d-7132c11ac16e
ESPOL,Escuela Superior Politécnica del Litoral,ADMINISTRACIÓN DE EMPRESAS,10,gestionar programas de formación en la empresa,skill/competence,cross-sector,0.6708,http://data.europa.eu/esco/skill/6e66fa0f-4d3b-415e-9693-dc556eb5112a
UPS,Universidad Politécnica Salesiana,COMPUTACIÓN,1,programación informática,knowledge,cross-sector,0.6933,http://data.europa.eu/esco/skill/21d2f96d-35f7-4e3f-9745-c533d2dd6e97
UPS,Universidad Politécnica Salesiana,COMPUTACIÓN,2,crear soluciones para problemas,skill/competence,cross-sector,0.6905,http://data.europa.eu/esco/skill/03b9b491-fc9b-4868-914a-bf7cd47b5041
UPS,Universidad Politécnica Salesiana,COMPUTACIÓN,3,resolver problemas,skill/competence,transversal,0.6818,http://data.europa.eu/esco/skill/adc6dc11-3376-467b-96c5-9b0a21edc869
UPS,Universidad Politécnica Salesiana,COMPUTACIÓN,4,resolver problemas técnicos,skill/competence,cross-sector,0.6763,http://data.europa.eu/esco/skill/14832d87-2f2f-4895-b290-e4760ebae42a
UPS,Universidad Politécnica Salesiana,COMPUTACIÓN,5,tener competencias informáticas,skill/competence,cross-sector,0.6753,http://data.europa.eu/esco/skill/d15ce60f-ddab-41ce-ba56-398451b77b60
UPS,Universidad Politécnica Salesiana,COMPUTACIÓN,6,hacer uso de capacidades de programación básicas,skill/competence,transversal,0.6737,http://data.europa.eu/esco/skill/bf4d884f-c848-402a-b130-69c266b04164
UPS,Universidad Politécnica Salesiana,COMPUTACIÓN,7,informática,knowledge,cross-sector,0.6723,http://data.europa.eu/esco/skill/7b5cce4d-c7fe-4119-b48f-70aa05391787
UPS,Universidad Politécnica Salesiana,COMPUTACIÓN,8,crear soluciones para problemas informativos,skill/competence,cross-sector,0.6708,http://data.europa.eu/esco/skill/4539aeca-b56f-4d03-ba86-8f675a7f2536
UPS,Universidad Politécnica Salesiana,COMPUTACIÓN,9,diseñar procesos,skill/competence,cross-sector,0.67,http://data.europa.eu/esco/skill/2c28fc20-8a60-4311-8899-5ef8729c05b3
UPS,Universidad Politécnica Salesiana,COMPUTACIÓN,10,proporcionar documentación para el usuario,skill/competence,cross-sector,0.6627,http://data.europa.eu/esco/skill/385479b7-5da5-4367-9763-0d15b41bb65b
UPS,Universidad Politécnica Salesiana,ELECTRÓNICA Y AUTOMATIZACIÓN,1,diseñar componentes de automatización,skill/competence,cross-sector,0.7378,http://data.europa.eu/esco/skill/f96f5aa5-6ed7-40dc-a431-68b0a09d6d4b
UPS,Universidad Politécnica Salesiana,ELECTRÓNICA Y AUTOMATIZACIÓN,2,montar equipos de instrumentación,skill/competence,cross-sector,0.7248,http://data.europa.eu/esco/skill/af0b1937-7538-434f-871b-7e8f72e04117
UPS,Universidad Politécnica Salesiana,ELECTRÓNICA Y AUTOMATIZACIÓN,3,integrar productos nuevos en la cadena de fabricación,skill/competence,cross-sector,0.7227,http://data.europa.eu/esco/skill/8a753714-9a19-4418-9b37-77e79d72c705
UPS,Universidad Politécnica Salesiana,ELECTRÓNICA Y AUTOMATIZACIÓN,4,desarrollar procedimientos de prueba electrónica,skill/competence,cross-sector,0.7221,http://data.europa.eu/esco/skill/0de6bca4-f3aa-452a-8e10-d355b2c1bfc4
UPS,Universidad Politécnica Salesiana,ELECTRÓNICA Y AUTOMATIZACIÓN,5,electrónica,knowledge,cross-sector,0.7193,http://data.europa.eu/esco/skill/95c35c3a-035f-47c2-90cf-7e934d20fc08
UPS,Universidad Politécnica Salesiana,ELECTRÓNICA Y AUTOMATIZACIÓN,6,operar sistemas de control informatizados,skill/competence,cross-sector,0.7156,http://data.europa.eu/esco/skill/b916d60e-38e9-4241-914a-4e2144bda711
UPS,Universidad Politécnica Salesiana,ELECTRÓNICA Y AUTOMATIZACIÓN,7,gestionar sistemas de instrumentación,skill/competence,cross-sector,0.7155,http://data.europa.eu/esco/skill/5d71a91f-cc72-4b66-b6e3-d75ecc05e235
UPS,Universidad Politécnica Salesiana,ELECTRÓNICA Y AUTOMATIZACIÓN,8,desarrollar sistemas de instrumentación,skill/competence,cross-sector,0.7115,http://data.europa.eu/esco/skill/d8c19849-f4cf-458d-90cd-abe735a729bf
UPS,Universidad Politécnica Salesiana,ELECTRÓNICA Y AUTOMATIZACIÓN,9,aplicar métodos de producción avanzados,skill/competence,cross-sector,0.7082,http://data.europa.eu/esco/skill/4f0e579d-ca7b-427c-ace6-9e2de3eb19c7
UPS,Universidad Politécnica Salesiana,ELECTRÓNICA Y AUTOMATIZACIÓN,10,software para procesos industriales,knowledge,cross-sector,0.7071,http://data.europa.eu/esco/skill/41ec47dd-08b3-464a-9c45-c706f3e74467
UPS,Universidad Politécnica Salesiana,ELECTRICIDAD,1,coordinar equipos de ingeniería,skill/competence,cross-sector,0.7038,http://data.europa.eu/esco/skill/7af6e9e8-1e11-4c0b-b7c6-ac96bbbbc674
UPS,Universidad Politécnica Salesiana,ELECTRICIDAD,2,"aplicar conocimientos científicos, tecnológicos y de ingeniería",skill/competence,transversal,0.6835,http://data.europa.eu/esco/skill/5c3ab99d-a3f1-4620-9602-d12d2151a03d
UPS,Universidad Politécnica Salesiana,ELECTRICIDAD,3,proyecto,knowledge,cross-sector,0.6695,http://data.europa.eu/esco/skill/d1072655-88ce-4445-8803-e6273da273e7
UPS,Universidad Politécnica Salesiana,ELECTRICIDAD,4,proporcionar experiencia técnica,skill/competence,cross-sector,0.6682,http://data.europa.eu/esco/skill/c69587b4-05d3-45bb-b79b-9b85e6603fc2
UPS,Universidad Politécnica Salesiana,ELECTRICIDAD,5,diseñar componentes de ingeniería,skill/competence,cross-sector,0.6666,http://data.europa.eu/esco/skill/87434439-c07d-48be-af34-b0cdd03121c4
UPS,Universidad Politécnica Salesiana,ELECTRICIDAD,6,desarrollar normas y procedimientos de fabricación,skill/competence,cross-sector,0.6638,http://data.europa.eu/esco/skill/764db027-9063-4468-acb3-c73ecfc76f35
UPS,Universidad Politécnica Salesiana,ELECTRICIDAD,7,principios de ingeniería,knowledge,cross-sector,0.6634,http://data.europa.eu/esco/skill/209a5498-3449-4689-8ed9-bd08cab4fd78
UPS,Universidad Politécnica Salesiana,ELECTRICIDAD,8,ingeniería ambiental,knowledge,cross-sector,0.6613,http://data.europa.eu/esco/skill/b1b118c4-3291-484e-b64d-6d51fd5da8b3
UPS,Universidad Politécnica Salesiana,ELECTRICIDAD,9,integrar los principios de la ingeniería en el diseño arquitectónico,skill/competence,cross-sector,0.6604,http://data.europa.eu/esco/skill/ee239d14-bfc8-4939-91ff-824b5814ff67
UPS,Universidad Politécnica Salesiana,ELECTRICIDAD,10,gestionar proyectos de ingeniería,skill/competence,cross-sector,0.6598,http://data.europa.eu/esco/skill/6a899482-8bcf-40ca-ae67-579a1cc467ab
UPS,Universidad Politécnica Salesiana,TELECOMUNICACIONES,1,desarrollar estrategias de comunicación,skill/competence,cross-sector,0.755,http://data.europa.eu/esco/skill/3c834f6e-523a-49ee-8ed1-e073e28ae6fe
UPS,Universidad Politécnica Salesiana,TELECOMUNICACIONES,2,coordinar actividades de planificación comercial,skill/competence,cross-sector,0.7179,http://data.europa.eu/esco/skill/90398aca-82b7-4f56-8e0f-814d949162b4
UPS,Universidad Politécnica Salesiana,TELECOMUNICACIONES,3,elaborar las estrategias empresariales,skill/competence,cross-sector,0.7141,http://data.europa.eu/esco/skill/ba2c6181-b036-40b4-8f6d-51499463ccbb
UPS,Universidad Politécnica Salesiana,TELECOMUNICACIONES,4,gestionar proyectos de investigación y desarrollo,skill/competence,cross-sector,0.7133,http://data.europa.eu/esco/skill/d5dbc342-8e39-4998-8237-ebbe05a381ce
UPS,Universidad Politécnica Salesiana,TELECOMUNICACIONES,5,coordinar comunicaciones remotas,skill/competence,cross-sector,0.7096,http://data.europa.eu/esco/skill/9bafaea2-76cd-4532-ab77-8b3d21fa6235
UPS,Universidad Politécnica Salesiana,TELECOMUNICACIONES,6,crear una red profesional con investigadores y científicos,skill/competence,cross-sector,0.7091,http://data.europa.eu/esco/skill/cc61f9e5-d4fc-470e-8606-1ce865ff8386
UPS,Universidad Politécnica Salesiana,TELECOMUNICACIONES,7,construir redes,skill/competence,transversal,0.7076,http://data.europa.eu/esco/skill/bf983f2a-e941-4646-811d-cc81060cb53f
UPS,Universidad Politécnica Salesiana,TELECOMUNICACIONES,8,coordinar equipos de ingeniería,skill/competence,cross-sector,0.7037,http://data.europa.eu/esco/skill/7af6e9e8-1e11-4c0b-b7c6-ac96bbbbc674
UPS,Universidad Politécnica Salesiana,TELECOMUNICACIONES,9,realizar gestión de clientes,skill/competence,cross-sector,0.7029,http://data.europa.eu/esco/skill/91306a20-9b81-4f3d-97eb-f5368b607da7
UPS,Universidad Politécnica Salesiana,TELECOMUNICACIONES,10,gestionar las comunicaciones visuales,skill/competence,cross-sector,0.6961,http://data.europa.eu/esco/skill/50b96d21-f2eb-4f35-a8d3-77eee15ef51f
UPS,Universidad Politécnica Salesiana,MECATRÓNICA,1,mecatrónica,knowledge,cross-sector,0.7451,http://data.europa.eu/esco/skill/d88cb3f1-8e02-4618-bf32-4b0488066934
UPS,Universidad Politécnica Salesiana,MECATRÓNICA,2,diseñar componentes de automatización,skill/competence,cross-sector,0.7241,http://data.europa.eu/esco/skill/f96f5aa5-6ed7-40dc-a431-68b0a09d6d4b
UPS,Universidad Politécnica Salesiana,MECATRÓNICA,3,gestionar sistemas de instrumentación,skill/competence,cross-sector,0.7102,http://data.europa.eu/esco/skill/5d71a91f-cc72-4b66-b6e3-d75ecc05e235
UPS,Universidad Politécnica Salesiana,MECATRÓNICA,4,coordinar equipos de ingeniería,skill/competence,cross-sector,0.7093,http://data.europa.eu/esco/skill/7af6e9e8-1e11-4c0b-b7c6-ac96bbbbc674
UPS,Universidad Politécnica Salesiana,MECATRÓNICA,5,integrar productos nuevos en la cadena de fabricación,skill/competence,cross-sector,0.6999,http://data.europa.eu/esco/skill/8a753714-9a19-4418-9b37-77e79d72c705
UPS,Universidad Politécnica Salesiana,MECATRÓNICA,6,desarrollar sistemas de instrumentación,skill/competence,cross-sector,0.6982,http://data.europa.eu/esco/skill/d8c19849-f4cf-458d-90cd-abe735a729bf
UPS,Universidad Politécnica Salesiana,MECATRÓNICA,7,gestionar varios proyectos,skill/competence,cross-sector,0.6977,http://data.europa.eu/esco/skill/c881ddd2-9c0e-4743-bd24-36be650493dd
UPS,Universidad Politécnica Salesiana,MECATRÓNICA,8,desarrollar normas y procedimientos de fabricación,skill/competence,cross-sector,0.6941,http://data.europa.eu/esco/skill/764db027-9063-4468-acb3-c73ecfc76f35
UPS,Universidad Politécnica Salesiana,MECATRÓNICA,9,proporcionar experiencia técnica,skill/competence,cross-sector,0.6928,http://data.europa.eu/esco/skill/c69587b4-05d3-45bb-b79b-9b85e6603fc2
UPS,Universidad Politécnica Salesiana,MECATRÓNICA,10,gestionar empresas de producción,skill/competence,cross-sector,0.6914,http://data.europa.eu/esco/skill/435d1751-8667-41ec-8b32-865b7cd3c684
UPS,Universidad Politécnica Salesiana,MECÁNICA,1,proporcionar experiencia técnica,skill/competence,cross-sector,0.7043,http://data.europa.eu/esco/skill/c69587b4-05d3-45bb-b79b-9b85e6603fc2
UPS,Universidad Politécnica Salesiana,MECÁNICA,2,realizar trabajos técnicos difíciles,skill/competence,cross-sector,0.7002,http://data.europa.eu/esco/skill/2d780738-9b34-40a3-adbb-590001f6ff86
UPS,Universidad Politécnica Salesiana,MECÁNICA,3,diseñar componentes de automatización,skill/competence,cross-sector,0.6949,http://data.europa.eu/esco/skill/f96f5aa5-6ed7-40dc-a431-68b0a09d6d4b
UPS,Universidad Politécnica Salesiana,MECÁNICA,4,ingeniería industrial,knowledge,cross-sector,0.6877,http://data.europa.eu/esco/skill/a1816dfd-dbdc-4499-bef3-ff81dd895b33
UPS,Universidad Politécnica Salesiana,MECÁNICA,5,mecatrónica,knowledge,cross-sector,0.6869,http://data.europa.eu/esco/skill/d88cb3f1-8e02-4618-bf32-4b0488066934
UPS,Universidad Politécnica Salesiana,MECÁNICA,6,desarrollar normas y procedimientos de fabricación,skill/competence,cross-sector,0.6861,http://data.europa.eu/esco/skill/764db027-9063-4468-acb3-c73ecfc76f35
UPS,Universidad Politécnica Salesiana,MECÁNICA,7,sistemas mecánicos,knowledge,cross-sector,0.6793,http://data.europa.eu/esco/skill/69bece91-c806-42ad-bde4-db28c7f8fc4b
UPS,Universidad Politécnica Salesiana,MECÁNICA,8,diseñar componentes de ingeniería,skill/competence,cross-sector,0.6793,http://data.europa.eu/esco/skill/87434439-c07d-48be-af34-b0cdd03121c4
UPS,Universidad Politécnica Salesiana,MECÁNICA,9,diseñar planos técnicos,skill/competence,cross-sector,0.6701,http://data.europa.eu/esco/skill/5c98825f-146d-4d35-97cf-207b2afd9ae2
UPS,Universidad Politécnica Salesiana,MECÁNICA,10,mecánica,knowledge,cross-sector,0.6696,http://data.europa.eu/esco/skill/efa141df-f382-418f-9121-bd88fd735669
UPS,Universidad Politécnica Salesiana,INGENIERÍA CIVIL,1,supervisar un proyecto de construcción,skill/competence,cross-sector,0.7509,http://data.europa.eu/esco/skill/1de548e0-9535-4d2e-9d20-d4474c1ea813
UPS,Universidad Politécnica Salesiana,INGENIERÍA CIVIL,2,garantizar el cumplimiento de los plazos de construcción,skill/competence,cross-sector,0.746,http://data.europa.eu/esco/skill/6181f475-110c-497c-a46d-ed2e14e7bc90
UPS,Universidad Politécnica Salesiana,INGENIERÍA CIVIL,3,asesorar sobre temas de construcción,skill/competence,cross-sector,0.7414,http://data.europa.eu/esco/skill/3b64ab47-a874-403a-b781-7b23c2fc3c6c
UPS,Universidad Politécnica Salesiana,INGENIERÍA CIVIL,4,vigilar el cumplimiento de los parámetros de los proyectos de construcción,skill/competence,cross-sector,0.7339,http://data.europa.eu/esco/skill/3dd3dfa7-51c0-40ef-af46-e2df300489f6
UPS,Universidad Politécnica Salesiana,INGENIERÍA CIVIL,5,coordinar equipos de ingeniería,skill/competence,cross-sector,0.7335,http://data.europa.eu/esco/skill/7af6e9e8-1e11-4c0b-b7c6-ac96bbbbc674
UPS,Universidad Politécnica Salesiana,INGENIERÍA CIVIL,6,examinar las infraestructuras civiles,skill/competence,cross-sector,0.7267,http://data.europa.eu/esco/skill/d48b3cfe-80b6-406f-b582-d959b60417f8
UPS,Universidad Politécnica Salesiana,INGENIERÍA CIVIL,7,diseñar sistemas de transporte,skill/competence,cross-sector,0.726,http://data.europa.eu/esco/skill/11f364dd-0814-4398-b00e-10d1be8b27af
UPS,Universidad Politécnica Salesiana,INGENIERÍA CIVIL,8,revisar proyectos de construcción,skill/competence,cross-sector,0.7167,http://data.europa.eu/esco/skill/ea9fc9d9-c602-4430-a7fc-edac7429a6a8
UPS,Universidad Politécnica Salesiana,INGENIERÍA CIVIL,9,gestionar proyectos de ingeniería,skill/competence,cross-sector,0.7144,http://data.europa.eu/esco/skill/6a899482-8bcf-40ca-ae67-579a1cc467ab
UPS,Universidad Politécnica Salesiana,INGENIERÍA CIVIL,10,gestionar varios proyectos,skill/competence,cross-sector,0.7136,http://data.europa.eu/esco/skill/c881ddd2-9c0e-4743-bd24-36be650493dd
UPS,Universidad Politécnica Salesiana,INGENIERÍA AMBIENTAL,1,gestionar el impacto medioambiental de las operaciones,skill/competence,cross-sector,0.8342,http://data.europa.eu/esco/skill/d86babea-bf8b-4552-81a8-daf706066ad6
UPS,Universidad Politécnica Salesiana,INGENIERÍA AMBIENTAL,2,supervisar sistemas de gestión ambiental,skill/competence,cross-sector,0.8149,http://data.europa.eu/esco/skill/b13e0689-636d-42d0-86c3-df9d6f85a882
UPS,Universidad Politécnica Salesiana,INGENIERÍA AMBIENTAL,3,gestionar impacto ambiental,skill/competence,cross-sector,0.7934,http://data.europa.eu/esco/skill/d3a8ef9c-8572-438c-91dc-010537070be3
UPS,Universidad Politécnica Salesiana,INGENIERÍA AMBIENTAL,4,evaluar el impacto ambiental,skill/competence,cross-sector,0.7929,http://data.europa.eu/esco/skill/e541c69c-ea80-4b17-87cb-4001d0b9d303
UPS,Universidad Politécnica Salesiana,INGENIERÍA AMBIENTAL,5,asesorar sobre políticas de gestión sostenible,skill/competence,cross-sector,0.7875,http://data.europa.eu/esco/skill/6742977a-aa00-4c8c-9861-898b0373907e
UPS,Universidad Politécnica Salesiana,INGENIERÍA AMBIENTAL,6,coordinar esfuerzos ambientales,skill/competence,cross-sector,0.7839,http://data.europa.eu/esco/skill/bd70f004-e1d6-43f0-96f1-59c014a4ea01
UPS,Universidad Politécnica Salesiana,INGENIERÍA AMBIENTAL,7,asesorar sobre sistemas de gestión de riesgos ambientales,skill/competence,cross-sector,0.7785,http://data.europa.eu/esco/skill/a366bfc5-8d17-4792-a9f0-db0951528dda
UPS,Universidad Politécnica Salesiana,INGENIERÍA AMBIENTAL,8,política ambiental,knowledge,cross-sector,0.7717,http://data.europa.eu/esco/skill/081d7679-5070-4777-bece-a28c49f15636
UPS,Universidad Politécnica Salesiana,INGENIERÍA AMBIENTAL,9,gestionar residuos,skill/competence,cross-sector,0.7674,http://data.europa.eu/esco/skill/73a9561d-112c-4d8a-9d5f-b2c11c5bbd5f
UPS,Universidad Politécnica Salesiana,INGENIERÍA AMBIENTAL,10,informar sobre cuestiones ambientales,skill/competence,cross-sector,0.7658,http://data.europa.eu/esco/skill/f3cc52e3-a96c-4549-b841-6e41a846fa99
UPS,Universidad Politécnica Salesiana,INGENIERÍA INDUSTRIAL,1,gestionar empresas de producción,skill/competence,cross-sector,0.7875,http://data.europa.eu/esco/skill/435d1751-8667-41ec-8b32-865b7cd3c684
UPS,Universidad Politécnica Salesiana,INGENIERÍA INDUSTRIAL,2,gestionar los suministros,skill/competence,cross-sector,0.765,http://data.europa.eu/esco/skill/020b3c27-bae1-4b85-9d6f-eccee0f5ed99
UPS,Universidad Politécnica Salesiana,INGENIERÍA INDUSTRIAL,3,impartir formación sobre cómo supervisar la gestión de la calidad,skill/competence,cross-sector,0.7623,http://data.europa.eu/esco/skill/09e7cd13-ea36-4694-afe5-f34373759392
UPS,Universidad Politécnica Salesiana,INGENIERÍA INDUSTRIAL,4,controlar la producción,skill/competence,cross-sector,0.7579,http://data.europa.eu/esco/skill/feceacee-d425-4e73-821a-02dfb85084db
UPS,Universidad Politécnica Salesiana,INGENIERÍA INDUSTRIAL,5,verificar las exigencias de fabricación,skill/competence,cross-sector,0.7542,http://data.europa.eu/esco/skill/277f489c-7a47-4791-bd87-61ca01737f96
UPS,Universidad Politécnica Salesiana,INGENIERÍA INDUSTRIAL,6,supervisar la producción de la fábrica,skill/competence,cross-sector,0.7541,http://data.europa.eu/esco/skill/c09dce1b-e198-487e-b63f-934e10a4c181
UPS,Universidad Politécnica Salesiana,INGENIERÍA INDUSTRIAL,7,inspeccionar la calidad de los productos,skill/competence,cross-sector,0.7533,http://data.europa.eu/esco/skill/1a3660c2-011c-4e96-9b1d-529afc305428
UPS,Universidad Politécnica Salesiana,INGENIERÍA INDUSTRIAL,8,supervisar el control de calidad,skill/competence,cross-sector,0.7499,http://data.europa.eu/esco/skill/5d34adde-0b78-42b4-9d3d-69e9388d8398
UPS,Universidad Politécnica Salesiana,INGENIERÍA INDUSTRIAL,9,gestionar la calidad,skill/competence,transversal,0.7424,http://data.europa.eu/esco/skill/35ebe444-9ece-4fbc-a55d-e99ea37267ae
UPS,Universidad Politécnica Salesiana,INGENIERÍA INDUSTRIAL,10,gestionar recursos empresariales,skill/competence,cross-sector,0.7367,http://data.europa.eu/esco/skill/911e13ee-1eec-4243-88c8-3c08a3681a19
UPS,Universidad Politécnica Salesiana,INGENIERÍA DE LA PRODUCCIÓN,1,controlar la producción,skill/competence,cross-sector,0.8029,http://data.europa.eu/esco/skill/feceacee-d425-4e73-821a-02dfb85084db
UPS,Universidad Politécnica Salesiana,INGENIERÍA DE LA PRODUCCIÓN,2,supervisar la producción de la fábrica,skill/competence,cross-sector,0.7949,http://data.europa.eu/esco/skill/c09dce1b-e198-487e-b63f-934e10a4c181
UPS,Universidad Politécnica Salesiana,INGENIERÍA DE LA PRODUCCIÓN,3,gestionar empresas de producción,skill/competence,cross-sector,0.7917,http://data.europa.eu/esco/skill/435d1751-8667-41ec-8b32-865b7cd3c684
UPS,Universidad Politécnica Salesiana,INGENIERÍA DE LA PRODUCCIÓN,4,mejorar procesos empresariales,skill/competence,cross-sector,0.7879,http://data.europa.eu/esco/skill/75b30aeb-34c0-40f4-b77d-271d75a98b14
UPS,Universidad Politécnica Salesiana,INGENIERÍA DE LA PRODUCCIÓN,5,verificar las exigencias de fabricación,skill/competence,cross-sector,0.7873,http://data.europa.eu/esco/skill/277f489c-7a47-4791-bd87-61ca01737f96
UPS,Universidad Politécnica Salesiana,INGENIERÍA DE LA PRODUCCIÓN,6,gestionar los suministros,skill/competence,cross-sector,0.7833,http://data.europa.eu/esco/skill/020b3c27-bae1-4b85-9d6f-eccee0f5ed99
UPS,Universidad Politécnica Salesiana,INGENIERÍA DE LA PRODUCCIÓN,7,coordinar las actividades de producción,skill/competence,cross-sector,0.7754,http://data.europa.eu/esco/skill/05c00631-b864-4842-b47e-06710c197c7a
UPS,Universidad Politécnica Salesiana,INGENIERÍA DE LA PRODUCCIÓN,8,programar la producción,skill/competence,cross-sector,0.7744,http://data.europa.eu/esco/skill/2a778aeb-f246-4f03-9a96-c60183001037
UPS,Universidad Politécnica Salesiana,INGENIERÍA DE LA PRODUCCIÓN,9,integrar productos nuevos en la cadena de fabricación,skill/competence,cross-sector,0.7718,http://data.europa.eu/esco/skill/8a753714-9a19-4418-9b37-77e79d72c705
UPS,Universidad Politécnica Salesiana,INGENIERÍA DE LA PRODUCCIÓN,10,optimizar los parámetros del proceso de producción,skill/competence,cross-sector,0.7707,http://data.europa.eu/esco/skill/0f0698e7-04e4-4bf7-9af2-e3191147525a
UPS,Universidad Politécnica Salesiana,SOFTWARE,1,programación informática,knowledge,cross-sector,0.6887,http://data.europa.eu/esco/skill/21d2f96d-35f7-4e3f-9745-c533d2dd6e97
UPS,Universidad Politécnica Salesiana,SOFTWARE,2,utilizar software de diseño especializado,skill/competence,cross-sector,0.6871,http://data.europa.eu/esco/skill/3c1af34b-4562-4c39-a30e-0812b84a147e
UPS,Universidad Politécnica Salesiana,SOFTWARE,3,desarrollar arquitecturas innovadoras de cadena de bloques,skill/competence,cross-sector,0.6766,http://data.europa.eu/esco/skill/01d269d9-b058-4d6c-82a0-3779af9a124b
UPS,Universidad Politécnica Salesiana,SOFTWARE,4,gestionar proyectos de ingeniería,skill/competence,cross-sector,0.6725,http://data.europa.eu/esco/skill/6a899482-8bcf-40ca-ae67-579a1cc467ab
UPS,Universidad Politécnica Salesiana,SOFTWARE,5,gestionar proyectos de investigación y desarrollo,skill/competence,cross-sector,0.6715,http://data.europa.eu/esco/skill/d5dbc342-8e39-4998-8237-ebbe05a381ce
UPS,Universidad Politécnica Salesiana,SOFTWARE,6,software para procesos industriales,knowledge,cross-sector,0.6646,http://data.europa.eu/esco/skill/41ec47dd-08b3-464a-9c45-c706f3e74467
UPS,Universidad Politécnica Salesiana,SOFTWARE,7,elaborar software estadístico,skill/competence,cross-sector,0.6642,http://data.europa.eu/esco/skill/bb165899-d95f-4433-95f2-173fefd716d2
UPS,Universidad Politécnica Salesiana,SOFTWARE,8,ingeniería informática,knowledge,cross-sector,0.662,http://data.europa.eu/esco/skill/89f6560b-2194-45c9-9ece-d33049a73eef
UPS,Universidad Politécnica Salesiana,SOFTWARE,9,desarrollar normas y procedimientos de fabricación,skill/competence,cross-sector,0.6616,http://data.europa.eu/esco/skill/764db027-9063-4468-acb3-c73ecfc76f35
UPS,Universidad Politécnica Salesiana,SOFTWARE,10,asesorar a la clientela acerca de las posibilidades técnicas,skill/competence,cross-sector,0.6615,http://data.europa.eu/esco/skill/7b3abd38-61ae-42a4-88bb-0884784f9ee1
UPS,Universidad Politécnica Salesiana,ADMINISTRACIÓN DE EMPRESAS,1,gestionar empresas de producción,skill/competence,cross-sector,0.7952,http://data.europa.eu/esco/skill/435d1751-8667-41ec-8b32-865b7cd3c684
UPS,Universidad Politécnica Salesiana,ADMINISTRACIÓN DE EMPRESAS,2,elaborar las estrategias empresariales,skill/competence,cross-sector,0.7876,http://data.europa.eu/esco/skill/ba2c6181-b036-40b4-8f6d-51499463ccbb
UPS,Universidad Politécnica Salesiana,ADMINISTRACIÓN DE EMPRESAS,3,gestionar recursos humanos,skill/competence,cross-sector,0.7862,http://data.europa.eu/esco/skill/339ac029-066a-4985-9f9d-b3d7c8fea0bb
UPS,Universidad Politécnica Salesiana,ADMINISTRACIÓN DE EMPRESAS,4,participar en las operaciones cotidianas de la empresa,skill/competence,cross-sector,0.7851,http://data.europa.eu/esco/skill/ce4cbc3a-bde0-43b4-9526-e643c4fe5b04
UPS,Universidad Politécnica Salesiana,ADMINISTRACIÓN DE EMPRESAS,5,guiar a los gestores de los diferentes departamentos de la empresa,skill/competence,cross-sector,0.78,http://data.europa.eu/esco/skill/3e61ee41-2bd9-466f-b313-00ce04072410
UPS,Universidad Politécnica Salesiana,ADMINISTRACIÓN DE EMPRESAS,6,coordinar actividades de planificación comercial,skill/competence,cross-sector,0.7764,http://data.europa.eu/esco/skill/90398aca-82b7-4f56-8e0f-814d949162b4
UPS,Universidad Politécnica Salesiana,ADMINISTRACIÓN DE EMPRESAS,7,desarrollar políticas de la organización,skill/competence,cross-sector,0.76,http://data.europa.eu/esco/skill/3254275d-a1b5-4640-9481-02f38780ac35
UPS,Universidad Politécnica Salesiana,ADMINISTRACIÓN DE EMPRESAS,8,desarrollar estrategias de comunicación,skill/competence,cross-sector,0.7511,http://data.europa.eu/esco/skill/3c834f6e-523a-49ee-8ed1-e073e28ae6fe
UPS,Universidad Politécnica Salesiana,ADMINISTRACIÓN DE EMPRESAS,9,formar equipos dentro de la empresa en base a las competencias,skill/competence,cross-sector,0.7486,http://data.europa.eu/esco/skill/f1155d3f-fbca-4298-a31c-f6955653bacf
UPS,Universidad Politécnica Salesiana,ADMINISTRACIÓN DE EMPRESAS,10,realizar diversas tareas organizativas en la empresa,skill/competence,cross-sector,0.7449,http://data.europa.eu/esco/skill/01755f08-4df4-4cf0-8d22-08f94cad68b5
UPS,Universidad Politécnica Salesiana,ECONOMÍA,1,elaborar políticas de economía,skill/competence,cross-sector,0.7771,http://data.europa.eu/esco/skill/8394fefb-f62a-48c0-a156-3117cefdb9b3
UPS,Universidad Politécnica Salesiana,ECONOMÍA,2,realizar un análisis empresarial,skill/competence,cross-sector,0.7187,http://data.europa.eu/esco/skill/27ed854c-15b8-4ba2-90e9-ae888a219703
UPS,Universidad Politécnica Salesiana,ECONOMÍA,3,asesorar sobre el desarrollo económico,skill/competence,cross-sector,0.7149,http://data.europa.eu/esco/skill/384ed14c-bf1f-4a65-aef6-6e711f43c4ce
UPS,Universidad Politécnica Salesiana,ECONOMÍA,4,economía,knowledge,cross-sector,0.7106,http://data.europa.eu/esco/skill/88af9294-b697-4687-ae19-aefbb6234dfa
UPS,Universidad Politécnica Salesiana,ECONOMÍA,5,analizar el riesgo financiero,skill/competence,cross-sector,0.7104,http://data.europa.eu/esco/skill/eb8babfb-ab91-4937-a032-6a79f82e9b7f
UPS,Universidad Politécnica Salesiana,ECONOMÍA,6,asesorar sobre asuntos financieros,skill/competence,cross-sector,0.7048,http://data.europa.eu/esco/skill/79c36c91-28a5-44b7-ab9b-7093b2d4b21e
UPS,Universidad Politécnica Salesiana,ECONOMÍA,7,realizar estudios de mercado,skill/competence,cross-sector,0.7035,http://data.europa.eu/esco/skill/fe39d4db-4cb5-4299-bb9f-896c8fd6ab13
UPS,Universidad Politécnica Salesiana,ECONOMÍA,8,gestionar los aspectos financieros de una empresa,skill/competence,cross-sector,0.7022,http://data.europa.eu/esco/skill/fa6acfc3-0a4f-4192-b77d-80e94d0faf2a
UPS,Universidad Politécnica Salesiana,ECONOMÍA,9,tener en cuenta los criterios económicos en la toma de decisiones,skill/competence,cross-sector,0.7018,http://data.europa.eu/esco/skill/d41262ae-eca1-4ede-89a8-46d2d99a7a31
UPS,Universidad Politécnica Salesiana,ECONOMÍA,10,gestionar recursos financieros y materiales,skill/competence,transversal,0.6978,http://data.europa.eu/esco/skill/1ddc021d-d818-4731-904f-842d7491f419
UPS,Universidad Politécnica Salesiana,CIENCIA DE DATOS,1,ciencia de datos,knowledge,cross-sector,0.7399,http://data.europa.eu/esco/skill/edebd83d-35f6-4ed5-a940-6c203d178c01
UPS,Universidad Politécnica Salesiana,CIENCIA DE DATOS,2,analizar inteligencia de datos,skill/competence,cross-sector,0.7288,http://data.europa.eu/esco/skill/47a49cd6-097d-457a-9f7b-c290c14930d5
UPS,Universidad Politécnica Salesiana,CIENCIA DE DATOS,3,análisis de datos,knowledge,cross-sector,0.7266,http://data.europa.eu/esco/skill/97bd1c21-66b2-4b7e-ad0f-e3cda590e378
UPS,Universidad Politécnica Salesiana,CIENCIA DE DATOS,4,gestionar datos de investigación,skill/competence,cross-sector,0.7216,http://data.europa.eu/esco/skill/08b04e53-ed25-41a2-9f90-0b9cd939ba3d
UPS,Universidad Politécnica Salesiana,CIENCIA DE DATOS,5,analizar datos,skill/competence,cross-sector,0.7088,http://data.europa.eu/esco/skill/a571ae14-3e16-4fd3-a615-5646e0b0b696
UPS,Universidad Politécnica Salesiana,CIENCIA DE DATOS,6,predecir tendencias económicas,skill/competence,cross-sector,0.704,http://data.europa.eu/esco/skill/f2a34d6b-131a-4b8f-a110-898b9c91d18f
UPS,Universidad Politécnica Salesiana,CIENCIA DE DATOS,7,analizar datos de la clientela,skill/competence,cross-sector,0.7038,http://data.europa.eu/esco/skill/d63f49de-cb72-4ce3-9553-a374a4f32f52
UPS,Universidad Politécnica Salesiana,CIENCIA DE DATOS,8,utilizar técnicas de tratamiento de datos,skill/competence,cross-sector,0.6996,http://data.europa.eu/esco/skill/1b70a55d-b8a4-49fc-96c6-15ab4cff2522
UPS,Universidad Politécnica Salesiana,CIENCIA DE DATOS,9,analizar datos científicos,skill/competence,cross-sector,0.6985,http://data.europa.eu/esco/skill/36ff57b0-637d-4a83-a0e8-d14f86f9f078
UPS,Universidad Politécnica Salesiana,CIENCIA DE DATOS,10,realizar un análisis de datos,skill/competence,cross-sector,0.6956,http://data.europa.eu/esco/skill/2b92a5b2-6758-4ee3-9fb4-b6387a55cc8f
ESPOCH,Escuela Superior Politécnica de Chimborazo,ADMINISTRACIÓN DE EMPRESAS,1,elaborar las estrategias empresariales,skill/competence,cross-sector,0.6846,http://data.europa.eu/esco/skill/ba2c6181-b036-40b4-8f6d-51499463ccbb
ESPOCH,Escuela Superior Politécnica de Chimborazo,ADMINISTRACIÓN DE EMPRESAS,2,ingeniería industrial,knowledge,cross-sector,0.6828,http://data.europa.eu/esco/skill/a1816dfd-dbdc-4499-bef3-ff81dd895b33
ESPOCH,Escuela Superior Politécnica de Chimborazo,ADMINISTRACIÓN DE EMPRESAS,3,impartir formación en empresas,skill/competence,cross-sector,0.6817,http://data.europa.eu/esco/skill/d2a9f2d0-9de7-44ce-a168-590b85234f20
ESPOCH,Escuela Superior Politécnica de Chimborazo,ADMINISTRACIÓN DE EMPRESAS,4,coordinar equipos de ingeniería,skill/competence,cross-sector,0.6745,http://data.europa.eu/esco/skill/7af6e9e8-1e11-4c0b-b7c6-ac96bbbbc674
ESPOCH,Escuela Superior Politécnica de Chimborazo,ADMINISTRACIÓN DE EMPRESAS,5,gestionar proyectos de ingeniería,skill/competence,cross-sector,0.6698,http://data.europa.eu/esco/skill/6a899482-8bcf-40ca-ae67-579a1cc467ab
ESPOCH,Escuela Superior Politécnica de Chimborazo,ADMINISTRACIÓN DE EMPRESAS,6,mantenerse al día sobre las innovaciones en el ámbito empresarial,skill/competence,cross-sector,0.6677,http://data.europa.eu/esco/skill/7f70572d-f0c1-4039-9954-b57dc69981f6
ESPOCH,Escuela Superior Politécnica de Chimborazo,ADMINISTRACIÓN DE EMPRESAS,7,diseñar componentes de ingeniería,skill/competence,cross-sector,0.6669,http://data.europa.eu/esco/skill/87434439-c07d-48be-af34-b0cdd03121c4
ESPOCH,Escuela Superior Politécnica de Chimborazo,ADMINISTRACIÓN DE EMPRESAS,8,mejorar procesos empresariales,skill/competence,cross-sector,0.6669,http://data.europa.eu/esco/skill/75b30aeb-34c0-40f4-b77d-271d75a98b14
ESPOCH,Escuela Superior Politécnica de Chimborazo,ADMINISTRACIÓN DE EMPRESAS,9,guiar a los gestores de los diferentes departamentos de la empresa,skill/competence,cross-sector,0.6496,http://data.europa.eu/esco/skill/3e61ee41-2bd9-466f-b313-00ce04072410
ESPOCH,Escuela Superior Politécnica de Chimborazo,ADMINISTRACIÓN DE EMPRESAS,10,ingeniería ambiental,knowledge,cross-sector,0.6462,http://data.europa.eu/esco/skill/b1b118c4-3291-484e-b64d-6d51fd5da8b3
ESPOCH,Escuela Superior Politécnica de Chimborazo,COMPUTACIÓN,1,gestionar datos de investigación,skill/competence,cross-sector,0.7365,http://data.europa.eu/esco/skill/08b04e53-ed25-41a2-9f90-0b9cd939ba3d
ESPOCH,Escuela Superior Politécnica de Chimborazo,COMPUTACIÓN,2,llevar a cabo investigaciones científicas,skill/competence,cross-sector,0.7246,http://data.europa.eu/esco/skill/4fabca9a-7435-4f33-b1da-3cdb00340fdc
ESPOCH,Escuela Superior Politécnica de Chimborazo,COMPUTACIÓN,3,programación informática,knowledge,cross-sector,0.7157,http://data.europa.eu/esco/skill/21d2f96d-35f7-4e3f-9745-c533d2dd6e97
ESPOCH,Escuela Superior Politécnica de Chimborazo,COMPUTACIÓN,4,resolver problemas de sistemas TIC,skill/competence,cross-sector,0.7093,http://data.europa.eu/esco/skill/9e06bac6-6b91-48ca-8b7d-c1f48cdecd7c
ESPOCH,Escuela Superior Politécnica de Chimborazo,COMPUTACIÓN,5,crear soluciones para problemas,skill/competence,cross-sector,0.7084,http://data.europa.eu/esco/skill/03b9b491-fc9b-4868-914a-bf7cd47b5041
ESPOCH,Escuela Superior Politécnica de Chimborazo,COMPUTACIÓN,6,gestionar proyectos de investigación y desarrollo,skill/competence,cross-sector,0.7081,http://data.europa.eu/esco/skill/d5dbc342-8e39-4998-8237-ebbe05a381ce
ESPOCH,Escuela Superior Politécnica de Chimborazo,COMPUTACIÓN,7,prestar asistencia en investigaciones científicas,skill/competence,cross-sector,0.7077,http://data.europa.eu/esco/skill/d6179c4b-ff5a-4bbb-a3c8-e0acf0de1f56
ESPOCH,Escuela Superior Politécnica de Chimborazo,COMPUTACIÓN,8,resolver problemas,skill/competence,transversal,0.707,http://data.europa.eu/esco/skill/adc6dc11-3376-467b-96c5-9b0a21edc869
ESPOCH,Escuela Superior Politécnica de Chimborazo,COMPUTACIÓN,9,elaborar software estadístico,skill/competence,cross-sector,0.7061,http://data.europa.eu/esco/skill/bb165899-d95f-4433-95f2-173fefd716d2
ESPOCH,Escuela Superior Politécnica de Chimborazo,COMPUTACIÓN,10,desarrollar procedimientos de prueba,skill/competence,cross-sector,0.7054,http://data.europa.eu/esco/skill/f10142ce-d522-49c3-9fd1-054fb63529d4
ESPOCH,Escuela Superior Politécnica de Chimborazo,ECONOMÍA,1,elaborar políticas de economía,skill/competence,cross-sector,0.8058,http://data.europa.eu/esco/skill/8394fefb-f62a-48c0-a156-3117cefdb9b3
ESPOCH,Escuela Superior Politécnica de Chimborazo,ECONOMÍA,2,asesorar sobre el desarrollo económico,skill/competence,cross-sector,0.7684,http://data.europa.eu/esco/skill/384ed14c-bf1f-4a65-aef6-6e711f43c4ce
ESPOCH,Escuela Superior Politécnica de Chimborazo,ECONOMÍA,3,"llevar a cabo análisis de factores políticos, económicos, sociales, tecnológicos, ambientales y jurídicos",skill/competence,cross-sector,0.7263,http://data.europa.eu/esco/skill/9979e727-3104-42e0-8f41-4af2578111ea
ESPOCH,Escuela Superior Politécnica de Chimborazo,ECONOMÍA,4,tener en cuenta los criterios económicos en la toma de decisiones,skill/competence,cross-sector,0.7253,http://data.europa.eu/esco/skill/d41262ae-eca1-4ede-89a8-46d2d99a7a31
ESPOCH,Escuela Superior Politécnica de Chimborazo,ECONOMÍA,5,realizar estudios de mercado,skill/competence,cross-sector,0.7239,http://data.europa.eu/esco/skill/fe39d4db-4cb5-4299-bb9f-896c8fd6ab13
ESPOCH,Escuela Superior Politécnica de Chimborazo,ECONOMÍA,6,realizar un análisis empresarial,skill/competence,cross-sector,0.7235,http://data.europa.eu/esco/skill/27ed854c-15b8-4ba2-90e9-ae888a219703
ESPOCH,Escuela Superior Politécnica de Chimborazo,ECONOMÍA,7,analizar las tendencias económicas,skill/competence,cross-sector,0.7226,http://data.europa.eu/esco/skill/5f302d63-048e-451c-b150-97c124a5a26b
ESPOCH,Escuela Superior Politécnica de Chimborazo,ECONOMÍA,8,predecir tendencias económicas,skill/competence,cross-sector,0.7214,http://data.europa.eu/esco/skill/f2a34d6b-131a-4b8f-a110-898b9c91d18f
ESPOCH,Escuela Superior Politécnica de Chimborazo,ECONOMÍA,9,elaborar software estadístico,skill/competence,cross-sector,0.7197,http://data.europa.eu/esco/skill/bb165899-d95f-4433-95f2-173fefd716d2
ESPOCH,Escuela Superior Politécnica de Chimborazo,ECONOMÍA,10,elaborar las estrategias empresariales,skill/competence,cross-sector,0.7195,http://data.europa.eu/esco/skill/ba2c6181-b036-40b4-8f6d-51499463ccbb
ESPOCH,Escuela Superior Politécnica de Chimborazo,ELECTRÓNICA Y AUTOMATIZACIÓN,1,diseñar componentes de automatización,skill/competence,cross-sector,0.762,http://data.europa.eu/esco/skill/f96f5aa5-6ed7-40dc-a431-68b0a09d6d4b
ESPOCH,Escuela Superior Politécnica de Chimborazo,ELECTRÓNICA Y AUTOMATIZACIÓN,2,diseñar sistemas de control,skill/competence,cross-sector,0.7465,http://data.europa.eu/esco/skill/d560df46-dda4-4407-bab2-b87353a96814
ESPOCH,Escuela Superior Politécnica de Chimborazo,ELECTRÓNICA Y AUTOMATIZACIÓN,3,desarrollar sistemas de instrumentación,skill/competence,cross-sector,0.7416,http://data.europa.eu/esco/skill/d8c19849-f4cf-458d-90cd-abe735a729bf
ESPOCH,Escuela Superior Politécnica de Chimborazo,ELECTRÓNICA Y AUTOMATIZACIÓN,4,desarrollar procedimientos de prueba electrónica,skill/competence,cross-sector,0.7328,http://data.europa.eu/esco/skill/0de6bca4-f3aa-452a-8e10-d355b2c1bfc4
ESPOCH,Escuela Superior Politécnica de Chimborazo,ELECTRÓNICA Y AUTOMATIZACIÓN,5,operar sistemas de control informatizados,skill/competence,cross-sector,0.7322,http://data.europa.eu/esco/skill/b916d60e-38e9-4241-914a-4e2144bda711
ESPOCH,Escuela Superior Politécnica de Chimborazo,ELECTRÓNICA Y AUTOMATIZACIÓN,6,desarrollar normas y procedimientos de fabricación,skill/competence,cross-sector,0.726,http://data.europa.eu/esco/skill/764db027-9063-4468-acb3-c73ecfc76f35
ESPOCH,Escuela Superior Politécnica de Chimborazo,ELECTRÓNICA Y AUTOMATIZACIÓN,7,supervisar el funcionamiento de los equipos,skill/competence,cross-sector,0.7253,http://data.europa.eu/esco/skill/ca17f0df-59e4-4ed2-9360-fc5325bc7151
ESPOCH,Escuela Superior Politécnica de Chimborazo,ELECTRÓNICA Y AUTOMATIZACIÓN,8,coordinar equipos de ingeniería,skill/competence,cross-sector,0.7144,http://data.europa.eu/esco/skill/7af6e9e8-1e11-4c0b-b7c6-ac96bbbbc674
ESPOCH,Escuela Superior Politécnica de Chimborazo,ELECTRÓNICA Y AUTOMATIZACIÓN,9,gestionar sistemas de instrumentación,skill/competence,cross-sector,0.7137,http://data.europa.eu/esco/skill/5d71a91f-cc72-4b66-b6e3-d75ecc05e235
ESPOCH,Escuela Superior Politécnica de Chimborazo,ELECTRÓNICA Y AUTOMATIZACIÓN,10,diseñar sistemas microelectrónicos,skill/competence,cross-sector,0.7089,http://data.europa.eu/esco/skill/8712b176-c063-462f-9d0f-2e3c54d9a2eb
ESPOCH,Escuela Superior Politécnica de Chimborazo,TELECOMUNICACIONES,1,sector de las telecomunicaciones,knowledge,cross-sector,0.7242,http://data.europa.eu/esco/skill/60b44dab-03f1-46de-be08-0e5ba8662b3d
ESPOCH,Escuela Superior Politécnica de Chimborazo,TELECOMUNICACIONES,2,coordinar comunicaciones remotas,skill/competence,cross-sector,0.7106,http://data.europa.eu/esco/skill/9bafaea2-76cd-4532-ab77-8b3d21fa6235
ESPOCH,Escuela Superior Politécnica de Chimborazo,TELECOMUNICACIONES,3,desarrollar estrategias de comunicación,skill/competence,cross-sector,0.7023,http://data.europa.eu/esco/skill/3c834f6e-523a-49ee-8ed1-e073e28ae6fe
ESPOCH,Escuela Superior Politécnica de Chimborazo,TELECOMUNICACIONES,4,gestionar canales de distribución,skill/competence,cross-sector,0.6784,http://data.europa.eu/esco/skill/5a5adfe3-5afe-4a24-b9a8-cee8481995e7
ESPOCH,Escuela Superior Politécnica de Chimborazo,TELECOMUNICACIONES,5,instalar líneas de energía eléctrica,skill/competence,cross-sector,0.6733,http://data.europa.eu/esco/skill/0c627853-241e-405b-9044-aaff6bca133e
ESPOCH,Escuela Superior Politécnica de Chimborazo,TELECOMUNICACIONES,6,diseñar sistemas de transporte,skill/competence,cross-sector,0.6712,http://data.europa.eu/esco/skill/11f364dd-0814-4398-b00e-10d1be8b27af
ESPOCH,Escuela Superior Politécnica de Chimborazo,TELECOMUNICACIONES,7,detectar y corregir errores de las tecnologías de la información y de las comunicaciones,skill/competence,cross-sector,0.6701,http://data.europa.eu/esco/skill/744442ac-c157-4350-8be0-ce454df4f5c5
ESPOCH,Escuela Superior Politécnica de Chimborazo,TELECOMUNICACIONES,8,coordinar campañas publicitarias,skill/competence,cross-sector,0.6672,http://data.europa.eu/esco/skill/ae6af2c6-890d-40a7-9849-326a8c21df76
ESPOCH,Escuela Superior Politécnica de Chimborazo,TELECOMUNICACIONES,9,evaluar las necesidades energéticas,skill/competence,cross-sector,0.6652,http://data.europa.eu/esco/skill/36fccad9-1d20-4104-bcc2-a8ea9d1ce5ea
ESPOCH,Escuela Superior Politécnica de Chimborazo,TELECOMUNICACIONES,10,elaborar las estrategias empresariales,skill/competence,cross-sector,0.6649,http://data.europa.eu/esco/skill/ba2c6181-b036-40b4-8f6d-51499463ccbb
ESPOCH,Escuela Superior Politécnica de Chimborazo,INGENIERÍA CIVIL,1,asesorar sobre temas de construcción,skill/competence,cross-sector,0.7655,http://data.europa.eu/esco/skill/3b64ab47-a874-403a-b781-7b23c2fc3c6c
ESPOCH,Escuela Superior Politécnica de Chimborazo,INGENIERÍA CIVIL,2,coordinar equipos de ingeniería,skill/competence,cross-sector,0.7507,http://data.europa.eu/esco/skill/7af6e9e8-1e11-4c0b-b7c6-ac96bbbbc674
ESPOCH,Escuela Superior Politécnica de Chimborazo,INGENIERÍA CIVIL,3,supervisar un proyecto de construcción,skill/competence,cross-sector,0.7444,http://data.europa.eu/esco/skill/1de548e0-9535-4d2e-9d20-d4474c1ea813
ESPOCH,Escuela Superior Politécnica de Chimborazo,INGENIERÍA CIVIL,4,gestionar proyectos de ingeniería,skill/competence,cross-sector,0.7416,http://data.europa.eu/esco/skill/6a899482-8bcf-40ca-ae67-579a1cc467ab
ESPOCH,Escuela Superior Politécnica de Chimborazo,INGENIERÍA CIVIL,5,garantizar el cumplimiento de los plazos de construcción,skill/competence,cross-sector,0.7389,http://data.europa.eu/esco/skill/6181f475-110c-497c-a46d-ed2e14e7bc90
ESPOCH,Escuela Superior Politécnica de Chimborazo,INGENIERÍA CIVIL,6,ingeniería civil,knowledge,cross-sector,0.7366,http://data.europa.eu/esco/skill/82887396-e5bf-4306-af51-3fe8d82790b2
ESPOCH,Escuela Superior Politécnica de Chimborazo,INGENIERÍA CIVIL,7,examinar las infraestructuras civiles,skill/competence,cross-sector,0.7314,http://data.europa.eu/esco/skill/d48b3cfe-80b6-406f-b582-d959b60417f8
ESPOCH,Escuela Superior Politécnica de Chimborazo,INGENIERÍA CIVIL,8,diseñar edificios,skill/competence,cross-sector,0.7311,http://data.europa.eu/esco/skill/7c3cde53-9ff7-4e82-8396-13fdfadd3432
ESPOCH,Escuela Superior Politécnica de Chimborazo,INGENIERÍA CIVIL,9,diseñar sistemas de transporte,skill/competence,cross-sector,0.7243,http://data.europa.eu/esco/skill/11f364dd-0814-4398-b00e-10d1be8b27af
ESPOCH,Escuela Superior Politécnica de Chimborazo,INGENIERÍA CIVIL,10,vigilar el cumplimiento de los parámetros de los proyectos de construcción,skill/competence,cross-sector,0.721,http://data.europa.eu/esco/skill/3dd3dfa7-51c0-40ef-af46-e2df300489f6
ESPOCH,Escuela Superior Politécnica de Chimborazo,INGENIERÍA INDUSTRIAL,1,mejorar procesos empresariales,skill/competence,cross-sector,0.6836,http://data.europa.eu/esco/skill/75b30aeb-34c0-40f4-b77d-271d75a98b14
ESPOCH,Escuela Superior Politécnica de Chimborazo,INGENIERÍA INDUSTRIAL,2,desarrollar normas y procedimientos de fabricación,skill/competence,cross-sector,0.6836,http://data.europa.eu/esco/skill/764db027-9063-4468-acb3-c73ecfc76f35
ESPOCH,Escuela Superior Politécnica de Chimborazo,INGENIERÍA INDUSTRIAL,3,integrar productos nuevos en la cadena de fabricación,skill/competence,cross-sector,0.6792,http://data.europa.eu/esco/skill/8a753714-9a19-4418-9b37-77e79d72c705
ESPOCH,Escuela Superior Politécnica de Chimborazo,INGENIERÍA INDUSTRIAL,4,innovar las prácticas actuales,skill/competence,cross-sector,0.6769,http://data.europa.eu/esco/skill/f975091a-e5a5-4472-ac17-11680e53e98f
ESPOCH,Escuela Superior Politécnica de Chimborazo,INGENIERÍA INDUSTRIAL,5,gestionar empresas de producción,skill/competence,cross-sector,0.6742,http://data.europa.eu/esco/skill/435d1751-8667-41ec-8b32-865b7cd3c684
ESPOCH,Escuela Superior Politécnica de Chimborazo,INGENIERÍA INDUSTRIAL,6,verificar las exigencias de fabricación,skill/competence,cross-sector,0.6725,http://data.europa.eu/esco/skill/277f489c-7a47-4791-bd87-61ca01737f96
ESPOCH,Escuela Superior Politécnica de Chimborazo,INGENIERÍA INDUSTRIAL,7,establecer directrices de fabricación,skill/competence,cross-sector,0.6686,http://data.europa.eu/esco/skill/37520413-563e-4d99-a14c-1c6dca3cf833
ESPOCH,Escuela Superior Politécnica de Chimborazo,INGENIERÍA INDUSTRIAL,8,supervisar la producción de la fábrica,skill/competence,cross-sector,0.6683,http://data.europa.eu/esco/skill/c09dce1b-e198-487e-b63f-934e10a4c181
ESPOCH,Escuela Superior Politécnica de Chimborazo,INGENIERÍA INDUSTRIAL,9,inspeccionar la calidad de los productos,skill/competence,cross-sector,0.6638,http://data.europa.eu/esco/skill/1a3660c2-011c-4e96-9b1d-529afc305428
ESPOCH,Escuela Superior Politécnica de Chimborazo,INGENIERÍA INDUSTRIAL,10,coordinar equipos de ingeniería,skill/competence,cross-sector,0.663,http://data.europa.eu/esco/skill/7af6e9e8-1e11-4c0b-b7c6-ac96bbbbc674
ESPOCH,Escuela Superior Politécnica de Chimborazo,MECÁNICA,1,realizar todas las actividades de ingeniería de procesos,skill/competence,cross-sector,0.74,http://data.europa.eu/esco/skill/8b9d609a-6d62-4d5c-9133-01d41979cfac
ESPOCH,Escuela Superior Politécnica de Chimborazo,MECÁNICA,2,diseñar componentes de automatización,skill/competence,cross-sector,0.739,http://data.europa.eu/esco/skill/f96f5aa5-6ed7-40dc-a431-68b0a09d6d4b
ESPOCH,Escuela Superior Politécnica de Chimborazo,MECÁNICA,3,desarrollar normas y procedimientos de fabricación,skill/competence,cross-sector,0.7387,http://data.europa.eu/esco/skill/764db027-9063-4468-acb3-c73ecfc76f35
ESPOCH,Escuela Superior Politécnica de Chimborazo,MECÁNICA,4,gestionar sistemas de instrumentación,skill/competence,cross-sector,0.7331,http://data.europa.eu/esco/skill/5d71a91f-cc72-4b66-b6e3-d75ecc05e235
ESPOCH,Escuela Superior Politécnica de Chimborazo,MECÁNICA,5,ingeniería industrial,knowledge,cross-sector,0.7316,http://data.europa.eu/esco/skill/a1816dfd-dbdc-4499-bef3-ff81dd895b33
ESPOCH,Escuela Superior Politécnica de Chimborazo,MECÁNICA,6,diseñar componentes de ingeniería,skill/competence,cross-sector,0.73,http://data.europa.eu/esco/skill/87434439-c07d-48be-af34-b0cdd03121c4
ESPOCH,Escuela Superior Politécnica de Chimborazo,MECÁNICA,7,gestionar empresas de producción,skill/competence,cross-sector,0.7276,http://data.europa.eu/esco/skill/435d1751-8667-41ec-8b32-865b7cd3c684
ESPOCH,Escuela Superior Politécnica de Chimborazo,MECÁNICA,8,proporcionar experiencia técnica,skill/competence,cross-sector,0.7258,http://data.europa.eu/esco/skill/c69587b4-05d3-45bb-b79b-9b85e6603fc2
ESPOCH,Escuela Superior Politécnica de Chimborazo,MECÁNICA,9,planificar procesos de fabricación,skill/competence,cross-sector,0.7257,http://data.europa.eu/esco/skill/7d0f33ea-e724-4d77-8b75-ee4fe66bb9ba
ESPOCH,Escuela Superior Politécnica de Chimborazo,MECÁNICA,10,gestionar proyectos de ingeniería,skill/competence,cross-sector,0.7224,http://data.europa.eu/esco/skill/6a899482-8bcf-40ca-ae67-579a1cc467ab
ESPOCH,Escuela Superior Politécnica de Chimborazo,INGENIERÍA QUÍMICA,1,mejorar procesos químicos,skill/competence,cross-sector,0.7565,http://data.europa.eu/esco/skill/451c8010-7dbb-4f96-b4d4-0955766d9eff
ESPOCH,Escuela Superior Politécnica de Chimborazo,INGENIERÍA QUÍMICA,2,fabricar productos químicos,skill/competence,cross-sector,0.7521,http://data.europa.eu/esco/skill/4309a39d-af97-4e56-8d0e-5351b7b8dd01
ESPOCH,Escuela Superior Politécnica de Chimborazo,INGENIERÍA QUÍMICA,3,gestionar empresas de producción,skill/competence,cross-sector,0.7472,http://data.europa.eu/esco/skill/435d1751-8667-41ec-8b32-865b7cd3c684
ESPOCH,Escuela Superior Politécnica de Chimborazo,INGENIERÍA QUÍMICA,4,gestionar procedimientos de ensayos de sustancias químicas,skill/competence,cross-sector,0.7457,http://data.europa.eu/esco/skill/abcfd4de-3b3d-48ed-a002-36071bad8d46
ESPOCH,Escuela Superior Politécnica de Chimborazo,INGENIERÍA QUÍMICA,5,gestionar experimentos a gran escala para la fabricación de alimentos,skill/competence,cross-sector,0.7406,http://data.europa.eu/esco/skill/950c1106-4ea1-4fb7-a115-5dd5adcc1ea4
ESPOCH,Escuela Superior Politécnica de Chimborazo,INGENIERÍA QUÍMICA,6,controlar la producción,skill/competence,cross-sector,0.7382,http://data.europa.eu/esco/skill/feceacee-d425-4e73-821a-02dfb85084db
ESPOCH,Escuela Superior Politécnica de Chimborazo,INGENIERÍA QUÍMICA,7,inspeccionar la calidad de los productos,skill/competence,cross-sector,0.7355,http://data.europa.eu/esco/skill/1a3660c2-011c-4e96-9b1d-529afc305428
ESPOCH,Escuela Superior Politécnica de Chimborazo,INGENIERÍA QUÍMICA,8,gestionar el impacto medioambiental de las operaciones,skill/competence,cross-sector,0.7316,http://data.europa.eu/esco/skill/d86babea-bf8b-4552-81a8-daf706066ad6
ESPOCH,Escuela Superior Politécnica de Chimborazo,INGENIERÍA QUÍMICA,9,elaborar fórmulas de fabricación,skill/competence,cross-sector,0.7302,http://data.europa.eu/esco/skill/b2ad4e50-cb82-4a34-ab3e-5b5f6c4f9b65
ESPOCH,Escuela Superior Politécnica de Chimborazo,INGENIERÍA QUÍMICA,10,manipular productos químicos de limpieza,skill/competence,cross-sector,0.7298,http://data.europa.eu/esco/skill/51a26193-9abe-4bce-9108-f50835be1c35
ESPOCH,Escuela Superior Politécnica de Chimborazo,SOFTWARE,1,programación informática,knowledge,cross-sector,0.6948,http://data.europa.eu/esco/skill/21d2f96d-35f7-4e3f-9745-c533d2dd6e97
ESPOCH,Escuela Superior Politécnica de Chimborazo,SOFTWARE,2,innovar las prácticas actuales,skill/competence,cross-sector,0.6878,http://data.europa.eu/esco/skill/f975091a-e5a5-4472-ac17-11680e53e98f
ESPOCH,Escuela Superior Politécnica de Chimborazo,SOFTWARE,3,Proponer soluciones tecnológicas a problemas empresariales,skill/competence,cross-sector,0.6849,http://data.europa.eu/esco/skill/07e51c60-763a-4335-b4ec-70a15f66d328
ESPOCH,Escuela Superior Politécnica de Chimborazo,SOFTWARE,4,crear soluciones para problemas informativos,skill/competence,cross-sector,0.6761,http://data.europa.eu/esco/skill/4539aeca-b56f-4d03-ba86-8f675a7f2536
ESPOCH,Escuela Superior Politécnica de Chimborazo,SOFTWARE,5,detectar necesidades tecnológicas,skill/competence,cross-sector,0.6748,http://data.europa.eu/esco/skill/42fcf80d-7b45-40f3-bd2f-5411c4c0dfa0
ESPOCH,Escuela Superior Politécnica de Chimborazo,SOFTWARE,6,mejorar procesos empresariales,skill/competence,cross-sector,0.6742,http://data.europa.eu/esco/skill/75b30aeb-34c0-40f4-b77d-271d75a98b14
ESPOCH,Escuela Superior Politécnica de Chimborazo,SOFTWARE,7,elaborar software estadístico,skill/competence,cross-sector,0.6707,http://data.europa.eu/esco/skill/bb165899-d95f-4433-95f2-173fefd716d2
ESPOCH,Escuela Superior Politécnica de Chimborazo,SOFTWARE,8,crear soluciones para problemas,skill/competence,cross-sector,0.6686,http://data.europa.eu/esco/skill/03b9b491-fc9b-4868-914a-bf7cd47b5041
ESPOCH,Escuela Superior Politécnica de Chimborazo,SOFTWARE,9,resolver problemas,skill/competence,transversal,0.6669,http://data.europa.eu/esco/skill/adc6dc11-3376-467b-96c5-9b0a21edc869
ESPOCH,Escuela Superior Politécnica de Chimborazo,SOFTWARE,10,tecnologías sostenibles,knowledge,cross-sector,0.6663,http://data.europa.eu/esco/skill/103f7814-d262-4df6-a1b6-759bc51f76cb
ESPOCH,Escuela Superior Politécnica de Chimborazo,SISTEMAS DE INFORMACIÓN,1,"gestionar datos, información y contenido digitales",skill/competence,cross-sector,0.6463,http://data.europa.eu/esco/skill/4d97e3c3-f335-47cc-a4ee-0d779fd42222
ESPOCH,Escuela Superior Politécnica de Chimborazo,SISTEMAS DE INFORMACIÓN,2,operar sistemas de control informatizados,skill/competence,cross-sector,0.6461,http://data.europa.eu/esco/skill/b916d60e-38e9-4241-914a-4e2144bda711
ESPOCH,Escuela Superior Politécnica de Chimborazo,SISTEMAS DE INFORMACIÓN,3,proporcionar soporte de TIC,skill/competence,cross-sector,0.6453,http://data.europa.eu/esco/skill/c2296e2e-5fef-4f24-a24f-e5b3792268be
ESPOCH,Escuela Superior Politécnica de Chimborazo,SISTEMAS DE INFORMACIÓN,4,resolver problemas de sistemas TIC,skill/competence,cross-sector,0.6412,http://data.europa.eu/esco/skill/9e06bac6-6b91-48ca-8b7d-c1f48cdecd7c
ESPOCH,Escuela Superior Politécnica de Chimborazo,SISTEMAS DE INFORMACIÓN,5,detectar necesidades tecnológicas,skill/competence,cross-sector,0.6351,http://data.europa.eu/esco/skill/42fcf80d-7b45-40f3-bd2f-5411c4c0dfa0
ESPOCH,Escuela Superior Politécnica de Chimborazo,SISTEMAS DE INFORMACIÓN,6,guiar a los gestores de los diferentes departamentos de la empresa,skill/competence,cross-sector,0.6344,http://data.europa.eu/esco/skill/3e61ee41-2bd9-466f-b313-00ce04072410
ESPOCH,Escuela Superior Politécnica de Chimborazo,SISTEMAS DE INFORMACIÓN,7,proporcionar experiencia técnica,skill/competence,cross-sector,0.6337,http://data.europa.eu/esco/skill/c69587b4-05d3-45bb-b79b-9b85e6603fc2
ESPOCH,Escuela Superior Politécnica de Chimborazo,SISTEMAS DE INFORMACIÓN,8,gestionar sistemas administrativos,skill/competence,cross-sector,0.632,http://data.europa.eu/esco/skill/6ae8306a-4f9d-4410-ac82-6406f3cbd16a
ESPOCH,Escuela Superior Politécnica de Chimborazo,SISTEMAS DE INFORMACIÓN,9,desarrollar procedimientos de prueba electrónica,skill/competence,cross-sector,0.6291,http://data.europa.eu/esco/skill/0de6bca4-f3aa-452a-8e10-d355b2c1bfc4
ESPOCH,Escuela Superior Politécnica de Chimborazo,SISTEMAS DE INFORMACIÓN,10,administrar una página web,skill/competence,cross-sector,0.6278,http://data.europa.eu/esco/skill/d04ee340-5378-4601-8181-19da6d5cbfe0
ESPOCH,Escuela Superior Politécnica de Chimborazo,GEOLOGÍA,1,evaluar el impacto ambiental de yacimientos y zonas industriales,skill/competence,cross-sector,0.8411,http://data.europa.eu/esco/skill/f12f094b-492f-4e88-b36b-50b8e58b7500
ESPOCH,Escuela Superior Politécnica de Chimborazo,GEOLOGÍA,2,gestionar impacto ambiental,skill/competence,cross-sector,0.7345,http://data.europa.eu/esco/skill/d3a8ef9c-8572-438c-91dc-010537070be3
ESPOCH,Escuela Superior Politécnica de Chimborazo,GEOLOGÍA,3,desarrollar estrategias en materia de salud y seguridad en minería,skill/competence,cross-sector,0.7188,http://data.europa.eu/esco/skill/15725b82-9608-4579-abdf-adf91982dad9
ESPOCH,Escuela Superior Politécnica de Chimborazo,GEOLOGÍA,4,reaccionar ante emergencias mineras,skill/competence,cross-sector,0.7109,http://data.europa.eu/esco/skill/3938da70-dd7a-4092-b039-10c2218867fd
ESPOCH,Escuela Superior Politécnica de Chimborazo,GEOLOGÍA,5,asesorar sobre sistemas de gestión de riesgos ambientales,skill/competence,cross-sector,0.7093,http://data.europa.eu/esco/skill/a366bfc5-8d17-4792-a9f0-db0951528dda
ESPOCH,Escuela Superior Politécnica de Chimborazo,GEOLOGÍA,6,gestionar el impacto medioambiental de las operaciones,skill/competence,cross-sector,0.7079,http://data.europa.eu/esco/skill/d86babea-bf8b-4552-81a8-daf706066ad6
ESPOCH,Escuela Superior Politécnica de Chimborazo,GEOLOGÍA,7,realizar investigaciones ecológicas,skill/competence,cross-sector,0.707,http://data.europa.eu/esco/skill/55a4ae74-45e3-4f5c-8646-17149edfbddb
ESPOCH,Escuela Superior Politécnica de Chimborazo,GEOLOGÍA,8,diseñar escombreras de minas,skill/competence,cross-sector,0.7055,http://data.europa.eu/esco/skill/cfbe1cdb-1738-45a1-b442-75cbda1fff06
ESPOCH,Escuela Superior Politécnica de Chimborazo,GEOLOGÍA,9,evaluar el impacto ambiental,skill/competence,cross-sector,0.6924,http://data.europa.eu/esco/skill/e541c69c-ea80-4b17-87cb-4001d0b9d303
ESPOCH,Escuela Superior Politécnica de Chimborazo,GEOLOGÍA,10,coordinar comunicaciones en situaciones de emergencia en operaciones mineras,skill/competence,cross-sector,0.69,http://data.europa.eu/esco/skill/707ff33d-d130-4e61-8a2a-6e8b023be9fc
ESPOCH,Escuela Superior Politécnica de Chimborazo,MATEMÁTICA,1,ejecutar cálculos matemáticos analíticos,skill/competence,cross-sector,0.7844,http://data.europa.eu/esco/skill/31c69100-b612-4a61-8db5-fd314318854c
ESPOCH,Escuela Superior Politécnica de Chimborazo,MATEMÁTICA,2,realizar cálculos,skill/competence,transversal,0.7786,http://data.europa.eu/esco/skill/19ba11f3-9c99-41fd-a7c9-f77e6a026186
ESPOCH,Escuela Superior Politécnica de Chimborazo,MATEMÁTICA,3,interpretar información matemática,skill/competence,transversal,0.765,http://data.europa.eu/esco/skill/6fc6f757-6baa-49fe-9a82-6ba6a52f2e13
ESPOCH,Escuela Superior Politécnica de Chimborazo,MATEMÁTICA,4,enseñar en contextos académicos o profesionales,skill/competence,cross-sector,0.7462,http://data.europa.eu/esco/skill/4cd85845-f31c-4306-994d-e12d45114d83
ESPOCH,Escuela Superior Politécnica de Chimborazo,MATEMÁTICA,5,comunicar información matemática,skill/competence,cross-sector,0.7444,http://data.europa.eu/esco/skill/a5826fe3-8df6-4fa8-adad-b7116864588f
ESPOCH,Escuela Superior Politécnica de Chimborazo,MATEMÁTICA,6,redactar propuestas de investigación,skill/competence,cross-sector,0.7414,http://data.europa.eu/esco/skill/0ee7b0d6-db98-4785-9948-f2ef415d155a
ESPOCH,Escuela Superior Politécnica de Chimborazo,MATEMÁTICA,7,matemáticas,knowledge,cross-sector,0.7371,http://data.europa.eu/esco/skill/4339176e-3acd-4f7f-a5d9-445bee3d23f2
ESPOCH,Escuela Superior Politécnica de Chimborazo,MATEMÁTICA,8,gestionar datos de investigación,skill/competence,cross-sector,0.7197,http://data.europa.eu/esco/skill/08b04e53-ed25-41a2-9f90-0b9cd939ba3d
ESPOCH,Escuela Superior Politécnica de Chimborazo,MATEMÁTICA,9,aplicar competencias matemáticas,skill/competence,cross-sector,0.7172,http://data.europa.eu/esco/skill/5dd01a1e-7ba0-4b7f-a76c-ed811c12bfde
ESPOCH,Escuela Superior Politécnica de Chimborazo,MATEMÁTICA,10,resolver problemas,skill/competence,transversal,0.717,http://data.europa.eu/esco/skill/adc6dc11-3376-467b-96c5-9b0a21edc869
UCE,Universidad Central del Ecuador,ADMINISTRACIÓN DE EMPRESAS,1,gestionar recursos humanos,skill/competence,cross-sector,0.7307,http://data.europa.eu/esco/skill/339ac029-066a-4985-9f9d-b3d7c8fea0bb
UCE,Universidad Central del Ecuador,ADMINISTRACIÓN DE EMPRESAS,2,gestionar empresas de producción,skill/competence,cross-sector,0.7262,http://data.europa.eu/esco/skill/435d1751-8667-41ec-8b32-865b7cd3c684
UCE,Universidad Central del Ecuador,ADMINISTRACIÓN DE EMPRESAS,3,participar en las operaciones cotidianas de la empresa,skill/competence,cross-sector,0.7196,http://data.europa.eu/esco/skill/ce4cbc3a-bde0-43b4-9526-e643c4fe5b04
UCE,Universidad Central del Ecuador,ADMINISTRACIÓN DE EMPRESAS,4,gestionar procesos de flujo de trabajo,skill/competence,cross-sector,0.7149,http://data.europa.eu/esco/skill/7add3681-17b6-4027-8a9d-ee92d2b96a42
UCE,Universidad Central del Ecuador,ADMINISTRACIÓN DE EMPRESAS,5,coordinar actividades de planificación comercial,skill/competence,cross-sector,0.7137,http://data.europa.eu/esco/skill/90398aca-82b7-4f56-8e0f-814d949162b4
UCE,Universidad Central del Ecuador,ADMINISTRACIÓN DE EMPRESAS,6,formar equipos dentro de la empresa en base a las competencias,skill/competence,cross-sector,0.7116,http://data.europa.eu/esco/skill/f1155d3f-fbca-4298-a31c-f6955653bacf
UCE,Universidad Central del Ecuador,ADMINISTRACIÓN DE EMPRESAS,7,gestionar aspectos administrativos de eventos,skill/competence,cross-sector,0.7102,http://data.europa.eu/esco/skill/707e9935-d3e3-4d5a-b07d-60916081de15
UCE,Universidad Central del Ecuador,ADMINISTRACIÓN DE EMPRESAS,8,procedimientos del departamento de gestión,knowledge,cross-sector,0.7007,http://data.europa.eu/esco/skill/848b5879-10af-4e3a-bfbf-263956b4ebf3
UCE,Universidad Central del Ecuador,ADMINISTRACIÓN DE EMPRESAS,9,desarrollar políticas de la organización,skill/competence,cross-sector,0.7,http://data.europa.eu/esco/skill/3254275d-a1b5-4640-9481-02f38780ac35
UCE,Universidad Central del Ecuador,ADMINISTRACIÓN DE EMPRESAS,10,elaborar las estrategias empresariales,skill/competence,cross-sector,0.6976,http://data.europa.eu/esco/skill/ba2c6181-b036-40b4-8f6d-51499463ccbb
UCE,Universidad Central del Ecuador,COMPUTACIÓN,1,diseñar sistemas de control,skill/competence,cross-sector,0.7286,http://data.europa.eu/esco/skill/d560df46-dda4-4407-bab2-b87353a96814
UCE,Universidad Central del Ecuador,COMPUTACIÓN,2,elaborar software estadístico,skill/competence,cross-sector,0.7231,http://data.europa.eu/esco/skill/bb165899-d95f-4433-95f2-173fefd716d2
UCE,Universidad Central del Ecuador,COMPUTACIÓN,3,desarrollar procedimientos de prueba,skill/competence,cross-sector,0.7183,http://data.europa.eu/esco/skill/f10142ce-d522-49c3-9fd1-054fb63529d4
UCE,Universidad Central del Ecuador,COMPUTACIÓN,4,resolver problemas,skill/competence,transversal,0.7162,http://data.europa.eu/esco/skill/adc6dc11-3376-467b-96c5-9b0a21edc869
UCE,Universidad Central del Ecuador,COMPUTACIÓN,5,resolver problemas de sistemas TIC,skill/competence,cross-sector,0.7155,http://data.europa.eu/esco/skill/9e06bac6-6b91-48ca-8b7d-c1f48cdecd7c
UCE,Universidad Central del Ecuador,COMPUTACIÓN,6,programación informática,knowledge,cross-sector,0.7151,http://data.europa.eu/esco/skill/21d2f96d-35f7-4e3f-9745-c533d2dd6e97
UCE,Universidad Central del Ecuador,COMPUTACIÓN,7,crear soluciones para problemas,skill/competence,cross-sector,0.7147,http://data.europa.eu/esco/skill/03b9b491-fc9b-4868-914a-bf7cd47b5041
UCE,Universidad Central del Ecuador,COMPUTACIÓN,8,gestionar sistemas de instrumentación,skill/competence,cross-sector,0.7136,http://data.europa.eu/esco/skill/5d71a91f-cc72-4b66-b6e3-d75ecc05e235
UCE,Universidad Central del Ecuador,COMPUTACIÓN,9,desarrollar procedimientos de prueba electrónica,skill/competence,cross-sector,0.7134,http://data.europa.eu/esco/skill/0de6bca4-f3aa-452a-8e10-d355b2c1bfc4
UCE,Universidad Central del Ecuador,COMPUTACIÓN,10,gestionar datos de investigación,skill/competence,cross-sector,0.712,http://data.europa.eu/esco/skill/08b04e53-ed25-41a2-9f90-0b9cd939ba3d
UCE,Universidad Central del Ecuador,ECONOMÍA,1,elaborar políticas de economía,skill/competence,cross-sector,0.7711,http://data.europa.eu/esco/skill/8394fefb-f62a-48c0-a156-3117cefdb9b3
UCE,Universidad Central del Ecuador,ECONOMÍA,2,asesorar sobre el desarrollo económico,skill/competence,cross-sector,0.7477,http://data.europa.eu/esco/skill/384ed14c-bf1f-4a65-aef6-6e711f43c4ce
UCE,Universidad Central del Ecuador,ECONOMÍA,3,realizar un análisis empresarial,skill/competence,cross-sector,0.7124,http://data.europa.eu/esco/skill/27ed854c-15b8-4ba2-90e9-ae888a219703
UCE,Universidad Central del Ecuador,ECONOMÍA,4,analizar las tendencias económicas,skill/competence,cross-sector,0.7081,http://data.europa.eu/esco/skill/5f302d63-048e-451c-b150-97c124a5a26b
UCE,Universidad Central del Ecuador,ECONOMÍA,5,tener en cuenta los criterios económicos en la toma de decisiones,skill/competence,cross-sector,0.7067,http://data.europa.eu/esco/skill/d41262ae-eca1-4ede-89a8-46d2d99a7a31
UCE,Universidad Central del Ecuador,ECONOMÍA,6,realizar estudios de mercado,skill/competence,cross-sector,0.7043,http://data.europa.eu/esco/skill/fe39d4db-4cb5-4299-bb9f-896c8fd6ab13
UCE,Universidad Central del Ecuador,ECONOMÍA,7,asesorar sobre políticas de gestión sostenible,skill/competence,cross-sector,0.6979,http://data.europa.eu/esco/skill/6742977a-aa00-4c8c-9861-898b0373907e
UCE,Universidad Central del Ecuador,ECONOMÍA,8,"llevar a cabo análisis de factores políticos, económicos, sociales, tecnológicos, ambientales y jurídicos",skill/competence,cross-sector,0.6977,http://data.europa.eu/esco/skill/9979e727-3104-42e0-8f41-4af2578111ea
UCE,Universidad Central del Ecuador,ECONOMÍA,9,analizar los factores externos a una empresa,skill/competence,cross-sector,0.689,http://data.europa.eu/esco/skill/ce5b1446-b5e3-4f05-a5ac-83f2ee142a44
UCE,Universidad Central del Ecuador,ECONOMÍA,10,elaborar software estadístico,skill/competence,cross-sector,0.6878,http://data.europa.eu/esco/skill/bb165899-d95f-4433-95f2-173fefd716d2
UCE,Universidad Central del Ecuador,INGENIERÍA AMBIENTAL,1,gestionar el impacto medioambiental de las operaciones,skill/competence,cross-sector,0.8421,http://data.europa.eu/esco/skill/d86babea-bf8b-4552-81a8-daf706066ad6
UCE,Universidad Central del Ecuador,INGENIERÍA AMBIENTAL,2,evaluar el impacto ambiental,skill/competence,cross-sector,0.821,http://data.europa.eu/esco/skill/e541c69c-ea80-4b17-87cb-4001d0b9d303
UCE,Universidad Central del Ecuador,INGENIERÍA AMBIENTAL,3,supervisar sistemas de gestión ambiental,skill/competence,cross-sector,0.8184,http://data.europa.eu/esco/skill/b13e0689-636d-42d0-86c3-df9d6f85a882
UCE,Universidad Central del Ecuador,INGENIERÍA AMBIENTAL,4,gestionar impacto ambiental,skill/competence,cross-sector,0.8007,http://data.europa.eu/esco/skill/d3a8ef9c-8572-438c-91dc-010537070be3
UCE,Universidad Central del Ecuador,INGENIERÍA AMBIENTAL,5,asesorar sobre sistemas de gestión de riesgos ambientales,skill/competence,cross-sector,0.7969,http://data.europa.eu/esco/skill/a366bfc5-8d17-4792-a9f0-db0951528dda
UCE,Universidad Central del Ecuador,INGENIERÍA AMBIENTAL,6,asesorar sobre políticas de gestión sostenible,skill/competence,cross-sector,0.7937,http://data.europa.eu/esco/skill/6742977a-aa00-4c8c-9861-898b0373907e
UCE,Universidad Central del Ecuador,INGENIERÍA AMBIENTAL,7,coordinar esfuerzos ambientales,skill/competence,cross-sector,0.7886,http://data.europa.eu/esco/skill/bd70f004-e1d6-43f0-96f1-59c014a4ea01
UCE,Universidad Central del Ecuador,INGENIERÍA AMBIENTAL,8,realizar auditorías ambientales,skill/competence,cross-sector,0.7701,http://data.europa.eu/esco/skill/60ab2bf7-c812-4a88-86c0-7c81a9b2f77c
UCE,Universidad Central del Ecuador,INGENIERÍA AMBIENTAL,9,gestionar residuos,skill/competence,cross-sector,0.7641,http://data.europa.eu/esco/skill/73a9561d-112c-4d8a-9d5f-b2c11c5bbd5f
UCE,Universidad Central del Ecuador,INGENIERÍA AMBIENTAL,10,aplicar medidas de protección del medioambiente,skill/competence,cross-sector,0.7623,http://data.europa.eu/esco/skill/f6d7ba88-5234-4994-944d-843ca453c923
UCE,Universidad Central del Ecuador,INGENIERÍA CIVIL,1,supervisar un proyecto de construcción,skill/competence,cross-sector,0.7692,http://data.europa.eu/esco/skill/1de548e0-9535-4d2e-9d20-d4474c1ea813
UCE,Universidad Central del Ecuador,INGENIERÍA CIVIL,2,vigilar el cumplimiento de los parámetros de los proyectos de construcción,skill/competence,cross-sector,0.7672,http://data.europa.eu/esco/skill/3dd3dfa7-51c0-40ef-af46-e2df300489f6
UCE,Universidad Central del Ecuador,INGENIERÍA CIVIL,3,garantizar el cumplimiento de los plazos de construcción,skill/competence,cross-sector,0.7554,http://data.europa.eu/esco/skill/6181f475-110c-497c-a46d-ed2e14e7bc90
UCE,Universidad Central del Ecuador,INGENIERÍA CIVIL,4,asesorar sobre temas de construcción,skill/competence,cross-sector,0.7531,http://data.europa.eu/esco/skill/3b64ab47-a874-403a-b781-7b23c2fc3c6c
UCE,Universidad Central del Ecuador,INGENIERÍA CIVIL,5,examinar las infraestructuras civiles,skill/competence,cross-sector,0.7395,http://data.europa.eu/esco/skill/d48b3cfe-80b6-406f-b582-d959b60417f8
UCE,Universidad Central del Ecuador,INGENIERÍA CIVIL,6,gestionar los programas públicos,skill/competence,cross-sector,0.728,http://data.europa.eu/esco/skill/0761f325-13e7-49f4-a41a-ec64ba4e7b9d
UCE,Universidad Central del Ecuador,INGENIERÍA CIVIL,7,diseñar edificios,skill/competence,cross-sector,0.7218,http://data.europa.eu/esco/skill/7c3cde53-9ff7-4e82-8396-13fdfadd3432
UCE,Universidad Central del Ecuador,INGENIERÍA CIVIL,8,revisar proyectos de construcción,skill/competence,cross-sector,0.7164,http://data.europa.eu/esco/skill/ea9fc9d9-c602-4430-a7fc-edac7429a6a8
UCE,Universidad Central del Ecuador,INGENIERÍA CIVIL,9,someter a auditorías a los contratistas,skill/competence,cross-sector,0.7157,http://data.europa.eu/esco/skill/0520d8ba-3c24-4f75-a8b0-f883ddeed82d
UCE,Universidad Central del Ecuador,INGENIERÍA CIVIL,10,supervisar obras de construcción,skill/competence,cross-sector,0.7112,http://data.europa.eu/esco/skill/fc1a75bb-70e3-4005-881f-7709bf7b0ed4
UCE,Universidad Central del Ecuador,QUÍMICA,1,fabricar productos químicos,skill/competence,cross-sector,0.7631,http://data.europa.eu/esco/skill/4309a39d-af97-4e56-8d0e-5351b7b8dd01
UCE,Universidad Central del Ecuador,QUÍMICA,2,mejorar procesos químicos,skill/competence,cross-sector,0.7417,http://data.europa.eu/esco/skill/451c8010-7dbb-4f96-b4d4-0955766d9eff
UCE,Universidad Central del Ecuador,QUÍMICA,3,trabajar con sustancias químicas,skill/competence,cross-sector,0.7397,http://data.europa.eu/esco/skill/929a997b-d56c-4383-b36d-6de9fa0e1721
UCE,Universidad Central del Ecuador,QUÍMICA,4,desarrollar procedimientos de ensayo de materiales,skill/competence,cross-sector,0.7348,http://data.europa.eu/esco/skill/658b6ea0-79f5-451d-a037-7593a4416c85
UCE,Universidad Central del Ecuador,QUÍMICA,5,prestar asistencia en investigaciones científicas,skill/competence,cross-sector,0.7301,http://data.europa.eu/esco/skill/d6179c4b-ff5a-4bbb-a3c8-e0acf0de1f56
UCE,Universidad Central del Ecuador,QUÍMICA,6,realizar análisis de control de calidad,skill/competence,cross-sector,0.7262,http://data.europa.eu/esco/skill/41a3240f-58ba-44e2-a688-edeb21ea5c16
UCE,Universidad Central del Ecuador,QUÍMICA,7,asesorar sobre la reducción del uso de sustancias químicas,skill/competence,cross-sector,0.7254,http://data.europa.eu/esco/skill/09c28e46-712a-4c11-a4ae-67ae554ea940
UCE,Universidad Central del Ecuador,QUÍMICA,8,gestionar procedimientos de ensayos de sustancias químicas,skill/competence,cross-sector,0.7199,http://data.europa.eu/esco/skill/abcfd4de-3b3d-48ed-a002-36071bad8d46
UCE,Universidad Central del Ecuador,QUÍMICA,9,realizar investigaciones de laboratorio,skill/competence,cross-sector,0.719,http://data.europa.eu/esco/skill/9e8863fc-e8de-4df1-9bc6-3d5dd85b8070
UCE,Universidad Central del Ecuador,QUÍMICA,10,química farmacéutica,knowledge,cross-sector,0.7187,http://data.europa.eu/esco/skill/acbb31e0-7cfb-4987-a9a7-4df119e0b83b
UCE,Universidad Central del Ecuador,INGENIERÍA QUÍMICA,1,fabricar productos químicos,skill/competence,cross-sector,0.7734,http://data.europa.eu/esco/skill/4309a39d-af97-4e56-8d0e-5351b7b8dd01
UCE,Universidad Central del Ecuador,INGENIERÍA QUÍMICA,2,mejorar procesos químicos,skill/competence,cross-sector,0.7697,http://data.europa.eu/esco/skill/451c8010-7dbb-4f96-b4d4-0955766d9eff
UCE,Universidad Central del Ecuador,INGENIERÍA QUÍMICA,3,gestionar procedimientos de ensayos de sustancias químicas,skill/competence,cross-sector,0.752,http://data.europa.eu/esco/skill/abcfd4de-3b3d-48ed-a002-36071bad8d46
UCE,Universidad Central del Ecuador,INGENIERÍA QUÍMICA,4,elaborar fórmulas de fabricación,skill/competence,cross-sector,0.7498,http://data.europa.eu/esco/skill/b2ad4e50-cb82-4a34-ab3e-5b5f6c4f9b65
UCE,Universidad Central del Ecuador,INGENIERÍA QUÍMICA,5,inspeccionar la calidad de los productos,skill/competence,cross-sector,0.7451,http://data.europa.eu/esco/skill/1a3660c2-011c-4e96-9b1d-529afc305428
UCE,Universidad Central del Ecuador,INGENIERÍA QUÍMICA,6,gestionar empresas de producción,skill/competence,cross-sector,0.7405,http://data.europa.eu/esco/skill/435d1751-8667-41ec-8b32-865b7cd3c684
UCE,Universidad Central del Ecuador,INGENIERÍA QUÍMICA,7,desarrollar normas y procedimientos de fabricación,skill/competence,cross-sector,0.74,http://data.europa.eu/esco/skill/764db027-9063-4468-acb3-c73ecfc76f35
UCE,Universidad Central del Ecuador,INGENIERÍA QUÍMICA,8,manipular productos químicos,skill/competence,cross-sector,0.7392,http://data.europa.eu/esco/skill/2416dc09-6384-409e-8b1d-80bb7a2e7369
UCE,Universidad Central del Ecuador,INGENIERÍA QUÍMICA,9,controlar la producción,skill/competence,cross-sector,0.7363,http://data.europa.eu/esco/skill/feceacee-d425-4e73-821a-02dfb85084db
UCE,Universidad Central del Ecuador,INGENIERÍA QUÍMICA,10,trabajar con sustancias químicas,skill/competence,cross-sector,0.7355,http://data.europa.eu/esco/skill/929a997b-d56c-4383-b36d-6de9fa0e1721
UCE,Universidad Central del Ecuador,GEOLOGÍA,1,evaluar el impacto ambiental de yacimientos y zonas industriales,skill/competence,cross-sector,0.8064,http://data.europa.eu/esco/skill/f12f094b-492f-4e88-b36b-50b8e58b7500
UCE,Universidad Central del Ecuador,GEOLOGÍA,2,gestionar impacto ambiental,skill/competence,cross-sector,0.7057,http://data.europa.eu/esco/skill/d3a8ef9c-8572-438c-91dc-010537070be3
UCE,Universidad Central del Ecuador,GEOLOGÍA,3,elaborar informes de SIG,skill/competence,cross-sector,0.6936,http://data.europa.eu/esco/skill/bad66a63-4e3f-41f9-9e5d-a4d5f12f8d36
UCE,Universidad Central del Ecuador,GEOLOGÍA,4,asesorar sobre sistemas de gestión de riesgos ambientales,skill/competence,cross-sector,0.6812,http://data.europa.eu/esco/skill/a366bfc5-8d17-4792-a9f0-db0951528dda
UCE,Universidad Central del Ecuador,GEOLOGÍA,5,desarrollar estrategias en materia de salud y seguridad en minería,skill/competence,cross-sector,0.6782,http://data.europa.eu/esco/skill/15725b82-9608-4579-abdf-adf91982dad9
UCE,Universidad Central del Ecuador,GEOLOGÍA,6,realizar investigaciones ecológicas,skill/competence,cross-sector,0.6755,http://data.europa.eu/esco/skill/55a4ae74-45e3-4f5c-8646-17149edfbddb
UCE,Universidad Central del Ecuador,GEOLOGÍA,7,realizar estudios de mercado,skill/competence,cross-sector,0.669,http://data.europa.eu/esco/skill/fe39d4db-4cb5-4299-bb9f-896c8fd6ab13
UCE,Universidad Central del Ecuador,GEOLOGÍA,8,enseñar geografía,skill/competence,cross-sector,0.6678,http://data.europa.eu/esco/skill/be040651-f357-45d0-9e1a-d98245be6546
UCE,Universidad Central del Ecuador,GEOLOGÍA,9,diseñar escombreras de minas,skill/competence,cross-sector,0.6622,http://data.europa.eu/esco/skill/cfbe1cdb-1738-45a1-b442-75cbda1fff06
UCE,Universidad Central del Ecuador,GEOLOGÍA,10,determinar riesgos de incendios,skill/competence,cross-sector,0.6621,http://data.europa.eu/esco/skill/2e04c512-6867-49c5-ad58-0797b8fbddf2
UCE,Universidad Central del Ecuador,MECÁNICA,1,desarrollar normas y procedimientos de fabricación,skill/competence,cross-sector,0.73,http://data.europa.eu/esco/skill/764db027-9063-4468-acb3-c73ecfc76f35
UCE,Universidad Central del Ecuador,MECÁNICA,2,ingeniería industrial,knowledge,cross-sector,0.7217,http://data.europa.eu/esco/skill/a1816dfd-dbdc-4499-bef3-ff81dd895b33
UCE,Universidad Central del Ecuador,MECÁNICA,3,desarrollar procedimientos de ensayo de materiales,skill/competence,cross-sector,0.7194,http://data.europa.eu/esco/skill/658b6ea0-79f5-451d-a037-7593a4416c85
UCE,Universidad Central del Ecuador,MECÁNICA,4,diseñar componentes de automatización,skill/competence,cross-sector,0.7193,http://data.europa.eu/esco/skill/f96f5aa5-6ed7-40dc-a431-68b0a09d6d4b
UCE,Universidad Central del Ecuador,MECÁNICA,5,proporcionar experiencia técnica,skill/competence,cross-sector,0.7182,http://data.europa.eu/esco/skill/c69587b4-05d3-45bb-b79b-9b85e6603fc2
UCE,Universidad Central del Ecuador,MECÁNICA,6,diseñar sistemas de control,skill/competence,cross-sector,0.7128,http://data.europa.eu/esco/skill/d560df46-dda4-4407-bab2-b87353a96814
UCE,Universidad Central del Ecuador,MECÁNICA,7,gestionar sistemas de instrumentación,skill/competence,cross-sector,0.7125,http://data.europa.eu/esco/skill/5d71a91f-cc72-4b66-b6e3-d75ecc05e235
UCE,Universidad Central del Ecuador,MECÁNICA,8,realizar todas las actividades de ingeniería de procesos,skill/competence,cross-sector,0.7121,http://data.europa.eu/esco/skill/8b9d609a-6d62-4d5c-9133-01d41979cfac
UCE,Universidad Central del Ecuador,MECÁNICA,9,diseñar componentes de ingeniería,skill/competence,cross-sector,0.7096,http://data.europa.eu/esco/skill/87434439-c07d-48be-af34-b0cdd03121c4
UCE,Universidad Central del Ecuador,MECÁNICA,10,desarrollar sistemas de instrumentación,skill/competence,cross-sector,0.7071,http://data.europa.eu/esco/skill/d8c19849-f4cf-458d-90cd-abe735a729bf
UCE,Universidad Central del Ecuador,PETRÓLEOS,1,evaluar el impacto ambiental de yacimientos y zonas industriales,skill/competence,cross-sector,0.7382,http://data.europa.eu/esco/skill/f12f094b-492f-4e88-b36b-50b8e58b7500
UCE,Universidad Central del Ecuador,PETRÓLEOS,2,gestionar el impacto medioambiental de las operaciones,skill/competence,cross-sector,0.7043,http://data.europa.eu/esco/skill/d86babea-bf8b-4552-81a8-daf706066ad6
UCE,Universidad Central del Ecuador,PETRÓLEOS,3,gestionar impacto ambiental,skill/competence,cross-sector,0.6926,http://data.europa.eu/esco/skill/d3a8ef9c-8572-438c-91dc-010537070be3
UCE,Universidad Central del Ecuador,PETRÓLEOS,4,manipular combustibles,skill/competence,cross-sector,0.6803,http://data.europa.eu/esco/skill/2035c565-f0df-4efa-99fc-09a42f18c158
UCE,Universidad Central del Ecuador,PETRÓLEOS,5,evaluar las necesidades energéticas,skill/competence,cross-sector,0.674,http://data.europa.eu/esco/skill/36fccad9-1d20-4104-bcc2-a8ea9d1ce5ea
UCE,Universidad Central del Ecuador,PETRÓLEOS,6,manejar equipos de extracción de hidrógeno,skill/competence,cross-sector,0.6672,http://data.europa.eu/esco/skill/d2fd219f-5cb1-4f67-8db5-be6c5fc865c7
UCE,Universidad Central del Ecuador,PETRÓLEOS,7,reaccionar ante emergencias mineras,skill/competence,cross-sector,0.6585,http://data.europa.eu/esco/skill/3938da70-dd7a-4092-b039-10c2218867fd
UCE,Universidad Central del Ecuador,PETRÓLEOS,8,coordinar comunicaciones en situaciones de emergencia en operaciones mineras,skill/competence,cross-sector,0.6577,http://data.europa.eu/esco/skill/707ff33d-d130-4e61-8a2a-6e8b023be9fc
UCE,Universidad Central del Ecuador,PETRÓLEOS,9,asesorar sobre recuperación ambiental,skill/competence,cross-sector,0.6569,http://data.europa.eu/esco/skill/b422efe7-b151-4120-86ae-db11a48dd0fa
UCE,Universidad Central del Ecuador,PETRÓLEOS,10,gestionar empresas de producción,skill/competence,cross-sector,0.6556,http://data.europa.eu/esco/skill/435d1751-8667-41ec-8b32-865b7cd3c684
UCE,Universidad Central del Ecuador,SISTEMAS DE INFORMACIÓN,1,"gestionar datos, información y contenido digitales",skill/competence,cross-sector,0.7471,http://data.europa.eu/esco/skill/4d97e3c3-f335-47cc-a4ee-0d779fd42222
UCE,Universidad Central del Ecuador,SISTEMAS DE INFORMACIÓN,2,gestionar sistemas de instrumentación,skill/competence,cross-sector,0.7336,http://data.europa.eu/esco/skill/5d71a91f-cc72-4b66-b6e3-d75ecc05e235
UCE,Universidad Central del Ecuador,SISTEMAS DE INFORMACIÓN,3,resolver problemas de sistemas TIC,skill/competence,cross-sector,0.7297,http://data.europa.eu/esco/skill/9e06bac6-6b91-48ca-8b7d-c1f48cdecd7c
UCE,Universidad Central del Ecuador,SISTEMAS DE INFORMACIÓN,4,crear soluciones para problemas informativos,skill/competence,cross-sector,0.725,http://data.europa.eu/esco/skill/4539aeca-b56f-4d03-ba86-8f675a7f2536
UCE,Universidad Central del Ecuador,SISTEMAS DE INFORMACIÓN,5,gestionar sistemas administrativos,skill/competence,cross-sector,0.7236,http://data.europa.eu/esco/skill/6ae8306a-4f9d-4410-ac82-6406f3cbd16a
UCE,Universidad Central del Ecuador,SISTEMAS DE INFORMACIÓN,6,realizar gestión de clientes,skill/competence,cross-sector,0.7194,http://data.europa.eu/esco/skill/91306a20-9b81-4f3d-97eb-f5368b607da7
UCE,Universidad Central del Ecuador,SISTEMAS DE INFORMACIÓN,7,proporcionar soporte de TIC,skill/competence,cross-sector,0.7153,http://data.europa.eu/esco/skill/c2296e2e-5fef-4f24-a24f-e5b3792268be
UCE,Universidad Central del Ecuador,SISTEMAS DE INFORMACIÓN,8,detectar necesidades tecnológicas,skill/competence,cross-sector,0.7139,http://data.europa.eu/esco/skill/42fcf80d-7b45-40f3-bd2f-5411c4c0dfa0
UCE,Universidad Central del Ecuador,SISTEMAS DE INFORMACIÓN,9,gestionar proyectos de investigación y desarrollo,skill/competence,cross-sector,0.7128,http://data.europa.eu/esco/skill/d5dbc342-8e39-4998-8237-ebbe05a381ce
UCE,Universidad Central del Ecuador,SISTEMAS DE INFORMACIÓN,10,gestionar datos de investigación,skill/competence,cross-sector,0.7118,http://data.europa.eu/esco/skill/08b04e53-ed25-41a2-9f90-0b9cd939ba3d
UCE,Universidad Central del Ecuador,MATEMÁTICA,1,realizar cálculos,skill/competence,transversal,0.77,http://data.europa.eu/esco/skill/19ba11f3-9c99-41fd-a7c9-f77e6a026186
UCE,Universidad Central del Ecuador,MATEMÁTICA,2,interpretar información matemática,skill/competence,transversal,0.7694,http://data.europa.eu/esco/skill/6fc6f757-6baa-49fe-9a82-6ba6a52f2e13
UCE,Universidad Central del Ecuador,MATEMÁTICA,3,comunicar información matemática,skill/competence,cross-sector,0.7693,http://data.europa.eu/esco/skill/a5826fe3-8df6-4fa8-adad-b7116864588f
UCE,Universidad Central del Ecuador,MATEMÁTICA,4,ejecutar cálculos matemáticos analíticos,skill/competence,cross-sector,0.7684,http://data.europa.eu/esco/skill/31c69100-b612-4a61-8db5-fd314318854c
UCE,Universidad Central del Ecuador,MATEMÁTICA,5,enseñar en contextos académicos o profesionales,skill/competence,cross-sector,0.7593,http://data.europa.eu/esco/skill/4cd85845-f31c-4306-994d-e12d45114d83
UCE,Universidad Central del Ecuador,MATEMÁTICA,6,aplicar competencias matemáticas,skill/competence,cross-sector,0.7361,http://data.europa.eu/esco/skill/5dd01a1e-7ba0-4b7f-a76c-ed811c12bfde
UCE,Universidad Central del Ecuador,MATEMÁTICA,7,enseñar ciencias políticas,skill/competence,cross-sector,0.7284,http://data.europa.eu/esco/skill/87fb4119-bbe1-46b0-8023-f24d7d74a6f2
UCE,Universidad Central del Ecuador,MATEMÁTICA,8,matemáticas,knowledge,cross-sector,0.7263,http://data.europa.eu/esco/skill/4339176e-3acd-4f7f-a5d9-445bee3d23f2
UCE,Universidad Central del Ecuador,MATEMÁTICA,9,enseñar lenguas,skill/competence,cross-sector,0.7259,http://data.europa.eu/esco/skill/a9ead737-a7cd-4046-adea-1ff7326db09f
UCE,Universidad Central del Ecuador,MATEMÁTICA,10,analizar datos,skill/competence,cross-sector,0.72,http://data.europa.eu/esco/skill/a571ae14-3e16-4fd3-a615-5646e0b0b696
UG,Universidad de Guayaquil,ADMINISTRACIÓN DE EMPRESAS,1,elaborar las estrategias empresariales,skill/competence,cross-sector,0.8003,http://data.europa.eu/esco/skill/ba2c6181-b036-40b4-8f6d-51499463ccbb
UG,Universidad de Guayaquil,ADMINISTRACIÓN DE EMPRESAS,2,gestionar empresas de producción,skill/competence,cross-sector,0.7907,http://data.europa.eu/esco/skill/435d1751-8667-41ec-8b32-865b7cd3c684
UG,Universidad de Guayaquil,ADMINISTRACIÓN DE EMPRESAS,3,elaborar políticas de economía,skill/competence,cross-sector,0.7702,http://data.europa.eu/esco/skill/8394fefb-f62a-48c0-a156-3117cefdb9b3
UG,Universidad de Guayaquil,ADMINISTRACIÓN DE EMPRESAS,4,coordinar actividades de planificación comercial,skill/competence,cross-sector,0.7614,http://data.europa.eu/esco/skill/90398aca-82b7-4f56-8e0f-814d949162b4
UG,Universidad de Guayaquil,ADMINISTRACIÓN DE EMPRESAS,5,desarrollar políticas de la organización,skill/competence,cross-sector,0.7596,http://data.europa.eu/esco/skill/3254275d-a1b5-4640-9481-02f38780ac35
UG,Universidad de Guayaquil,ADMINISTRACIÓN DE EMPRESAS,6,guiar a los gestores de los diferentes departamentos de la empresa,skill/competence,cross-sector,0.7587,http://data.europa.eu/esco/skill/3e61ee41-2bd9-466f-b313-00ce04072410
UG,Universidad de Guayaquil,ADMINISTRACIÓN DE EMPRESAS,7,gestionar los aspectos financieros de una empresa,skill/competence,cross-sector,0.7582,http://data.europa.eu/esco/skill/fa6acfc3-0a4f-4192-b77d-80e94d0faf2a
UG,Universidad de Guayaquil,ADMINISTRACIÓN DE EMPRESAS,8,participar en las operaciones cotidianas de la empresa,skill/competence,cross-sector,0.7557,http://data.europa.eu/esco/skill/ce4cbc3a-bde0-43b4-9526-e643c4fe5b04
UG,Universidad de Guayaquil,ADMINISTRACIÓN DE EMPRESAS,9,gestionar recursos humanos,skill/competence,cross-sector,0.7547,http://data.europa.eu/esco/skill/339ac029-066a-4985-9f9d-b3d7c8fea0bb
UG,Universidad de Guayaquil,ADMINISTRACIÓN DE EMPRESAS,10,gestionar programas de formación en la empresa,skill/competence,cross-sector,0.7424,http://data.europa.eu/esco/skill/6e66fa0f-4d3b-415e-9693-dc556eb5112a
UG,Universidad de Guayaquil,CIENCIA DE DATOS E INTELIGENCIA ARTIFICIAL,1,ciencia de datos,knowledge,cross-sector,0.7483,http://data.europa.eu/esco/skill/edebd83d-35f6-4ed5-a940-6c203d178c01
UG,Universidad de Guayaquil,CIENCIA DE DATOS E INTELIGENCIA ARTIFICIAL,2,analizar datos,skill/competence,cross-sector,0.6799,http://data.europa.eu/esco/skill/a571ae14-3e16-4fd3-a615-5646e0b0b696
UG,Universidad de Guayaquil,CIENCIA DE DATOS E INTELIGENCIA ARTIFICIAL,3,análisis de datos,knowledge,cross-sector,0.6785,http://data.europa.eu/esco/skill/97bd1c21-66b2-4b7e-ad0f-e3cda590e378
UG,Universidad de Guayaquil,CIENCIA DE DATOS E INTELIGENCIA ARTIFICIAL,4,predecir tendencias económicas,skill/competence,cross-sector,0.6746,http://data.europa.eu/esco/skill/f2a34d6b-131a-4b8f-a110-898b9c91d18f
UG,Universidad de Guayaquil,CIENCIA DE DATOS E INTELIGENCIA ARTIFICIAL,5,interpretar datos actuales,skill/competence,cross-sector,0.6686,http://data.europa.eu/esco/skill/1e77e42a-181f-4b48-8e74-201ce50ffc29
UG,Universidad de Guayaquil,CIENCIA DE DATOS E INTELIGENCIA ARTIFICIAL,6,analizar datos de la clientela,skill/competence,cross-sector,0.6671,http://data.europa.eu/esco/skill/d63f49de-cb72-4ce3-9553-a374a4f32f52
UG,Universidad de Guayaquil,CIENCIA DE DATOS E INTELIGENCIA ARTIFICIAL,7,gestionar datos de investigación,skill/competence,cross-sector,0.6647,http://data.europa.eu/esco/skill/08b04e53-ed25-41a2-9f90-0b9cd939ba3d
UG,Universidad de Guayaquil,CIENCIA DE DATOS E INTELIGENCIA ARTIFICIAL,8,analizar inteligencia de datos,skill/competence,cross-sector,0.6637,http://data.europa.eu/esco/skill/47a49cd6-097d-457a-9f7b-c290c14930d5
UG,Universidad de Guayaquil,CIENCIA DE DATOS E INTELIGENCIA ARTIFICIAL,9,realizar estudios de mercado,skill/competence,cross-sector,0.6627,http://data.europa.eu/esco/skill/fe39d4db-4cb5-4299-bb9f-896c8fd6ab13
UG,Universidad de Guayaquil,CIENCIA DE DATOS E INTELIGENCIA ARTIFICIAL,10,crear soluciones para problemas informativos,skill/competence,cross-sector,0.6532,http://data.europa.eu/esco/skill/4539aeca-b56f-4d03-ba86-8f675a7f2536
UG,Universidad de Guayaquil,COMPUTACIÓN,1,programación informática,knowledge,cross-sector,0.7188,http://data.europa.eu/esco/skill/21d2f96d-35f7-4e3f-9745-c533d2dd6e97
UG,Universidad de Guayaquil,COMPUTACIÓN,2,elaborar software estadístico,skill/competence,cross-sector,0.7154,http://data.europa.eu/esco/skill/bb165899-d95f-4433-95f2-173fefd716d2
UG,Universidad de Guayaquil,COMPUTACIÓN,3,gestionar proyectos de investigación y desarrollo,skill/competence,cross-sector,0.713,http://data.europa.eu/esco/skill/d5dbc342-8e39-4998-8237-ebbe05a381ce
UG,Universidad de Guayaquil,COMPUTACIÓN,4,diseñar sistemas de control,skill/competence,cross-sector,0.7087,http://data.europa.eu/esco/skill/d560df46-dda4-4407-bab2-b87353a96814
UG,Universidad de Guayaquil,COMPUTACIÓN,5,coordinar equipos de ingeniería,skill/competence,cross-sector,0.7067,http://data.europa.eu/esco/skill/7af6e9e8-1e11-4c0b-b7c6-ac96bbbbc674
UG,Universidad de Guayaquil,COMPUTACIÓN,6,desarrollar normas y procedimientos de fabricación,skill/competence,cross-sector,0.7016,http://data.europa.eu/esco/skill/764db027-9063-4468-acb3-c73ecfc76f35
UG,Universidad de Guayaquil,COMPUTACIÓN,7,resolver problemas de sistemas TIC,skill/competence,cross-sector,0.7013,http://data.europa.eu/esco/skill/9e06bac6-6b91-48ca-8b7d-c1f48cdecd7c
UG,Universidad de Guayaquil,COMPUTACIÓN,8,desarrollar procedimientos de prueba,skill/competence,cross-sector,0.6996,http://data.europa.eu/esco/skill/f10142ce-d522-49c3-9fd1-054fb63529d4
UG,Universidad de Guayaquil,COMPUTACIÓN,9,desarrollar procedimientos de prueba electrónica,skill/competence,cross-sector,0.6967,http://data.europa.eu/esco/skill/0de6bca4-f3aa-452a-8e10-d355b2c1bfc4
UG,Universidad de Guayaquil,COMPUTACIÓN,10,crear soluciones para problemas,skill/competence,cross-sector,0.6914,http://data.europa.eu/esco/skill/03b9b491-fc9b-4868-914a-bf7cd47b5041
UG,Universidad de Guayaquil,ECONOMÍA,1,elaborar políticas de economía,skill/competence,cross-sector,0.7678,http://data.europa.eu/esco/skill/8394fefb-f62a-48c0-a156-3117cefdb9b3
UG,Universidad de Guayaquil,ECONOMÍA,2,realizar un análisis empresarial,skill/competence,cross-sector,0.7333,http://data.europa.eu/esco/skill/27ed854c-15b8-4ba2-90e9-ae888a219703
UG,Universidad de Guayaquil,ECONOMÍA,3,analizar los factores externos a una empresa,skill/competence,cross-sector,0.7207,http://data.europa.eu/esco/skill/ce5b1446-b5e3-4f05-a5ac-83f2ee142a44
UG,Universidad de Guayaquil,ECONOMÍA,4,asesorar sobre el desarrollo económico,skill/competence,cross-sector,0.718,http://data.europa.eu/esco/skill/384ed14c-bf1f-4a65-aef6-6e711f43c4ce
UG,Universidad de Guayaquil,ECONOMÍA,5,analizar las tendencias económicas,skill/competence,cross-sector,0.7161,http://data.europa.eu/esco/skill/5f302d63-048e-451c-b150-97c124a5a26b
UG,Universidad de Guayaquil,ECONOMÍA,6,realizar estudios de mercado,skill/competence,cross-sector,0.7117,http://data.europa.eu/esco/skill/fe39d4db-4cb5-4299-bb9f-896c8fd6ab13
UG,Universidad de Guayaquil,ECONOMÍA,7,asesorar sobre estrategias de mercado,skill/competence,cross-sector,0.7085,http://data.europa.eu/esco/skill/34d6ed30-5d35-44b9-9498-fd15badb5f28
UG,Universidad de Guayaquil,ECONOMÍA,8,elaborar software estadístico,skill/competence,cross-sector,0.7038,http://data.europa.eu/esco/skill/bb165899-d95f-4433-95f2-173fefd716d2
UG,Universidad de Guayaquil,ECONOMÍA,9,predecir tendencias económicas,skill/competence,cross-sector,0.6993,http://data.europa.eu/esco/skill/f2a34d6b-131a-4b8f-a110-898b9c91d18f
UG,Universidad de Guayaquil,ECONOMÍA,10,"llevar a cabo análisis de factores políticos, económicos, sociales, tecnológicos, ambientales y jurídicos",skill/competence,cross-sector,0.6958,http://data.europa.eu/esco/skill/9979e727-3104-42e0-8f41-4af2578111ea
UG,Universidad de Guayaquil,INGENIERÍA CIVIL,1,supervisar un proyecto de construcción,skill/competence,cross-sector,0.764,http://data.europa.eu/esco/skill/1de548e0-9535-4d2e-9d20-d4474c1ea813
UG,Universidad de Guayaquil,INGENIERÍA CIVIL,2,garantizar el cumplimiento de los plazos de construcción,skill/competence,cross-sector,0.7528,http://data.europa.eu/esco/skill/6181f475-110c-497c-a46d-ed2e14e7bc90
UG,Universidad de Guayaquil,INGENIERÍA CIVIL,3,vigilar el cumplimiento de los parámetros de los proyectos de construcción,skill/competence,cross-sector,0.751,http://data.europa.eu/esco/skill/3dd3dfa7-51c0-40ef-af46-e2df300489f6
UG,Universidad de Guayaquil,INGENIERÍA CIVIL,4,asesorar sobre temas de construcción,skill/competence,cross-sector,0.7423,http://data.europa.eu/esco/skill/3b64ab47-a874-403a-b781-7b23c2fc3c6c
UG,Universidad de Guayaquil,INGENIERÍA CIVIL,5,revisar proyectos de construcción,skill/competence,cross-sector,0.7332,http://data.europa.eu/esco/skill/ea9fc9d9-c602-4430-a7fc-edac7429a6a8
UG,Universidad de Guayaquil,INGENIERÍA CIVIL,6,examinar las infraestructuras civiles,skill/competence,cross-sector,0.7231,http://data.europa.eu/esco/skill/d48b3cfe-80b6-406f-b582-d959b60417f8
UG,Universidad de Guayaquil,INGENIERÍA CIVIL,7,supervisar obras de construcción,skill/competence,cross-sector,0.717,http://data.europa.eu/esco/skill/fc1a75bb-70e3-4005-881f-7709bf7b0ed4
UG,Universidad de Guayaquil,INGENIERÍA CIVIL,8,coordinar equipos de ingeniería,skill/competence,cross-sector,0.714,http://data.europa.eu/esco/skill/7af6e9e8-1e11-4c0b-b7c6-ac96bbbbc674
UG,Universidad de Guayaquil,INGENIERÍA CIVIL,9,gestionar proyectos de ingeniería,skill/competence,cross-sector,0.7125,http://data.europa.eu/esco/skill/6a899482-8bcf-40ca-ae67-579a1cc467ab
UG,Universidad de Guayaquil,INGENIERÍA CIVIL,10,coordinar actividades de construcción,skill/competence,cross-sector,0.7064,http://data.europa.eu/esco/skill/fff5bc45-b506-4466-8977-4869079c1cb2
UG,Universidad de Guayaquil,INGENIERÍA QUÍMICA,1,fabricar productos químicos,skill/competence,cross-sector,0.7691,http://data.europa.eu/esco/skill/4309a39d-af97-4e56-8d0e-5351b7b8dd01
UG,Universidad de Guayaquil,INGENIERÍA QUÍMICA,2,mejorar procesos químicos,skill/competence,cross-sector,0.7648,http://data.europa.eu/esco/skill/451c8010-7dbb-4f96-b4d4-0955766d9eff
UG,Universidad de Guayaquil,INGENIERÍA QUÍMICA,3,gestionar procedimientos de ensayos de sustancias químicas,skill/competence,cross-sector,0.7512,http://data.europa.eu/esco/skill/abcfd4de-3b3d-48ed-a002-36071bad8d46
UG,Universidad de Guayaquil,INGENIERÍA QUÍMICA,4,inspeccionar la calidad de los productos,skill/competence,cross-sector,0.7509,http://data.europa.eu/esco/skill/1a3660c2-011c-4e96-9b1d-529afc305428
UG,Universidad de Guayaquil,INGENIERÍA QUÍMICA,5,manipular productos químicos,skill/competence,cross-sector,0.7414,http://data.europa.eu/esco/skill/2416dc09-6384-409e-8b1d-80bb7a2e7369
UG,Universidad de Guayaquil,INGENIERÍA QUÍMICA,6,realizar todas las actividades de ingeniería de procesos,skill/competence,cross-sector,0.7412,http://data.europa.eu/esco/skill/8b9d609a-6d62-4d5c-9133-01d41979cfac
UG,Universidad de Guayaquil,INGENIERÍA QUÍMICA,7,desarrollar procedimientos de ensayo de materiales,skill/competence,cross-sector,0.7397,http://data.europa.eu/esco/skill/658b6ea0-79f5-451d-a037-7593a4416c85
UG,Universidad de Guayaquil,INGENIERÍA QUÍMICA,8,elaborar fórmulas de fabricación,skill/competence,cross-sector,0.7378,http://data.europa.eu/esco/skill/b2ad4e50-cb82-4a34-ab3e-5b5f6c4f9b65
UG,Universidad de Guayaquil,INGENIERÍA QUÍMICA,9,desarrollar normas y procedimientos de fabricación,skill/competence,cross-sector,0.7374,http://data.europa.eu/esco/skill/764db027-9063-4468-acb3-c73ecfc76f35
UG,Universidad de Guayaquil,INGENIERÍA QUÍMICA,10,gestionar el impacto medioambiental de las operaciones,skill/competence,cross-sector,0.7276,http://data.europa.eu/esco/skill/d86babea-bf8b-4552-81a8-daf706066ad6
UG,Universidad de Guayaquil,INGENIERÍA INDUSTRIAL,1,gestionar los suministros,skill/competence,cross-sector,0.8171,http://data.europa.eu/esco/skill/020b3c27-bae1-4b85-9d6f-eccee0f5ed99
UG,Universidad de Guayaquil,INGENIERÍA INDUSTRIAL,2,gestionar empresas de producción,skill/competence,cross-sector,0.816,http://data.europa.eu/esco/skill/435d1751-8667-41ec-8b32-865b7cd3c684
UG,Universidad de Guayaquil,INGENIERÍA INDUSTRIAL,3,controlar la producción,skill/competence,cross-sector,0.8,http://data.europa.eu/esco/skill/feceacee-d425-4e73-821a-02dfb85084db
UG,Universidad de Guayaquil,INGENIERÍA INDUSTRIAL,4,gestionar la logística,skill/competence,cross-sector,0.7964,http://data.europa.eu/esco/skill/953c0b65-537a-42fe-a90b-26cd36c64361
UG,Universidad de Guayaquil,INGENIERÍA INDUSTRIAL,5,analizar estrategias de gestión de la cadena de suministro,skill/competence,cross-sector,0.7929,http://data.europa.eu/esco/skill/96d549bb-3e62-4c45-92a7-f114df089581
UG,Universidad de Guayaquil,INGENIERÍA INDUSTRIAL,6,integrar productos nuevos en la cadena de fabricación,skill/competence,cross-sector,0.7813,http://data.europa.eu/esco/skill/8a753714-9a19-4418-9b37-77e79d72c705
UG,Universidad de Guayaquil,INGENIERÍA INDUSTRIAL,7,coordinar las actividades de producción,skill/competence,cross-sector,0.7749,http://data.europa.eu/esco/skill/05c00631-b864-4842-b47e-06710c197c7a
UG,Universidad de Guayaquil,INGENIERÍA INDUSTRIAL,8,gestionar la calidad,skill/competence,transversal,0.7726,http://data.europa.eu/esco/skill/35ebe444-9ece-4fbc-a55d-e99ea37267ae
UG,Universidad de Guayaquil,INGENIERÍA INDUSTRIAL,9,inspeccionar la calidad de los productos,skill/competence,cross-sector,0.7693,http://data.europa.eu/esco/skill/1a3660c2-011c-4e96-9b1d-529afc305428
UG,Universidad de Guayaquil,INGENIERÍA INDUSTRIAL,10,desarrollar normas y procedimientos de fabricación,skill/competence,cross-sector,0.7675,http://data.europa.eu/esco/skill/764db027-9063-4468-acb3-c73ecfc76f35
UG,Universidad de Guayaquil,MECÁNICA,1,diseñar componentes de automatización,skill/competence,cross-sector,0.7538,http://data.europa.eu/esco/skill/f96f5aa5-6ed7-40dc-a431-68b0a09d6d4b
UG,Universidad de Guayaquil,MECÁNICA,2,ingeniería industrial,knowledge,cross-sector,0.7497,http://data.europa.eu/esco/skill/a1816dfd-dbdc-4499-bef3-ff81dd895b33
UG,Universidad de Guayaquil,MECÁNICA,3,desarrollar normas y procedimientos de fabricación,skill/competence,cross-sector,0.7456,http://data.europa.eu/esco/skill/764db027-9063-4468-acb3-c73ecfc76f35
UG,Universidad de Guayaquil,MECÁNICA,4,sistemas mecánicos,knowledge,cross-sector,0.7382,http://data.europa.eu/esco/skill/69bece91-c806-42ad-bde4-db28c7f8fc4b
UG,Universidad de Guayaquil,MECÁNICA,5,diseñar componentes de ingeniería,skill/competence,cross-sector,0.737,http://data.europa.eu/esco/skill/87434439-c07d-48be-af34-b0cdd03121c4
UG,Universidad de Guayaquil,MECÁNICA,6,diseñar sistemas de control,skill/competence,cross-sector,0.7357,http://data.europa.eu/esco/skill/d560df46-dda4-4407-bab2-b87353a96814
UG,Universidad de Guayaquil,MECÁNICA,7,electromecánica,knowledge,cross-sector,0.7346,http://data.europa.eu/esco/skill/2bbdea06-a265-42b5-bb4f-7241b661f069
UG,Universidad de Guayaquil,MECÁNICA,8,gestionar sistemas de instrumentación,skill/competence,cross-sector,0.7327,http://data.europa.eu/esco/skill/5d71a91f-cc72-4b66-b6e3-d75ecc05e235
UG,Universidad de Guayaquil,MECÁNICA,9,proporcionar experiencia técnica,skill/competence,cross-sector,0.7288,http://data.europa.eu/esco/skill/c69587b4-05d3-45bb-b79b-9b85e6603fc2
UG,Universidad de Guayaquil,MECÁNICA,10,ingeniería ambiental,knowledge,cross-sector,0.7271,http://data.europa.eu/esco/skill/b1b118c4-3291-484e-b64d-6d51fd5da8b3
UG,Universidad de Guayaquil,SISTEMAS DE INFORMACIÓN,1,"gestionar datos, información y contenido digitales",skill/competence,cross-sector,0.7518,http://data.europa.eu/esco/skill/4d97e3c3-f335-47cc-a4ee-0d779fd42222
UG,Universidad de Guayaquil,SISTEMAS DE INFORMACIÓN,2,resolver problemas de sistemas TIC,skill/competence,cross-sector,0.7375,http://data.europa.eu/esco/skill/9e06bac6-6b91-48ca-8b7d-c1f48cdecd7c
UG,Universidad de Guayaquil,SISTEMAS DE INFORMACIÓN,3,crear soluciones para problemas informativos,skill/competence,cross-sector,0.7335,http://data.europa.eu/esco/skill/4539aeca-b56f-4d03-ba86-8f675a7f2536
UG,Universidad de Guayaquil,SISTEMAS DE INFORMACIÓN,4,gestionar sistemas de instrumentación,skill/competence,cross-sector,0.7312,http://data.europa.eu/esco/skill/5d71a91f-cc72-4b66-b6e3-d75ecc05e235
UG,Universidad de Guayaquil,SISTEMAS DE INFORMACIÓN,5,realizar gestión de clientes,skill/competence,cross-sector,0.7305,http://data.europa.eu/esco/skill/91306a20-9b81-4f3d-97eb-f5368b607da7
UG,Universidad de Guayaquil,SISTEMAS DE INFORMACIÓN,6,detectar necesidades tecnológicas,skill/competence,cross-sector,0.728,http://data.europa.eu/esco/skill/42fcf80d-7b45-40f3-bd2f-5411c4c0dfa0
UG,Universidad de Guayaquil,SISTEMAS DE INFORMACIÓN,7,asesorar a la clientela acerca de las posibilidades técnicas,skill/competence,cross-sector,0.7248,http://data.europa.eu/esco/skill/7b3abd38-61ae-42a4-88bb-0884784f9ee1
UG,Universidad de Guayaquil,SISTEMAS DE INFORMACIÓN,8,gestionar sistemas administrativos,skill/competence,cross-sector,0.724,http://data.europa.eu/esco/skill/6ae8306a-4f9d-4410-ac82-6406f3cbd16a
UG,Universidad de Guayaquil,SISTEMAS DE INFORMACIÓN,9,gestionar datos de investigación,skill/competence,cross-sector,0.7204,http://data.europa.eu/esco/skill/08b04e53-ed25-41a2-9f90-0b9cd939ba3d
UG,Universidad de Guayaquil,SISTEMAS DE INFORMACIÓN,10,gestionar proyectos de investigación y desarrollo,skill/competence,cross-sector,0.7178,http://data.europa.eu/esco/skill/d5dbc342-8e39-4998-8237-ebbe05a381ce
UG,Universidad de Guayaquil,SOFTWARE,1,programación informática,knowledge,cross-sector,0.7043,http://data.europa.eu/esco/skill/21d2f96d-35f7-4e3f-9745-c533d2dd6e97
UG,Universidad de Guayaquil,SOFTWARE,2,desarrollar normas y procedimientos de fabricación,skill/competence,cross-sector,0.7029,http://data.europa.eu/esco/skill/764db027-9063-4468-acb3-c73ecfc76f35
UG,Universidad de Guayaquil,SOFTWARE,3,gestionar proyectos de investigación y desarrollo,skill/competence,cross-sector,0.7027,http://data.europa.eu/esco/skill/d5dbc342-8e39-4998-8237-ebbe05a381ce
UG,Universidad de Guayaquil,SOFTWARE,4,utilizar software de diseño especializado,skill/competence,cross-sector,0.6987,http://data.europa.eu/esco/skill/3c1af34b-4562-4c39-a30e-0812b84a147e
UG,Universidad de Guayaquil,SOFTWARE,5,gestionar varios proyectos,skill/competence,cross-sector,0.6978,http://data.europa.eu/esco/skill/c881ddd2-9c0e-4743-bd24-36be650493dd
UG,Universidad de Guayaquil,SOFTWARE,6,elaborar software estadístico,skill/competence,cross-sector,0.6947,http://data.europa.eu/esco/skill/bb165899-d95f-4433-95f2-173fefd716d2
UG,Universidad de Guayaquil,SOFTWARE,7,desarrollar procedimientos de prueba,skill/competence,cross-sector,0.6908,http://data.europa.eu/esco/skill/f10142ce-d522-49c3-9fd1-054fb63529d4
UG,Universidad de Guayaquil,SOFTWARE,8,crear soluciones para problemas,skill/competence,cross-sector,0.6905,http://data.europa.eu/esco/skill/03b9b491-fc9b-4868-914a-bf7cd47b5041
UG,Universidad de Guayaquil,SOFTWARE,9,proyecto,knowledge,cross-sector,0.6897,http://data.europa.eu/esco/skill/d1072655-88ce-4445-8803-e6273da273e7
UG,Universidad de Guayaquil,SOFTWARE,10,asesorar a la clientela acerca de las posibilidades técnicas,skill/competence,cross-sector,0.6889,http://data.europa.eu/esco/skill/7b3abd38-61ae-42a4-88bb-0884784f9ee1
UG,Universidad de Guayaquil,TELECOMUNICACIONES,1,desarrollar estrategias de comunicación,skill/competence,cross-sector,0.7705,http://data.europa.eu/esco/skill/3c834f6e-523a-49ee-8ed1-e073e28ae6fe
UG,Universidad de Guayaquil,TELECOMUNICACIONES,2,elaborar las estrategias empresariales,skill/competence,cross-sector,0.7352,http://data.europa.eu/esco/skill/ba2c6181-b036-40b4-8f6d-51499463ccbb
UG,Universidad de Guayaquil,TELECOMUNICACIONES,3,asesorar sobre estrategias de comunicación,skill/competence,cross-sector,0.7348,http://data.europa.eu/esco/skill/69f36674-440a-4fa0-89f9-1b70172ebb9d
UG,Universidad de Guayaquil,TELECOMUNICACIONES,4,sector de las telecomunicaciones,knowledge,cross-sector,0.7263,http://data.europa.eu/esco/skill/60b44dab-03f1-46de-be08-0e5ba8662b3d
UG,Universidad de Guayaquil,TELECOMUNICACIONES,5,coordinar comunicaciones remotas,skill/competence,cross-sector,0.7259,http://data.europa.eu/esco/skill/9bafaea2-76cd-4532-ab77-8b3d21fa6235
UG,Universidad de Guayaquil,TELECOMUNICACIONES,6,instalar líneas de energía eléctrica,skill/competence,cross-sector,0.7248,http://data.europa.eu/esco/skill/0c627853-241e-405b-9044-aaff6bca133e
UG,Universidad de Guayaquil,TELECOMUNICACIONES,7,diseñar sistemas de transporte,skill/competence,cross-sector,0.7229,http://data.europa.eu/esco/skill/11f364dd-0814-4398-b00e-10d1be8b27af
UG,Universidad de Guayaquil,TELECOMUNICACIONES,8,asesorar a la clientela acerca de las posibilidades técnicas,skill/competence,cross-sector,0.7208,http://data.europa.eu/esco/skill/7b3abd38-61ae-42a4-88bb-0884784f9ee1
UG,Universidad de Guayaquil,TELECOMUNICACIONES,9,coordinar equipos de ingeniería,skill/competence,cross-sector,0.7166,http://data.europa.eu/esco/skill/7af6e9e8-1e11-4c0b-b7c6-ac96bbbbc674
UG,Universidad de Guayaquil,TELECOMUNICACIONES,10,realizar gestión de clientes,skill/competence,cross-sector,0.7165,http://data.europa.eu/esco/skill/91306a20-9b81-4f3d-97eb-f5368b607da7
USFQ,Universidad San Francisco de Quito USFQ,ADMINISTRACIÓN DE EMPRESAS,1,participar en las operaciones cotidianas de la empresa,skill/competence,cross-sector,0.707,http://data.europa.eu/esco/skill/ce4cbc3a-bde0-43b4-9526-e643c4fe5b04
USFQ,Universidad San Francisco de Quito USFQ,ADMINISTRACIÓN DE EMPRESAS,2,realizar un análisis empresarial,skill/competence,cross-sector,0.6995,http://data.europa.eu/esco/skill/27ed854c-15b8-4ba2-90e9-ae888a219703
USFQ,Universidad San Francisco de Quito USFQ,ADMINISTRACIÓN DE EMPRESAS,3,tener espíritu emprendedor,skill/competence,transversal,0.696,http://data.europa.eu/esco/skill/bdcf429c-5ccf-4c3d-bb61-4c987573a35e
USFQ,Universidad San Francisco de Quito USFQ,ADMINISTRACIÓN DE EMPRESAS,4,coordinar actividades de planificación comercial,skill/competence,cross-sector,0.6952,http://data.europa.eu/esco/skill/90398aca-82b7-4f56-8e0f-814d949162b4
USFQ,Universidad San Francisco de Quito USFQ,ADMINISTRACIÓN DE EMPRESAS,5,elaborar las estrategias empresariales,skill/competence,cross-sector,0.6942,http://data.europa.eu/esco/skill/ba2c6181-b036-40b4-8f6d-51499463ccbb
USFQ,Universidad San Francisco de Quito USFQ,ADMINISTRACIÓN DE EMPRESAS,6,elaborar políticas de economía,skill/competence,cross-sector,0.6933,http://data.europa.eu/esco/skill/8394fefb-f62a-48c0-a156-3117cefdb9b3
USFQ,Universidad San Francisco de Quito USFQ,ADMINISTRACIÓN DE EMPRESAS,7,análisis empresarial,knowledge,cross-sector,0.6898,http://data.europa.eu/esco/skill/633a3637-2c6b-40ae-ac38-289eb2a62aa6
USFQ,Universidad San Francisco de Quito USFQ,ADMINISTRACIÓN DE EMPRESAS,8,mejorar procesos empresariales,skill/competence,cross-sector,0.6887,http://data.europa.eu/esco/skill/75b30aeb-34c0-40f4-b77d-271d75a98b14
USFQ,Universidad San Francisco de Quito USFQ,ADMINISTRACIÓN DE EMPRESAS,9,gestionar empresas de producción,skill/competence,cross-sector,0.684,http://data.europa.eu/esco/skill/435d1751-8667-41ec-8b32-865b7cd3c684
USFQ,Universidad San Francisco de Quito USFQ,ADMINISTRACIÓN DE EMPRESAS,10,gestionar recursos humanos,skill/competence,cross-sector,0.6835,http://data.europa.eu/esco/skill/339ac029-066a-4985-9f9d-b3d7c8fea0bb
USFQ,Universidad San Francisco de Quito USFQ,CIENCIA DE DATOS E INTELIGENCIA ARTIFICIAL,1,ciencia de datos,knowledge,cross-sector,0.7137,http://data.europa.eu/esco/skill/edebd83d-35f6-4ed5-a940-6c203d178c01
USFQ,Universidad San Francisco de Quito USFQ,CIENCIA DE DATOS E INTELIGENCIA ARTIFICIAL,2,crear soluciones para problemas informativos,skill/competence,cross-sector,0.6727,http://data.europa.eu/esco/skill/4539aeca-b56f-4d03-ba86-8f675a7f2536
USFQ,Universidad San Francisco de Quito USFQ,CIENCIA DE DATOS E INTELIGENCIA ARTIFICIAL,3,analizar datos,skill/competence,cross-sector,0.6695,http://data.europa.eu/esco/skill/a571ae14-3e16-4fd3-a615-5646e0b0b696
USFQ,Universidad San Francisco de Quito USFQ,CIENCIA DE DATOS E INTELIGENCIA ARTIFICIAL,4,elaborar software estadístico,skill/competence,cross-sector,0.6649,http://data.europa.eu/esco/skill/bb165899-d95f-4433-95f2-173fefd716d2
USFQ,Universidad San Francisco de Quito USFQ,CIENCIA DE DATOS E INTELIGENCIA ARTIFICIAL,5,gestionar datos de investigación,skill/competence,cross-sector,0.6582,http://data.europa.eu/esco/skill/08b04e53-ed25-41a2-9f90-0b9cd939ba3d
USFQ,Universidad San Francisco de Quito USFQ,CIENCIA DE DATOS E INTELIGENCIA ARTIFICIAL,6,analizar datos de la clientela,skill/competence,cross-sector,0.6574,http://data.europa.eu/esco/skill/d63f49de-cb72-4ce3-9553-a374a4f32f52
USFQ,Universidad San Francisco de Quito USFQ,CIENCIA DE DATOS E INTELIGENCIA ARTIFICIAL,7,utilizar técnicas de tratamiento de datos,skill/competence,cross-sector,0.6565,http://data.europa.eu/esco/skill/1b70a55d-b8a4-49fc-96c6-15ab4cff2522
USFQ,Universidad San Francisco de Quito USFQ,CIENCIA DE DATOS E INTELIGENCIA ARTIFICIAL,8,interpretar información matemática,skill/competence,transversal,0.6524,http://data.europa.eu/esco/skill/6fc6f757-6baa-49fe-9a82-6ba6a52f2e13
USFQ,Universidad San Francisco de Quito USFQ,CIENCIA DE DATOS E INTELIGENCIA ARTIFICIAL,9,realizar estudios de mercado,skill/competence,cross-sector,0.6513,http://data.europa.eu/esco/skill/fe39d4db-4cb5-4299-bb9f-896c8fd6ab13
USFQ,Universidad San Francisco de Quito USFQ,CIENCIA DE DATOS E INTELIGENCIA ARTIFICIAL,10,ejecutar cálculos matemáticos analíticos,skill/competence,cross-sector,0.6506,http://data.europa.eu/esco/skill/31c69100-b612-4a61-8db5-fd314318854c
USFQ,Universidad San Francisco de Quito USFQ,COMPUTACIÓN,1,programación informática,knowledge,cross-sector,0.7308,http://data.europa.eu/esco/skill/21d2f96d-35f7-4e3f-9745-c533d2dd6e97
USFQ,Universidad San Francisco de Quito USFQ,COMPUTACIÓN,2,asesorar a la clientela acerca de las posibilidades técnicas,skill/competence,cross-sector,0.7265,http://data.europa.eu/esco/skill/7b3abd38-61ae-42a4-88bb-0884784f9ee1
USFQ,Universidad San Francisco de Quito USFQ,COMPUTACIÓN,3,Proponer soluciones tecnológicas a problemas empresariales,skill/competence,cross-sector,0.7261,http://data.europa.eu/esco/skill/07e51c60-763a-4335-b4ec-70a15f66d328
USFQ,Universidad San Francisco de Quito USFQ,COMPUTACIÓN,4,elaborar software estadístico,skill/competence,cross-sector,0.7215,http://data.europa.eu/esco/skill/bb165899-d95f-4433-95f2-173fefd716d2
USFQ,Universidad San Francisco de Quito USFQ,COMPUTACIÓN,5,crear soluciones para problemas informativos,skill/competence,cross-sector,0.7214,http://data.europa.eu/esco/skill/4539aeca-b56f-4d03-ba86-8f675a7f2536
USFQ,Universidad San Francisco de Quito USFQ,COMPUTACIÓN,6,resolver problemas técnicos,skill/competence,cross-sector,0.7214,http://data.europa.eu/esco/skill/14832d87-2f2f-4895-b290-e4760ebae42a
USFQ,Universidad San Francisco de Quito USFQ,COMPUTACIÓN,7,resolver problemas,skill/competence,transversal,0.7205,http://data.europa.eu/esco/skill/adc6dc11-3376-467b-96c5-9b0a21edc869
USFQ,Universidad San Francisco de Quito USFQ,COMPUTACIÓN,8,diseñar procesos,skill/competence,cross-sector,0.72,http://data.europa.eu/esco/skill/2c28fc20-8a60-4311-8899-5ef8729c05b3
USFQ,Universidad San Francisco de Quito USFQ,COMPUTACIÓN,9,coordinar equipos de ingeniería,skill/competence,cross-sector,0.719,http://data.europa.eu/esco/skill/7af6e9e8-1e11-4c0b-b7c6-ac96bbbbc674
USFQ,Universidad San Francisco de Quito USFQ,COMPUTACIÓN,10,innovar las prácticas actuales,skill/competence,cross-sector,0.7101,http://data.europa.eu/esco/skill/f975091a-e5a5-4472-ac17-11680e53e98f
USFQ,Universidad San Francisco de Quito USFQ,ECONOMÍA,1,elaborar políticas de economía,skill/competence,cross-sector,0.7678,http://data.europa.eu/esco/skill/8394fefb-f62a-48c0-a156-3117cefdb9b3
USFQ,Universidad San Francisco de Quito USFQ,ECONOMÍA,2,analizar las tendencias económicas,skill/competence,cross-sector,0.7516,http://data.europa.eu/esco/skill/5f302d63-048e-451c-b150-97c124a5a26b
USFQ,Universidad San Francisco de Quito USFQ,ECONOMÍA,3,realizar un análisis empresarial,skill/competence,cross-sector,0.7397,http://data.europa.eu/esco/skill/27ed854c-15b8-4ba2-90e9-ae888a219703
USFQ,Universidad San Francisco de Quito USFQ,ECONOMÍA,4,predecir tendencias económicas,skill/competence,cross-sector,0.7378,http://data.europa.eu/esco/skill/f2a34d6b-131a-4b8f-a110-898b9c91d18f
USFQ,Universidad San Francisco de Quito USFQ,ECONOMÍA,5,analizar tendencias en el mercado financiero,skill/competence,cross-sector,0.7308,http://data.europa.eu/esco/skill/292549e6-08ec-456c-b008-eba7a0a68428
USFQ,Universidad San Francisco de Quito USFQ,ECONOMÍA,6,realizar estudios de mercado,skill/competence,cross-sector,0.73,http://data.europa.eu/esco/skill/fe39d4db-4cb5-4299-bb9f-896c8fd6ab13
USFQ,Universidad San Francisco de Quito USFQ,ECONOMÍA,7,analizar los factores externos a una empresa,skill/competence,cross-sector,0.7146,http://data.europa.eu/esco/skill/ce5b1446-b5e3-4f05-a5ac-83f2ee142a44
USFQ,Universidad San Francisco de Quito USFQ,ECONOMÍA,8,economía,knowledge,cross-sector,0.7082,http://data.europa.eu/esco/skill/88af9294-b697-4687-ae19-aefbb6234dfa
USFQ,Universidad San Francisco de Quito USFQ,ECONOMÍA,9,asesorar sobre el desarrollo económico,skill/competence,cross-sector,0.7019,http://data.europa.eu/esco/skill/384ed14c-bf1f-4a65-aef6-6e711f43c4ce
USFQ,Universidad San Francisco de Quito USFQ,ECONOMÍA,10,analizar datos,skill/competence,cross-sector,0.7012,http://data.europa.eu/esco/skill/a571ae14-3e16-4fd3-a615-5646e0b0b696
USFQ,Universidad San Francisco de Quito USFQ,INGENIERÍA CIVIL,1,coordinar equipos de ingeniería,skill/competence,cross-sector,0.7529,http://data.europa.eu/esco/skill/7af6e9e8-1e11-4c0b-b7c6-ac96bbbbc674
USFQ,Universidad San Francisco de Quito USFQ,INGENIERÍA CIVIL,2,gestionar proyectos de ingeniería,skill/competence,cross-sector,0.741,http://data.europa.eu/esco/skill/6a899482-8bcf-40ca-ae67-579a1cc467ab
USFQ,Universidad San Francisco de Quito USFQ,INGENIERÍA CIVIL,3,asesorar sobre temas de construcción,skill/competence,cross-sector,0.7296,http://data.europa.eu/esco/skill/3b64ab47-a874-403a-b781-7b23c2fc3c6c
USFQ,Universidad San Francisco de Quito USFQ,INGENIERÍA CIVIL,4,garantizar el cumplimiento de los plazos de construcción,skill/competence,cross-sector,0.7245,http://data.europa.eu/esco/skill/6181f475-110c-497c-a46d-ed2e14e7bc90
USFQ,Universidad San Francisco de Quito USFQ,INGENIERÍA CIVIL,5,supervisar un proyecto de construcción,skill/competence,cross-sector,0.7179,http://data.europa.eu/esco/skill/1de548e0-9535-4d2e-9d20-d4474c1ea813
USFQ,Universidad San Francisco de Quito USFQ,INGENIERÍA CIVIL,6,ingeniería civil,knowledge,cross-sector,0.7152,http://data.europa.eu/esco/skill/82887396-e5bf-4306-af51-3fe8d82790b2
USFQ,Universidad San Francisco de Quito USFQ,INGENIERÍA CIVIL,7,diseñar sistemas de transporte,skill/competence,cross-sector,0.7149,http://data.europa.eu/esco/skill/11f364dd-0814-4398-b00e-10d1be8b27af
USFQ,Universidad San Francisco de Quito USFQ,INGENIERÍA CIVIL,8,diseñar edificios,skill/competence,cross-sector,0.7073,http://data.europa.eu/esco/skill/7c3cde53-9ff7-4e82-8396-13fdfadd3432
USFQ,Universidad San Francisco de Quito USFQ,INGENIERÍA CIVIL,9,gestionar varios proyectos,skill/competence,cross-sector,0.7009,http://data.europa.eu/esco/skill/c881ddd2-9c0e-4743-bd24-36be650493dd
USFQ,Universidad San Francisco de Quito USFQ,INGENIERÍA CIVIL,10,coordinar actividades de construcción,skill/competence,cross-sector,0.7001,http://data.europa.eu/esco/skill/fff5bc45-b506-4466-8977-4869079c1cb2
USFQ,Universidad San Francisco de Quito USFQ,INGENIERÍA QUÍMICA,1,mejorar procesos químicos,skill/competence,cross-sector,0.787,http://data.europa.eu/esco/skill/451c8010-7dbb-4f96-b4d4-0955766d9eff
USFQ,Universidad San Francisco de Quito USFQ,INGENIERÍA QUÍMICA,2,fabricar productos químicos,skill/competence,cross-sector,0.7775,http://data.europa.eu/esco/skill/4309a39d-af97-4e56-8d0e-5351b7b8dd01
USFQ,Universidad San Francisco de Quito USFQ,INGENIERÍA QUÍMICA,3,gestionar el impacto medioambiental de las operaciones,skill/competence,cross-sector,0.76,http://data.europa.eu/esco/skill/d86babea-bf8b-4552-81a8-daf706066ad6
USFQ,Universidad San Francisco de Quito USFQ,INGENIERÍA QUÍMICA,4,coordinar esfuerzos ambientales,skill/competence,cross-sector,0.7447,http://data.europa.eu/esco/skill/bd70f004-e1d6-43f0-96f1-59c014a4ea01
USFQ,Universidad San Francisco de Quito USFQ,INGENIERÍA QUÍMICA,5,desarrollar normas y procedimientos de fabricación,skill/competence,cross-sector,0.7425,http://data.europa.eu/esco/skill/764db027-9063-4468-acb3-c73ecfc76f35
USFQ,Universidad San Francisco de Quito USFQ,INGENIERÍA QUÍMICA,6,manipular productos químicos,skill/competence,cross-sector,0.7417,http://data.europa.eu/esco/skill/2416dc09-6384-409e-8b1d-80bb7a2e7369
USFQ,Universidad San Francisco de Quito USFQ,INGENIERÍA QUÍMICA,7,desarrollar procedimientos de ensayo de materiales,skill/competence,cross-sector,0.7369,http://data.europa.eu/esco/skill/658b6ea0-79f5-451d-a037-7593a4416c85
USFQ,Universidad San Francisco de Quito USFQ,INGENIERÍA QUÍMICA,8,evaluar el impacto ambiental de yacimientos y zonas industriales,skill/competence,cross-sector,0.7336,http://data.europa.eu/esco/skill/f12f094b-492f-4e88-b36b-50b8e58b7500
USFQ,Universidad San Francisco de Quito USFQ,INGENIERÍA QUÍMICA,9,gestionar empresas de producción,skill/competence,cross-sector,0.73,http://data.europa.eu/esco/skill/435d1751-8667-41ec-8b32-865b7cd3c684
USFQ,Universidad San Francisco de Quito USFQ,INGENIERÍA QUÍMICA,10,elaborar fórmulas de fabricación,skill/competence,cross-sector,0.7276,http://data.europa.eu/esco/skill/b2ad4e50-cb82-4a34-ab3e-5b5f6c4f9b65
USFQ,Universidad San Francisco de Quito USFQ,INGENIERÍA INDUSTRIAL,1,analizar estrategias de gestión de la cadena de suministro,skill/competence,cross-sector,0.8107,http://data.europa.eu/esco/skill/96d549bb-3e62-4c45-92a7-f114df089581
USFQ,Universidad San Francisco de Quito USFQ,INGENIERÍA INDUSTRIAL,2,gestionar empresas de producción,skill/competence,cross-sector,0.7894,http://data.europa.eu/esco/skill/435d1751-8667-41ec-8b32-865b7cd3c684
USFQ,Universidad San Francisco de Quito USFQ,INGENIERÍA INDUSTRIAL,3,gestionar los suministros,skill/competence,cross-sector,0.7865,http://data.europa.eu/esco/skill/020b3c27-bae1-4b85-9d6f-eccee0f5ed99
USFQ,Universidad San Francisco de Quito USFQ,INGENIERÍA INDUSTRIAL,4,gestionar la logística,skill/competence,cross-sector,0.7752,http://data.europa.eu/esco/skill/953c0b65-537a-42fe-a90b-26cd36c64361
USFQ,Universidad San Francisco de Quito USFQ,INGENIERÍA INDUSTRIAL,5,integrar productos nuevos en la cadena de fabricación,skill/competence,cross-sector,0.7705,http://data.europa.eu/esco/skill/8a753714-9a19-4418-9b37-77e79d72c705
USFQ,Universidad San Francisco de Quito USFQ,INGENIERÍA INDUSTRIAL,6,desarrollar normas y procedimientos de fabricación,skill/competence,cross-sector,0.7589,http://data.europa.eu/esco/skill/764db027-9063-4468-acb3-c73ecfc76f35
USFQ,Universidad San Francisco de Quito USFQ,INGENIERÍA INDUSTRIAL,7,coordinar las actividades de producción,skill/competence,cross-sector,0.7551,http://data.europa.eu/esco/skill/05c00631-b864-4842-b47e-06710c197c7a
USFQ,Universidad San Francisco de Quito USFQ,INGENIERÍA INDUSTRIAL,8,controlar la producción,skill/competence,cross-sector,0.7548,http://data.europa.eu/esco/skill/feceacee-d425-4e73-821a-02dfb85084db
USFQ,Universidad San Francisco de Quito USFQ,INGENIERÍA INDUSTRIAL,9,planificar procesos de fabricación,skill/competence,cross-sector,0.7517,http://data.europa.eu/esco/skill/7d0f33ea-e724-4d77-8b75-ee4fe66bb9ba
USFQ,Universidad San Francisco de Quito USFQ,INGENIERÍA INDUSTRIAL,10,mejorar procesos empresariales,skill/competence,cross-sector,0.751,http://data.europa.eu/esco/skill/75b30aeb-34c0-40f4-b77d-271d75a98b14
USFQ,Universidad San Francisco de Quito USFQ,MECÁNICA,1,diseñar sistemas electromecánicos,skill/competence,cross-sector,0.7614,http://data.europa.eu/esco/skill/c5422318-3218-4ce9-9bdd-f38b93ff63a3
USFQ,Universidad San Francisco de Quito USFQ,MECÁNICA,2,diseñar componentes de ingeniería,skill/competence,cross-sector,0.7325,http://data.europa.eu/esco/skill/87434439-c07d-48be-af34-b0cdd03121c4
USFQ,Universidad San Francisco de Quito USFQ,MECÁNICA,3,diseñar componentes de automatización,skill/competence,cross-sector,0.7289,http://data.europa.eu/esco/skill/f96f5aa5-6ed7-40dc-a431-68b0a09d6d4b
USFQ,Universidad San Francisco de Quito USFQ,MECÁNICA,4,diseñar sistemas microelectromecánicos,skill/competence,cross-sector,0.7247,http://data.europa.eu/esco/skill/c022ff1b-7783-4e64-89ef-0422c81ff51f
USFQ,Universidad San Francisco de Quito USFQ,MECÁNICA,5,diseñar sistemas eléctricos,skill/competence,cross-sector,0.7237,http://data.europa.eu/esco/skill/05010f6c-0b40-4525-ac4a-057d46a2b6f4
USFQ,Universidad San Francisco de Quito USFQ,MECÁNICA,6,diseñar sistemas electrónicos,skill/competence,cross-sector,0.6986,http://data.europa.eu/esco/skill/feb717ff-fba6-4a91-aa10-ee11cf2da6b4
USFQ,Universidad San Francisco de Quito USFQ,MECÁNICA,7,electromecánica,knowledge,cross-sector,0.6979,http://data.europa.eu/esco/skill/2bbdea06-a265-42b5-bb4f-7241b661f069
USFQ,Universidad San Francisco de Quito USFQ,MECÁNICA,8,mecatrónica,knowledge,cross-sector,0.6968,http://data.europa.eu/esco/skill/d88cb3f1-8e02-4618-bf32-4b0488066934
USFQ,Universidad San Francisco de Quito USFQ,MECÁNICA,9,sistemas mecánicos,knowledge,cross-sector,0.6926,http://data.europa.eu/esco/skill/69bece91-c806-42ad-bde4-db28c7f8fc4b
USFQ,Universidad San Francisco de Quito USFQ,MECÁNICA,10,diseñar sistemas de control,skill/competence,cross-sector,0.6923,http://data.europa.eu/esco/skill/d560df46-dda4-4407-bab2-b87353a96814
USFQ,Universidad San Francisco de Quito USFQ,MECATRÓNICA,1,mecatrónica,knowledge,cross-sector,0.804,http://data.europa.eu/esco/skill/d88cb3f1-8e02-4618-bf32-4b0488066934
USFQ,Universidad San Francisco de Quito USFQ,MECATRÓNICA,2,diseñar componentes de automatización,skill/competence,cross-sector,0.7947,http://data.europa.eu/esco/skill/f96f5aa5-6ed7-40dc-a431-68b0a09d6d4b
USFQ,Universidad San Francisco de Quito USFQ,MECATRÓNICA,3,diseñar sistemas de control,skill/competence,cross-sector,0.7614,http://data.europa.eu/esco/skill/d560df46-dda4-4407-bab2-b87353a96814
USFQ,Universidad San Francisco de Quito USFQ,MECATRÓNICA,4,desarrollar sistemas de instrumentación,skill/competence,cross-sector,0.7519,http://data.europa.eu/esco/skill/d8c19849-f4cf-458d-90cd-abe735a729bf
USFQ,Universidad San Francisco de Quito USFQ,MECATRÓNICA,5,diseñar sistemas electromecánicos,skill/competence,cross-sector,0.7404,http://data.europa.eu/esco/skill/c5422318-3218-4ce9-9bdd-f38b93ff63a3
USFQ,Universidad San Francisco de Quito USFQ,MECATRÓNICA,6,diseñar sistemas microelectrónicos,skill/competence,cross-sector,0.7346,http://data.europa.eu/esco/skill/8712b176-c063-462f-9d0f-2e3c54d9a2eb
USFQ,Universidad San Francisco de Quito USFQ,MECATRÓNICA,7,robótica,knowledge,cross-sector,0.7336,http://data.europa.eu/esco/skill/e87ec79a-c9ff-46f5-84fa-7a0f394cdf40
USFQ,Universidad San Francisco de Quito USFQ,MECATRÓNICA,8,diseñar circuitos integrados,skill/competence,cross-sector,0.73,http://data.europa.eu/esco/skill/6d12ac9b-5ec0-49b9-bd70-5a19352585cb
USFQ,Universidad San Francisco de Quito USFQ,MECATRÓNICA,9,diseñar componentes de ingeniería,skill/competence,cross-sector,0.7279,http://data.europa.eu/esco/skill/87434439-c07d-48be-af34-b0cdd03121c4
USFQ,Universidad San Francisco de Quito USFQ,MECATRÓNICA,10,gestionar sistemas de instrumentación,skill/competence,cross-sector,0.7249,http://data.europa.eu/esco/skill/5d71a91f-cc72-4b66-b6e3-d75ecc05e235
USFQ,Universidad San Francisco de Quito USFQ,SISTEMAS DE INFORMACIÓN,1,elaborar las estrategias empresariales,skill/competence,cross-sector,0.7347,http://data.europa.eu/esco/skill/ba2c6181-b036-40b4-8f6d-51499463ccbb
USFQ,Universidad San Francisco de Quito USFQ,SISTEMAS DE INFORMACIÓN,2,crear soluciones para problemas informativos,skill/competence,cross-sector,0.7252,http://data.europa.eu/esco/skill/4539aeca-b56f-4d03-ba86-8f675a7f2536
USFQ,Universidad San Francisco de Quito USFQ,SISTEMAS DE INFORMACIÓN,3,liderar el proceso de planificación estratégica de la marca,skill/competence,cross-sector,0.7243,http://data.europa.eu/esco/skill/fb221711-05c3-4196-ba72-813ed5bd040e
USFQ,Universidad San Francisco de Quito USFQ,SISTEMAS DE INFORMACIÓN,4,Proponer soluciones tecnológicas a problemas empresariales,skill/competence,cross-sector,0.7208,http://data.europa.eu/esco/skill/07e51c60-763a-4335-b4ec-70a15f66d328
USFQ,Universidad San Francisco de Quito USFQ,SISTEMAS DE INFORMACIÓN,5,"gestionar datos, información y contenido digitales",skill/competence,cross-sector,0.7204,http://data.europa.eu/esco/skill/4d97e3c3-f335-47cc-a4ee-0d779fd42222
USFQ,Universidad San Francisco de Quito USFQ,SISTEMAS DE INFORMACIÓN,6,gestionar conocimientos empresariales,skill/competence,cross-sector,0.7096,http://data.europa.eu/esco/skill/41bf7ede-fc84-4a57-8c89-b548d11b0ba1
USFQ,Universidad San Francisco de Quito USFQ,SISTEMAS DE INFORMACIÓN,7,realizar gestión de clientes,skill/competence,cross-sector,0.7091,http://data.europa.eu/esco/skill/91306a20-9b81-4f3d-97eb-f5368b607da7
USFQ,Universidad San Francisco de Quito USFQ,SISTEMAS DE INFORMACIÓN,8,desarrollar estrategias de comunicación,skill/competence,cross-sector,0.7066,http://data.europa.eu/esco/skill/3c834f6e-523a-49ee-8ed1-e073e28ae6fe
USFQ,Universidad San Francisco de Quito USFQ,SISTEMAS DE INFORMACIÓN,9,crear soluciones para problemas,skill/competence,cross-sector,0.705,http://data.europa.eu/esco/skill/03b9b491-fc9b-4868-914a-bf7cd47b5041
USFQ,Universidad San Francisco de Quito USFQ,SISTEMAS DE INFORMACIÓN,10,detectar necesidades tecnológicas,skill/competence,cross-sector,0.703,http://data.europa.eu/esco/skill/42fcf80d-7b45-40f3-bd2f-5411c4c0dfa0
USFQ,Universidad San Francisco de Quito USFQ,TELECOMUNICACIONES,1,diseñar sistemas de control,skill/competence,cross-sector,0.7817,http://data.europa.eu/esco/skill/d560df46-dda4-4407-bab2-b87353a96814
USFQ,Universidad San Francisco de Quito USFQ,TELECOMUNICACIONES,2,desarrollar procedimientos de prueba electrónica,skill/competence,cross-sector,0.777,http://data.europa.eu/esco/skill/0de6bca4-f3aa-452a-8e10-d355b2c1bfc4
USFQ,Universidad San Francisco de Quito USFQ,TELECOMUNICACIONES,3,diseñar componentes de automatización,skill/competence,cross-sector,0.7446,http://data.europa.eu/esco/skill/f96f5aa5-6ed7-40dc-a431-68b0a09d6d4b
USFQ,Universidad San Francisco de Quito USFQ,TELECOMUNICACIONES,4,diseñar sistemas microelectrónicos,skill/competence,cross-sector,0.7415,http://data.europa.eu/esco/skill/8712b176-c063-462f-9d0f-2e3c54d9a2eb
USFQ,Universidad San Francisco de Quito USFQ,TELECOMUNICACIONES,5,coordinar equipos de ingeniería,skill/competence,cross-sector,0.7391,http://data.europa.eu/esco/skill/7af6e9e8-1e11-4c0b-b7c6-ac96bbbbc674
USFQ,Universidad San Francisco de Quito USFQ,TELECOMUNICACIONES,6,crear soluciones para problemas informativos,skill/competence,cross-sector,0.7389,http://data.europa.eu/esco/skill/4539aeca-b56f-4d03-ba86-8f675a7f2536
USFQ,Universidad San Francisco de Quito USFQ,TELECOMUNICACIONES,7,asesorar a la clientela acerca de las posibilidades técnicas,skill/competence,cross-sector,0.7368,http://data.europa.eu/esco/skill/7b3abd38-61ae-42a4-88bb-0884784f9ee1
USFQ,Universidad San Francisco de Quito USFQ,TELECOMUNICACIONES,8,gestionar sistemas de instrumentación,skill/competence,cross-sector,0.7309,http://data.europa.eu/esco/skill/5d71a91f-cc72-4b66-b6e3-d75ecc05e235
USFQ,Universidad San Francisco de Quito USFQ,TELECOMUNICACIONES,9,desarrollar sistemas de instrumentación,skill/competence,cross-sector,0.7295,http://data.europa.eu/esco/skill/d8c19849-f4cf-458d-90cd-abe735a729bf
USFQ,Universidad San Francisco de Quito USFQ,TELECOMUNICACIONES,10,gestionar proyectos de investigación y desarrollo,skill/competence,cross-sector,0.7289,http://data.europa.eu/esco/skill/d5dbc342-8e39-4998-8237-ebbe05a381ce
UDLA,Universidad de Las Américas,ADMINISTRACIÓN DE EMPRESAS,1,gestionar empresas de producción,skill/competence,cross-sector,0.7547,http://data.europa.eu/esco/skill/435d1751-8667-41ec-8b32-865b7cd3c684
UDLA,Universidad de Las Américas,ADMINISTRACIÓN DE EMPRESAS,2,gestionar recursos humanos,skill/competence,cross-sector,0.748,http://data.europa.eu/esco/skill/339ac029-066a-4985-9f9d-b3d7c8fea0bb
UDLA,Universidad de Las Américas,ADMINISTRACIÓN DE EMPRESAS,3,elaborar las estrategias empresariales,skill/competence,cross-sector,0.7445,http://data.europa.eu/esco/skill/ba2c6181-b036-40b4-8f6d-51499463ccbb
UDLA,Universidad de Las Américas,ADMINISTRACIÓN DE EMPRESAS,4,tener espíritu emprendedor,skill/competence,transversal,0.7391,http://data.europa.eu/esco/skill/bdcf429c-5ccf-4c3d-bb61-4c987573a35e
UDLA,Universidad de Las Américas,ADMINISTRACIÓN DE EMPRESAS,5,mejorar procesos empresariales,skill/competence,cross-sector,0.7389,http://data.europa.eu/esco/skill/75b30aeb-34c0-40f4-b77d-271d75a98b14
UDLA,Universidad de Las Américas,ADMINISTRACIÓN DE EMPRESAS,6,participar en las operaciones cotidianas de la empresa,skill/competence,cross-sector,0.7377,http://data.europa.eu/esco/skill/ce4cbc3a-bde0-43b4-9526-e643c4fe5b04
UDLA,Universidad de Las Américas,ADMINISTRACIÓN DE EMPRESAS,7,guiar a los gestores de los diferentes departamentos de la empresa,skill/competence,cross-sector,0.7261,http://data.europa.eu/esco/skill/3e61ee41-2bd9-466f-b313-00ce04072410
UDLA,Universidad de Las Américas,ADMINISTRACIÓN DE EMPRESAS,8,coordinar actividades de planificación comercial,skill/competence,cross-sector,0.7234,http://data.europa.eu/esco/skill/90398aca-82b7-4f56-8e0f-814d949162b4
UDLA,Universidad de Las Américas,ADMINISTRACIÓN DE EMPRESAS,9,capacitar a empleados,skill/competence,cross-sector,0.7146,http://data.europa.eu/esco/skill/e54ff029-1ce9-447d-a5b2-eb7283a23e6e
UDLA,Universidad de Las Américas,ADMINISTRACIÓN DE EMPRESAS,10,enseñar principios de gestión empresarial,skill/competence,cross-sector,0.7126,http://data.europa.eu/esco/skill/29d3663f-348a-4b67-a8db-b94fd3912385
UDLA,Universidad de Las Américas,CIENCIA DE DATOS E INTELIGENCIA ARTIFICIAL,1,ciencia de datos,knowledge,cross-sector,0.7238,http://data.europa.eu/esco/skill/edebd83d-35f6-4ed5-a940-6c203d178c01
UDLA,Universidad de Las Américas,CIENCIA DE DATOS E INTELIGENCIA ARTIFICIAL,2,crear soluciones para problemas informativos,skill/competence,cross-sector,0.6703,http://data.europa.eu/esco/skill/4539aeca-b56f-4d03-ba86-8f675a7f2536
UDLA,Universidad de Las Américas,CIENCIA DE DATOS E INTELIGENCIA ARTIFICIAL,3,analizar datos,skill/competence,cross-sector,0.6674,http://data.europa.eu/esco/skill/a571ae14-3e16-4fd3-a615-5646e0b0b696
UDLA,Universidad de Las Américas,CIENCIA DE DATOS E INTELIGENCIA ARTIFICIAL,4,gestionar datos de investigación,skill/competence,cross-sector,0.6668,http://data.europa.eu/esco/skill/08b04e53-ed25-41a2-9f90-0b9cd939ba3d
UDLA,Universidad de Las Américas,CIENCIA DE DATOS E INTELIGENCIA ARTIFICIAL,5,elaborar software estadístico,skill/competence,cross-sector,0.6577,http://data.europa.eu/esco/skill/bb165899-d95f-4433-95f2-173fefd716d2
UDLA,Universidad de Las Américas,CIENCIA DE DATOS E INTELIGENCIA ARTIFICIAL,6,interpretar datos actuales,skill/competence,cross-sector,0.6553,http://data.europa.eu/esco/skill/1e77e42a-181f-4b48-8e74-201ce50ffc29
UDLA,Universidad de Las Américas,CIENCIA DE DATOS E INTELIGENCIA ARTIFICIAL,7,análisis de datos,knowledge,cross-sector,0.6545,http://data.europa.eu/esco/skill/97bd1c21-66b2-4b7e-ad0f-e3cda590e378
UDLA,Universidad de Las Américas,CIENCIA DE DATOS E INTELIGENCIA ARTIFICIAL,8,"gestionar datos, información y contenido digitales",skill/competence,cross-sector,0.6537,http://data.europa.eu/esco/skill/4d97e3c3-f335-47cc-a4ee-0d779fd42222
UDLA,Universidad de Las Américas,CIENCIA DE DATOS E INTELIGENCIA ARTIFICIAL,9,utilizar técnicas de tratamiento de datos,skill/competence,cross-sector,0.6504,http://data.europa.eu/esco/skill/1b70a55d-b8a4-49fc-96c6-15ab4cff2522
UDLA,Universidad de Las Américas,CIENCIA DE DATOS E INTELIGENCIA ARTIFICIAL,10,interpretar información matemática,skill/competence,transversal,0.6498,http://data.europa.eu/esco/skill/6fc6f757-6baa-49fe-9a82-6ba6a52f2e13
UDLA,Universidad de Las Américas,COMPUTACIÓN,1,Proponer soluciones tecnológicas a problemas empresariales,skill/competence,cross-sector,0.7455,http://data.europa.eu/esco/skill/07e51c60-763a-4335-b4ec-70a15f66d328
UDLA,Universidad de Las Américas,COMPUTACIÓN,2,asesorar a la clientela acerca de las posibilidades técnicas,skill/competence,cross-sector,0.7212,http://data.europa.eu/esco/skill/7b3abd38-61ae-42a4-88bb-0884784f9ee1
UDLA,Universidad de Las Américas,COMPUTACIÓN,3,proporcionar soporte de TIC,skill/competence,cross-sector,0.7199,http://data.europa.eu/esco/skill/c2296e2e-5fef-4f24-a24f-e5b3792268be
UDLA,Universidad de Las Américas,COMPUTACIÓN,4,gestionar proyectos de investigación y desarrollo,skill/competence,cross-sector,0.7182,http://data.europa.eu/esco/skill/d5dbc342-8e39-4998-8237-ebbe05a381ce
UDLA,Universidad de Las Américas,COMPUTACIÓN,5,resolver problemas de sistemas TIC,skill/competence,cross-sector,0.715,http://data.europa.eu/esco/skill/9e06bac6-6b91-48ca-8b7d-c1f48cdecd7c
UDLA,Universidad de Las Américas,COMPUTACIÓN,6,detectar necesidades tecnológicas,skill/competence,cross-sector,0.7125,http://data.europa.eu/esco/skill/42fcf80d-7b45-40f3-bd2f-5411c4c0dfa0
UDLA,Universidad de Las Américas,COMPUTACIÓN,7,crear soluciones para problemas informativos,skill/competence,cross-sector,0.7105,http://data.europa.eu/esco/skill/4539aeca-b56f-4d03-ba86-8f675a7f2536
UDLA,Universidad de Las Américas,COMPUTACIÓN,8,crear soluciones para problemas,skill/competence,cross-sector,0.7079,http://data.europa.eu/esco/skill/03b9b491-fc9b-4868-914a-bf7cd47b5041
UDLA,Universidad de Las Américas,COMPUTACIÓN,9,resolver problemas técnicos,skill/competence,cross-sector,0.7075,http://data.europa.eu/esco/skill/14832d87-2f2f-4895-b290-e4760ebae42a
UDLA,Universidad de Las Américas,COMPUTACIÓN,10,detectar y corregir errores de las tecnologías de la información y de las comunicaciones,skill/competence,cross-sector,0.6988,http://data.europa.eu/esco/skill/744442ac-c157-4350-8be0-ce454df4f5c5
UDLA,Universidad de Las Américas,ECONOMÍA,1,elaborar políticas de economía,skill/competence,cross-sector,0.7545,http://data.europa.eu/esco/skill/8394fefb-f62a-48c0-a156-3117cefdb9b3
UDLA,Universidad de Las Américas,ECONOMÍA,2,realizar estudios de mercado,skill/competence,cross-sector,0.7374,http://data.europa.eu/esco/skill/fe39d4db-4cb5-4299-bb9f-896c8fd6ab13
UDLA,Universidad de Las Américas,ECONOMÍA,3,analizar las tendencias económicas,skill/competence,cross-sector,0.7278,http://data.europa.eu/esco/skill/5f302d63-048e-451c-b150-97c124a5a26b
UDLA,Universidad de Las Américas,ECONOMÍA,4,realizar un análisis empresarial,skill/competence,cross-sector,0.727,http://data.europa.eu/esco/skill/27ed854c-15b8-4ba2-90e9-ae888a219703
UDLA,Universidad de Las Américas,ECONOMÍA,5,analizar los factores externos a una empresa,skill/competence,cross-sector,0.7225,http://data.europa.eu/esco/skill/ce5b1446-b5e3-4f05-a5ac-83f2ee142a44
UDLA,Universidad de Las Américas,ECONOMÍA,6,asesorar sobre el desarrollo económico,skill/competence,cross-sector,0.7193,http://data.europa.eu/esco/skill/384ed14c-bf1f-4a65-aef6-6e711f43c4ce
UDLA,Universidad de Las Américas,ECONOMÍA,7,realizar un análisis de las necesidades de los clientes,skill/competence,cross-sector,0.7106,http://data.europa.eu/esco/skill/31c83903-8fc8-4bd8-9ca4-7a98a9c31eae
UDLA,Universidad de Las Américas,ECONOMÍA,8,asesorar sobre estrategias de mercado,skill/competence,cross-sector,0.7086,http://data.europa.eu/esco/skill/34d6ed30-5d35-44b9-9498-fd15badb5f28
UDLA,Universidad de Las Américas,ECONOMÍA,9,elaborar software estadístico,skill/competence,cross-sector,0.707,http://data.europa.eu/esco/skill/bb165899-d95f-4433-95f2-173fefd716d2
UDLA,Universidad de Las Américas,ECONOMÍA,10,analizar tendencias en el mercado financiero,skill/competence,cross-sector,0.7007,http://data.europa.eu/esco/skill/292549e6-08ec-456c-b008-eba7a0a68428
UDLA,Universidad de Las Américas,INGENIERÍA CIVIL,1,asesorar sobre temas de construcción,skill/competence,cross-sector,0.7412,http://data.europa.eu/esco/skill/3b64ab47-a874-403a-b781-7b23c2fc3c6c
UDLA,Universidad de Las Américas,INGENIERÍA CIVIL,2,supervisar un proyecto de construcción,skill/competence,cross-sector,0.7233,http://data.europa.eu/esco/skill/1de548e0-9535-4d2e-9d20-d4474c1ea813
UDLA,Universidad de Las Américas,INGENIERÍA CIVIL,3,garantizar el cumplimiento de los plazos de construcción,skill/competence,cross-sector,0.7214,http://data.europa.eu/esco/skill/6181f475-110c-497c-a46d-ed2e14e7bc90
UDLA,Universidad de Las Américas,INGENIERÍA CIVIL,4,diseñar sistemas de transporte,skill/competence,cross-sector,0.719,http://data.europa.eu/esco/skill/11f364dd-0814-4398-b00e-10d1be8b27af
UDLA,Universidad de Las Américas,INGENIERÍA CIVIL,5,examinar las infraestructuras civiles,skill/competence,cross-sector,0.7152,http://data.europa.eu/esco/skill/d48b3cfe-80b6-406f-b582-d959b60417f8
UDLA,Universidad de Las Américas,INGENIERÍA CIVIL,6,coordinar equipos de ingeniería,skill/competence,cross-sector,0.7124,http://data.europa.eu/esco/skill/7af6e9e8-1e11-4c0b-b7c6-ac96bbbbc674
UDLA,Universidad de Las Américas,INGENIERÍA CIVIL,7,gestionar proyectos de ingeniería,skill/competence,cross-sector,0.7044,http://data.europa.eu/esco/skill/6a899482-8bcf-40ca-ae67-579a1cc467ab
UDLA,Universidad de Las Américas,INGENIERÍA CIVIL,8,diseñar edificios,skill/competence,cross-sector,0.7022,http://data.europa.eu/esco/skill/7c3cde53-9ff7-4e82-8396-13fdfadd3432
UDLA,Universidad de Las Américas,INGENIERÍA CIVIL,9,ingeniería civil,knowledge,cross-sector,0.7007,http://data.europa.eu/esco/skill/82887396-e5bf-4306-af51-3fe8d82790b2
UDLA,Universidad de Las Américas,INGENIERÍA CIVIL,10,vigilar el cumplimiento de los parámetros de los proyectos de construcción,skill/competence,cross-sector,0.7007,http://data.europa.eu/esco/skill/3dd3dfa7-51c0-40ef-af46-e2df300489f6
UDLA,Universidad de Las Américas,INGENIERÍA INDUSTRIAL,1,gestionar empresas de producción,skill/competence,cross-sector,0.8087,http://data.europa.eu/esco/skill/435d1751-8667-41ec-8b32-865b7cd3c684
UDLA,Universidad de Las Américas,INGENIERÍA INDUSTRIAL,2,mejorar procesos empresariales,skill/competence,cross-sector,0.796,http://data.europa.eu/esco/skill/75b30aeb-34c0-40f4-b77d-271d75a98b14
UDLA,Universidad de Las Américas,INGENIERÍA INDUSTRIAL,3,gestionar sistemas de instrumentación,skill/competence,cross-sector,0.7889,http://data.europa.eu/esco/skill/5d71a91f-cc72-4b66-b6e3-d75ecc05e235
UDLA,Universidad de Las Américas,INGENIERÍA INDUSTRIAL,4,impartir formación sobre cómo supervisar la gestión de la calidad,skill/competence,cross-sector,0.7851,http://data.europa.eu/esco/skill/09e7cd13-ea36-4694-afe5-f34373759392
UDLA,Universidad de Las Américas,INGENIERÍA INDUSTRIAL,5,controlar la producción,skill/competence,cross-sector,0.7845,http://data.europa.eu/esco/skill/feceacee-d425-4e73-821a-02dfb85084db
UDLA,Universidad de Las Américas,INGENIERÍA INDUSTRIAL,6,analizar estrategias de gestión de la cadena de suministro,skill/competence,cross-sector,0.7836,http://data.europa.eu/esco/skill/96d549bb-3e62-4c45-92a7-f114df089581
UDLA,Universidad de Las Américas,INGENIERÍA INDUSTRIAL,7,analizar procesos de producción para introducir mejoras,skill/competence,cross-sector,0.7829,http://data.europa.eu/esco/skill/f1b5800e-b763-4740-9586-3fef30568e81
UDLA,Universidad de Las Américas,INGENIERÍA INDUSTRIAL,8,gestionar la calidad,skill/competence,transversal,0.7821,http://data.europa.eu/esco/skill/35ebe444-9ece-4fbc-a55d-e99ea37267ae
UDLA,Universidad de Las Américas,INGENIERÍA INDUSTRIAL,9,inspeccionar la calidad de los productos,skill/competence,cross-sector,0.7806,http://data.europa.eu/esco/skill/1a3660c2-011c-4e96-9b1d-529afc305428
UDLA,Universidad de Las Américas,INGENIERÍA INDUSTRIAL,10,gestionar los aspectos financieros de una empresa,skill/competence,cross-sector,0.7717,http://data.europa.eu/esco/skill/fa6acfc3-0a4f-4192-b77d-80e94d0faf2a
UDLA,Universidad de Las Américas,MECÁNICA,1,diseñar componentes de ingeniería,skill/competence,cross-sector,0.7519,http://data.europa.eu/esco/skill/87434439-c07d-48be-af34-b0cdd03121c4
UDLA,Universidad de Las Américas,MECÁNICA,2,diseñar componentes de automatización,skill/competence,cross-sector,0.7396,http://data.europa.eu/esco/skill/f96f5aa5-6ed7-40dc-a431-68b0a09d6d4b
UDLA,Universidad de Las Américas,MECÁNICA,3,diseñar sistemas electromecánicos,skill/competence,cross-sector,0.7337,http://data.europa.eu/esco/skill/c5422318-3218-4ce9-9bdd-f38b93ff63a3
UDLA,Universidad de Las Américas,MECÁNICA,4,ingeniería ambiental,knowledge,cross-sector,0.7269,http://data.europa.eu/esco/skill/b1b118c4-3291-484e-b64d-6d51fd5da8b3
UDLA,Universidad de Las Américas,MECÁNICA,5,electromecánica,knowledge,cross-sector,0.7237,http://data.europa.eu/esco/skill/2bbdea06-a265-42b5-bb4f-7241b661f069
UDLA,Universidad de Las Américas,MECÁNICA,6,mecatrónica,knowledge,cross-sector,0.7216,http://data.europa.eu/esco/skill/d88cb3f1-8e02-4618-bf32-4b0488066934
UDLA,Universidad de Las Américas,MECÁNICA,7,diseñar sistemas microelectromecánicos,skill/competence,cross-sector,0.7186,http://data.europa.eu/esco/skill/c022ff1b-7783-4e64-89ef-0422c81ff51f
UDLA,Universidad de Las Américas,MECÁNICA,8,diseñar sistemas de control,skill/competence,cross-sector,0.7185,http://data.europa.eu/esco/skill/d560df46-dda4-4407-bab2-b87353a96814
UDLA,Universidad de Las Américas,MECÁNICA,9,proporcionar experiencia técnica,skill/competence,cross-sector,0.7175,http://data.europa.eu/esco/skill/c69587b4-05d3-45bb-b79b-9b85e6603fc2
UDLA,Universidad de Las Américas,MECÁNICA,10,realizar actividades de gestión energética en instalaciones,skill/competence,cross-sector,0.7108,http://data.europa.eu/esco/skill/885808f7-f42b-406e-95f2-28efcd45ddda
UDLA,Universidad de Las Américas,MECATRÓNICA,1,mecatrónica,knowledge,cross-sector,0.8032,http://data.europa.eu/esco/skill/d88cb3f1-8e02-4618-bf32-4b0488066934
UDLA,Universidad de Las Américas,MECATRÓNICA,2,diseñar componentes de automatización,skill/competence,cross-sector,0.8007,http://data.europa.eu/esco/skill/f96f5aa5-6ed7-40dc-a431-68b0a09d6d4b
UDLA,Universidad de Las Américas,MECATRÓNICA,3,diseñar sistemas de control,skill/competence,cross-sector,0.7684,http://data.europa.eu/esco/skill/d560df46-dda4-4407-bab2-b87353a96814
UDLA,Universidad de Las Américas,MECATRÓNICA,4,desarrollar sistemas de instrumentación,skill/competence,cross-sector,0.757,http://data.europa.eu/esco/skill/d8c19849-f4cf-458d-90cd-abe735a729bf
UDLA,Universidad de Las Américas,MECATRÓNICA,5,diseñar sistemas microelectrónicos,skill/competence,cross-sector,0.7415,http://data.europa.eu/esco/skill/8712b176-c063-462f-9d0f-2e3c54d9a2eb
UDLA,Universidad de Las Américas,MECATRÓNICA,6,diseñar sistemas electromecánicos,skill/competence,cross-sector,0.7372,http://data.europa.eu/esco/skill/c5422318-3218-4ce9-9bdd-f38b93ff63a3
UDLA,Universidad de Las Américas,MECATRÓNICA,7,diseñar componentes de ingeniería,skill/competence,cross-sector,0.7315,http://data.europa.eu/esco/skill/87434439-c07d-48be-af34-b0cdd03121c4
UDLA,Universidad de Las Américas,MECATRÓNICA,8,robótica,knowledge,cross-sector,0.7284,http://data.europa.eu/esco/skill/e87ec79a-c9ff-46f5-84fa-7a0f394cdf40
UDLA,Universidad de Las Américas,MECATRÓNICA,9,diseñar circuitos integrados,skill/competence,cross-sector,0.7276,http://data.europa.eu/esco/skill/6d12ac9b-5ec0-49b9-bd70-5a19352585cb
UDLA,Universidad de Las Américas,MECATRÓNICA,10,desarrollar procedimientos de prueba electrónica,skill/competence,cross-sector,0.7246,http://data.europa.eu/esco/skill/0de6bca4-f3aa-452a-8e10-d355b2c1bfc4
UDLA,Universidad de Las Américas,SOFTWARE,1,programación informática,knowledge,cross-sector,0.6835,http://data.europa.eu/esco/skill/21d2f96d-35f7-4e3f-9745-c533d2dd6e97
UDLA,Universidad de Las Américas,SOFTWARE,2,utilizar software de diseño especializado,skill/competence,cross-sector,0.6786,http://data.europa.eu/esco/skill/3c1af34b-4562-4c39-a30e-0812b84a147e
UDLA,Universidad de Las Américas,SOFTWARE,3,desarrollar normas y procedimientos de fabricación,skill/competence,cross-sector,0.6768,http://data.europa.eu/esco/skill/764db027-9063-4468-acb3-c73ecfc76f35
UDLA,Universidad de Las Américas,SOFTWARE,4,desarrollar arquitecturas innovadoras de cadena de bloques,skill/competence,cross-sector,0.6738,http://data.europa.eu/esco/skill/01d269d9-b058-4d6c-82a0-3779af9a124b
UDLA,Universidad de Las Américas,SOFTWARE,5,gestionar proyectos de investigación y desarrollo,skill/competence,cross-sector,0.6733,http://data.europa.eu/esco/skill/d5dbc342-8e39-4998-8237-ebbe05a381ce
UDLA,Universidad de Las Américas,SOFTWARE,6,proyecto,knowledge,cross-sector,0.6723,http://data.europa.eu/esco/skill/d1072655-88ce-4445-8803-e6273da273e7
UDLA,Universidad de Las Américas,SOFTWARE,7,gestionar varios proyectos,skill/competence,cross-sector,0.6702,http://data.europa.eu/esco/skill/c881ddd2-9c0e-4743-bd24-36be650493dd
UDLA,Universidad de Las Américas,SOFTWARE,8,aplicar políticas organizativas del sistema,skill/competence,cross-sector,0.6691,http://data.europa.eu/esco/skill/07e47d58-dd0e-4302-9e68-70a188e89065
UDLA,Universidad de Las Américas,SOFTWARE,9,asesorar a la clientela acerca de las posibilidades técnicas,skill/competence,cross-sector,0.6688,http://data.europa.eu/esco/skill/7b3abd38-61ae-42a4-88bb-0884784f9ee1
UDLA,Universidad de Las Américas,SOFTWARE,10,desarrollar procedimientos de prueba,skill/competence,cross-sector,0.6686,http://data.europa.eu/esco/skill/f10142ce-d522-49c3-9fd1-054fb63529d4
UTPL,Universidad Técnica Particular de Loja,ADMINISTRACIÓN DE EMPRESAS,1,gestionar empresas de producción,skill/competence,cross-sector,0.8046,http://data.europa.eu/esco/skill/435d1751-8667-41ec-8b32-865b7cd3c684
UTPL,Universidad Técnica Particular de Loja,ADMINISTRACIÓN DE EMPRESAS,2,elaborar las estrategias empresariales,skill/competence,cross-sector,0.8023,http://data.europa.eu/esco/skill/ba2c6181-b036-40b4-8f6d-51499463ccbb
UTPL,Universidad Técnica Particular de Loja,ADMINISTRACIÓN DE EMPRESAS,3,gestionar recursos humanos,skill/competence,cross-sector,0.79,http://data.europa.eu/esco/skill/339ac029-066a-4985-9f9d-b3d7c8fea0bb
UTPL,Universidad Técnica Particular de Loja,ADMINISTRACIÓN DE EMPRESAS,4,participar en las operaciones cotidianas de la empresa,skill/competence,cross-sector,0.7747,http://data.europa.eu/esco/skill/ce4cbc3a-bde0-43b4-9526-e643c4fe5b04
UTPL,Universidad Técnica Particular de Loja,ADMINISTRACIÓN DE EMPRESAS,5,coordinar actividades de planificación comercial,skill/competence,cross-sector,0.768,http://data.europa.eu/esco/skill/90398aca-82b7-4f56-8e0f-814d949162b4
UTPL,Universidad Técnica Particular de Loja,ADMINISTRACIÓN DE EMPRESAS,6,guiar a los gestores de los diferentes departamentos de la empresa,skill/competence,cross-sector,0.768,http://data.europa.eu/esco/skill/3e61ee41-2bd9-466f-b313-00ce04072410
UTPL,Universidad Técnica Particular de Loja,ADMINISTRACIÓN DE EMPRESAS,7,mejorar procesos empresariales,skill/competence,cross-sector,0.7603,http://data.europa.eu/esco/skill/75b30aeb-34c0-40f4-b77d-271d75a98b14
UTPL,Universidad Técnica Particular de Loja,ADMINISTRACIÓN DE EMPRESAS,8,realizar diversas tareas organizativas en la empresa,skill/competence,cross-sector,0.7564,http://data.europa.eu/esco/skill/01755f08-4df4-4cf0-8d22-08f94cad68b5
UTPL,Universidad Técnica Particular de Loja,ADMINISTRACIÓN DE EMPRESAS,9,desarrollar políticas de la organización,skill/competence,cross-sector,0.7555,http://data.europa.eu/esco/skill/3254275d-a1b5-4640-9481-02f38780ac35
UTPL,Universidad Técnica Particular de Loja,ADMINISTRACIÓN DE EMPRESAS,10,gestionar varios proyectos,skill/competence,cross-sector,0.7543,http://data.europa.eu/esco/skill/c881ddd2-9c0e-4743-bd24-36be650493dd
UTPL,Universidad Técnica Particular de Loja,ECONOMÍA,1,elaborar políticas de economía,skill/competence,cross-sector,0.7829,http://data.europa.eu/esco/skill/8394fefb-f62a-48c0-a156-3117cefdb9b3
UTPL,Universidad Técnica Particular de Loja,ECONOMÍA,2,asesorar sobre el desarrollo económico,skill/competence,cross-sector,0.7358,http://data.europa.eu/esco/skill/384ed14c-bf1f-4a65-aef6-6e711f43c4ce
UTPL,Universidad Técnica Particular de Loja,ECONOMÍA,3,realizar un análisis empresarial,skill/competence,cross-sector,0.7322,http://data.europa.eu/esco/skill/27ed854c-15b8-4ba2-90e9-ae888a219703
UTPL,Universidad Técnica Particular de Loja,ECONOMÍA,4,analizar las tendencias económicas,skill/competence,cross-sector,0.7282,http://data.europa.eu/esco/skill/5f302d63-048e-451c-b150-97c124a5a26b
UTPL,Universidad Técnica Particular de Loja,ECONOMÍA,5,realizar estudios de mercado,skill/competence,cross-sector,0.7185,http://data.europa.eu/esco/skill/fe39d4db-4cb5-4299-bb9f-896c8fd6ab13
UTPL,Universidad Técnica Particular de Loja,ECONOMÍA,6,tener en cuenta los criterios económicos en la toma de decisiones,skill/competence,cross-sector,0.7178,http://data.europa.eu/esco/skill/d41262ae-eca1-4ede-89a8-46d2d99a7a31
UTPL,Universidad Técnica Particular de Loja,ECONOMÍA,7,predecir tendencias económicas,skill/competence,cross-sector,0.7068,http://data.europa.eu/esco/skill/f2a34d6b-131a-4b8f-a110-898b9c91d18f
UTPL,Universidad Técnica Particular de Loja,ECONOMÍA,8,analizar los factores externos a una empresa,skill/competence,cross-sector,0.7056,http://data.europa.eu/esco/skill/ce5b1446-b5e3-4f05-a5ac-83f2ee142a44
UTPL,Universidad Técnica Particular de Loja,ECONOMÍA,9,"llevar a cabo análisis de factores políticos, económicos, sociales, tecnológicos, ambientales y jurídicos",skill/competence,cross-sector,0.7023,http://data.europa.eu/esco/skill/9979e727-3104-42e0-8f41-4af2578111ea
UTPL,Universidad Técnica Particular de Loja,ECONOMÍA,10,desarrollar políticas de la organización,skill/competence,cross-sector,0.7014,http://data.europa.eu/esco/skill/3254275d-a1b5-4640-9481-02f38780ac35
UTPL,Universidad Técnica Particular de Loja,INGENIERÍA CIVIL,1,asesorar sobre temas de construcción,skill/competence,cross-sector,0.735,http://data.europa.eu/esco/skill/3b64ab47-a874-403a-b781-7b23c2fc3c6c
UTPL,Universidad Técnica Particular de Loja,INGENIERÍA CIVIL,2,supervisar un proyecto de construcción,skill/competence,cross-sector,0.7271,http://data.europa.eu/esco/skill/1de548e0-9535-4d2e-9d20-d4474c1ea813
UTPL,Universidad Técnica Particular de Loja,INGENIERÍA CIVIL,3,garantizar el cumplimiento de los plazos de construcción,skill/competence,cross-sector,0.7214,http://data.europa.eu/esco/skill/6181f475-110c-497c-a46d-ed2e14e7bc90
UTPL,Universidad Técnica Particular de Loja,INGENIERÍA CIVIL,4,diseñar sistemas de transporte,skill/competence,cross-sector,0.7165,http://data.europa.eu/esco/skill/11f364dd-0814-4398-b00e-10d1be8b27af
UTPL,Universidad Técnica Particular de Loja,INGENIERÍA CIVIL,5,examinar las infraestructuras civiles,skill/competence,cross-sector,0.711,http://data.europa.eu/esco/skill/d48b3cfe-80b6-406f-b582-d959b60417f8
UTPL,Universidad Técnica Particular de Loja,INGENIERÍA CIVIL,6,coordinar equipos de ingeniería,skill/competence,cross-sector,0.7063,http://data.europa.eu/esco/skill/7af6e9e8-1e11-4c0b-b7c6-ac96bbbbc674
UTPL,Universidad Técnica Particular de Loja,INGENIERÍA CIVIL,7,diseñar edificios,skill/competence,cross-sector,0.7061,http://data.europa.eu/esco/skill/7c3cde53-9ff7-4e82-8396-13fdfadd3432
UTPL,Universidad Técnica Particular de Loja,INGENIERÍA CIVIL,8,vigilar el cumplimiento de los parámetros de los proyectos de construcción,skill/competence,cross-sector,0.706,http://data.europa.eu/esco/skill/3dd3dfa7-51c0-40ef-af46-e2df300489f6
UTPL,Universidad Técnica Particular de Loja,INGENIERÍA CIVIL,9,gestionar proyectos de ingeniería,skill/competence,cross-sector,0.7007,http://data.europa.eu/esco/skill/6a899482-8bcf-40ca-ae67-579a1cc467ab
UTPL,Universidad Técnica Particular de Loja,INGENIERÍA CIVIL,10,revisar proyectos de construcción,skill/competence,cross-sector,0.696,http://data.europa.eu/esco/skill/ea9fc9d9-c602-4430-a7fc-edac7429a6a8
UTPL,Universidad Técnica Particular de Loja,INGENIERÍA INDUSTRIAL,1,analizar estrategias de gestión de la cadena de suministro,skill/competence,cross-sector,0.8281,http://data.europa.eu/esco/skill/96d549bb-3e62-4c45-92a7-f114df089581
UTPL,Universidad Técnica Particular de Loja,INGENIERÍA INDUSTRIAL,2,gestionar los suministros,skill/competence,cross-sector,0.8194,http://data.europa.eu/esco/skill/020b3c27-bae1-4b85-9d6f-eccee0f5ed99
UTPL,Universidad Técnica Particular de Loja,INGENIERÍA INDUSTRIAL,3,gestionar empresas de producción,skill/competence,cross-sector,0.7967,http://data.europa.eu/esco/skill/435d1751-8667-41ec-8b32-865b7cd3c684
UTPL,Universidad Técnica Particular de Loja,INGENIERÍA INDUSTRIAL,4,integrar productos nuevos en la cadena de fabricación,skill/competence,cross-sector,0.7944,http://data.europa.eu/esco/skill/8a753714-9a19-4418-9b37-77e79d72c705
UTPL,Universidad Técnica Particular de Loja,INGENIERÍA INDUSTRIAL,5,controlar la producción,skill/competence,cross-sector,0.7894,http://data.europa.eu/esco/skill/feceacee-d425-4e73-821a-02dfb85084db
UTPL,Universidad Técnica Particular de Loja,INGENIERÍA INDUSTRIAL,6,gestionar la logística,skill/competence,cross-sector,0.7877,http://data.europa.eu/esco/skill/953c0b65-537a-42fe-a90b-26cd36c64361
UTPL,Universidad Técnica Particular de Loja,INGENIERÍA INDUSTRIAL,7,gestionar la calidad,skill/competence,transversal,0.7749,http://data.europa.eu/esco/skill/35ebe444-9ece-4fbc-a55d-e99ea37267ae
UTPL,Universidad Técnica Particular de Loja,INGENIERÍA INDUSTRIAL,8,realizar el control de procesos en la industria de prendas de vestir,skill/competence,cross-sector,0.7721,http://data.europa.eu/esco/skill/58c080f9-71d5-429d-9476-bc9e742d460c
UTPL,Universidad Técnica Particular de Loja,INGENIERÍA INDUSTRIAL,9,coordinar las actividades de producción,skill/competence,cross-sector,0.7705,http://data.europa.eu/esco/skill/05c00631-b864-4842-b47e-06710c197c7a
UTPL,Universidad Técnica Particular de Loja,INGENIERÍA INDUSTRIAL,10,planificar la gestión de productos,skill/competence,cross-sector,0.7684,http://data.europa.eu/esco/skill/29fb886c-6be0-4e93-9ea1-232881f2092a
UTPL,Universidad Técnica Particular de Loja,COMPUTACIÓN,1,elaborar software estadístico,skill/competence,cross-sector,0.7375,http://data.europa.eu/esco/skill/bb165899-d95f-4433-95f2-173fefd716d2
UTPL,Universidad Técnica Particular de Loja,COMPUTACIÓN,2,programación informática,knowledge,cross-sector,0.7245,http://data.europa.eu/esco/skill/21d2f96d-35f7-4e3f-9745-c533d2dd6e97
UTPL,Universidad Técnica Particular de Loja,COMPUTACIÓN,3,crear soluciones para problemas,skill/competence,cross-sector,0.7193,http://data.europa.eu/esco/skill/03b9b491-fc9b-4868-914a-bf7cd47b5041
UTPL,Universidad Técnica Particular de Loja,COMPUTACIÓN,4,resolver problemas de sistemas TIC,skill/competence,cross-sector,0.7182,http://data.europa.eu/esco/skill/9e06bac6-6b91-48ca-8b7d-c1f48cdecd7c
UTPL,Universidad Técnica Particular de Loja,COMPUTACIÓN,5,resolver problemas técnicos,skill/competence,cross-sector,0.7178,http://data.europa.eu/esco/skill/14832d87-2f2f-4895-b290-e4760ebae42a
UTPL,Universidad Técnica Particular de Loja,COMPUTACIÓN,6,resolver problemas,skill/competence,transversal,0.7141,http://data.europa.eu/esco/skill/adc6dc11-3376-467b-96c5-9b0a21edc869
UTPL,Universidad Técnica Particular de Loja,COMPUTACIÓN,7,desarrollar normas y procedimientos de fabricación,skill/competence,cross-sector,0.7125,http://data.europa.eu/esco/skill/764db027-9063-4468-acb3-c73ecfc76f35
UTPL,Universidad Técnica Particular de Loja,COMPUTACIÓN,8,gestionar proyectos de investigación y desarrollo,skill/competence,cross-sector,0.7119,http://data.europa.eu/esco/skill/d5dbc342-8e39-4998-8237-ebbe05a381ce
UTPL,Universidad Técnica Particular de Loja,COMPUTACIÓN,9,gestionar sistemas de instrumentación,skill/competence,cross-sector,0.7114,http://data.europa.eu/esco/skill/5d71a91f-cc72-4b66-b6e3-d75ecc05e235
UTPL,Universidad Técnica Particular de Loja,COMPUTACIÓN,10,diseñar sistemas de control,skill/competence,cross-sector,0.7105,http://data.europa.eu/esco/skill/d560df46-dda4-4407-bab2-b87353a96814
UTPL,Universidad Técnica Particular de Loja,TELECOMUNICACIONES,1,desarrollar estrategias de comunicación,skill/competence,cross-sector,0.7753,http://data.europa.eu/esco/skill/3c834f6e-523a-49ee-8ed1-e073e28ae6fe
UTPL,Universidad Técnica Particular de Loja,TELECOMUNICACIONES,2,coordinar comunicaciones remotas,skill/competence,cross-sector,0.7598,http://data.europa.eu/esco/skill/9bafaea2-76cd-4532-ab77-8b3d21fa6235
UTPL,Universidad Técnica Particular de Loja,TELECOMUNICACIONES,3,sector de las telecomunicaciones,knowledge,cross-sector,0.7494,http://data.europa.eu/esco/skill/60b44dab-03f1-46de-be08-0e5ba8662b3d
UTPL,Universidad Técnica Particular de Loja,TELECOMUNICACIONES,4,gestionar proyectos de investigación y desarrollo,skill/competence,cross-sector,0.7424,http://data.europa.eu/esco/skill/d5dbc342-8e39-4998-8237-ebbe05a381ce
UTPL,Universidad Técnica Particular de Loja,TELECOMUNICACIONES,5,gestionar las comunicaciones visuales,skill/competence,cross-sector,0.7358,http://data.europa.eu/esco/skill/50b96d21-f2eb-4f35-a8d3-77eee15ef51f
UTPL,Universidad Técnica Particular de Loja,TELECOMUNICACIONES,6,coordinar equipos de ingeniería,skill/competence,cross-sector,0.7358,http://data.europa.eu/esco/skill/7af6e9e8-1e11-4c0b-b7c6-ac96bbbbc674
UTPL,Universidad Técnica Particular de Loja,TELECOMUNICACIONES,7,ingeniería de telecomunicaciones,knowledge,cross-sector,0.7355,http://data.europa.eu/esco/skill/14764a75-3104-4875-ba1d-57c059b9b013
UTPL,Universidad Técnica Particular de Loja,TELECOMUNICACIONES,8,instalar líneas de energía eléctrica,skill/competence,cross-sector,0.7354,http://data.europa.eu/esco/skill/0c627853-241e-405b-9044-aaff6bca133e
UTPL,Universidad Técnica Particular de Loja,TELECOMUNICACIONES,9,diseñar sistemas de control,skill/competence,cross-sector,0.734,http://data.europa.eu/esco/skill/d560df46-dda4-4407-bab2-b87353a96814
UTPL,Universidad Técnica Particular de Loja,TELECOMUNICACIONES,10,elaborar las estrategias empresariales,skill/competence,cross-sector,0.7287,http://data.europa.eu/esco/skill/ba2c6181-b036-40b4-8f6d-51499463ccbb
UTPL,Universidad Técnica Particular de Loja,ELECTRICIDAD,1,evaluar las necesidades energéticas,skill/competence,cross-sector,0.807,http://data.europa.eu/esco/skill/36fccad9-1d20-4104-bcc2-a8ea9d1ce5ea
UTPL,Universidad Técnica Particular de Loja,ELECTRICIDAD,2,realizar actividades de gestión energética en instalaciones,skill/competence,cross-sector,0.7737,http://data.europa.eu/esco/skill/885808f7-f42b-406e-95f2-28efcd45ddda
UTPL,Universidad Técnica Particular de Loja,ELECTRICIDAD,3,garantizar el cumplimiento del plan de distribución de energía,skill/competence,cross-sector,0.763,http://data.europa.eu/esco/skill/694e1e70-3e22-4d72-a3ac-b5f92951423d
UTPL,Universidad Técnica Particular de Loja,ELECTRICIDAD,4,instalar líneas de energía eléctrica,skill/competence,cross-sector,0.7501,http://data.europa.eu/esco/skill/0c627853-241e-405b-9044-aaff6bca133e
UTPL,Universidad Técnica Particular de Loja,ELECTRICIDAD,5,asesorar sobre cuestiones relativas a la energía renovable marina,skill/competence,cross-sector,0.7417,http://data.europa.eu/esco/skill/610ccf09-e9f2-4268-bb93-442dde5bf26e
UTPL,Universidad Técnica Particular de Loja,ELECTRICIDAD,6,garantizar la seguridad de las operaciones en sistemas de suministro de energía eléctrica,skill/competence,cross-sector,0.7329,http://data.europa.eu/esco/skill/2b76cbbf-eddc-4a12-a120-f4ea370820a5
UTPL,Universidad Técnica Particular de Loja,ELECTRICIDAD,7,gestionar la recepción de suministros eléctricos,skill/competence,cross-sector,0.7327,http://data.europa.eu/esco/skill/c796e1fa-cbbd-4639-b8d9-cbcdc130c7a2
UTPL,Universidad Técnica Particular de Loja,ELECTRICIDAD,8,electrónica de potencia,knowledge,cross-sector,0.7229,http://data.europa.eu/esco/skill/86ff9a65-66eb-4c8f-93d8-22e0a467fc08
UTPL,Universidad Técnica Particular de Loja,ELECTRICIDAD,9,analizar las tendencias del mercado de la energía,skill/competence,cross-sector,0.7222,http://data.europa.eu/esco/skill/28878fd9-9a17-452a-b3b8-5db5c63d7905
UTPL,Universidad Técnica Particular de Loja,ELECTRICIDAD,10,energía renovable,knowledge,cross-sector,0.7201,http://data.europa.eu/esco/skill/1e38f5be-bb7d-42c5-8301-c16cf400f8ee
UTPL,Universidad Técnica Particular de Loja,ELECTRÓNICA Y AUTOMATIZACIÓN,1,diseñar sistemas de control,skill/competence,cross-sector,0.8112,http://data.europa.eu/esco/skill/d560df46-dda4-4407-bab2-b87353a96814
UTPL,Universidad Técnica Particular de Loja,ELECTRÓNICA Y AUTOMATIZACIÓN,2,desarrollar procedimientos de prueba electrónica,skill/competence,cross-sector,0.7781,http://data.europa.eu/esco/skill/0de6bca4-f3aa-452a-8e10-d355b2c1bfc4
UTPL,Universidad Técnica Particular de Loja,ELECTRÓNICA Y AUTOMATIZACIÓN,3,operar sistemas de control informatizados,skill/competence,cross-sector,0.7723,http://data.europa.eu/esco/skill/b916d60e-38e9-4241-914a-4e2144bda711
UTPL,Universidad Técnica Particular de Loja,ELECTRÓNICA Y AUTOMATIZACIÓN,4,gestionar sistemas de instrumentación,skill/competence,cross-sector,0.7663,http://data.europa.eu/esco/skill/5d71a91f-cc72-4b66-b6e3-d75ecc05e235
UTPL,Universidad Técnica Particular de Loja,ELECTRÓNICA Y AUTOMATIZACIÓN,5,diseñar componentes de automatización,skill/competence,cross-sector,0.7637,http://data.europa.eu/esco/skill/f96f5aa5-6ed7-40dc-a431-68b0a09d6d4b
UTPL,Universidad Técnica Particular de Loja,ELECTRÓNICA Y AUTOMATIZACIÓN,6,desarrollar sistemas de instrumentación,skill/competence,cross-sector,0.7589,http://data.europa.eu/esco/skill/d8c19849-f4cf-458d-90cd-abe735a729bf
UTPL,Universidad Técnica Particular de Loja,ELECTRÓNICA Y AUTOMATIZACIÓN,7,diseñar sistemas microelectrónicos,skill/competence,cross-sector,0.7565,http://data.europa.eu/esco/skill/8712b176-c063-462f-9d0f-2e3c54d9a2eb
UTPL,Universidad Técnica Particular de Loja,ELECTRÓNICA Y AUTOMATIZACIÓN,8,montar equipos de instrumentación,skill/competence,cross-sector,0.7502,http://data.europa.eu/esco/skill/af0b1937-7538-434f-871b-7e8f72e04117
UTPL,Universidad Técnica Particular de Loja,ELECTRÓNICA Y AUTOMATIZACIÓN,9,electrónica,knowledge,cross-sector,0.7498,http://data.europa.eu/esco/skill/95c35c3a-035f-47c2-90cf-7e934d20fc08
UTPL,Universidad Técnica Particular de Loja,ELECTRÓNICA Y AUTOMATIZACIÓN,10,supervisar el funcionamiento de los equipos,skill/competence,cross-sector,0.7463,http://data.europa.eu/esco/skill/ca17f0df-59e4-4ed2-9360-fc5325bc7151
UTPL,Universidad Técnica Particular de Loja,SISTEMAS DE INFORMACIÓN,1,"gestionar datos, información y contenido digitales",skill/competence,cross-sector,0.7436,http://data.europa.eu/esco/skill/4d97e3c3-f335-47cc-a4ee-0d779fd42222
UTPL,Universidad Técnica Particular de Loja,SISTEMAS DE INFORMACIÓN,2,gestionar sistemas de instrumentación,skill/competence,cross-sector,0.7389,http://data.europa.eu/esco/skill/5d71a91f-cc72-4b66-b6e3-d75ecc05e235
UTPL,Universidad Técnica Particular de Loja,SISTEMAS DE INFORMACIÓN,3,crear soluciones para problemas informativos,skill/competence,cross-sector,0.7338,http://data.europa.eu/esco/skill/4539aeca-b56f-4d03-ba86-8f675a7f2536
UTPL,Universidad Técnica Particular de Loja,SISTEMAS DE INFORMACIÓN,4,realizar gestión de clientes,skill/competence,cross-sector,0.7311,http://data.europa.eu/esco/skill/91306a20-9b81-4f3d-97eb-f5368b607da7
UTPL,Universidad Técnica Particular de Loja,SISTEMAS DE INFORMACIÓN,5,asesorar a la clientela acerca de las posibilidades técnicas,skill/competence,cross-sector,0.7289,http://data.europa.eu/esco/skill/7b3abd38-61ae-42a4-88bb-0884784f9ee1
UTPL,Universidad Técnica Particular de Loja,SISTEMAS DE INFORMACIÓN,6,gestionar datos de investigación,skill/competence,cross-sector,0.7285,http://data.europa.eu/esco/skill/08b04e53-ed25-41a2-9f90-0b9cd939ba3d
UTPL,Universidad Técnica Particular de Loja,SISTEMAS DE INFORMACIÓN,7,resolver problemas de sistemas TIC,skill/competence,cross-sector,0.7239,http://data.europa.eu/esco/skill/9e06bac6-6b91-48ca-8b7d-c1f48cdecd7c
UTPL,Universidad Técnica Particular de Loja,SISTEMAS DE INFORMACIÓN,8,gestionar sistemas administrativos,skill/competence,cross-sector,0.7227,http://data.europa.eu/esco/skill/6ae8306a-4f9d-4410-ac82-6406f3cbd16a
UTPL,Universidad Técnica Particular de Loja,SISTEMAS DE INFORMACIÓN,9,crear soluciones para problemas,skill/competence,cross-sector,0.7212,http://data.europa.eu/esco/skill/03b9b491-fc9b-4868-914a-bf7cd47b5041
UTPL,Universidad Técnica Particular de Loja,SISTEMAS DE INFORMACIÓN,10,detectar necesidades tecnológicas,skill/competence,cross-sector,0.7201,http://data.europa.eu/esco/skill/42fcf80d-7b45-40f3-bd2f-5411c4c0dfa0
ESPE,Universidad de las Fuerzas Armadas-ESPE,ADMINISTRACIÓN DE EMPRESAS,1,elaborar las estrategias empresariales,skill/competence,cross-sector,0.795,http://data.europa.eu/esco/skill/ba2c6181-b036-40b4-8f6d-51499463ccbb
ESPE,Universidad de las Fuerzas Armadas-ESPE,ADMINISTRACIÓN DE EMPRESAS,2,gestionar empresas de producción,skill/competence,cross-sector,0.7918,http://data.europa.eu/esco/skill/435d1751-8667-41ec-8b32-865b7cd3c684
ESPE,Universidad de las Fuerzas Armadas-ESPE,ADMINISTRACIÓN DE EMPRESAS,3,guiar a los gestores de los diferentes departamentos de la empresa,skill/competence,cross-sector,0.78,http://data.europa.eu/esco/skill/3e61ee41-2bd9-466f-b313-00ce04072410
ESPE,Universidad de las Fuerzas Armadas-ESPE,ADMINISTRACIÓN DE EMPRESAS,4,gestionar recursos humanos,skill/competence,cross-sector,0.7757,http://data.europa.eu/esco/skill/339ac029-066a-4985-9f9d-b3d7c8fea0bb
ESPE,Universidad de las Fuerzas Armadas-ESPE,ADMINISTRACIÓN DE EMPRESAS,5,mejorar procesos empresariales,skill/competence,cross-sector,0.7715,http://data.europa.eu/esco/skill/75b30aeb-34c0-40f4-b77d-271d75a98b14
ESPE,Universidad de las Fuerzas Armadas-ESPE,ADMINISTRACIÓN DE EMPRESAS,6,participar en las operaciones cotidianas de la empresa,skill/competence,cross-sector,0.7652,http://data.europa.eu/esco/skill/ce4cbc3a-bde0-43b4-9526-e643c4fe5b04
ESPE,Universidad de las Fuerzas Armadas-ESPE,ADMINISTRACIÓN DE EMPRESAS,7,tener espíritu emprendedor,skill/competence,transversal,0.7568,http://data.europa.eu/esco/skill/bdcf429c-5ccf-4c3d-bb61-4c987573a35e
ESPE,Universidad de las Fuerzas Armadas-ESPE,ADMINISTRACIÓN DE EMPRESAS,8,desarrollar políticas de la organización,skill/competence,cross-sector,0.7541,http://data.europa.eu/esco/skill/3254275d-a1b5-4640-9481-02f38780ac35
ESPE,Universidad de las Fuerzas Armadas-ESPE,ADMINISTRACIÓN DE EMPRESAS,9,gestionar varios proyectos,skill/competence,cross-sector,0.752,http://data.europa.eu/esco/skill/c881ddd2-9c0e-4743-bd24-36be650493dd
ESPE,Universidad de las Fuerzas Armadas-ESPE,ADMINISTRACIÓN DE EMPRESAS,10,ejercer la administración,skill/competence,cross-sector,0.7506,http://data.europa.eu/esco/skill/151174e2-2a27-4c1e-be68-6446278d34b7
ESPE,Universidad de las Fuerzas Armadas-ESPE,COMPUTACIÓN,1,resolver problemas de sistemas TIC,skill/competence,cross-sector,0.7273,http://data.europa.eu/esco/skill/9e06bac6-6b91-48ca-8b7d-c1f48cdecd7c
ESPE,Universidad de las Fuerzas Armadas-ESPE,COMPUTACIÓN,2,elaborar software estadístico,skill/competence,cross-sector,0.7176,http://data.europa.eu/esco/skill/bb165899-d95f-4433-95f2-173fefd716d2
ESPE,Universidad de las Fuerzas Armadas-ESPE,COMPUTACIÓN,3,aplicar políticas organizativas del sistema,skill/competence,cross-sector,0.7144,http://data.europa.eu/esco/skill/07e47d58-dd0e-4302-9e68-70a188e89065
ESPE,Universidad de las Fuerzas Armadas-ESPE,COMPUTACIÓN,4,garantizar el cumplimiento de la legislación en materia de seguridad,skill/competence,cross-sector,0.7109,http://data.europa.eu/esco/skill/233be639-bdb5-4099-ab40-96d537d6c1f3
ESPE,Universidad de las Fuerzas Armadas-ESPE,COMPUTACIÓN,5,programación informática,knowledge,cross-sector,0.7076,http://data.europa.eu/esco/skill/21d2f96d-35f7-4e3f-9745-c533d2dd6e97
ESPE,Universidad de las Fuerzas Armadas-ESPE,COMPUTACIÓN,6,gestionar sistemas de instrumentación,skill/competence,cross-sector,0.705,http://data.europa.eu/esco/skill/5d71a91f-cc72-4b66-b6e3-d75ecc05e235
ESPE,Universidad de las Fuerzas Armadas-ESPE,COMPUTACIÓN,7,"gestionar datos, información y contenido digitales",skill/competence,cross-sector,0.7047,http://data.europa.eu/esco/skill/4d97e3c3-f335-47cc-a4ee-0d779fd42222
ESPE,Universidad de las Fuerzas Armadas-ESPE,COMPUTACIÓN,8,resolver problemas técnicos,skill/competence,cross-sector,0.7046,http://data.europa.eu/esco/skill/14832d87-2f2f-4895-b290-e4760ebae42a
ESPE,Universidad de las Fuerzas Armadas-ESPE,COMPUTACIÓN,9,mantener soporte físico informático,skill/competence,cross-sector,0.7044,http://data.europa.eu/esco/skill/c77db25e-bb51-4a10-b2ad-99b48b1b4a37
ESPE,Universidad de las Fuerzas Armadas-ESPE,COMPUTACIÓN,10,gestionar sistemas administrativos,skill/competence,cross-sector,0.7039,http://data.europa.eu/esco/skill/6ae8306a-4f9d-4410-ac82-6406f3cbd16a
ESPE,Universidad de las Fuerzas Armadas-ESPE,ELECTRÓNICA Y AUTOMATIZACIÓN,1,diseñar sistemas de control,skill/competence,cross-sector,0.7996,http://data.europa.eu/esco/skill/d560df46-dda4-4407-bab2-b87353a96814
ESPE,Universidad de las Fuerzas Armadas-ESPE,ELECTRÓNICA Y AUTOMATIZACIÓN,2,desarrollar procedimientos de prueba electrónica,skill/competence,cross-sector,0.7725,http://data.europa.eu/esco/skill/0de6bca4-f3aa-452a-8e10-d355b2c1bfc4
ESPE,Universidad de las Fuerzas Armadas-ESPE,ELECTRÓNICA Y AUTOMATIZACIÓN,3,diseñar componentes de automatización,skill/competence,cross-sector,0.7594,http://data.europa.eu/esco/skill/f96f5aa5-6ed7-40dc-a431-68b0a09d6d4b
ESPE,Universidad de las Fuerzas Armadas-ESPE,ELECTRÓNICA Y AUTOMATIZACIÓN,4,operar sistemas de control informatizados,skill/competence,cross-sector,0.7542,http://data.europa.eu/esco/skill/b916d60e-38e9-4241-914a-4e2144bda711
ESPE,Universidad de las Fuerzas Armadas-ESPE,ELECTRÓNICA Y AUTOMATIZACIÓN,5,desarrollar sistemas de instrumentación,skill/competence,cross-sector,0.7515,http://data.europa.eu/esco/skill/d8c19849-f4cf-458d-90cd-abe735a729bf
ESPE,Universidad de las Fuerzas Armadas-ESPE,ELECTRÓNICA Y AUTOMATIZACIÓN,6,desarrollar normas y procedimientos de fabricación,skill/competence,cross-sector,0.7464,http://data.europa.eu/esco/skill/764db027-9063-4468-acb3-c73ecfc76f35
ESPE,Universidad de las Fuerzas Armadas-ESPE,ELECTRÓNICA Y AUTOMATIZACIÓN,7,supervisar el funcionamiento de los equipos,skill/competence,cross-sector,0.7444,http://data.europa.eu/esco/skill/ca17f0df-59e4-4ed2-9360-fc5325bc7151
ESPE,Universidad de las Fuerzas Armadas-ESPE,ELECTRÓNICA Y AUTOMATIZACIÓN,8,gestionar sistemas de instrumentación,skill/competence,cross-sector,0.7438,http://data.europa.eu/esco/skill/5d71a91f-cc72-4b66-b6e3-d75ecc05e235
ESPE,Universidad de las Fuerzas Armadas-ESPE,ELECTRÓNICA Y AUTOMATIZACIÓN,9,establecer directrices de fabricación,skill/competence,cross-sector,0.7358,http://data.europa.eu/esco/skill/37520413-563e-4d99-a14c-1c6dca3cf833
ESPE,Universidad de las Fuerzas Armadas-ESPE,ELECTRÓNICA Y AUTOMATIZACIÓN,10,diseñar sistemas microelectrónicos,skill/competence,cross-sector,0.7326,http://data.europa.eu/esco/skill/8712b176-c063-462f-9d0f-2e3c54d9a2eb
ESPE,Universidad de las Fuerzas Armadas-ESPE,INGENIERÍA CIVIL,1,supervisar un proyecto de construcción,skill/competence,cross-sector,0.7384,http://data.europa.eu/esco/skill/1de548e0-9535-4d2e-9d20-d4474c1ea813
ESPE,Universidad de las Fuerzas Armadas-ESPE,INGENIERÍA CIVIL,2,garantizar el cumplimiento de los plazos de construcción,skill/competence,cross-sector,0.7356,http://data.europa.eu/esco/skill/6181f475-110c-497c-a46d-ed2e14e7bc90
ESPE,Universidad de las Fuerzas Armadas-ESPE,INGENIERÍA CIVIL,3,asesorar sobre temas de construcción,skill/competence,cross-sector,0.7335,http://data.europa.eu/esco/skill/3b64ab47-a874-403a-b781-7b23c2fc3c6c
ESPE,Universidad de las Fuerzas Armadas-ESPE,INGENIERÍA CIVIL,4,examinar las infraestructuras civiles,skill/competence,cross-sector,0.7281,http://data.europa.eu/esco/skill/d48b3cfe-80b6-406f-b582-d959b60417f8
ESPE,Universidad de las Fuerzas Armadas-ESPE,INGENIERÍA CIVIL,5,vigilar el cumplimiento de los parámetros de los proyectos de construcción,skill/competence,cross-sector,0.725,http://data.europa.eu/esco/skill/3dd3dfa7-51c0-40ef-af46-e2df300489f6
ESPE,Universidad de las Fuerzas Armadas-ESPE,INGENIERÍA CIVIL,6,coordinar equipos de ingeniería,skill/competence,cross-sector,0.7177,http://data.europa.eu/esco/skill/7af6e9e8-1e11-4c0b-b7c6-ac96bbbbc674
ESPE,Universidad de las Fuerzas Armadas-ESPE,INGENIERÍA CIVIL,7,revisar proyectos de construcción,skill/competence,cross-sector,0.7057,http://data.europa.eu/esco/skill/ea9fc9d9-c602-4430-a7fc-edac7429a6a8
ESPE,Universidad de las Fuerzas Armadas-ESPE,INGENIERÍA CIVIL,8,supervisar obras de construcción,skill/competence,cross-sector,0.7047,http://data.europa.eu/esco/skill/fc1a75bb-70e3-4005-881f-7709bf7b0ed4
ESPE,Universidad de las Fuerzas Armadas-ESPE,INGENIERÍA CIVIL,9,diseñar sistemas de transporte,skill/competence,cross-sector,0.7022,http://data.europa.eu/esco/skill/11f364dd-0814-4398-b00e-10d1be8b27af
ESPE,Universidad de las Fuerzas Armadas-ESPE,INGENIERÍA CIVIL,10,gestionar proyectos de ingeniería,skill/competence,cross-sector,0.7018,http://data.europa.eu/esco/skill/6a899482-8bcf-40ca-ae67-579a1cc467ab
ESPE,Universidad de las Fuerzas Armadas-ESPE,MECÁNICA,1,diseñar componentes de automatización,skill/competence,cross-sector,0.7503,http://data.europa.eu/esco/skill/f96f5aa5-6ed7-40dc-a431-68b0a09d6d4b
ESPE,Universidad de las Fuerzas Armadas-ESPE,MECÁNICA,2,desarrollar normas y procedimientos de fabricación,skill/competence,cross-sector,0.7444,http://data.europa.eu/esco/skill/764db027-9063-4468-acb3-c73ecfc76f35
ESPE,Universidad de las Fuerzas Armadas-ESPE,MECÁNICA,3,ingeniería industrial,knowledge,cross-sector,0.7394,http://data.europa.eu/esco/skill/a1816dfd-dbdc-4499-bef3-ff81dd895b33
ESPE,Universidad de las Fuerzas Armadas-ESPE,MECÁNICA,4,diseñar componentes de ingeniería,skill/competence,cross-sector,0.7382,http://data.europa.eu/esco/skill/87434439-c07d-48be-af34-b0cdd03121c4
ESPE,Universidad de las Fuerzas Armadas-ESPE,MECÁNICA,5,diseñar sistemas de control,skill/competence,cross-sector,0.7305,http://data.europa.eu/esco/skill/d560df46-dda4-4407-bab2-b87353a96814
ESPE,Universidad de las Fuerzas Armadas-ESPE,MECÁNICA,6,gestionar sistemas de instrumentación,skill/competence,cross-sector,0.7231,http://data.europa.eu/esco/skill/5d71a91f-cc72-4b66-b6e3-d75ecc05e235
ESPE,Universidad de las Fuerzas Armadas-ESPE,MECÁNICA,7,electromecánica,knowledge,cross-sector,0.7224,http://data.europa.eu/esco/skill/2bbdea06-a265-42b5-bb4f-7241b661f069
ESPE,Universidad de las Fuerzas Armadas-ESPE,MECÁNICA,8,proporcionar experiencia técnica,skill/competence,cross-sector,0.7224,http://data.europa.eu/esco/skill/c69587b4-05d3-45bb-b79b-9b85e6603fc2
ESPE,Universidad de las Fuerzas Armadas-ESPE,MECÁNICA,9,sistemas mecánicos,knowledge,cross-sector,0.7186,http://data.europa.eu/esco/skill/69bece91-c806-42ad-bde4-db28c7f8fc4b
ESPE,Universidad de las Fuerzas Armadas-ESPE,MECÁNICA,10,realizar todas las actividades de ingeniería de procesos,skill/competence,cross-sector,0.7172,http://data.europa.eu/esco/skill/8b9d609a-6d62-4d5c-9133-01d41979cfac
ESPE,Universidad de las Fuerzas Armadas-ESPE,MECATRÓNICA,1,diseñar componentes de automatización,skill/competence,cross-sector,0.7923,http://data.europa.eu/esco/skill/f96f5aa5-6ed7-40dc-a431-68b0a09d6d4b
ESPE,Universidad de las Fuerzas Armadas-ESPE,MECATRÓNICA,2,mecatrónica,knowledge,cross-sector,0.781,http://data.europa.eu/esco/skill/d88cb3f1-8e02-4618-bf32-4b0488066934
ESPE,Universidad de las Fuerzas Armadas-ESPE,MECATRÓNICA,3,desarrollar sistemas de instrumentación,skill/competence,cross-sector,0.7595,http://data.europa.eu/esco/skill/d8c19849-f4cf-458d-90cd-abe735a729bf
ESPE,Universidad de las Fuerzas Armadas-ESPE,MECATRÓNICA,4,diseñar sistemas de control,skill/competence,cross-sector,0.7561,http://data.europa.eu/esco/skill/d560df46-dda4-4407-bab2-b87353a96814
ESPE,Universidad de las Fuerzas Armadas-ESPE,MECATRÓNICA,5,robótica,knowledge,cross-sector,0.7349,http://data.europa.eu/esco/skill/e87ec79a-c9ff-46f5-84fa-7a0f394cdf40
ESPE,Universidad de las Fuerzas Armadas-ESPE,MECATRÓNICA,6,gestionar sistemas de instrumentación,skill/competence,cross-sector,0.7264,http://data.europa.eu/esco/skill/5d71a91f-cc72-4b66-b6e3-d75ecc05e235
ESPE,Universidad de las Fuerzas Armadas-ESPE,MECATRÓNICA,7,diseñar sistemas microelectrónicos,skill/competence,cross-sector,0.7162,http://data.europa.eu/esco/skill/8712b176-c063-462f-9d0f-2e3c54d9a2eb
ESPE,Universidad de las Fuerzas Armadas-ESPE,MECATRÓNICA,8,montar equipos de instrumentación,skill/competence,cross-sector,0.7147,http://data.europa.eu/esco/skill/af0b1937-7538-434f-871b-7e8f72e04117
ESPE,Universidad de las Fuerzas Armadas-ESPE,MECATRÓNICA,9,desarrollar nuevas técnicas de soldadura,skill/competence,cross-sector,0.7137,http://data.europa.eu/esco/skill/d73a88a6-6325-4c2b-887c-5d598580afad
ESPE,Universidad de las Fuerzas Armadas-ESPE,MECATRÓNICA,10,diseñar sistemas electromecánicos,skill/competence,cross-sector,0.7136,http://data.europa.eu/esco/skill/c5422318-3218-4ce9-9bdd-f38b93ff63a3
ESPE,Universidad de las Fuerzas Armadas-ESPE,SISTEMAS DE INFORMACIÓN,1,"gestionar datos, información y contenido digitales",skill/competence,cross-sector,0.7553,http://data.europa.eu/esco/skill/4d97e3c3-f335-47cc-a4ee-0d779fd42222
ESPE,Universidad de las Fuerzas Armadas-ESPE,SISTEMAS DE INFORMACIÓN,2,resolver problemas de sistemas TIC,skill/competence,cross-sector,0.7491,http://data.europa.eu/esco/skill/9e06bac6-6b91-48ca-8b7d-c1f48cdecd7c
ESPE,Universidad de las Fuerzas Armadas-ESPE,SISTEMAS DE INFORMACIÓN,3,gestionar sistemas de instrumentación,skill/competence,cross-sector,0.744,http://data.europa.eu/esco/skill/5d71a91f-cc72-4b66-b6e3-d75ecc05e235
ESPE,Universidad de las Fuerzas Armadas-ESPE,SISTEMAS DE INFORMACIÓN,4,gestionar sistemas administrativos,skill/competence,cross-sector,0.7325,http://data.europa.eu/esco/skill/6ae8306a-4f9d-4410-ac82-6406f3cbd16a
ESPE,Universidad de las Fuerzas Armadas-ESPE,SISTEMAS DE INFORMACIÓN,5,tecnología informática,knowledge,cross-sector,0.7212,http://data.europa.eu/esco/skill/ddc3119d-1d6e-4324-9125-a3380d299ac5
ESPE,Universidad de las Fuerzas Armadas-ESPE,SISTEMAS DE INFORMACIÓN,6,gestionar la identidad digital,skill/competence,cross-sector,0.7182,http://data.europa.eu/esco/skill/bc0b0b5d-f6be-405a-b224-b6902a4dbe97
ESPE,Universidad de las Fuerzas Armadas-ESPE,SISTEMAS DE INFORMACIÓN,7,proporcionar soporte de TIC,skill/competence,cross-sector,0.7168,http://data.europa.eu/esco/skill/c2296e2e-5fef-4f24-a24f-e5b3792268be
ESPE,Universidad de las Fuerzas Armadas-ESPE,SISTEMAS DE INFORMACIÓN,8,detectar necesidades tecnológicas,skill/competence,cross-sector,0.7134,http://data.europa.eu/esco/skill/42fcf80d-7b45-40f3-bd2f-5411c4c0dfa0
ESPE,Universidad de las Fuerzas Armadas-ESPE,SISTEMAS DE INFORMACIÓN,9,utilizar herramientas informáticas,skill/competence,cross-sector,0.7134,http://data.europa.eu/esco/skill/f632251a-4078-4546-b19f-7ef528d08325
ESPE,Universidad de las Fuerzas Armadas-ESPE,SISTEMAS DE INFORMACIÓN,10,gestionar al equipo encargado de la seguridad,skill/competence,cross-sector,0.712,http://data.europa.eu/esco/skill/6cd29d73-e352-40b4-89c5-cdb3faff0a38
ESPE,Universidad de las Fuerzas Armadas-ESPE,TELECOMUNICACIONES,1,desarrollar estrategias de comunicación,skill/competence,cross-sector,0.7621,http://data.europa.eu/esco/skill/3c834f6e-523a-49ee-8ed1-e073e28ae6fe
ESPE,Universidad de las Fuerzas Armadas-ESPE,TELECOMUNICACIONES,2,coordinar comunicaciones remotas,skill/competence,cross-sector,0.7576,http://data.europa.eu/esco/skill/9bafaea2-76cd-4532-ab77-8b3d21fa6235
ESPE,Universidad de las Fuerzas Armadas-ESPE,TELECOMUNICACIONES,3,crear soluciones para problemas informativos,skill/competence,cross-sector,0.738,http://data.europa.eu/esco/skill/4539aeca-b56f-4d03-ba86-8f675a7f2536
ESPE,Universidad de las Fuerzas Armadas-ESPE,TELECOMUNICACIONES,4,sector de las telecomunicaciones,knowledge,cross-sector,0.7355,http://data.europa.eu/esco/skill/60b44dab-03f1-46de-be08-0e5ba8662b3d
ESPE,Universidad de las Fuerzas Armadas-ESPE,TELECOMUNICACIONES,5,asesorar sobre estrategias de comunicación,skill/competence,cross-sector,0.7333,http://data.europa.eu/esco/skill/69f36674-440a-4fa0-89f9-1b70172ebb9d
ESPE,Universidad de las Fuerzas Armadas-ESPE,TELECOMUNICACIONES,6,coordinar equipos de ingeniería,skill/competence,cross-sector,0.731,http://data.europa.eu/esco/skill/7af6e9e8-1e11-4c0b-b7c6-ac96bbbbc674
ESPE,Universidad de las Fuerzas Armadas-ESPE,TELECOMUNICACIONES,7,gestionar proyectos de investigación y desarrollo,skill/competence,cross-sector,0.7275,http://data.europa.eu/esco/skill/d5dbc342-8e39-4998-8237-ebbe05a381ce
ESPE,Universidad de las Fuerzas Armadas-ESPE,TELECOMUNICACIONES,8,elaborar las estrategias empresariales,skill/competence,cross-sector,0.727,http://data.europa.eu/esco/skill/ba2c6181-b036-40b4-8f6d-51499463ccbb
ESPE,Universidad de las Fuerzas Armadas-ESPE,TELECOMUNICACIONES,9,detectar y corregir errores de las tecnologías de la información y de las comunicaciones,skill/competence,cross-sector,0.7255,http://data.europa.eu/esco/skill/744442ac-c157-4350-8be0-ce454df4f5c5
ESPE,Universidad de las Fuerzas Armadas-ESPE,TELECOMUNICACIONES,10,diseñar sistemas de control,skill/competence,cross-sector,0.7231,http://data.europa.eu/esco/skill/d560df46-dda4-4407-bab2-b87353a96814
UCSG,Universidad Católica de Santiago de Guayaquil (UCSG),ADMINISTRACIÓN DE EMPRESAS,1,elaborar las estrategias empresariales,skill/competence,cross-sector,0.7839,http://data.europa.eu/esco/skill/ba2c6181-b036-40b4-8f6d-51499463ccbb
UCSG,Universidad Católica de Santiago de Guayaquil (UCSG),ADMINISTRACIÓN DE EMPRESAS,2,gestionar empresas de producción,skill/competence,cross-sector,0.7824,http://data.europa.eu/esco/skill/435d1751-8667-41ec-8b32-865b7cd3c684
UCSG,Universidad Católica de Santiago de Guayaquil (UCSG),ADMINISTRACIÓN DE EMPRESAS,3,gestionar recursos humanos,skill/competence,cross-sector,0.7713,http://data.europa.eu/esco/skill/339ac029-066a-4985-9f9d-b3d7c8fea0bb
UCSG,Universidad Católica de Santiago de Guayaquil (UCSG),ADMINISTRACIÓN DE EMPRESAS,4,tener espíritu emprendedor,skill/competence,transversal,0.7612,http://data.europa.eu/esco/skill/bdcf429c-5ccf-4c3d-bb61-4c987573a35e
UCSG,Universidad Católica de Santiago de Guayaquil (UCSG),ADMINISTRACIÓN DE EMPRESAS,5,participar en las operaciones cotidianas de la empresa,skill/competence,cross-sector,0.7583,http://data.europa.eu/esco/skill/ce4cbc3a-bde0-43b4-9526-e643c4fe5b04
UCSG,Universidad Católica de Santiago de Guayaquil (UCSG),ADMINISTRACIÓN DE EMPRESAS,6,guiar a los gestores de los diferentes departamentos de la empresa,skill/competence,cross-sector,0.753,http://data.europa.eu/esco/skill/3e61ee41-2bd9-466f-b313-00ce04072410
UCSG,Universidad Católica de Santiago de Guayaquil (UCSG),ADMINISTRACIÓN DE EMPRESAS,7,gestionar proyectos,skill/competence,cross-sector,0.7464,http://data.europa.eu/esco/skill/cd5efa8c-e44d-4cbc-91c6-796018dbed68
UCSG,Universidad Católica de Santiago de Guayaquil (UCSG),ADMINISTRACIÓN DE EMPRESAS,8,coordinar actividades de planificación comercial,skill/competence,cross-sector,0.7462,http://data.europa.eu/esco/skill/90398aca-82b7-4f56-8e0f-814d949162b4
UCSG,Universidad Católica de Santiago de Guayaquil (UCSG),ADMINISTRACIÓN DE EMPRESAS,9,desarrollar políticas de la organización,skill/competence,cross-sector,0.7456,http://data.europa.eu/esco/skill/3254275d-a1b5-4640-9481-02f38780ac35
UCSG,Universidad Católica de Santiago de Guayaquil (UCSG),ADMINISTRACIÓN DE EMPRESAS,10,mejorar procesos empresariales,skill/competence,cross-sector,0.7438,http://data.europa.eu/esco/skill/75b30aeb-34c0-40f4-b77d-271d75a98b14
UCSG,Universidad Católica de Santiago de Guayaquil (UCSG),ECONOMÍA,1,analizar datos,skill/competence,cross-sector,0.7402,http://data.europa.eu/esco/skill/a571ae14-3e16-4fd3-a615-5646e0b0b696
UCSG,Universidad Católica de Santiago de Guayaquil (UCSG),ECONOMÍA,2,realizar un análisis empresarial,skill/competence,cross-sector,0.7372,http://data.europa.eu/esco/skill/27ed854c-15b8-4ba2-90e9-ae888a219703
UCSG,Universidad Católica de Santiago de Guayaquil (UCSG),ECONOMÍA,3,analizar las tendencias económicas,skill/competence,cross-sector,0.7366,http://data.europa.eu/esco/skill/5f302d63-048e-451c-b150-97c124a5a26b
UCSG,Universidad Católica de Santiago de Guayaquil (UCSG),ECONOMÍA,4,realizar estudios de mercado,skill/competence,cross-sector,0.736,http://data.europa.eu/esco/skill/fe39d4db-4cb5-4299-bb9f-896c8fd6ab13
UCSG,Universidad Católica de Santiago de Guayaquil (UCSG),ECONOMÍA,5,elaborar políticas de economía,skill/competence,cross-sector,0.7343,http://data.europa.eu/esco/skill/8394fefb-f62a-48c0-a156-3117cefdb9b3
UCSG,Universidad Católica de Santiago de Guayaquil (UCSG),ECONOMÍA,6,interpretar datos actuales,skill/competence,cross-sector,0.7319,http://data.europa.eu/esco/skill/1e77e42a-181f-4b48-8e74-201ce50ffc29
UCSG,Universidad Católica de Santiago de Guayaquil (UCSG),ECONOMÍA,7,utilizar analítica con fines comerciales,skill/competence,cross-sector,0.7286,http://data.europa.eu/esco/skill/683bc3e3-6ec1-4ad2-8d62-d0ac1fabbe76
UCSG,Universidad Católica de Santiago de Guayaquil (UCSG),ECONOMÍA,8,interpretar la información comercial,skill/competence,cross-sector,0.7266,http://data.europa.eu/esco/skill/3cb68bb2-66fc-495a-af82-012338a9402b
UCSG,Universidad Católica de Santiago de Guayaquil (UCSG),ECONOMÍA,9,predecir tendencias económicas,skill/competence,cross-sector,0.7239,http://data.europa.eu/esco/skill/f2a34d6b-131a-4b8f-a110-898b9c91d18f
UCSG,Universidad Católica de Santiago de Guayaquil (UCSG),ECONOMÍA,10,análisis de datos,knowledge,cross-sector,0.7211,http://data.europa.eu/esco/skill/97bd1c21-66b2-4b7e-ad0f-e3cda590e378
UCSG,Universidad Católica de Santiago de Guayaquil (UCSG),INGENIERÍA CIVIL,1,supervisar un proyecto de construcción,skill/competence,cross-sector,0.7357,http://data.europa.eu/esco/skill/1de548e0-9535-4d2e-9d20-d4474c1ea813
UCSG,Universidad Católica de Santiago de Guayaquil (UCSG),INGENIERÍA CIVIL,2,garantizar el cumplimiento de los plazos de construcción,skill/competence,cross-sector,0.7351,http://data.europa.eu/esco/skill/6181f475-110c-497c-a46d-ed2e14e7bc90
UCSG,Universidad Católica de Santiago de Guayaquil (UCSG),INGENIERÍA CIVIL,3,asesorar sobre temas de construcción,skill/competence,cross-sector,0.7347,http://data.europa.eu/esco/skill/3b64ab47-a874-403a-b781-7b23c2fc3c6c
UCSG,Universidad Católica de Santiago de Guayaquil (UCSG),INGENIERÍA CIVIL,4,vigilar el cumplimiento de los parámetros de los proyectos de construcción,skill/competence,cross-sector,0.7217,http://data.europa.eu/esco/skill/3dd3dfa7-51c0-40ef-af46-e2df300489f6
UCSG,Universidad Católica de Santiago de Guayaquil (UCSG),INGENIERÍA CIVIL,5,diseñar sistemas de transporte,skill/competence,cross-sector,0.7152,http://data.europa.eu/esco/skill/11f364dd-0814-4398-b00e-10d1be8b27af
UCSG,Universidad Católica de Santiago de Guayaquil (UCSG),INGENIERÍA CIVIL,6,examinar las infraestructuras civiles,skill/competence,cross-sector,0.7129,http://data.europa.eu/esco/skill/d48b3cfe-80b6-406f-b582-d959b60417f8
UCSG,Universidad Católica de Santiago de Guayaquil (UCSG),INGENIERÍA CIVIL,7,coordinar equipos de ingeniería,skill/competence,cross-sector,0.7056,http://data.europa.eu/esco/skill/7af6e9e8-1e11-4c0b-b7c6-ac96bbbbc674
UCSG,Universidad Católica de Santiago de Guayaquil (UCSG),INGENIERÍA CIVIL,8,diseñar edificios,skill/competence,cross-sector,0.7038,http://data.europa.eu/esco/skill/7c3cde53-9ff7-4e82-8396-13fdfadd3432
UCSG,Universidad Católica de Santiago de Guayaquil (UCSG),INGENIERÍA CIVIL,9,revisar proyectos de construcción,skill/competence,cross-sector,0.6944,http://data.europa.eu/esco/skill/ea9fc9d9-c602-4430-a7fc-edac7429a6a8
UCSG,Universidad Católica de Santiago de Guayaquil (UCSG),INGENIERÍA CIVIL,10,proteger humedales en el desarrollo de proyectos,skill/competence,cross-sector,0.6929,http://data.europa.eu/esco/skill/e2028206-3060-4e81-8350-77baefabefde
UCSG,Universidad Católica de Santiago de Guayaquil (UCSG),INGENIERÍA INDUSTRIAL,1,gestionar los suministros,skill/competence,cross-sector,0.8269,http://data.europa.eu/esco/skill/020b3c27-bae1-4b85-9d6f-eccee0f5ed99
UCSG,Universidad Católica de Santiago de Guayaquil (UCSG),INGENIERÍA INDUSTRIAL,2,analizar estrategias de gestión de la cadena de suministro,skill/competence,cross-sector,0.815,http://data.europa.eu/esco/skill/96d549bb-3e62-4c45-92a7-f114df089581
UCSG,Universidad Católica de Santiago de Guayaquil (UCSG),INGENIERÍA INDUSTRIAL,3,gestionar empresas de producción,skill/competence,cross-sector,0.807,http://data.europa.eu/esco/skill/435d1751-8667-41ec-8b32-865b7cd3c684
UCSG,Universidad Católica de Santiago de Guayaquil (UCSG),INGENIERÍA INDUSTRIAL,4,gestionar la calidad,skill/competence,transversal,0.7913,http://data.europa.eu/esco/skill/35ebe444-9ece-4fbc-a55d-e99ea37267ae
UCSG,Universidad Católica de Santiago de Guayaquil (UCSG),INGENIERÍA INDUSTRIAL,5,integrar productos nuevos en la cadena de fabricación,skill/competence,cross-sector,0.7887,http://data.europa.eu/esco/skill/8a753714-9a19-4418-9b37-77e79d72c705
UCSG,Universidad Católica de Santiago de Guayaquil (UCSG),INGENIERÍA INDUSTRIAL,6,controlar la producción,skill/competence,cross-sector,0.7831,http://data.europa.eu/esco/skill/feceacee-d425-4e73-821a-02dfb85084db
UCSG,Universidad Católica de Santiago de Guayaquil (UCSG),INGENIERÍA INDUSTRIAL,7,impartir formación sobre cómo supervisar la gestión de la calidad,skill/competence,cross-sector,0.7826,http://data.europa.eu/esco/skill/09e7cd13-ea36-4694-afe5-f34373759392
UCSG,Universidad Católica de Santiago de Guayaquil (UCSG),INGENIERÍA INDUSTRIAL,8,inspeccionar la calidad de los productos,skill/competence,cross-sector,0.7744,http://data.europa.eu/esco/skill/1a3660c2-011c-4e96-9b1d-529afc305428
UCSG,Universidad Católica de Santiago de Guayaquil (UCSG),INGENIERÍA INDUSTRIAL,9,gestionar la logística,skill/competence,cross-sector,0.7726,http://data.europa.eu/esco/skill/953c0b65-537a-42fe-a90b-26cd36c64361
UCSG,Universidad Católica de Santiago de Guayaquil (UCSG),INGENIERÍA INDUSTRIAL,10,gestión de la cadena de suministro,knowledge,cross-sector,0.7692,http://data.europa.eu/esco/skill/f929c89e-c363-4132-a918-e021d57b307c
UCSG,Universidad Católica de Santiago de Guayaquil (UCSG),INGENIERÍA QUÍMICA,1,fabricar productos químicos,skill/competence,cross-sector,0.7742,http://data.europa.eu/esco/skill/4309a39d-af97-4e56-8d0e-5351b7b8dd01
UCSG,Universidad Católica de Santiago de Guayaquil (UCSG),INGENIERÍA QUÍMICA,2,mejorar procesos químicos,skill/competence,cross-sector,0.7706,http://data.europa.eu/esco/skill/451c8010-7dbb-4f96-b4d4-0955766d9eff
UCSG,Universidad Católica de Santiago de Guayaquil (UCSG),INGENIERÍA QUÍMICA,3,gestionar el impacto medioambiental de las operaciones,skill/competence,cross-sector,0.7521,http://data.europa.eu/esco/skill/d86babea-bf8b-4552-81a8-daf706066ad6
UCSG,Universidad Católica de Santiago de Guayaquil (UCSG),INGENIERÍA QUÍMICA,4,gestionar procedimientos de ensayos de sustancias químicas,skill/competence,cross-sector,0.7483,http://data.europa.eu/esco/skill/abcfd4de-3b3d-48ed-a002-36071bad8d46
UCSG,Universidad Católica de Santiago de Guayaquil (UCSG),INGENIERÍA QUÍMICA,5,manipular productos químicos,skill/competence,cross-sector,0.7483,http://data.europa.eu/esco/skill/2416dc09-6384-409e-8b1d-80bb7a2e7369
UCSG,Universidad Católica de Santiago de Guayaquil (UCSG),INGENIERÍA QUÍMICA,6,elaborar fórmulas de fabricación,skill/competence,cross-sector,0.7413,http://data.europa.eu/esco/skill/b2ad4e50-cb82-4a34-ab3e-5b5f6c4f9b65
UCSG,Universidad Católica de Santiago de Guayaquil (UCSG),INGENIERÍA QUÍMICA,7,desarrollar normas y procedimientos de fabricación,skill/competence,cross-sector,0.7381,http://data.europa.eu/esco/skill/764db027-9063-4468-acb3-c73ecfc76f35
UCSG,Universidad Católica de Santiago de Guayaquil (UCSG),INGENIERÍA QUÍMICA,8,trabajar con sustancias químicas,skill/competence,cross-sector,0.7356,http://data.europa.eu/esco/skill/929a997b-d56c-4383-b36d-6de9fa0e1721
UCSG,Universidad Católica de Santiago de Guayaquil (UCSG),INGENIERÍA QUÍMICA,9,desarrollar procedimientos de ensayo de materiales,skill/competence,cross-sector,0.7352,http://data.europa.eu/esco/skill/658b6ea0-79f5-451d-a037-7593a4416c85
UCSG,Universidad Católica de Santiago de Guayaquil (UCSG),INGENIERÍA QUÍMICA,10,realizar todas las actividades de ingeniería de procesos,skill/competence,cross-sector,0.7346,http://data.europa.eu/esco/skill/8b9d609a-6d62-4d5c-9133-01d41979cfac
UCSG,Universidad Católica de Santiago de Guayaquil (UCSG),COMPUTACIÓN,1,elaborar software estadístico,skill/competence,cross-sector,0.7433,http://data.europa.eu/esco/skill/bb165899-d95f-4433-95f2-173fefd716d2
UCSG,Universidad Católica de Santiago de Guayaquil (UCSG),COMPUTACIÓN,2,crear soluciones para problemas,skill/competence,cross-sector,0.7274,http://data.europa.eu/esco/skill/03b9b491-fc9b-4868-914a-bf7cd47b5041
UCSG,Universidad Católica de Santiago de Guayaquil (UCSG),COMPUTACIÓN,3,resolver problemas de sistemas TIC,skill/competence,cross-sector,0.7242,http://data.europa.eu/esco/skill/9e06bac6-6b91-48ca-8b7d-c1f48cdecd7c
UCSG,Universidad Católica de Santiago de Guayaquil (UCSG),COMPUTACIÓN,4,programación informática,knowledge,cross-sector,0.721,http://data.europa.eu/esco/skill/21d2f96d-35f7-4e3f-9745-c533d2dd6e97
UCSG,Universidad Católica de Santiago de Guayaquil (UCSG),COMPUTACIÓN,5,resolver problemas técnicos,skill/competence,cross-sector,0.7193,http://data.europa.eu/esco/skill/14832d87-2f2f-4895-b290-e4760ebae42a
UCSG,Universidad Católica de Santiago de Guayaquil (UCSG),COMPUTACIÓN,6,asesorar a la clientela acerca de las posibilidades técnicas,skill/competence,cross-sector,0.7144,http://data.europa.eu/esco/skill/7b3abd38-61ae-42a4-88bb-0884784f9ee1
UCSG,Universidad Católica de Santiago de Guayaquil (UCSG),COMPUTACIÓN,7,aplicar políticas organizativas del sistema,skill/competence,cross-sector,0.7142,http://data.europa.eu/esco/skill/07e47d58-dd0e-4302-9e68-70a188e89065
UCSG,Universidad Católica de Santiago de Guayaquil (UCSG),COMPUTACIÓN,8,diseñar sistemas de control,skill/competence,cross-sector,0.7132,http://data.europa.eu/esco/skill/d560df46-dda4-4407-bab2-b87353a96814
UCSG,Universidad Católica de Santiago de Guayaquil (UCSG),COMPUTACIÓN,9,resolver problemas,skill/competence,transversal,0.712,http://data.europa.eu/esco/skill/adc6dc11-3376-467b-96c5-9b0a21edc869
UCSG,Universidad Católica de Santiago de Guayaquil (UCSG),COMPUTACIÓN,10,desarrollar normas y procedimientos de fabricación,skill/competence,cross-sector,0.7115,http://data.europa.eu/esco/skill/764db027-9063-4468-acb3-c73ecfc76f35
UCSG,Universidad Católica de Santiago de Guayaquil (UCSG),SISTEMAS DE INFORMACIÓN,1,resolver problemas de sistemas TIC,skill/competence,cross-sector,0.7493,http://data.europa.eu/esco/skill/9e06bac6-6b91-48ca-8b7d-c1f48cdecd7c
UCSG,Universidad Católica de Santiago de Guayaquil (UCSG),SISTEMAS DE INFORMACIÓN,2,"gestionar datos, información y contenido digitales",skill/competence,cross-sector,0.747,http://data.europa.eu/esco/skill/4d97e3c3-f335-47cc-a4ee-0d779fd42222
UCSG,Universidad Católica de Santiago de Guayaquil (UCSG),SISTEMAS DE INFORMACIÓN,3,crear soluciones para problemas informativos,skill/competence,cross-sector,0.7428,http://data.europa.eu/esco/skill/4539aeca-b56f-4d03-ba86-8f675a7f2536
UCSG,Universidad Católica de Santiago de Guayaquil (UCSG),SISTEMAS DE INFORMACIÓN,4,detectar necesidades tecnológicas,skill/competence,cross-sector,0.7346,http://data.europa.eu/esco/skill/42fcf80d-7b45-40f3-bd2f-5411c4c0dfa0
UCSG,Universidad Católica de Santiago de Guayaquil (UCSG),SISTEMAS DE INFORMACIÓN,5,gestionar sistemas de instrumentación,skill/competence,cross-sector,0.7291,http://data.europa.eu/esco/skill/5d71a91f-cc72-4b66-b6e3-d75ecc05e235
UCSG,Universidad Católica de Santiago de Guayaquil (UCSG),SISTEMAS DE INFORMACIÓN,6,realizar gestión de clientes,skill/competence,cross-sector,0.7203,http://data.europa.eu/esco/skill/91306a20-9b81-4f3d-97eb-f5368b607da7
UCSG,Universidad Católica de Santiago de Guayaquil (UCSG),SISTEMAS DE INFORMACIÓN,7,"utilizar tecnologías digitales para compartir datos, información y contenido digitales",skill/competence,cross-sector,0.7196,http://data.europa.eu/esco/skill/40001d93-8937-4859-89d5-2dca53290ff4
UCSG,Universidad Católica de Santiago de Guayaquil (UCSG),SISTEMAS DE INFORMACIÓN,8,gestionar la identidad digital,skill/competence,cross-sector,0.719,http://data.europa.eu/esco/skill/bc0b0b5d-f6be-405a-b224-b6902a4dbe97
UCSG,Universidad Católica de Santiago de Guayaquil (UCSG),SISTEMAS DE INFORMACIÓN,9,resolver problemas técnicos,skill/competence,cross-sector,0.7187,http://data.europa.eu/esco/skill/14832d87-2f2f-4895-b290-e4760ebae42a
UCSG,Universidad Católica de Santiago de Guayaquil (UCSG),SISTEMAS DE INFORMACIÓN,10,Proponer soluciones tecnológicas a problemas empresariales,skill/competence,cross-sector,0.7166,http://data.europa.eu/esco/skill/07e51c60-763a-4335-b4ec-70a15f66d328
UCSG,Universidad Católica de Santiago de Guayaquil (UCSG),TELECOMUNICACIONES,1,desarrollar estrategias de comunicación,skill/competence,cross-sector,0.7664,http://data.europa.eu/esco/skill/3c834f6e-523a-49ee-8ed1-e073e28ae6fe
UCSG,Universidad Católica de Santiago de Guayaquil (UCSG),TELECOMUNICACIONES,2,coordinar comunicaciones remotas,skill/competence,cross-sector,0.7587,http://data.europa.eu/esco/skill/9bafaea2-76cd-4532-ab77-8b3d21fa6235
UCSG,Universidad Católica de Santiago de Guayaquil (UCSG),TELECOMUNICACIONES,3,gestionar proyectos de investigación y desarrollo,skill/competence,cross-sector,0.7473,http://data.europa.eu/esco/skill/d5dbc342-8e39-4998-8237-ebbe05a381ce
UCSG,Universidad Católica de Santiago de Guayaquil (UCSG),TELECOMUNICACIONES,4,sector de las telecomunicaciones,knowledge,cross-sector,0.7443,http://data.europa.eu/esco/skill/60b44dab-03f1-46de-be08-0e5ba8662b3d
UCSG,Universidad Católica de Santiago de Guayaquil (UCSG),TELECOMUNICACIONES,5,coordinar equipos de ingeniería,skill/competence,cross-sector,0.7387,http://data.europa.eu/esco/skill/7af6e9e8-1e11-4c0b-b7c6-ac96bbbbc674
UCSG,Universidad Católica de Santiago de Guayaquil (UCSG),TELECOMUNICACIONES,6,diseñar sistemas de control,skill/competence,cross-sector,0.7367,http://data.europa.eu/esco/skill/d560df46-dda4-4407-bab2-b87353a96814
UCSG,Universidad Católica de Santiago de Guayaquil (UCSG),TELECOMUNICACIONES,7,ingeniería de telecomunicaciones,knowledge,cross-sector,0.7365,http://data.europa.eu/esco/skill/14764a75-3104-4875-ba1d-57c059b9b013
UCSG,Universidad Católica de Santiago de Guayaquil (UCSG),TELECOMUNICACIONES,8,detectar y corregir errores de las tecnologías de la información y de las comunicaciones,skill/competence,cross-sector,0.7353,http://data.europa.eu/esco/skill/744442ac-c157-4350-8be0-ce454df4f5c5
UCSG,Universidad Católica de Santiago de Guayaquil (UCSG),TELECOMUNICACIONES,9,gestionar las comunicaciones visuales,skill/competence,cross-sector,0.7346,http://data.europa.eu/esco/skill/50b96d21-f2eb-4f35-a8d3-77eee15ef51f
UCSG,Universidad Católica de Santiago de Guayaquil (UCSG),TELECOMUNICACIONES,10,crear soluciones para problemas informativos,skill/competence,cross-sector,0.7331,http://data.europa.eu/esco/skill/4539aeca-b56f-4d03-ba86-8f675a7f2536
PUCE,Pontificia Universidad Católica del Ecuador,ADMINISTRACIÓN DE EMPRESAS,1,gestionar empresas de producción,skill/competence,cross-sector,0.773,http://data.europa.eu/esco/skill/435d1751-8667-41ec-8b32-865b7cd3c684
PUCE,Pontificia Universidad Católica del Ecuador,ADMINISTRACIÓN DE EMPRESAS,2,gestionar recursos humanos,skill/competence,cross-sector,0.7678,http://data.europa.eu/esco/skill/339ac029-066a-4985-9f9d-b3d7c8fea0bb
PUCE,Pontificia Universidad Católica del Ecuador,ADMINISTRACIÓN DE EMPRESAS,3,elaborar las estrategias empresariales,skill/competence,cross-sector,0.764,http://data.europa.eu/esco/skill/ba2c6181-b036-40b4-8f6d-51499463ccbb
PUCE,Pontificia Universidad Católica del Ecuador,ADMINISTRACIÓN DE EMPRESAS,4,participar en las operaciones cotidianas de la empresa,skill/competence,cross-sector,0.7562,http://data.europa.eu/esco/skill/ce4cbc3a-bde0-43b4-9526-e643c4fe5b04
PUCE,Pontificia Universidad Católica del Ecuador,ADMINISTRACIÓN DE EMPRESAS,5,tener espíritu emprendedor,skill/competence,transversal,0.7503,http://data.europa.eu/esco/skill/bdcf429c-5ccf-4c3d-bb61-4c987573a35e
PUCE,Pontificia Universidad Católica del Ecuador,ADMINISTRACIÓN DE EMPRESAS,6,coordinar actividades de planificación comercial,skill/competence,cross-sector,0.7421,http://data.europa.eu/esco/skill/90398aca-82b7-4f56-8e0f-814d949162b4
PUCE,Pontificia Universidad Católica del Ecuador,ADMINISTRACIÓN DE EMPRESAS,7,desarrollar políticas de la organización,skill/competence,cross-sector,0.7363,http://data.europa.eu/esco/skill/3254275d-a1b5-4640-9481-02f38780ac35
PUCE,Pontificia Universidad Católica del Ecuador,ADMINISTRACIÓN DE EMPRESAS,8,guiar a los gestores de los diferentes departamentos de la empresa,skill/competence,cross-sector,0.7358,http://data.europa.eu/esco/skill/3e61ee41-2bd9-466f-b313-00ce04072410
PUCE,Pontificia Universidad Católica del Ecuador,ADMINISTRACIÓN DE EMPRESAS,9,formar equipos dentro de la empresa en base a las competencias,skill/competence,cross-sector,0.7317,http://data.europa.eu/esco/skill/f1155d3f-fbca-4298-a31c-f6955653bacf
PUCE,Pontificia Universidad Católica del Ecuador,ADMINISTRACIÓN DE EMPRESAS,10,gestionar proyectos,skill/competence,cross-sector,0.7286,http://data.europa.eu/esco/skill/cd5efa8c-e44d-4cbc-91c6-796018dbed68
PUCE,Pontificia Universidad Católica del Ecuador,CIENCIA DE DATOS E INTELIGENCIA ARTIFICIAL,1,ciencia de datos,knowledge,cross-sector,0.7079,http://data.europa.eu/esco/skill/edebd83d-35f6-4ed5-a940-6c203d178c01
PUCE,Pontificia Universidad Católica del Ecuador,CIENCIA DE DATOS E INTELIGENCIA ARTIFICIAL,2,analizar datos,skill/competence,cross-sector,0.6941,http://data.europa.eu/esco/skill/a571ae14-3e16-4fd3-a615-5646e0b0b696
PUCE,Pontificia Universidad Católica del Ecuador,CIENCIA DE DATOS E INTELIGENCIA ARTIFICIAL,3,crear soluciones para problemas informativos,skill/competence,cross-sector,0.6781,http://data.europa.eu/esco/skill/4539aeca-b56f-4d03-ba86-8f675a7f2536
PUCE,Pontificia Universidad Católica del Ecuador,CIENCIA DE DATOS E INTELIGENCIA ARTIFICIAL,4,interpretar información matemática,skill/competence,transversal,0.678,http://data.europa.eu/esco/skill/6fc6f757-6baa-49fe-9a82-6ba6a52f2e13
PUCE,Pontificia Universidad Católica del Ecuador,CIENCIA DE DATOS E INTELIGENCIA ARTIFICIAL,5,utilizar técnicas de tratamiento de datos,skill/competence,cross-sector,0.676,http://data.europa.eu/esco/skill/1b70a55d-b8a4-49fc-96c6-15ab4cff2522
PUCE,Pontificia Universidad Católica del Ecuador,CIENCIA DE DATOS E INTELIGENCIA ARTIFICIAL,6,gestionar datos cuantitativos,skill/competence,cross-sector,0.6748,http://data.europa.eu/esco/skill/57231a22-4da7-49c8-97b8-75672feadf1e
PUCE,Pontificia Universidad Católica del Ecuador,CIENCIA DE DATOS E INTELIGENCIA ARTIFICIAL,7,gestionar datos de investigación,skill/competence,cross-sector,0.6737,http://data.europa.eu/esco/skill/08b04e53-ed25-41a2-9f90-0b9cd939ba3d
PUCE,Pontificia Universidad Católica del Ecuador,CIENCIA DE DATOS E INTELIGENCIA ARTIFICIAL,8,elaborar software estadístico,skill/competence,cross-sector,0.6683,http://data.europa.eu/esco/skill/bb165899-d95f-4433-95f2-173fefd716d2
PUCE,Pontificia Universidad Católica del Ecuador,CIENCIA DE DATOS E INTELIGENCIA ARTIFICIAL,9,ejecutar cálculos matemáticos analíticos,skill/competence,cross-sector,0.6667,http://data.europa.eu/esco/skill/31c69100-b612-4a61-8db5-fd314318854c
PUCE,Pontificia Universidad Católica del Ecuador,CIENCIA DE DATOS E INTELIGENCIA ARTIFICIAL,10,analizar inteligencia de datos,skill/competence,cross-sector,0.6622,http://data.europa.eu/esco/skill/47a49cd6-097d-457a-9f7b-c290c14930d5
PUCE,Pontificia Universidad Católica del Ecuador,COMPUTACIÓN,1,asesorar a la clientela acerca de las posibilidades técnicas,skill/competence,cross-sector,0.7307,http://data.europa.eu/esco/skill/7b3abd38-61ae-42a4-88bb-0884784f9ee1
PUCE,Pontificia Universidad Católica del Ecuador,COMPUTACIÓN,2,gestionar proyectos de investigación y desarrollo,skill/competence,cross-sector,0.7286,http://data.europa.eu/esco/skill/d5dbc342-8e39-4998-8237-ebbe05a381ce
PUCE,Pontificia Universidad Católica del Ecuador,COMPUTACIÓN,3,resolver problemas técnicos,skill/competence,cross-sector,0.7277,http://data.europa.eu/esco/skill/14832d87-2f2f-4895-b290-e4760ebae42a
PUCE,Pontificia Universidad Católica del Ecuador,COMPUTACIÓN,4,resolver problemas,skill/competence,transversal,0.7247,http://data.europa.eu/esco/skill/adc6dc11-3376-467b-96c5-9b0a21edc869
PUCE,Pontificia Universidad Católica del Ecuador,COMPUTACIÓN,5,Proponer soluciones tecnológicas a problemas empresariales,skill/competence,cross-sector,0.7244,http://data.europa.eu/esco/skill/07e51c60-763a-4335-b4ec-70a15f66d328
PUCE,Pontificia Universidad Católica del Ecuador,COMPUTACIÓN,6,programación informática,knowledge,cross-sector,0.7239,http://data.europa.eu/esco/skill/21d2f96d-35f7-4e3f-9745-c533d2dd6e97
PUCE,Pontificia Universidad Católica del Ecuador,COMPUTACIÓN,7,gestionar varios proyectos,skill/competence,cross-sector,0.7221,http://data.europa.eu/esco/skill/c881ddd2-9c0e-4743-bd24-36be650493dd
PUCE,Pontificia Universidad Católica del Ecuador,COMPUTACIÓN,8,crear soluciones para problemas,skill/competence,cross-sector,0.722,http://data.europa.eu/esco/skill/03b9b491-fc9b-4868-914a-bf7cd47b5041
PUCE,Pontificia Universidad Católica del Ecuador,COMPUTACIÓN,9,diseñar sistemas de control,skill/competence,cross-sector,0.7218,http://data.europa.eu/esco/skill/d560df46-dda4-4407-bab2-b87353a96814
PUCE,Pontificia Universidad Católica del Ecuador,COMPUTACIÓN,10,elaborar software estadístico,skill/competence,cross-sector,0.7204,http://data.europa.eu/esco/skill/bb165899-d95f-4433-95f2-173fefd716d2
PUCE,Pontificia Universidad Católica del Ecuador,ECONOMÍA,1,elaborar políticas de economía,skill/competence,cross-sector,0.7695,http://data.europa.eu/esco/skill/8394fefb-f62a-48c0-a156-3117cefdb9b3
PUCE,Pontificia Universidad Católica del Ecuador,ECONOMÍA,2,analizar las tendencias económicas,skill/competence,cross-sector,0.7566,http://data.europa.eu/esco/skill/5f302d63-048e-451c-b150-97c124a5a26b
PUCE,Pontificia Universidad Católica del Ecuador,ECONOMÍA,3,predecir tendencias económicas,skill/competence,cross-sector,0.7478,http://data.europa.eu/esco/skill/f2a34d6b-131a-4b8f-a110-898b9c91d18f
PUCE,Pontificia Universidad Católica del Ecuador,ECONOMÍA,4,realizar estudios de mercado,skill/competence,cross-sector,0.7406,http://data.europa.eu/esco/skill/fe39d4db-4cb5-4299-bb9f-896c8fd6ab13
PUCE,Pontificia Universidad Católica del Ecuador,ECONOMÍA,5,realizar un análisis empresarial,skill/competence,cross-sector,0.7335,http://data.europa.eu/esco/skill/27ed854c-15b8-4ba2-90e9-ae888a219703
PUCE,Pontificia Universidad Católica del Ecuador,ECONOMÍA,6,tener en cuenta los criterios económicos en la toma de decisiones,skill/competence,cross-sector,0.7294,http://data.europa.eu/esco/skill/d41262ae-eca1-4ede-89a8-46d2d99a7a31
PUCE,Pontificia Universidad Católica del Ecuador,ECONOMÍA,7,asesorar sobre el desarrollo económico,skill/competence,cross-sector,0.7214,http://data.europa.eu/esco/skill/384ed14c-bf1f-4a65-aef6-6e711f43c4ce
PUCE,Pontificia Universidad Católica del Ecuador,ECONOMÍA,8,extraer las conclusiones de los resultados de un estudio de mercado,skill/competence,cross-sector,0.7139,http://data.europa.eu/esco/skill/46cb7282-7fb0-4d3c-b6b8-bfe81fab077e
PUCE,Pontificia Universidad Católica del Ecuador,ECONOMÍA,9,economía,knowledge,cross-sector,0.7132,http://data.europa.eu/esco/skill/88af9294-b697-4687-ae19-aefbb6234dfa
PUCE,Pontificia Universidad Católica del Ecuador,ECONOMÍA,10,analizar los factores externos a una empresa,skill/competence,cross-sector,0.7119,http://data.europa.eu/esco/skill/ce5b1446-b5e3-4f05-a5ac-83f2ee142a44
PUCE,Pontificia Universidad Católica del Ecuador,INGENIERÍA CIVIL,1,asesorar sobre temas de construcción,skill/competence,cross-sector,0.7277,http://data.europa.eu/esco/skill/3b64ab47-a874-403a-b781-7b23c2fc3c6c
PUCE,Pontificia Universidad Católica del Ecuador,INGENIERÍA CIVIL,2,examinar las infraestructuras civiles,skill/competence,cross-sector,0.723,http://data.europa.eu/esco/skill/d48b3cfe-80b6-406f-b582-d959b60417f8
PUCE,Pontificia Universidad Católica del Ecuador,INGENIERÍA CIVIL,3,supervisar un proyecto de construcción,skill/competence,cross-sector,0.7219,http://data.europa.eu/esco/skill/1de548e0-9535-4d2e-9d20-d4474c1ea813
PUCE,Pontificia Universidad Católica del Ecuador,INGENIERÍA CIVIL,4,garantizar el cumplimiento de los plazos de construcción,skill/competence,cross-sector,0.7193,http://data.europa.eu/esco/skill/6181f475-110c-497c-a46d-ed2e14e7bc90
PUCE,Pontificia Universidad Católica del Ecuador,INGENIERÍA CIVIL,5,vigilar el cumplimiento de los parámetros de los proyectos de construcción,skill/competence,cross-sector,0.7075,http://data.europa.eu/esco/skill/3dd3dfa7-51c0-40ef-af46-e2df300489f6
PUCE,Pontificia Universidad Católica del Ecuador,INGENIERÍA CIVIL,6,coordinar equipos de ingeniería,skill/competence,cross-sector,0.6998,http://data.europa.eu/esco/skill/7af6e9e8-1e11-4c0b-b7c6-ac96bbbbc674
PUCE,Pontificia Universidad Católica del Ecuador,INGENIERÍA CIVIL,7,diseñar sistemas de transporte,skill/competence,cross-sector,0.6986,http://data.europa.eu/esco/skill/11f364dd-0814-4398-b00e-10d1be8b27af
PUCE,Pontificia Universidad Católica del Ecuador,INGENIERÍA CIVIL,8,revisar proyectos de construcción,skill/competence,cross-sector,0.6894,http://data.europa.eu/esco/skill/ea9fc9d9-c602-4430-a7fc-edac7429a6a8
PUCE,Pontificia Universidad Católica del Ecuador,INGENIERÍA CIVIL,9,ingeniería civil,knowledge,cross-sector,0.6881,http://data.europa.eu/esco/skill/82887396-e5bf-4306-af51-3fe8d82790b2
PUCE,Pontificia Universidad Católica del Ecuador,INGENIERÍA CIVIL,10,diseñar edificios,skill/competence,cross-sector,0.6855,http://data.europa.eu/esco/skill/7c3cde53-9ff7-4e82-8396-13fdfadd3432
PUCE,Pontificia Universidad Católica del Ecuador,MATEMÁTICA,1,interpretar información matemática,skill/competence,transversal,0.7789,http://data.europa.eu/esco/skill/6fc6f757-6baa-49fe-9a82-6ba6a52f2e13
PUCE,Pontificia Universidad Católica del Ecuador,MATEMÁTICA,2,realizar cálculos,skill/competence,transversal,0.7709,http://data.europa.eu/esco/skill/19ba11f3-9c99-41fd-a7c9-f77e6a026186
PUCE,Pontificia Universidad Católica del Ecuador,MATEMÁTICA,3,ejecutar cálculos matemáticos analíticos,skill/competence,cross-sector,0.7667,http://data.europa.eu/esco/skill/31c69100-b612-4a61-8db5-fd314318854c
PUCE,Pontificia Universidad Católica del Ecuador,MATEMÁTICA,4,comunicar información matemática,skill/competence,cross-sector,0.7619,http://data.europa.eu/esco/skill/a5826fe3-8df6-4fa8-adad-b7116864588f
PUCE,Pontificia Universidad Católica del Ecuador,MATEMÁTICA,5,enseñar en contextos académicos o profesionales,skill/competence,cross-sector,0.7478,http://data.europa.eu/esco/skill/4cd85845-f31c-4306-994d-e12d45114d83
PUCE,Pontificia Universidad Católica del Ecuador,MATEMÁTICA,6,aplicar competencias matemáticas,skill/competence,cross-sector,0.7298,http://data.europa.eu/esco/skill/5dd01a1e-7ba0-4b7f-a76c-ed811c12bfde
PUCE,Pontificia Universidad Católica del Ecuador,MATEMÁTICA,7,"aplicar conocimientos científicos, tecnológicos y de ingeniería",skill/competence,transversal,0.729,http://data.europa.eu/esco/skill/5c3ab99d-a3f1-4620-9602-d12d2151a03d
PUCE,Pontificia Universidad Católica del Ecuador,MATEMÁTICA,8,gestionar datos de investigación,skill/competence,cross-sector,0.7282,http://data.europa.eu/esco/skill/08b04e53-ed25-41a2-9f90-0b9cd939ba3d
PUCE,Pontificia Universidad Católica del Ecuador,MATEMÁTICA,9,prestar asistencia en investigaciones científicas,skill/competence,cross-sector,0.7264,http://data.europa.eu/esco/skill/d6179c4b-ff5a-4bbb-a3c8-e0acf0de1f56
PUCE,Pontificia Universidad Católica del Ecuador,MATEMÁTICA,10,redactar propuestas de investigación,skill/competence,cross-sector,0.7247,http://data.europa.eu/esco/skill/0ee7b0d6-db98-4785-9948-f2ef415d155a
PUCE,Pontificia Universidad Católica del Ecuador,INGENIERÍA AMBIENTAL,1,gestionar el impacto medioambiental de las operaciones,skill/competence,cross-sector,0.8358,http://data.europa.eu/esco/skill/d86babea-bf8b-4552-81a8-daf706066ad6
PUCE,Pontificia Universidad Católica del Ecuador,INGENIERÍA AMBIENTAL,2,supervisar sistemas de gestión ambiental,skill/competence,cross-sector,0.8248,http://data.europa.eu/esco/skill/b13e0689-636d-42d0-86c3-df9d6f85a882
PUCE,Pontificia Universidad Católica del Ecuador,INGENIERÍA AMBIENTAL,3,evaluar el impacto ambiental,skill/competence,cross-sector,0.8165,http://data.europa.eu/esco/skill/e541c69c-ea80-4b17-87cb-4001d0b9d303
PUCE,Pontificia Universidad Católica del Ecuador,INGENIERÍA AMBIENTAL,4,gestionar impacto ambiental,skill/competence,cross-sector,0.7986,http://data.europa.eu/esco/skill/d3a8ef9c-8572-438c-91dc-010537070be3
PUCE,Pontificia Universidad Católica del Ecuador,INGENIERÍA AMBIENTAL,5,coordinar esfuerzos ambientales,skill/competence,cross-sector,0.7972,http://data.europa.eu/esco/skill/bd70f004-e1d6-43f0-96f1-59c014a4ea01
PUCE,Pontificia Universidad Católica del Ecuador,INGENIERÍA AMBIENTAL,6,asesorar sobre sistemas de gestión de riesgos ambientales,skill/competence,cross-sector,0.7971,http://data.europa.eu/esco/skill/a366bfc5-8d17-4792-a9f0-db0951528dda
PUCE,Pontificia Universidad Católica del Ecuador,INGENIERÍA AMBIENTAL,7,asesorar sobre políticas de gestión sostenible,skill/competence,cross-sector,0.7961,http://data.europa.eu/esco/skill/6742977a-aa00-4c8c-9861-898b0373907e
PUCE,Pontificia Universidad Católica del Ecuador,INGENIERÍA AMBIENTAL,8,realizar auditorías ambientales,skill/competence,cross-sector,0.7839,http://data.europa.eu/esco/skill/60ab2bf7-c812-4a88-86c0-7c81a9b2f77c
PUCE,Pontificia Universidad Católica del Ecuador,INGENIERÍA AMBIENTAL,9,informar sobre cuestiones ambientales,skill/competence,cross-sector,0.7715,http://data.europa.eu/esco/skill/f3cc52e3-a96c-4549-b841-6e41a846fa99
PUCE,Pontificia Universidad Católica del Ecuador,INGENIERÍA AMBIENTAL,10,aplicar medidas de protección del medioambiente,skill/competence,cross-sector,0.7696,http://data.europa.eu/esco/skill/f6d7ba88-5234-4994-944d-843ca453c923
PUCE,Pontificia Universidad Católica del Ecuador,SISTEMAS DE INFORMACIÓN,1,"gestionar datos, información y contenido digitales",skill/competence,cross-sector,0.7453,http://data.europa.eu/esco/skill/4d97e3c3-f335-47cc-a4ee-0d779fd42222
PUCE,Pontificia Universidad Católica del Ecuador,SISTEMAS DE INFORMACIÓN,2,crear soluciones para problemas informativos,skill/competence,cross-sector,0.7432,http://data.europa.eu/esco/skill/4539aeca-b56f-4d03-ba86-8f675a7f2536
PUCE,Pontificia Universidad Católica del Ecuador,SISTEMAS DE INFORMACIÓN,3,resolver problemas de sistemas TIC,skill/competence,cross-sector,0.7407,http://data.europa.eu/esco/skill/9e06bac6-6b91-48ca-8b7d-c1f48cdecd7c
PUCE,Pontificia Universidad Católica del Ecuador,SISTEMAS DE INFORMACIÓN,4,detectar necesidades tecnológicas,skill/competence,cross-sector,0.7288,http://data.europa.eu/esco/skill/42fcf80d-7b45-40f3-bd2f-5411c4c0dfa0
PUCE,Pontificia Universidad Católica del Ecuador,SISTEMAS DE INFORMACIÓN,5,desarrollar normas de información,skill/competence,cross-sector,0.7286,http://data.europa.eu/esco/skill/1b3fc0e0-c6f9-45fc-9c6e-14bbba662979
PUCE,Pontificia Universidad Católica del Ecuador,SISTEMAS DE INFORMACIÓN,6,"utilizar tecnologías digitales para compartir datos, información y contenido digitales",skill/competence,cross-sector,0.7216,http://data.europa.eu/esco/skill/40001d93-8937-4859-89d5-2dca53290ff4
PUCE,Pontificia Universidad Católica del Ecuador,SISTEMAS DE INFORMACIÓN,7,gestionar la identidad digital,skill/competence,cross-sector,0.7189,http://data.europa.eu/esco/skill/bc0b0b5d-f6be-405a-b224-b6902a4dbe97
PUCE,Pontificia Universidad Católica del Ecuador,SISTEMAS DE INFORMACIÓN,8,realizar gestión de clientes,skill/competence,cross-sector,0.7168,http://data.europa.eu/esco/skill/91306a20-9b81-4f3d-97eb-f5368b607da7
PUCE,Pontificia Universidad Católica del Ecuador,SISTEMAS DE INFORMACIÓN,9,crear soluciones para problemas,skill/competence,cross-sector,0.7167,http://data.europa.eu/esco/skill/03b9b491-fc9b-4868-914a-bf7cd47b5041
PUCE,Pontificia Universidad Católica del Ecuador,SISTEMAS DE INFORMACIÓN,10,Proponer soluciones tecnológicas a problemas empresariales,skill/competence,cross-sector,0.7165,http://data.europa.eu/esco/skill/07e51c60-763a-4335-b4ec-70a15f66d328
UTN,Universidad Técnica del Norte,ADMINISTRACIÓN DE EMPRESAS,1,gestionar empresas de producción,skill/competence,cross-sector,0.7804,http://data.europa.eu/esco/skill/435d1751-8667-41ec-8b32-865b7cd3c684
UTN,Universidad Técnica del Norte,ADMINISTRACIÓN DE EMPRESAS,2,elaborar las estrategias empresariales,skill/competence,cross-sector,0.7773,http://data.europa.eu/esco/skill/ba2c6181-b036-40b4-8f6d-51499463ccbb
UTN,Universidad Técnica del Norte,ADMINISTRACIÓN DE EMPRESAS,3,participar en las operaciones cotidianas de la empresa,skill/competence,cross-sector,0.7616,http://data.europa.eu/esco/skill/ce4cbc3a-bde0-43b4-9526-e643c4fe5b04
UTN,Universidad Técnica del Norte,ADMINISTRACIÓN DE EMPRESAS,4,gestionar recursos humanos,skill/competence,cross-sector,0.7558,http://data.europa.eu/esco/skill/339ac029-066a-4985-9f9d-b3d7c8fea0bb
UTN,Universidad Técnica del Norte,ADMINISTRACIÓN DE EMPRESAS,5,guiar a los gestores de los diferentes departamentos de la empresa,skill/competence,cross-sector,0.7555,http://data.europa.eu/esco/skill/3e61ee41-2bd9-466f-b313-00ce04072410
UTN,Universidad Técnica del Norte,ADMINISTRACIÓN DE EMPRESAS,6,mejorar procesos empresariales,skill/competence,cross-sector,0.7547,http://data.europa.eu/esco/skill/75b30aeb-34c0-40f4-b77d-271d75a98b14
UTN,Universidad Técnica del Norte,ADMINISTRACIÓN DE EMPRESAS,7,coordinar actividades de planificación comercial,skill/competence,cross-sector,0.7451,http://data.europa.eu/esco/skill/90398aca-82b7-4f56-8e0f-814d949162b4
UTN,Universidad Técnica del Norte,ADMINISTRACIÓN DE EMPRESAS,8,desarrollar estrategias de comunicación,skill/competence,cross-sector,0.7434,http://data.europa.eu/esco/skill/3c834f6e-523a-49ee-8ed1-e073e28ae6fe
UTN,Universidad Técnica del Norte,ADMINISTRACIÓN DE EMPRESAS,9,elaborar políticas de economía,skill/competence,cross-sector,0.7419,http://data.europa.eu/esco/skill/8394fefb-f62a-48c0-a156-3117cefdb9b3
UTN,Universidad Técnica del Norte,ADMINISTRACIÓN DE EMPRESAS,10,realizar diversas tareas organizativas en la empresa,skill/competence,cross-sector,0.7413,http://data.europa.eu/esco/skill/01755f08-4df4-4cf0-8d22-08f94cad68b5
UTN,Universidad Técnica del Norte,AGROINDUSTRIA ALIMENTARIA,1,realizar el control de procesos en la industria de prendas de vestir,skill/competence,cross-sector,0.7785,http://data.europa.eu/esco/skill/58c080f9-71d5-429d-9476-bc9e742d460c
UTN,Universidad Técnica del Norte,AGROINDUSTRIA ALIMENTARIA,2,gestionar experimentos a gran escala para la fabricación de alimentos,skill/competence,cross-sector,0.7739,http://data.europa.eu/esco/skill/950c1106-4ea1-4fb7-a115-5dd5adcc1ea4
UTN,Universidad Técnica del Norte,AGROINDUSTRIA ALIMENTARIA,3,controlar la producción,skill/competence,cross-sector,0.7679,http://data.europa.eu/esco/skill/feceacee-d425-4e73-821a-02dfb85084db
UTN,Universidad Técnica del Norte,AGROINDUSTRIA ALIMENTARIA,4,supervisar el control de calidad,skill/competence,cross-sector,0.7663,http://data.europa.eu/esco/skill/5d34adde-0b78-42b4-9d3d-69e9388d8398
UTN,Universidad Técnica del Norte,AGROINDUSTRIA ALIMENTARIA,5,inspeccionar la calidad de los productos,skill/competence,cross-sector,0.7657,http://data.europa.eu/esco/skill/1a3660c2-011c-4e96-9b1d-529afc305428
UTN,Universidad Técnica del Norte,AGROINDUSTRIA ALIMENTARIA,6,impartir formación sobre cómo supervisar la gestión de la calidad,skill/competence,cross-sector,0.7562,http://data.europa.eu/esco/skill/09e7cd13-ea36-4694-afe5-f34373759392
UTN,Universidad Técnica del Norte,AGROINDUSTRIA ALIMENTARIA,7,asegurarse de que los productos cumplen los requisitos legales,skill/competence,cross-sector,0.7559,http://data.europa.eu/esco/skill/f453b1a6-c7db-4d9d-9ba3-47c45159bfe3
UTN,Universidad Técnica del Norte,AGROINDUSTRIA ALIMENTARIA,8,realizar análisis de control de calidad,skill/competence,cross-sector,0.7503,http://data.europa.eu/esco/skill/41a3240f-58ba-44e2-a688-edeb21ea5c16
UTN,Universidad Técnica del Norte,AGROINDUSTRIA ALIMENTARIA,9,aplicar análisis de peligros y puntos de control crítico,skill/competence,cross-sector,0.744,http://data.europa.eu/esco/skill/5ba1d5b9-3f8d-46ca-bf9f-2e9ca65d1350
UTN,Universidad Técnica del Norte,AGROINDUSTRIA ALIMENTARIA,10,seguir procedimientos higiénicos en el tratamiento de alimentos,skill/competence,cross-sector,0.7419,http://data.europa.eu/esco/skill/a34f4fd4-1aff-4941-82d5-542ac94f81c3
UTN,Universidad Técnica del Norte,COMPUTACIÓN,1,Proponer soluciones tecnológicas a problemas empresariales,skill/competence,cross-sector,0.7285,http://data.europa.eu/esco/skill/07e51c60-763a-4335-b4ec-70a15f66d328
UTN,Universidad Técnica del Norte,COMPUTACIÓN,2,resolver problemas técnicos,skill/competence,cross-sector,0.7259,http://data.europa.eu/esco/skill/14832d87-2f2f-4895-b290-e4760ebae42a
UTN,Universidad Técnica del Norte,COMPUTACIÓN,3,asesorar a la clientela acerca de las posibilidades técnicas,skill/competence,cross-sector,0.7206,http://data.europa.eu/esco/skill/7b3abd38-61ae-42a4-88bb-0884784f9ee1
UTN,Universidad Técnica del Norte,COMPUTACIÓN,4,resolver problemas de sistemas TIC,skill/competence,cross-sector,0.7206,http://data.europa.eu/esco/skill/9e06bac6-6b91-48ca-8b7d-c1f48cdecd7c
UTN,Universidad Técnica del Norte,COMPUTACIÓN,5,aplicar políticas organizativas del sistema,skill/competence,cross-sector,0.7152,http://data.europa.eu/esco/skill/07e47d58-dd0e-4302-9e68-70a188e89065
UTN,Universidad Técnica del Norte,COMPUTACIÓN,6,crear soluciones para problemas,skill/competence,cross-sector,0.715,http://data.europa.eu/esco/skill/03b9b491-fc9b-4868-914a-bf7cd47b5041
UTN,Universidad Técnica del Norte,COMPUTACIÓN,7,crear soluciones para problemas informativos,skill/competence,cross-sector,0.7112,http://data.europa.eu/esco/skill/4539aeca-b56f-4d03-ba86-8f675a7f2536
UTN,Universidad Técnica del Norte,COMPUTACIÓN,8,proporcionar documentación para el usuario,skill/competence,cross-sector,0.7109,http://data.europa.eu/esco/skill/385479b7-5da5-4367-9763-0d15b41bb65b
UTN,Universidad Técnica del Norte,COMPUTACIÓN,9,resolver problemas,skill/competence,transversal,0.7108,http://data.europa.eu/esco/skill/adc6dc11-3376-467b-96c5-9b0a21edc869
UTN,Universidad Técnica del Norte,COMPUTACIÓN,10,gestionar proyectos de investigación y desarrollo,skill/competence,cross-sector,0.7085,http://data.europa.eu/esco/skill/d5dbc342-8e39-4998-8237-ebbe05a381ce
UTN,Universidad Técnica del Norte,ELECTRÓNICA Y AUTOMATIZACIÓN,1,diseñar sistemas de control,skill/competence,cross-sector,0.8029,http://data.europa.eu/esco/skill/d560df46-dda4-4407-bab2-b87353a96814
UTN,Universidad Técnica del Norte,ELECTRÓNICA Y AUTOMATIZACIÓN,2,desarrollar procedimientos de prueba electrónica,skill/competence,cross-sector,0.7806,http://data.europa.eu/esco/skill/0de6bca4-f3aa-452a-8e10-d355b2c1bfc4
UTN,Universidad Técnica del Norte,ELECTRÓNICA Y AUTOMATIZACIÓN,3,diseñar componentes de automatización,skill/competence,cross-sector,0.7586,http://data.europa.eu/esco/skill/f96f5aa5-6ed7-40dc-a431-68b0a09d6d4b
UTN,Universidad Técnica del Norte,ELECTRÓNICA Y AUTOMATIZACIÓN,4,desarrollar sistemas de instrumentación,skill/competence,cross-sector,0.7561,http://data.europa.eu/esco/skill/d8c19849-f4cf-458d-90cd-abe735a729bf
UTN,Universidad Técnica del Norte,ELECTRÓNICA Y AUTOMATIZACIÓN,5,gestionar sistemas de instrumentación,skill/competence,cross-sector,0.7535,http://data.europa.eu/esco/skill/5d71a91f-cc72-4b66-b6e3-d75ecc05e235
UTN,Universidad Técnica del Norte,ELECTRÓNICA Y AUTOMATIZACIÓN,6,operar sistemas de control informatizados,skill/competence,cross-sector,0.7523,http://data.europa.eu/esco/skill/b916d60e-38e9-4241-914a-4e2144bda711
UTN,Universidad Técnica del Norte,ELECTRÓNICA Y AUTOMATIZACIÓN,7,desarrollar normas y procedimientos de fabricación,skill/competence,cross-sector,0.7495,http://data.europa.eu/esco/skill/764db027-9063-4468-acb3-c73ecfc76f35
UTN,Universidad Técnica del Norte,ELECTRÓNICA Y AUTOMATIZACIÓN,8,supervisar el funcionamiento de los equipos,skill/competence,cross-sector,0.7431,http://data.europa.eu/esco/skill/ca17f0df-59e4-4ed2-9360-fc5325bc7151
UTN,Universidad Técnica del Norte,ELECTRÓNICA Y AUTOMATIZACIÓN,9,establecer directrices de fabricación,skill/competence,cross-sector,0.743,http://data.europa.eu/esco/skill/37520413-563e-4d99-a14c-1c6dca3cf833
UTN,Universidad Técnica del Norte,ELECTRÓNICA Y AUTOMATIZACIÓN,10,diseñar sistemas microelectrónicos,skill/competence,cross-sector,0.737,http://data.europa.eu/esco/skill/8712b176-c063-462f-9d0f-2e3c54d9a2eb
UTN,Universidad Técnica del Norte,INGENIERÍA CIVIL,1,supervisar un proyecto de construcción,skill/competence,cross-sector,0.7339,http://data.europa.eu/esco/skill/1de548e0-9535-4d2e-9d20-d4474c1ea813
UTN,Universidad Técnica del Norte,INGENIERÍA CIVIL,2,asesorar sobre temas de construcción,skill/competence,cross-sector,0.7318,http://data.europa.eu/esco/skill/3b64ab47-a874-403a-b781-7b23c2fc3c6c
UTN,Universidad Técnica del Norte,INGENIERÍA CIVIL,3,garantizar el cumplimiento de los plazos de construcción,skill/competence,cross-sector,0.7296,http://data.europa.eu/esco/skill/6181f475-110c-497c-a46d-ed2e14e7bc90
UTN,Universidad Técnica del Norte,INGENIERÍA CIVIL,4,vigilar el cumplimiento de los parámetros de los proyectos de construcción,skill/competence,cross-sector,0.7187,http://data.europa.eu/esco/skill/3dd3dfa7-51c0-40ef-af46-e2df300489f6
UTN,Universidad Técnica del Norte,INGENIERÍA CIVIL,5,examinar las infraestructuras civiles,skill/competence,cross-sector,0.717,http://data.europa.eu/esco/skill/d48b3cfe-80b6-406f-b582-d959b60417f8
UTN,Universidad Técnica del Norte,INGENIERÍA CIVIL,6,diseñar sistemas de transporte,skill/competence,cross-sector,0.7104,http://data.europa.eu/esco/skill/11f364dd-0814-4398-b00e-10d1be8b27af
UTN,Universidad Técnica del Norte,INGENIERÍA CIVIL,7,revisar proyectos de construcción,skill/competence,cross-sector,0.7058,http://data.europa.eu/esco/skill/ea9fc9d9-c602-4430-a7fc-edac7429a6a8
UTN,Universidad Técnica del Norte,INGENIERÍA CIVIL,8,coordinar equipos de ingeniería,skill/competence,cross-sector,0.7011,http://data.europa.eu/esco/skill/7af6e9e8-1e11-4c0b-b7c6-ac96bbbbc674
UTN,Universidad Técnica del Norte,INGENIERÍA CIVIL,9,gestionar los programas públicos,skill/competence,cross-sector,0.6946,http://data.europa.eu/esco/skill/0761f325-13e7-49f4-a41a-ec64ba4e7b9d
UTN,Universidad Técnica del Norte,INGENIERÍA CIVIL,10,diseñar edificios,skill/competence,cross-sector,0.694,http://data.europa.eu/esco/skill/7c3cde53-9ff7-4e82-8396-13fdfadd3432
UTN,Universidad Técnica del Norte,MECATRÓNICA,1,mecatrónica,knowledge,cross-sector,0.7942,http://data.europa.eu/esco/skill/d88cb3f1-8e02-4618-bf32-4b0488066934
UTN,Universidad Técnica del Norte,MECATRÓNICA,2,diseñar componentes de automatización,skill/competence,cross-sector,0.7937,http://data.europa.eu/esco/skill/f96f5aa5-6ed7-40dc-a431-68b0a09d6d4b
UTN,Universidad Técnica del Norte,MECATRÓNICA,3,desarrollar sistemas de instrumentación,skill/competence,cross-sector,0.7631,http://data.europa.eu/esco/skill/d8c19849-f4cf-458d-90cd-abe735a729bf
UTN,Universidad Técnica del Norte,MECATRÓNICA,4,diseñar sistemas de control,skill/competence,cross-sector,0.7586,http://data.europa.eu/esco/skill/d560df46-dda4-4407-bab2-b87353a96814
UTN,Universidad Técnica del Norte,MECATRÓNICA,5,robótica,knowledge,cross-sector,0.7392,http://data.europa.eu/esco/skill/e87ec79a-c9ff-46f5-84fa-7a0f394cdf40
UTN,Universidad Técnica del Norte,MECATRÓNICA,6,gestionar sistemas de instrumentación,skill/competence,cross-sector,0.7389,http://data.europa.eu/esco/skill/5d71a91f-cc72-4b66-b6e3-d75ecc05e235
UTN,Universidad Técnica del Norte,MECATRÓNICA,7,diseñar sistemas electromecánicos,skill/competence,cross-sector,0.7368,http://data.europa.eu/esco/skill/c5422318-3218-4ce9-9bdd-f38b93ff63a3
UTN,Universidad Técnica del Norte,MECATRÓNICA,8,montar equipos de instrumentación,skill/competence,cross-sector,0.7269,http://data.europa.eu/esco/skill/af0b1937-7538-434f-871b-7e8f72e04117
UTN,Universidad Técnica del Norte,MECATRÓNICA,9,diseñar circuitos integrados,skill/competence,cross-sector,0.7258,http://data.europa.eu/esco/skill/6d12ac9b-5ec0-49b9-bd70-5a19352585cb
UTN,Universidad Técnica del Norte,MECATRÓNICA,10,diseñar sistemas microelectrónicos,skill/competence,cross-sector,0.7238,http://data.europa.eu/esco/skill/8712b176-c063-462f-9d0f-2e3c54d9a2eb
UTN,Universidad Técnica del Norte,SISTEMAS DE INFORMACIÓN,1,"gestionar datos, información y contenido digitales",skill/competence,cross-sector,0.7553,http://data.europa.eu/esco/skill/4d97e3c3-f335-47cc-a4ee-0d779fd42222
UTN,Universidad Técnica del Norte,SISTEMAS DE INFORMACIÓN,2,crear soluciones para problemas informativos,skill/competence,cross-sector,0.7399,http://data.europa.eu/esco/skill/4539aeca-b56f-4d03-ba86-8f675a7f2536
UTN,Universidad Técnica del Norte,SISTEMAS DE INFORMACIÓN,3,"utilizar tecnologías digitales para compartir datos, información y contenido digitales",skill/competence,cross-sector,0.7346,http://data.europa.eu/esco/skill/40001d93-8937-4859-89d5-2dca53290ff4
UTN,Universidad Técnica del Norte,SISTEMAS DE INFORMACIÓN,4,resolver problemas de sistemas TIC,skill/competence,cross-sector,0.7308,http://data.europa.eu/esco/skill/9e06bac6-6b91-48ca-8b7d-c1f48cdecd7c
UTN,Universidad Técnica del Norte,SISTEMAS DE INFORMACIÓN,5,gestionar sistemas de instrumentación,skill/competence,cross-sector,0.7295,http://data.europa.eu/esco/skill/5d71a91f-cc72-4b66-b6e3-d75ecc05e235
UTN,Universidad Técnica del Norte,SISTEMAS DE INFORMACIÓN,6,detectar necesidades tecnológicas,skill/competence,cross-sector,0.7288,http://data.europa.eu/esco/skill/42fcf80d-7b45-40f3-bd2f-5411c4c0dfa0
UTN,Universidad Técnica del Norte,SISTEMAS DE INFORMACIÓN,7,gestionar la identidad digital,skill/competence,cross-sector,0.7233,http://data.europa.eu/esco/skill/bc0b0b5d-f6be-405a-b224-b6902a4dbe97
UTN,Universidad Técnica del Norte,SISTEMAS DE INFORMACIÓN,8,desarrollar normas de información,skill/competence,cross-sector,0.7221,http://data.europa.eu/esco/skill/1b3fc0e0-c6f9-45fc-9c6e-14bbba662979
UTN,Universidad Técnica del Norte,SISTEMAS DE INFORMACIÓN,9,gestionar proyectos de investigación y desarrollo,skill/competence,cross-sector,0.7198,http://data.europa.eu/esco/skill/d5dbc342-8e39-4998-8237-ebbe05a381ce
UTN,Universidad Técnica del Norte,SISTEMAS DE INFORMACIÓN,10,crear soluciones para problemas,skill/competence,cross-sector,0.7181,http://data.europa.eu/esco/skill/03b9b491-fc9b-4868-914a-bf7cd47b5041
UTN,Universidad Técnica del Norte,TELECOMUNICACIONES,1,desarrollar estrategias de comunicación,skill/competence,cross-sector,0.7596,http://data.europa.eu/esco/skill/3c834f6e-523a-49ee-8ed1-e073e28ae6fe
UTN,Universidad Técnica del Norte,TELECOMUNICACIONES,2,coordinar comunicaciones remotas,skill/competence,cross-sector,0.7412,http://data.europa.eu/esco/skill/9bafaea2-76cd-4532-ab77-8b3d21fa6235
UTN,Universidad Técnica del Norte,TELECOMUNICACIONES,3,detectar y corregir errores de las tecnologías de la información y de las comunicaciones,skill/competence,cross-sector,0.7318,http://data.europa.eu/esco/skill/744442ac-c157-4350-8be0-ce454df4f5c5
UTN,Universidad Técnica del Norte,TELECOMUNICACIONES,4,sector de las telecomunicaciones,knowledge,cross-sector,0.7273,http://data.europa.eu/esco/skill/60b44dab-03f1-46de-be08-0e5ba8662b3d
UTN,Universidad Técnica del Norte,TELECOMUNICACIONES,5,crear soluciones para problemas informativos,skill/competence,cross-sector,0.7249,http://data.europa.eu/esco/skill/4539aeca-b56f-4d03-ba86-8f675a7f2536
UTN,Universidad Técnica del Norte,TELECOMUNICACIONES,6,asesorar sobre estrategias de comunicación,skill/competence,cross-sector,0.7158,http://data.europa.eu/esco/skill/69f36674-440a-4fa0-89f9-1b70172ebb9d
UTN,Universidad Técnica del Norte,TELECOMUNICACIONES,7,gestionar proyectos de investigación y desarrollo,skill/competence,cross-sector,0.7149,http://data.europa.eu/esco/skill/d5dbc342-8e39-4998-8237-ebbe05a381ce
UTN,Universidad Técnica del Norte,TELECOMUNICACIONES,8,"utilizar tecnologías digitales para compartir datos, información y contenido digitales",skill/competence,cross-sector,0.7111,http://data.europa.eu/esco/skill/40001d93-8937-4859-89d5-2dca53290ff4
UTN,Universidad Técnica del Norte,TELECOMUNICACIONES,9,crear una red profesional con investigadores y científicos,skill/competence,cross-sector,0.7097,http://data.europa.eu/esco/skill/cc61f9e5-d4fc-470e-8606-1ce865ff8386
UTN,Universidad Técnica del Norte,TELECOMUNICACIONES,10,Proponer soluciones tecnológicas a problemas empresariales,skill/competence,cross-sector,0.7082,http://data.europa.eu/esco/skill/07e51c60-763a-4335-b4ec-70a15f66d328
UTM,Universidad Técnica de Manabí,ADMINISTRACIÓN DE EMPRESAS,1,elaborar las estrategias empresariales,skill/competence,cross-sector,0.8084,http://data.europa.eu/esco/skill/ba2c6181-b036-40b4-8f6d-51499463ccbb
UTM,Universidad Técnica de Manabí,ADMINISTRACIÓN DE EMPRESAS,2,gestionar empresas de producción,skill/competence,cross-sector,0.7974,http://data.europa.eu/esco/skill/435d1751-8667-41ec-8b32-865b7cd3c684
UTM,Universidad Técnica de Manabí,ADMINISTRACIÓN DE EMPRESAS,3,participar en las operaciones cotidianas de la empresa,skill/competence,cross-sector,0.7804,http://data.europa.eu/esco/skill/ce4cbc3a-bde0-43b4-9526-e643c4fe5b04
UTM,Universidad Técnica de Manabí,ADMINISTRACIÓN DE EMPRESAS,4,guiar a los gestores de los diferentes departamentos de la empresa,skill/competence,cross-sector,0.7754,http://data.europa.eu/esco/skill/3e61ee41-2bd9-466f-b313-00ce04072410
UTM,Universidad Técnica de Manabí,ADMINISTRACIÓN DE EMPRESAS,5,gestionar recursos humanos,skill/competence,cross-sector,0.7738,http://data.europa.eu/esco/skill/339ac029-066a-4985-9f9d-b3d7c8fea0bb
UTM,Universidad Técnica de Manabí,ADMINISTRACIÓN DE EMPRESAS,6,mejorar procesos empresariales,skill/competence,cross-sector,0.769,http://data.europa.eu/esco/skill/75b30aeb-34c0-40f4-b77d-271d75a98b14
UTM,Universidad Técnica de Manabí,ADMINISTRACIÓN DE EMPRESAS,7,coordinar actividades de planificación comercial,skill/competence,cross-sector,0.7671,http://data.europa.eu/esco/skill/90398aca-82b7-4f56-8e0f-814d949162b4
UTM,Universidad Técnica de Manabí,ADMINISTRACIÓN DE EMPRESAS,8,desarrollar estrategias de comunicación,skill/competence,cross-sector,0.7607,http://data.europa.eu/esco/skill/3c834f6e-523a-49ee-8ed1-e073e28ae6fe
UTM,Universidad Técnica de Manabí,ADMINISTRACIÓN DE EMPRESAS,9,elaborar políticas de economía,skill/competence,cross-sector,0.7564,http://data.europa.eu/esco/skill/8394fefb-f62a-48c0-a156-3117cefdb9b3
UTM,Universidad Técnica de Manabí,ADMINISTRACIÓN DE EMPRESAS,10,gestionar conocimientos empresariales,skill/competence,cross-sector,0.7545,http://data.europa.eu/esco/skill/41bf7ede-fc84-4a57-8c89-b548d11b0ba1
UTM,Universidad Técnica de Manabí,ECONOMÍA,1,elaborar políticas de economía,skill/competence,cross-sector,0.7709,http://data.europa.eu/esco/skill/8394fefb-f62a-48c0-a156-3117cefdb9b3
UTM,Universidad Técnica de Manabí,ECONOMÍA,2,asesorar sobre el desarrollo económico,skill/competence,cross-sector,0.7466,http://data.europa.eu/esco/skill/384ed14c-bf1f-4a65-aef6-6e711f43c4ce
UTM,Universidad Técnica de Manabí,ECONOMÍA,3,predecir tendencias económicas,skill/competence,cross-sector,0.7408,http://data.europa.eu/esco/skill/f2a34d6b-131a-4b8f-a110-898b9c91d18f
UTM,Universidad Técnica de Manabí,ECONOMÍA,4,realizar estudios de mercado,skill/competence,cross-sector,0.7338,http://data.europa.eu/esco/skill/fe39d4db-4cb5-4299-bb9f-896c8fd6ab13
UTM,Universidad Técnica de Manabí,ECONOMÍA,5,analizar las tendencias económicas,skill/competence,cross-sector,0.7281,http://data.europa.eu/esco/skill/5f302d63-048e-451c-b150-97c124a5a26b
UTM,Universidad Técnica de Manabí,ECONOMÍA,6,realizar un análisis empresarial,skill/competence,cross-sector,0.7243,http://data.europa.eu/esco/skill/27ed854c-15b8-4ba2-90e9-ae888a219703
UTM,Universidad Técnica de Manabí,ECONOMÍA,7,elaborar software estadístico,skill/competence,cross-sector,0.7083,http://data.europa.eu/esco/skill/bb165899-d95f-4433-95f2-173fefd716d2
UTM,Universidad Técnica de Manabí,ECONOMÍA,8,analizar datos,skill/competence,cross-sector,0.7076,http://data.europa.eu/esco/skill/a571ae14-3e16-4fd3-a615-5646e0b0b696
UTM,Universidad Técnica de Manabí,ECONOMÍA,9,asesorar sobre política tributaria,skill/competence,cross-sector,0.7039,http://data.europa.eu/esco/skill/b5feaf25-3975-4e74-85fd-4470e344ba2e
UTM,Universidad Técnica de Manabí,ECONOMÍA,10,tener en cuenta los criterios económicos en la toma de decisiones,skill/competence,cross-sector,0.7029,http://data.europa.eu/esco/skill/d41262ae-eca1-4ede-89a8-46d2d99a7a31
UTM,Universidad Técnica de Manabí,ELECTRICIDAD,1,evaluar las necesidades energéticas,skill/competence,cross-sector,0.7963,http://data.europa.eu/esco/skill/36fccad9-1d20-4104-bcc2-a8ea9d1ce5ea
UTM,Universidad Técnica de Manabí,ELECTRICIDAD,2,garantizar el cumplimiento del plan de distribución de energía,skill/competence,cross-sector,0.7689,http://data.europa.eu/esco/skill/694e1e70-3e22-4d72-a3ac-b5f92951423d
UTM,Universidad Técnica de Manabí,ELECTRICIDAD,3,realizar actividades de gestión energética en instalaciones,skill/competence,cross-sector,0.7562,http://data.europa.eu/esco/skill/885808f7-f42b-406e-95f2-28efcd45ddda
UTM,Universidad Técnica de Manabí,ELECTRICIDAD,4,instalar líneas de energía eléctrica,skill/competence,cross-sector,0.7462,http://data.europa.eu/esco/skill/0c627853-241e-405b-9044-aaff6bca133e
UTM,Universidad Técnica de Manabí,ELECTRICIDAD,5,garantizar la seguridad de las operaciones en sistemas de suministro de energía eléctrica,skill/competence,cross-sector,0.7261,http://data.europa.eu/esco/skill/2b76cbbf-eddc-4a12-a120-f4ea370820a5
UTM,Universidad Técnica de Manabí,ELECTRICIDAD,6,gestionar la recepción de suministros eléctricos,skill/competence,cross-sector,0.7085,http://data.europa.eu/esco/skill/c796e1fa-cbbd-4639-b8d9-cbcdc130c7a2
UTM,Universidad Técnica de Manabí,ELECTRICIDAD,7,diseñar sistemas eléctricos,skill/competence,cross-sector,0.7,http://data.europa.eu/esco/skill/05010f6c-0b40-4525-ac4a-057d46a2b6f4
UTM,Universidad Técnica de Manabí,ELECTRICIDAD,8,analizar las tendencias del mercado de la energía,skill/competence,cross-sector,0.6904,http://data.europa.eu/esco/skill/28878fd9-9a17-452a-b3b8-5db5c63d7905
UTM,Universidad Técnica de Manabí,ELECTRICIDAD,9,diseñar sistemas de control,skill/competence,cross-sector,0.6876,http://data.europa.eu/esco/skill/d560df46-dda4-4407-bab2-b87353a96814
UTM,Universidad Técnica de Manabí,ELECTRICIDAD,10,gestionar los programas públicos,skill/competence,cross-sector,0.6875,http://data.europa.eu/esco/skill/0761f325-13e7-49f4-a41a-ec64ba4e7b9d
UTM,Universidad Técnica de Manabí,ELECTRÓNICA Y AUTOMATIZACIÓN,1,diseñar sistemas de control,skill/competence,cross-sector,0.8084,http://data.europa.eu/esco/skill/d560df46-dda4-4407-bab2-b87353a96814
UTM,Universidad Técnica de Manabí,ELECTRÓNICA Y AUTOMATIZACIÓN,2,desarrollar procedimientos de prueba electrónica,skill/competence,cross-sector,0.7801,http://data.europa.eu/esco/skill/0de6bca4-f3aa-452a-8e10-d355b2c1bfc4
UTM,Universidad Técnica de Manabí,ELECTRÓNICA Y AUTOMATIZACIÓN,3,diseñar componentes de automatización,skill/competence,cross-sector,0.7776,http://data.europa.eu/esco/skill/f96f5aa5-6ed7-40dc-a431-68b0a09d6d4b
UTM,Universidad Técnica de Manabí,ELECTRÓNICA Y AUTOMATIZACIÓN,4,gestionar sistemas de instrumentación,skill/competence,cross-sector,0.7726,http://data.europa.eu/esco/skill/5d71a91f-cc72-4b66-b6e3-d75ecc05e235
UTM,Universidad Técnica de Manabí,ELECTRÓNICA Y AUTOMATIZACIÓN,5,operar sistemas de control informatizados,skill/competence,cross-sector,0.7684,http://data.europa.eu/esco/skill/b916d60e-38e9-4241-914a-4e2144bda711
UTM,Universidad Técnica de Manabí,ELECTRÓNICA Y AUTOMATIZACIÓN,6,desarrollar sistemas de instrumentación,skill/competence,cross-sector,0.7659,http://data.europa.eu/esco/skill/d8c19849-f4cf-458d-90cd-abe735a729bf
UTM,Universidad Técnica de Manabí,ELECTRÓNICA Y AUTOMATIZACIÓN,7,montar equipos de instrumentación,skill/competence,cross-sector,0.7579,http://data.europa.eu/esco/skill/af0b1937-7538-434f-871b-7e8f72e04117
UTM,Universidad Técnica de Manabí,ELECTRÓNICA Y AUTOMATIZACIÓN,8,diseñar sistemas microelectrónicos,skill/competence,cross-sector,0.7531,http://data.europa.eu/esco/skill/8712b176-c063-462f-9d0f-2e3c54d9a2eb
UTM,Universidad Técnica de Manabí,ELECTRÓNICA Y AUTOMATIZACIÓN,9,electrónica,knowledge,cross-sector,0.7482,http://data.europa.eu/esco/skill/95c35c3a-035f-47c2-90cf-7e934d20fc08
UTM,Universidad Técnica de Manabí,ELECTRÓNICA Y AUTOMATIZACIÓN,10,desarrollar normas y procedimientos de fabricación,skill/competence,cross-sector,0.7468,http://data.europa.eu/esco/skill/764db027-9063-4468-acb3-c73ecfc76f35
UTM,Universidad Técnica de Manabí,INGENIERÍA AMBIENTAL,1,supervisar sistemas de gestión ambiental,skill/competence,cross-sector,0.7875,http://data.europa.eu/esco/skill/b13e0689-636d-42d0-86c3-df9d6f85a882
UTM,Universidad Técnica de Manabí,INGENIERÍA AMBIENTAL,2,gestionar el impacto medioambiental de las operaciones,skill/competence,cross-sector,0.7833,http://data.europa.eu/esco/skill/d86babea-bf8b-4552-81a8-daf706066ad6
UTM,Universidad Técnica de Manabí,INGENIERÍA AMBIENTAL,3,asesorar sobre políticas de gestión sostenible,skill/competence,cross-sector,0.7677,http://data.europa.eu/esco/skill/6742977a-aa00-4c8c-9861-898b0373907e
UTM,Universidad Técnica de Manabí,INGENIERÍA AMBIENTAL,4,evaluar el impacto ambiental,skill/competence,cross-sector,0.7662,http://data.europa.eu/esco/skill/e541c69c-ea80-4b17-87cb-4001d0b9d303
UTM,Universidad Técnica de Manabí,INGENIERÍA AMBIENTAL,5,asesorar sobre sistemas de gestión de riesgos ambientales,skill/competence,cross-sector,0.7633,http://data.europa.eu/esco/skill/a366bfc5-8d17-4792-a9f0-db0951528dda
UTM,Universidad Técnica de Manabí,INGENIERÍA AMBIENTAL,6,gestionar impacto ambiental,skill/competence,cross-sector,0.7588,http://data.europa.eu/esco/skill/d3a8ef9c-8572-438c-91dc-010537070be3
UTM,Universidad Técnica de Manabí,INGENIERÍA AMBIENTAL,7,realizar auditorías ambientales,skill/competence,cross-sector,0.7547,http://data.europa.eu/esco/skill/60ab2bf7-c812-4a88-86c0-7c81a9b2f77c
UTM,Universidad Técnica de Manabí,INGENIERÍA AMBIENTAL,8,coordinar esfuerzos ambientales,skill/competence,cross-sector,0.7542,http://data.europa.eu/esco/skill/bd70f004-e1d6-43f0-96f1-59c014a4ea01
UTM,Universidad Técnica de Manabí,INGENIERÍA AMBIENTAL,9,asesorar sobre recuperación ambiental,skill/competence,cross-sector,0.7508,http://data.europa.eu/esco/skill/b422efe7-b151-4120-86ae-db11a48dd0fa
UTM,Universidad Técnica de Manabí,INGENIERÍA AMBIENTAL,10,aplicar medidas de protección del medioambiente,skill/competence,cross-sector,0.7378,http://data.europa.eu/esco/skill/f6d7ba88-5234-4994-944d-843ca453c923
UTM,Universidad Técnica de Manabí,INGENIERÍA CIVIL,1,supervisar un proyecto de construcción,skill/competence,cross-sector,0.7275,http://data.europa.eu/esco/skill/1de548e0-9535-4d2e-9d20-d4474c1ea813
UTM,Universidad Técnica de Manabí,INGENIERÍA CIVIL,2,asesorar sobre temas de construcción,skill/competence,cross-sector,0.7261,http://data.europa.eu/esco/skill/3b64ab47-a874-403a-b781-7b23c2fc3c6c
UTM,Universidad Técnica de Manabí,INGENIERÍA CIVIL,3,examinar las infraestructuras civiles,skill/competence,cross-sector,0.717,http://data.europa.eu/esco/skill/d48b3cfe-80b6-406f-b582-d959b60417f8
UTM,Universidad Técnica de Manabí,INGENIERÍA CIVIL,4,garantizar el cumplimiento de los plazos de construcción,skill/competence,cross-sector,0.7133,http://data.europa.eu/esco/skill/6181f475-110c-497c-a46d-ed2e14e7bc90
UTM,Universidad Técnica de Manabí,INGENIERÍA CIVIL,5,vigilar el cumplimiento de los parámetros de los proyectos de construcción,skill/competence,cross-sector,0.7124,http://data.europa.eu/esco/skill/3dd3dfa7-51c0-40ef-af46-e2df300489f6
UTM,Universidad Técnica de Manabí,INGENIERÍA CIVIL,6,revisar proyectos de construcción,skill/competence,cross-sector,0.7033,http://data.europa.eu/esco/skill/ea9fc9d9-c602-4430-a7fc-edac7429a6a8
UTM,Universidad Técnica de Manabí,INGENIERÍA CIVIL,7,diseñar sistemas de transporte,skill/competence,cross-sector,0.7003,http://data.europa.eu/esco/skill/11f364dd-0814-4398-b00e-10d1be8b27af
UTM,Universidad Técnica de Manabí,INGENIERÍA CIVIL,8,coordinar equipos de ingeniería,skill/competence,cross-sector,0.6988,http://data.europa.eu/esco/skill/7af6e9e8-1e11-4c0b-b7c6-ac96bbbbc674
UTM,Universidad Técnica de Manabí,INGENIERÍA CIVIL,9,supervisar obras de construcción,skill/competence,cross-sector,0.6857,http://data.europa.eu/esco/skill/fc1a75bb-70e3-4005-881f-7709bf7b0ed4
UTM,Universidad Técnica de Manabí,INGENIERÍA CIVIL,10,gestionar la instalación de estructuras para eventos,skill/competence,cross-sector,0.6831,http://data.europa.eu/esco/skill/0e503b48-5491-4529-879e-b112251f8d50
UTM,Universidad Técnica de Manabí,INGENIERÍA DE LA PRODUCCIÓN,1,gestionar los suministros,skill/competence,cross-sector,0.7587,http://data.europa.eu/esco/skill/020b3c27-bae1-4b85-9d6f-eccee0f5ed99
UTM,Universidad Técnica de Manabí,INGENIERÍA DE LA PRODUCCIÓN,2,gestionar empresas de producción,skill/competence,cross-sector,0.7559,http://data.europa.eu/esco/skill/435d1751-8667-41ec-8b32-865b7cd3c684
UTM,Universidad Técnica de Manabí,INGENIERÍA DE LA PRODUCCIÓN,3,analizar estrategias de gestión de la cadena de suministro,skill/competence,cross-sector,0.7528,http://data.europa.eu/esco/skill/96d549bb-3e62-4c45-92a7-f114df089581
UTM,Universidad Técnica de Manabí,INGENIERÍA DE LA PRODUCCIÓN,4,verificar las exigencias de fabricación,skill/competence,cross-sector,0.7446,http://data.europa.eu/esco/skill/277f489c-7a47-4791-bd87-61ca01737f96
UTM,Universidad Técnica de Manabí,INGENIERÍA DE LA PRODUCCIÓN,5,integrar productos nuevos en la cadena de fabricación,skill/competence,cross-sector,0.742,http://data.europa.eu/esco/skill/8a753714-9a19-4418-9b37-77e79d72c705
UTM,Universidad Técnica de Manabí,INGENIERÍA DE LA PRODUCCIÓN,6,controlar la producción,skill/competence,cross-sector,0.7418,http://data.europa.eu/esco/skill/feceacee-d425-4e73-821a-02dfb85084db
UTM,Universidad Técnica de Manabí,INGENIERÍA DE LA PRODUCCIÓN,7,inspeccionar la calidad de los productos,skill/competence,cross-sector,0.7407,http://data.europa.eu/esco/skill/1a3660c2-011c-4e96-9b1d-529afc305428
UTM,Universidad Técnica de Manabí,INGENIERÍA DE LA PRODUCCIÓN,8,impartir formación sobre cómo supervisar la gestión de la calidad,skill/competence,cross-sector,0.7373,http://data.europa.eu/esco/skill/09e7cd13-ea36-4694-afe5-f34373759392
UTM,Universidad Técnica de Manabí,INGENIERÍA DE LA PRODUCCIÓN,9,planificar procesos de fabricación,skill/competence,cross-sector,0.7341,http://data.europa.eu/esco/skill/7d0f33ea-e724-4d77-8b75-ee4fe66bb9ba
UTM,Universidad Técnica de Manabí,INGENIERÍA DE LA PRODUCCIÓN,10,gestionar la calidad,skill/competence,transversal,0.7334,http://data.europa.eu/esco/skill/35ebe444-9ece-4fbc-a55d-e99ea37267ae
UTM,Universidad Técnica de Manabí,INGENIERÍA INDUSTRIAL,1,gestionar la calidad,skill/competence,transversal,0.7374,http://data.europa.eu/esco/skill/35ebe444-9ece-4fbc-a55d-e99ea37267ae
UTM,Universidad Técnica de Manabí,INGENIERÍA INDUSTRIAL,2,desarrollar normas y procedimientos de fabricación,skill/competence,cross-sector,0.7362,http://data.europa.eu/esco/skill/764db027-9063-4468-acb3-c73ecfc76f35
UTM,Universidad Técnica de Manabí,INGENIERÍA INDUSTRIAL,3,gestionar empresas de producción,skill/competence,cross-sector,0.7361,http://data.europa.eu/esco/skill/435d1751-8667-41ec-8b32-865b7cd3c684
UTM,Universidad Técnica de Manabí,INGENIERÍA INDUSTRIAL,4,garantizar la seguridad en el zona de producción,skill/competence,cross-sector,0.7249,http://data.europa.eu/esco/skill/ab239c75-dfcc-4f6c-9d11-75bb78049afc
UTM,Universidad Técnica de Manabí,INGENIERÍA INDUSTRIAL,5,impartir formación sobre cómo supervisar la gestión de la calidad,skill/competence,cross-sector,0.7227,http://data.europa.eu/esco/skill/09e7cd13-ea36-4694-afe5-f34373759392
UTM,Universidad Técnica de Manabí,INGENIERÍA INDUSTRIAL,6,verificar las exigencias de fabricación,skill/competence,cross-sector,0.7215,http://data.europa.eu/esco/skill/277f489c-7a47-4791-bd87-61ca01737f96
UTM,Universidad Técnica de Manabí,INGENIERÍA INDUSTRIAL,7,inspeccionar la calidad de los productos,skill/competence,cross-sector,0.7209,http://data.europa.eu/esco/skill/1a3660c2-011c-4e96-9b1d-529afc305428
UTM,Universidad Técnica de Manabí,INGENIERÍA INDUSTRIAL,8,gestionar recursos empresariales,skill/competence,cross-sector,0.7203,http://data.europa.eu/esco/skill/911e13ee-1eec-4243-88c8-3c08a3681a19
UTM,Universidad Técnica de Manabí,INGENIERÍA INDUSTRIAL,9,planificar procesos de fabricación,skill/competence,cross-sector,0.7197,http://data.europa.eu/esco/skill/7d0f33ea-e724-4d77-8b75-ee4fe66bb9ba
UTM,Universidad Técnica de Manabí,INGENIERÍA INDUSTRIAL,10,analizar estrategias de gestión de la cadena de suministro,skill/competence,cross-sector,0.7177,http://data.europa.eu/esco/skill/96d549bb-3e62-4c45-92a7-f114df089581
UTM,Universidad Técnica de Manabí,INGENIERÍA QUÍMICA,1,mejorar procesos químicos,skill/competence,cross-sector,0.7483,http://data.europa.eu/esco/skill/451c8010-7dbb-4f96-b4d4-0955766d9eff
UTM,Universidad Técnica de Manabí,INGENIERÍA QUÍMICA,2,inspeccionar la calidad de los productos,skill/competence,cross-sector,0.7422,http://data.europa.eu/esco/skill/1a3660c2-011c-4e96-9b1d-529afc305428
UTM,Universidad Técnica de Manabí,INGENIERÍA QUÍMICA,3,elaborar fórmulas de fabricación,skill/competence,cross-sector,0.7284,http://data.europa.eu/esco/skill/b2ad4e50-cb82-4a34-ab3e-5b5f6c4f9b65
UTM,Universidad Técnica de Manabí,INGENIERÍA QUÍMICA,4,gestionar procedimientos de ensayos de sustancias químicas,skill/competence,cross-sector,0.7259,http://data.europa.eu/esco/skill/abcfd4de-3b3d-48ed-a002-36071bad8d46
UTM,Universidad Técnica de Manabí,INGENIERÍA QUÍMICA,5,fabricar productos químicos,skill/competence,cross-sector,0.7254,http://data.europa.eu/esco/skill/4309a39d-af97-4e56-8d0e-5351b7b8dd01
UTM,Universidad Técnica de Manabí,INGENIERÍA QUÍMICA,6,desarrollar normas y procedimientos de fabricación,skill/competence,cross-sector,0.7246,http://data.europa.eu/esco/skill/764db027-9063-4468-acb3-c73ecfc76f35
UTM,Universidad Técnica de Manabí,INGENIERÍA QUÍMICA,7,manipular productos químicos,skill/competence,cross-sector,0.7239,http://data.europa.eu/esco/skill/2416dc09-6384-409e-8b1d-80bb7a2e7369
UTM,Universidad Técnica de Manabí,INGENIERÍA QUÍMICA,8,impartir formación sobre cómo supervisar la gestión de la calidad,skill/competence,cross-sector,0.7238,http://data.europa.eu/esco/skill/09e7cd13-ea36-4694-afe5-f34373759392
UTM,Universidad Técnica de Manabí,INGENIERÍA QUÍMICA,9,controlar la producción,skill/competence,cross-sector,0.7169,http://data.europa.eu/esco/skill/feceacee-d425-4e73-821a-02dfb85084db
UTM,Universidad Técnica de Manabí,INGENIERÍA QUÍMICA,10,trabajar con sustancias químicas,skill/competence,cross-sector,0.7127,http://data.europa.eu/esco/skill/929a997b-d56c-4383-b36d-6de9fa0e1721
UTM,Universidad Técnica de Manabí,MECÁNICA,1,diseñar componentes de automatización,skill/competence,cross-sector,0.7046,http://data.europa.eu/esco/skill/f96f5aa5-6ed7-40dc-a431-68b0a09d6d4b
UTM,Universidad Técnica de Manabí,MECÁNICA,2,desarrollar normas y procedimientos de fabricación,skill/competence,cross-sector,0.7016,http://data.europa.eu/esco/skill/764db027-9063-4468-acb3-c73ecfc76f35
UTM,Universidad Técnica de Manabí,MECÁNICA,3,diseñar componentes de ingeniería,skill/competence,cross-sector,0.6983,http://data.europa.eu/esco/skill/87434439-c07d-48be-af34-b0cdd03121c4
UTM,Universidad Técnica de Manabí,MECÁNICA,4,gestionar sistemas de instrumentación,skill/competence,cross-sector,0.6857,http://data.europa.eu/esco/skill/5d71a91f-cc72-4b66-b6e3-d75ecc05e235
UTM,Universidad Técnica de Manabí,MECÁNICA,5,planificar procesos de fabricación,skill/competence,cross-sector,0.6829,http://data.europa.eu/esco/skill/7d0f33ea-e724-4d77-8b75-ee4fe66bb9ba
UTM,Universidad Técnica de Manabí,MECÁNICA,6,ingeniería industrial,knowledge,cross-sector,0.6825,http://data.europa.eu/esco/skill/a1816dfd-dbdc-4499-bef3-ff81dd895b33
UTM,Universidad Técnica de Manabí,MECÁNICA,7,escribir manuales,skill/competence,cross-sector,0.6824,http://data.europa.eu/esco/skill/cbd9cd0f-6c22-4bbc-8af2-dc9c7f5efcb5
UTM,Universidad Técnica de Manabí,MECÁNICA,8,proporcionar experiencia técnica,skill/competence,cross-sector,0.6813,http://data.europa.eu/esco/skill/c69587b4-05d3-45bb-b79b-9b85e6603fc2
UTM,Universidad Técnica de Manabí,MECÁNICA,9,montar equipos de instrumentación,skill/competence,cross-sector,0.6803,http://data.europa.eu/esco/skill/af0b1937-7538-434f-871b-7e8f72e04117
UTM,Universidad Técnica de Manabí,MECÁNICA,10,sistemas mecánicos,knowledge,cross-sector,0.6796,http://data.europa.eu/esco/skill/69bece91-c806-42ad-bde4-db28c7f8fc4b
UTM,Universidad Técnica de Manabí,SISTEMAS DE INFORMACIÓN,1,gestionar sistemas de instrumentación,skill/competence,cross-sector,0.636,http://data.europa.eu/esco/skill/5d71a91f-cc72-4b66-b6e3-d75ecc05e235
UTM,Universidad Técnica de Manabí,SISTEMAS DE INFORMACIÓN,2,ingeniería informática,knowledge,cross-sector,0.6069,http://data.europa.eu/esco/skill/89f6560b-2194-45c9-9ece-d33049a73eef
UTM,Universidad Técnica de Manabí,SISTEMAS DE INFORMACIÓN,3,gestionar sistemas administrativos,skill/competence,cross-sector,0.6069,http://data.europa.eu/esco/skill/6ae8306a-4f9d-4410-ac82-6406f3cbd16a
UTM,Universidad Técnica de Manabí,SISTEMAS DE INFORMACIÓN,4,coordinar equipos de ingeniería,skill/competence,cross-sector,0.6013,http://data.europa.eu/esco/skill/7af6e9e8-1e11-4c0b-b7c6-ac96bbbbc674
UTM,Universidad Técnica de Manabí,SISTEMAS DE INFORMACIÓN,5,utilizar herramientas informáticas,skill/competence,cross-sector,0.5998,http://data.europa.eu/esco/skill/f632251a-4078-4546-b19f-7ef528d08325
UTM,Universidad Técnica de Manabí,SISTEMAS DE INFORMACIÓN,6,utilizar sistemas TCI,skill/competence,cross-sector,0.599,http://data.europa.eu/esco/skill/31d35d3d-2bf2-49aa-9c20-92566ef80277
UTM,Universidad Técnica de Manabí,SISTEMAS DE INFORMACIÓN,7,resolver problemas de sistemas TIC,skill/competence,cross-sector,0.5959,http://data.europa.eu/esco/skill/9e06bac6-6b91-48ca-8b7d-c1f48cdecd7c
UTM,Universidad Técnica de Manabí,SISTEMAS DE INFORMACIÓN,8,crear soluciones para problemas informativos,skill/competence,cross-sector,0.5924,http://data.europa.eu/esco/skill/4539aeca-b56f-4d03-ba86-8f675a7f2536
UTM,Universidad Técnica de Manabí,SISTEMAS DE INFORMACIÓN,9,realizar una evaluación de la incidencia de los procesos de las TIC en las empresas,skill/competence,cross-sector,0.5924,http://data.europa.eu/esco/skill/17c9a790-5664-4673-8237-c4cf3c5a8da5
UTM,Universidad Técnica de Manabí,SISTEMAS DE INFORMACIÓN,10,gestionar publicaciones abiertas,skill/competence,cross-sector,0.5914,http://data.europa.eu/esco/skill/da930e2f-6047-4616-a598-bba8ecef3039
UTM,Universidad Técnica de Manabí,TELECOMUNICACIONES,1,desarrollar estrategias de comunicación,skill/competence,cross-sector,0.7209,http://data.europa.eu/esco/skill/3c834f6e-523a-49ee-8ed1-e073e28ae6fe
UTM,Universidad Técnica de Manabí,TELECOMUNICACIONES,2,coordinar comunicaciones remotas,skill/competence,cross-sector,0.7101,http://data.europa.eu/esco/skill/9bafaea2-76cd-4532-ab77-8b3d21fa6235
UTM,Universidad Técnica de Manabí,TELECOMUNICACIONES,3,sector de las telecomunicaciones,knowledge,cross-sector,0.7033,http://data.europa.eu/esco/skill/60b44dab-03f1-46de-be08-0e5ba8662b3d
UTM,Universidad Técnica de Manabí,TELECOMUNICACIONES,4,detectar y corregir errores de las tecnologías de la información y de las comunicaciones,skill/competence,cross-sector,0.7013,http://data.europa.eu/esco/skill/744442ac-c157-4350-8be0-ce454df4f5c5
UTM,Universidad Técnica de Manabí,TELECOMUNICACIONES,5,crear soluciones para problemas informativos,skill/competence,cross-sector,0.6976,http://data.europa.eu/esco/skill/4539aeca-b56f-4d03-ba86-8f675a7f2536
UTM,Universidad Técnica de Manabí,TELECOMUNICACIONES,6,asesorar a la clientela acerca de las posibilidades técnicas,skill/competence,cross-sector,0.6967,http://data.europa.eu/esco/skill/7b3abd38-61ae-42a4-88bb-0884784f9ee1
UTM,Universidad Técnica de Manabí,TELECOMUNICACIONES,7,asesorar sobre estrategias de comunicación,skill/competence,cross-sector,0.694,http://data.europa.eu/esco/skill/69f36674-440a-4fa0-89f9-1b70172ebb9d
UTM,Universidad Técnica de Manabí,TELECOMUNICACIONES,8,coordinar equipos de ingeniería,skill/competence,cross-sector,0.6918,http://data.europa.eu/esco/skill/7af6e9e8-1e11-4c0b-b7c6-ac96bbbbc674
UTM,Universidad Técnica de Manabí,TELECOMUNICACIONES,9,comunicarse con los jefes y directivos,skill/competence,cross-sector,0.6906,http://data.europa.eu/esco/skill/f14ff4b7-be1e-4b55-b39b-520005f8a97e
UTM,Universidad Técnica de Manabí,TELECOMUNICACIONES,10,gestionar proyectos de investigación y desarrollo,skill/competence,cross-sector,0.6897,http://data.europa.eu/esco/skill/d5dbc342-8e39-4998-8237-ebbe05a381ce
UTM,Universidad Técnica de Manabí,COMPUTACIÓN,1,elaborar software estadístico,skill/competence,cross-sector,0.7217,http://data.europa.eu/esco/skill/bb165899-d95f-4433-95f2-173fefd716d2
UTM,Universidad Técnica de Manabí,COMPUTACIÓN,2,resolver problemas de sistemas TIC,skill/competence,cross-sector,0.7087,http://data.europa.eu/esco/skill/9e06bac6-6b91-48ca-8b7d-c1f48cdecd7c
UTM,Universidad Técnica de Manabí,COMPUTACIÓN,3,resolver problemas técnicos,skill/competence,cross-sector,0.6985,http://data.europa.eu/esco/skill/14832d87-2f2f-4895-b290-e4760ebae42a
UTM,Universidad Técnica de Manabí,COMPUTACIÓN,4,Proponer soluciones tecnológicas a problemas empresariales,skill/competence,cross-sector,0.6965,http://data.europa.eu/esco/skill/07e51c60-763a-4335-b4ec-70a15f66d328
UTM,Universidad Técnica de Manabí,COMPUTACIÓN,5,asesorar a la clientela acerca de las posibilidades técnicas,skill/competence,cross-sector,0.6907,http://data.europa.eu/esco/skill/7b3abd38-61ae-42a4-88bb-0884784f9ee1
UTM,Universidad Técnica de Manabí,COMPUTACIÓN,6,detectar necesidades tecnológicas,skill/competence,cross-sector,0.6891,http://data.europa.eu/esco/skill/42fcf80d-7b45-40f3-bd2f-5411c4c0dfa0
UTM,Universidad Técnica de Manabí,COMPUTACIÓN,7,aplicar políticas organizativas del sistema,skill/competence,cross-sector,0.6882,http://data.europa.eu/esco/skill/07e47d58-dd0e-4302-9e68-70a188e89065
UTM,Universidad Técnica de Manabí,COMPUTACIÓN,8,crear soluciones para problemas informativos,skill/competence,cross-sector,0.6869,http://data.europa.eu/esco/skill/4539aeca-b56f-4d03-ba86-8f675a7f2536
UTM,Universidad Técnica de Manabí,COMPUTACIÓN,9,proporcionar documentación para el usuario,skill/competence,cross-sector,0.6835,http://data.europa.eu/esco/skill/385479b7-5da5-4367-9763-0d15b41bb65b
UTM,Universidad Técnica de Manabí,COMPUTACIÓN,10,crear soluciones para problemas,skill/competence,cross-sector,0.683,http://data.europa.eu/esco/skill/03b9b491-fc9b-4868-914a-bf7cd47b5041
