nombre,url,descripcion,unidad_academica,titulo_que_otorga,duracion,modalidad,perfil_ingreso,objetivos,perfil_egreso,perfil_profesional
Licenciatura Administracion De Empresas,https://www.epn.edu.ec/licenciatura-administracion-de-empresas/,"En la Licenciatura en Administración de Empresas, adquirirás conocimientos clave en teorías y herramientas de gestión empresarial, y aprenderás a aplicar las mejores prácticas del mundo de los negocios. Además, desarrollarás habilidades a través de experiencias laborales y servicio comunitario, que te prepararán para gestionar organizaciones de cualquier sector de manera eficiente y contribuir al crecimiento económico y social de tu entorno. ¡Serás un líder capaz de transformar ideas en éxito!.",Facultad de Ciencias Administrativas,Licenciada/o en Administración de Empresas,Nueve períodos académicos,Presencial,"Bachilleres que hayan cumplido los requisitos normativos vigentes en el país para el ingreso a universidades, y cuenten con aptitudes de liderazgo, proactividad, creatividad, trabajo en equipo y, pensamiento crítico.
El conjunto de conocimientos mínimos requeridos para ingresar a la carrera incluye:
Razonamiento matemático
Capacidad de análisis y síntesis
Habilidad verbal y escrita; y
Manejo de herramientas informáticas básicas.",,"Resultados generales
RG1. Demostrar habilidades de comunicación y trabajo en equipo en su ámbito profesional, llevando a cabo negociaciones exitosas en contextos multiculturales.
RG2. Practicar la ética en su práctica profesional respetando el marco regulatorio vigente, liderando la transformación organizacional; y, actuando con solidaridad y responsabilidad social para mejorar la calidad de vida de su comunidad, con un sólido compromiso en el cuidado y conservación del medio ambiente.
Resultados específicos
RE1. Identificar teorías y conceptos de la administración y sus funciones básicas, a fin de gestionar eficiente y eficazmente las organizaciones y mejorar su competitividad en un mundo globalizado.
RE2. Identificar métodos innovadores de administración como apoyo en la toma de decisiones y en las prácticas de gestión, contribuyendo al desarrollo económico y empresarial.
RE3. Generar ideas innovadoras para el despliegue de la estrategia del negocio, contribuyendo en la generación de valor para las partes interesadas internas y externas a la organización.
RE4. Aplicar herramientas administrativas basadas en el uso de las tecnologías de información y comunicación vinculadas a la gestión empresarial, que permitan identificar oportunidades de negocio y diseñar soluciones a los problemas organizacionales con la finalidad de tomar decisiones que contribuyan a la mejora continua empresarial.","El Licenciado/a en Administración de Empresas está en capacidad de desarrollar actividades empresariales en cualquier tipo de organización, empleando técnicas y herramientas administrativas, diseñando y desarrollando proyectos innovadores apoyados en el uso de tecnologías de información y comunicación, tomando además decisiones estratégicas que agreguen valor y hagan competitiva a la organización en beneficio del desarrollo del país. Asimismo, está en capacidad de integrar equipos de investigación y participar en equipos multidisciplinarios en el desarrollo de actividades de consultoría empresarial. El profesional es formado con principios éticos, humanísticos; y, con valores de responsabilidad social."
Ingenieria Agroindustria,https://www.epn.edu.ec/ingenieria-agroindustria/,"La carrera de Agroindustria tiene como propósito fundamental formar profesionales que estén en capacidad de aplicar los principios de la ingeniería para resolver problemas complejos relacionados con el diseño de procesos agroindustriales en términos de calidad, seguridad, economía, uso racional y eficiente de los recursos agrícolas, pecuarios, acuícolas, entre otros, y la conservación del medio ambiente, en cumplimiento del código de ética de la profesión para rentabilizar el agro, modernizar sus empresas, adaptar y desarrollar tecnologías y, de esta manera, contribuir al desarrollo sostenible del sistema productivo agroindustrial.",Facultad de Ingeniería Química y Agroindustria,Ingeniera/o Agroindustrial,Nueve períodos académicos,Presencial,"Poseer capacidad de razonamiento verbal, lógico y numérico
Tener vocación para el área de ingeniería
Demostrar habilidades de pensamiento analítico
Demostrar iniciativa
Demostrar facilidad de trabajar en grupo
Poseer sólidos conocimientos en Física, Química y Matemática del nivel de Bachillerato","Objetivo generalFormar ingenieros agroindustriales que estén en capacidad de aplicar los principios de la ingeniería para resolver problemas complejos relacionados con el diseño de procesos agroindustriales en términos de calidad, seguridad, economía, uso racional y eficiente de los recursos naturales y conservación del medio ambiente, cumpliendo el código ético de la profesión para rentabilizar el agro, modernizar sus empresas, adaptar y desarrollar tecnologías y de esta manera contribuir al desarrollo del sistema productivo agroindustrial.Objetivos específicosConocimiento:Formar profesionales que apliquen los conocimientos y fundamentos de la Ingeniería Agroindustrial en la investigación, diseño, desarrollo e implementación de nuevos productos y/o procesos a partir de materia prima de origen agropecuario.Pertinencia:Formar profesionales que resuelvan problemas en el área de la Ingeniería Agroindustrial de manera innovadora, que adapte y optimice procesos o tecnologías existentes para posibilitar el desarrollo de la agroindustria.Formar profesionales con destrezas técnicas, comunicativas e interpersonales para asumir roles de dirección y liderazgo en ambientes multidisciplinarios.Aprendizajes:Formar profesionales dinámicos, con capacidad de análisis e integración de conocimientos que mejoren sus competencias técnicas e innovadoras mediante el aprendizaje continuo y permanente.Ciudadanía integral:Formar profesionales que realicen su trabajo con ética profesional, con respeto hacia sí mismo y hacia los demás a través de un comportamiento honesto, y comprometido con el desarrollo del país.Formar profesionales que se comuniquen de manera efectiva y flexible en contextos diversos, con diferentes grupos de profesionales, trabajadores y personas en general.","Resultados generales
RG1. Demostrar honestidad y responsabilidad hacia la sociedad y medio ambiente en términos del comportamiento ético profesional.
RG2. Demostrar conocimiento de los temas contemporáneos y relevantes asociados a la práctica de la Ingeniería Agroindustrial.
RG3. Aplicar conocimientos de ciencias básicas, matemáticas e ingeniería en la práctica de la Ingeniería Agroindustrial.
RG4. Demostrar habilidad de integrarse y trabajar en equipos multidisciplinarios.
RG5. Demostrar habilidad de comunicarse efectivamente tanto de forma oral como escrita.
RG6. Demostrar la asimilación de conocimiento necesario para entender el impacto de las soluciones de ingeniería en el contexto global, social y ambiental.
RG7. Demostrar habilidad de auto aprendizaje y de actualización permanente de conocimientos.
RG8. Emplear métodos y herramientas de ingeniería necesarios en la práctica profesional.
Resultados específicos
RE1. Diseñar productos y procesos que requieran materias primas agropecuarias para darles valor agregado que satisfagan las necesidades del país de manera económica, eficiente y ambientalmente sustentable.
RE2. Diseñar experimentos, para la obtención y el análisis de datos en el ejercicio de la Ingeniería Agroindustrial.
RE3. Aplicar los principios de la Ingeniería Agroindustrial, a partir del análisis de las materias primas en el diseño de procesos de transformación mediante balances de masa, energía, fenómenos de transporte y aplicación lógica de las operaciones unitarias agroindustriales.
RE4. Aplicar los conocimientos con criterio lógico en la identificación formulación y solución de problemas asociados al ejercicio de la Ingeniería Agroindustrial.",Gerenciar procesos productivos en plantas agroindustriales.Diseñar nuevos productos y procesos agroindustriales.Gerenciar proyectos para la agroindustria.
Ingenieria Ambiental,https://www.epn.edu.ec/ingenieria-ambiental/,"Una profesión que enfrenta el desafío de mitigar los impactos negativos del desarrollo urbano e industrial, integrando conocimientos técnicos avanzados para diseñar soluciones innovadoras que promuevan un desarrollo ambientalmente sostenible. Esta disciplina también impulsa la creación de modelos de desarrollo que equilibren el crecimiento económico y la preservación de los recursos naturales. El Ingeniero Ambiental está capacitado para analizar, planificar, diseñar, operar y optimizar sistemas integrales que abarcan desde el suministro de agua potable y saneamiento básico, hasta la gestión de residuos sólidos y peligrosos, control de la contaminación, y gestión ambiental en la industria.",Facultad de Ingeniería Civil y Ambiental,Ingeniera/o Ambiental,Nueve períodos académicos,Presencial,"Los aspirantes a ingresar a la carrera de Ingeniería Ambiental, deben haber concluido los estudios de bachillerato y obtenido el puntaje mínimo definido por el Sistema Nacional de Nivelación y Admisión (SNNA) correspondiente a la carrera.
Así también, el perfil deseable del aspirante incluye las siguientes habilidades:
Aptitud Verbal
Razonamiento numérico
Razonamiento abstracto
En cuanto a conocimientos, es deseable que el aspirante posea formación básica en física, matemática, química y fundamentos de biología.","Objetivo generalFormar académicos y profesionales con conocimientos y destrezas en Ingeniería Ambiental, con el fin de generar, difundir y transmitir soluciones ambientales de manera eficiente y sustentable; con un alto nivel de competencia en el entorno nacional e internacional y una permanente actualización profesional y realización humana conforme a los principios de la ética profesional; que contribuyan eficazmente al desarrollo sustentable del país.Objetivos específicosConocimiento:Preparar profesionales con una formación sólida en fundamentos teóricos y prácticos en los campos académicos y de investigación relacionados con la Ingeniería Ambiental para conceptualizar, desarrollar e implementar soluciones ambientales sustentables, que gestionen adecuadamente los recursos naturales y la energía para proteger el ambiente.Preparar profesionales que conozcan los reglamentos, instructivos, regulaciones y ordenanzas dentro del ámbito de su competencia.Preparar profesionales con conocimiento en caracterización y remediación de agua, aire, suelo y residuos.Aprendizaje:Preparar profesionales capaces de desarrollar pensamiento crítico y correlacionar los principios básicos de la Ingeniería Ambiental con la aplicación de los mismos.Preparar profesionales con capacidad de autoaprendizaje para fomentar una formación permanente que apoye al desarrollo de la sociedad.Preparar profesionales con habilidades organizacionales, de liderazgo y de comunicación, que trabajen eficientemente en equipos multidisciplinarios o proyectos colaborativos en los cuales se necesite la aplicación de la Ingeniería Ambiental para mejorar la calidad de vida de la sociedad.Preparar profesionales que sean capaces de manejar adecuadamente las herramientas para reconocimiento de un problema ambiental y sus posibles soluciones, considerando el entorno social, económico y cultural para la toma correcta de las decisiones.Pertinencia:Fomentar la responsabilidad individual y colectiva de los graduados de la Carrera de Ingeniería Ambiental para contribuir a la transformación productiva, tecnológica e industrial del Ecuador.Garantizar la transferencia de conocimiento en materia ambiental hacia los sectores productivos interesados.Generar profesionales capaces de implementar proyectos técnicos y de investigación en Ingeniería Ambiental, para impulsar la calidad, la seguridad y la cobertura en la prestación de servicios a la comunidad.Ciudadanía en General:Generar profesionales que sean ciudadanos del mundo, receptivos a las necesidades de la sociedad y a la conservación del ambiente.Generar profesionales que identifiquen y aporten soluciones a los problemas sociales, legales y éticos relacionados con la Ingeniería Ambiental.Preparar profesionales con sólida formación en valores: conciencia ética, verdad, honestidad, solidaridad, respeto hacia sí mismos y hacia los demás y capaces de contribuir al bienestar de la comunidad.","Resultados generales
RG1: Aplicar conceptos técnico-prácticos actuales, con responsabilidad y ética, relacionados a la Ingeniería Ambiental, en cuanto a minimización de impactos ambientales y gestión adecuada de los recursos naturales.RG2: Trabajar honesta y responsablemente en equipos de trabajo multidisciplinarios para generar la soluciones ambientales costo-efectivas que satisfagan las necesidades de la sociedad, tomando en cuenta el contexto en el que se desenvuelve.RG3: Valorar las regulaciones que incluyan la legislación nacional e internacional apropiada para su campo de especialización, con el fin de ejercer sus funciones dentro de los límites legales.RG4: Identificar la complejidad de la profesión y el compromiso con la sociedad y el ambiente.
Resultados específicos
RE1: Aplicar conocimientos fundamentales de los principios y conceptos matemáticos, así como conocimientos de la naturaleza y sus fenómenos físico-químicos; incluyendo expresiones cuantitativas y tópicos relacionados con el medio ambiente y ciencias de la tierra.RE2: Identificar fundamentos, métodos, y herramientas para resolver problemas profesionales relacionados con la Ingeniería Ambiental.RE3: Resolver problemas profesionales de mediana complejidad relacionados con la Ingeniería Ambiental.RE4: Utilizar los conocimientos de ciencias básicas y la capacidad de aprendizaje continuo para colaborar en proyectos de investigación, desarrollo e innovación en diversas áreas de la Ingeniería Ambiental.RE5: Utilizar pensamiento crítico, para enfrentar los problemas ambientales que se deban resolver.RE6: Demostrar habilidades de comunicación utilizando medios escritos, orales y digitales, para comunicar los resultados de su actuación.RE7: Utilizar herramientas informáticas de forma adecuada y eficaz en la resolución de problemas ambientales.RE8: Aplicar modelos matemáticos para representar problemas ambientales reales y determinar alternativas de solución.RE9: Diseñar y/o modificar procesos de tratamiento de agua, aire, suelo y residuos.RE10: Aplicar las regulaciones y normativas ambientales en la resolución de problemas ambientales.","El Ingeniero Ambiental tendrá la capacidad de:Proveer servicios de consultoría y asesoría ambiental.Desempeñarse como responsable de Estudios de Impacto Ambiental.Implementar nuevas tecnologías de remediación ambiental.Dirigir y participar en proyectos relacionados con la Ingeniería Ambiental, en el ámbito público o privado.Crear su propia empresa, orientada a ofrecer soluciones ambientales.Desempeñarse como docente/investigador en instituciones educativas de nivel medio y superior.Diseñar, evaluar y mejorar sistemas de depuración de agua, aire y suelo.Diseñar, evaluar y mejorar sistemas de potabilización del agua.Diseñar planes de manejo integral de residuos.Desempeñarse como técnico de campo, en áreas varias: metalurgia, minería, industria manufacturera, industria química, etc.Desempeñarse como planificador de la ejecución de instrumentos de gestión ambiental."
Ciencias De Datos E Inteligencia Artificial,https://www.epn.edu.ec/ciencias-de-datos-e-inteligencia-artificial/,"La Carrera en Ciencia de Datos e Inteligencia Artificial forma profesionales capaces de integrar, transformar y analizar datos para la toma de decisiones y la resolución de problemas. El programa se enfoca en la comprensión de procesos, el descubrimiento de patrones en los datos. Los graduados estarán preparados para aplicar conocimientos en matemáticas, estadística y ciencias de la computación para abordar desafíos en diversos sectores, asegurando la competitividad de las organizaciones e impulsando el desarrollo del país. La carrera hace énfasis en el aprendizaje activo y colaborativo, fomentando el pensamiento crítico y la formación continua.",Facultad de Ingeniería de Sistemas,Ingeniera/o en Ciencia de datos e Inteligencia Artificial,Nueve períodos académicos,Presencial,"Los aspirantes a ingresar a la carrera de Ingeniería en Ciencia de Datos e Inteligencia Artificial, deben haber aprobado el examen SNNA del Sistema Nacional de Nivelación y Admisión, y haber obtenido el puntaje mínimo de la Carrera, para lo cual deben:
Tener conocimientos y habilidades de computación, ofimática, Internet, inglés básico y fundamentos matemáticos.
Debe mostrar interés por conocer más de: Matemática y Estadística, Aprendizaje Automático (Machine Learning), tratamiento y análisis de datos, nuevas tecnologías de la información, lenguajes de programación, idioma inglés avanzado.
Debe exhibir y querer desarrollar valores y actitudes en: pensamiento analítico y capacidad de razonamiento, aprendizaje y trabajo en una disciplina considerablemente dinámica, búsqueda de fuentes bibliográficas, lectura y auto aprendizaje, comunicación efectiva, trabajo en equipo y liderazgo, y sensibilidad sobre la privacidad y seguridad de los datos. Adicionalmente, como requisito de ingreso, el aspirante a la carrera deberá poseer título de Bachiller o su equivalente de conformidad con la Ley; también se aceptarán los títulos de Bachiller obtenidos en el extranjero, reconocidos o equiparados por el Ministerio de Educación.",Objetivo general Objetivos específicos,"Resultados generales
RG1. Demostrar una formación humanística, íntegra, transparente, ética, inclusiva y responsable para desarrollar productos y servicios digitales aplicando técnicas y herramientas de ciencia de datos e inteligencia artificial.
RG2. Demostrar capacidad de trabajo en equipo en proyectos de ciencia de datos e inteligencia artificial alineados a los grandes objetivos nacionales, en los sectores público y privado, desempeñándose bajo protocolos de privacidad, honestidad, ética, responsabilidad, conciencia social y respeto al medio ambiente.
Resultados específicos
RE1. Demostrar sólidos conocimientos teóricos de las áreas de matemáticas, estadística y ciencias de la computación para realizar el análisis de datos convencionales y masivos que apoyen a la toma de decisiones organizacionales, o que resuelvan problemas relacionados con la falta de información y conocimiento.
RE2. Identificar metodologías de investigación adecuadas para abordar problemas y retos nacionales o mundiales que impliquen innovación de la ciencia de datos e inteligencia artificial.
RE3. Aplicar conocimientos y destrezas en el uso eficiente de herramientas y plataformas tecnológicas que apoyen la construcción de sistemas de análisis de datos en los niveles descriptivo, predictivo y prescriptivo, para enfrentar con solvencia los retos asociados a problemáticas locales, regionales e internacionales.
RE4. Liderar proyectos de descubrimiento de conocimiento para mejorar los procesos, productos y servicios de la organización mediante el entendimiento del negocio, preparación de los datos, modelado, evaluación y despliegue del proyecto.
RE5. Desarrollar la capacidad de autoformación y capacitación continua, en los ámbitos teórico y práctico, tanto de la ciencia como de las tecnologías propias del área, para ser competitivo ante el incesante avance científico-tecnológico, a fin de proponer las mejores soluciones a los problemas relacionados con el tratamiento de datos.","Los profesionales en Ciencia de Datos e Inteligencia Artificial poseen conocimientos, habilidades y valores en el manejo del hardware y uso y desarrollo de software especializados para recolectar, almacenar, analizar, procesar y modelar datos; además, comprenden y aplican la estadística, matemáticas, y el aprendizaje computacional para extraer conocimiento a partir de los datos.Los ingenieros científicos de datos trabajan en estrecha colaboración con las partes interesadas del negocio para comprender sus objetivos y determinar cómo se pueden utilizar los datos para lograr esos objetivos.Los profesionales científicos de datos están en la capacidad de diseñar procesos de modelado de datos, crear algoritmos y modelos predictivos, para generar el conocimiento que las instituciones, gobiernos, empresas y otras organizaciones necesitan para generar ventajas competitivas.Cada proyecto basado en datos es diferente, pero el profesional en ciencia de datos e inteligencia artificial conoce cómo efectuar los tipos de análisis: exploratorio, descriptivo, predictivo y prescriptivo; lo cual le permite desenvolverse en áreas tan diversas como medicina, negocios, banca, publicidad, entretenimiento, gobierno, salud pública, entre muchas otras.Los posibles cargos para los graduados de esta ingeniería incluyen: Ingeniero en Ciencia de Datos e Inteligencia Artificial, Analista de Datos, Ingeniero de Investigación, Desarrollador de Ciencia de Datos e Inteligencia Artificial, Arquitecto de Datos, Especialista en Inteligencia de Negocios, Gerente de Unidades Tecnológicas, y afines."
Ingenieria En Ciencias De La Computacion,https://www.epn.edu.ec/ingenieria-en-ciencias-de-la-computacion/,"La Carrera de Seguridad de Tecnologías de la Información busca formar profesionales en el ámbito de la Seguridad de las Tecnologías de la Información y la Comunicación capaces de identificar, evaluar y tratar los riesgos de seguridad en redes de comunicaciones, componentes de TI e información de organizaciones de diferentes sectores productivos del país, utilizando para ello metodologías, técnicas y herramientas de vanguardia, e implementando buenas prácticas y tecnologías de protección adecuadas; con habilidades para interrelacionarse personal y profesionalmente, y para trabajar en equipo con alto rigor ético y legal y comprometidos con el desarrollo sustentable de las organizaciones y su entorno.",Facultad de Ingeniería de Sistemas,Ingeniera/o en Ciencias de la Computación,Nueve períodos académicos,Presencial,"Los aspirantes a ingresar a la Carrera en Computación, Titulación Ingeniería en Ciencias de la Computación, deben haber concluido los estudios de bachillerato y obtener el puntaje mínimo definido por el Sistema Nacional de Nivelación y Admisión SNNA correspondiente a la carrera.","Objetivo generalFormar profesionales con conocimientos y destrezas en el área de las Ciencias de la Computación, para analizar, generar, aplicar y transferir soluciones computacionales eficientes y sustentables, que apoyen a la transformación productiva, tecnológica e industrial del Ecuador; con alto grado de competitividad y una cultura permanente de actualización profesional, que se desempeñen conforme a los principios de la ética, conciencia social, respeto de los derechos humanos y del medio ambiente.Objetivos específicosConocimiento:Estudiar los fundamentos teóricos y técnicos de las áreas de conocimiento de las Ciencias de la Computación para conceptualizar, desarrollar e implementar sistemas computacionales sustentables, que gestionan adecuadamente los recursos de cómputo y la energía para proteger el medio ambiente.Estudiar los distintos paradigmas y herramientas relacionadas con las Ciencias de la Computación, para formalizar el análisis, diseño e implementación de sistemas computacionales sustentables.Entender la dependencia entre teoría y práctica y la forma cómo se relacionan entre sí; reconocer el contexto en que los sistemas computacionales operan, incluyendo las interacciones con personas y el mundo físico.Pertinencia:Reconocer la responsabilidad individual y colectiva de los graduados de la Carrera para contribuir a la transformación productiva, tecnológica e industrial del Ecuador.Conceptualizar y construir sistemas computacionales eficientes y sustentables, con un adecuado nivel de detalle para garantizar la transferencia de conocimiento hacia los sectores productivos interesados.Implementar proyectos en el área de Ciencias de la Computación para impulsar la calidad, la seguridad y la cobertura en la prestación de servicios, a través del uso de sistemas computacionales eficientes y sustentables, que satisfagan las necesidades de la sociedad ecuatoriana.Aprendizajes:Analizar a múltiples niveles de detalle y abstracción los componentes de la estructura de un sistema computacional sustentable y los procesos involucrados en su construcción.Aplicar el conocimiento en Ciencias de la Computación para mejorar el desarrollo de sistemas de computación sustentables, mediante la evaluación cualitativa y cuantitativa de su funcionalidad, usabilidad y desempeño.Adquirir habilidades organizativas y de comunicación para trabajar eficientemente en equipos multidisciplinarios, o proyectos colaborativos en los cuales se necesite la aplicación de las Ciencias de la Computación para mejorar la calidad de vida de la sociedad.Reconocer la importancia de los conocimientos específicos no relacionados con las ciencias de la computación y ser capaces de comunicarse con y aprender de expertos de diferentes áreas del conocimiento a través de sus carreras.Entender que para un determinado problema existen distintas soluciones y que la elección entre ellas no es una labor puramente técnica, sino que se debe valorar el efecto en las vidas de las personas.Ciudadanía integral:Reconocer el contexto de interacción de los sistemas computacionales y la sociedad, para adecuar el funcionamiento de éstos a la satisfacción de las necesidades de sus usuarios finales y a la conservación del medio ambiente.Identificar y aportar soluciones a problemas sociales, legales, éticos y medioambientales relacionados con la aplicación de sistemas computacionales.Ofrecer a la sociedad ecuatoriana una opción de formación técnica que permita y motive el auto-aprendizaje para apoyar la mejora, aplicación continua y transferencia de conocimiento en Ciencias de la Computación, para la resolución de problemas nacionales","Resultados generales
RG1. Comunicar efectivamente la aplicación de conocimiento de las Ciencias de la Computación, con un nivel de detalle y abstracción adecuado, para facilitar la transferencia de conocimiento a los sectores estratégicos del país.
RG2. Demostrar una formación humanista, ética y técnico-científica para conceptualizar, desarrollar, transferir e innovar la calidad, seguridad y cobertura de servicios públicos y privados, a través del uso de sistemas computacionales eficientes y sustentables.
RG3. Resolver los problemas sociales, legales, éticos, culturales y medio ambientales relacionados con la disciplina, para ejercer la profesión con responsabilidad, conciencia social y respeto al medio ambiente
Resultados específicos
RE1. Aplicar conocimientos técnicos y tecnológicos relacionados con las Ciencias de la Computación para apoyar a la mejora continua de procesos, la gestión estratégica y la optimización de servicios.
RE2. Construir sistemas computacionales eficientes y sustentables, utilizando tecnología de punta, para agilizar y simplificar procesos y procedimientos administrativos, maximizando el acceso a información de calidad.
RE3. Desarrollar nuevas formas de aplicación de las Ciencias de la Computación para satisfacer las necesidades de transformación en los sectores estratégicos nacionales, mediante el uso de fundamentos y herramientas de investigación.
RE4. Considerar el avance de la disciplina para mejorar su desempeño profesional, mediante la asimilación de nuevo conocimiento y el auto aprendizaje de herramientas de punta, ya sean éstas lenguajes de programación, herramientas, paradigmas, plataformas tecnológicas, entre otras.
RE5. Desarrollar la creatividad y emprendimiento a través de la investigación de nuevas formas de aplicación de las Ciencias de la Computación para satisfacer las necesidades de transformación en los sectores estratégicos nacionales.
RE6. Transferir el conocimiento adquirido durante el auto aprendizaje o la investigación para facilitar la conceptualización, diseño y construcción de sistemas computacionales que solucionen problemas estratégicos en sectores prioritarios de producción y desarrollo nacional.
RE7. Diseñar soluciones eficientes, sustentables, integradoras y multidisciplinarias, con adecuado manejo de tiempo, costo, alcance y progreso.
RE8. Seleccionar soluciones computacionales, mediante la evaluación cualitativa y cuantitativa de la funcionalidad, usabilidad, desempeño y aplicabilidad de la solución para satisfacer las necesidades de los sectores interesados.
RE9. Evaluar el impacto social, cultural y ambiental de un sistema computacional sobre la vida de las personas y su ecosistema.","Ingeniería de Software para el Desarrollo de Sistemas de Información y Sistemas Inteligentes.Administración y Soporte de Plataformas Computacionales (Sistemas Informáticos, Redes de Comunicación y Seguridades y/o Bases de Datos).Evaluación y Auditoria de Plataformas Computacionales.Investigación Aplicada en Proyectos de Conceptualización, Desarrollo, Innovación y Transferencia de Sistemas Computacionales (Hardware y Software).Emprendimiento de Empresas de Investigación, Innovación, Desarrollo y Comercialización de Sistemas Computacionales (Hardware y Software)."
Economia,https://www.epn.edu.ec/economia/,"La carrera de Economía tiene como objetivo formar profesionales de excelencia en las ciencias económicas, con amplios conocimientos teóricos para el análisis económico y habilidades para el manejo de herramientas matemáticas, estadísticas, metodológicas e informáticas. La formación cuantitativa de nuestra carrera es el principal factor diferenciador frente a otras carreras de economía en el país. Un Economista es un profesional con una formación holística, capaz de conceptualizar, modelar y resolver fenómenos socioeconómicos complejos. Los egresados en Economía están capacitados para analizar problemas económicos en contextos locales, nacionales y globales.",Facultad de Ciencias,Economista,Nueve períodos académicos,Presencial,"El aspirante que desea ingresar a estudiar a la Carrera de Economía de la Facultad de Ciencias de la Escuela Politécnica Nacional del Ecuador deberá haber concluido sus estudios de bachillerato, haber aprobado el examen de Nivelación y Admisión SNNA con el puntaje requerido y haber aprobado el curso Pre politécnico.
Para el perfil deseable se sugieren las siguientes características:
Tener conocimientos básicos de matemáticas y ciencias sociales.
Tener conocimientos básicos de inglés y computación.
Tener aptitudes de criticidad analítica.
Tener interés sobre el entorno económico y social.
Ser honesto y responsable ante los retos y compromisos.
Ser disciplinado en el desarrollo de actividades académicas, de servicio a la sociedad y protección del medio ambiente.
Tener aptitudes para el trabajo organizado, independiente y/o en equipo.
Tener hábitos de lectura y auto-aprendizaje.","Formar profesionales de excelencia en las ciencias económicas, con amplios conocimientos teóricos para el análisis económico y habilidades para el manejo de herramientas matemáticas, estadísticas, metodológicas e informáticas. La formación cuantitativa de nuestra carrera es el principal factor diferenciador frente a otras carreras de economía en el país. Un Economista es un profesional con una formación holística, capaz de conceptualizar, modelar y resolver fenómenos socioeconómicos complejos. Los egresados en Economía están capacitados para analizar problemas económicos en contextos locales, nacionales y globales.","Resultados generales
RG1. Participar, con honestidad y ética profesional, conjuntamente con la comunidad y sus actores, en el planteamiento de soluciones a los problemas económicos y sociales del país, adaptando las teorías económicas a las necesidades del entorno social y natural.
RG2. Impulsar el diálogo de saberes con las distintas comunidades para consensuar alternativas de solución a los problemas económicos y sociales del país, tomando en cuenta las restricciones y límites del medio ambiente y el respeto a la multiculturalidad del país.
Resultados específicos
RE1. Comprender la teoría económica como fundamento para la resolución de problemas económicos y sociales fundamentales del país.
RE2. Analizar diversos modelos económicos para adaptarlos y aplicarlos a la realidad nacional, con el objetivo de satisfacer las necesidades de transformación de la economía del Ecuador.
RE3. Sintetizar los avances en el área de la economía para mejorar su desempeño mediante la asimilación de nuevos conocimientos y el autoaprendizaje.
RE4. Participar activamente y liderar equipos de investigación, tanto en proyectos de la economía como en esfuerzos multidisciplinarios.
RE5. Aplicar el conocimiento adquirido durante el autoaprendizaje y la investigación para facilitar la conceptualización, modelización y desarrollo de propuestas que solucionen problemas económicos y sociales del país.
RE6. Plantear soluciones económicas considerando los principios de esta ciencia y su aplicabilidad práctica, para satisfacer las necesidades de los sectores necesitados.
RE7. Aportar a la evaluación del impacto social, económico, y ambiental de las decisiones de los diversos agentes económicos y, en particular, de las autoridades gubernamentales","Los economistas de la Escuela Politécnica Nacional contarán con la formación profesional y las herramientas técnicas para ocupar una variedad de cargos en el área económica y financiera; se espera que se genere una progresión profesional ascendente, desde cargos operativos hasta cargos de alto mando tanto en el sector público como en el sector privado, en la academia y centros de investigación. Este patrón ocurre actualmente con los graduados de la carrera de Ingeniería en Ciencias Económicas y Financieras. Entre los profesionales más nóveles, esto es los estudiantes graduados después del 2012, el 86% ocupa cargos operativos; en tanto que entre aquellos que ya cuentan con experiencia, los estudiantes graduados antes de 2012, un 33% ocupa un cargo de mando medio o alto. El patrón de progresión profesional dependerá claramente del nivel de experiencia en el mercado laboral de nuestros economistas."
Ingenieria En Electricidad,https://www.epn.edu.ec/ingenieria-en-electricidad/,"La Carrera de Seguridad de Tecnologías de la Información busca formar profesionales en el ámbito de la Seguridad de las Tecnologías de la Información y la Comunicación capaces de identificar, evaluar y tratar los riesgos de seguridad en redes de comunicaciones, componentes de TI e información de organizaciones de diferentes sectores productivos del país, utilizando para ello metodologías, técnicas y herramientas de vanguardia, e implementando buenas prácticas y tecnologías de protección adecuadas; con habilidades para interrelacionarse personal y profesionalmente, y para trabajar en equipo con alto rigor ético y legal y comprometidos con el desarrollo sustentable de las organizaciones y su entorno.",Facultad de Ingeniería Eléctrica y Electrónica,Ingeniera/o Eléctrica,Nueve períodos académicos,Presencial,"El perfil del aspirante a ingresar a la Carrera en Electricidad de la Escuela Politécnica Nacional, incluye las siguientes capacidades, habilidades y aptitudes:
Conocimientos básicos de física, matemática y química.
Mostrar interés por el conocimiento científico, el uso de la tecnología y las herramientas informáticas.
Comprensión lectora y razonamiento lógico.
Capacidad de análisis, síntesis y aplicación del conocimiento.
Creatividad y habilidad para la resolución de problemas teóricos y prácticos.
Capacidad para trabajar bajo presión y en equipo.
Disponibilidad de tiempo para cursar los estudios de ingeniería.","Objetivo generalOfrecer a la sociedad ecuatoriana un programa de formación de tercer nivel enfocado en la generación de profesionales con capacidad de investigación y desarrollo en los campos de la 7 ingeniería eléctrica, que participen y contribuyan con el desarrollo de las actividades productivas dentro de los sectores estratégicos del País.Objetivos específicosConocimiento:Formar profesionales con sólidos conocimientos y competencias en ingeniería eléctrica que le permitan participar en actividades de planificación, diseño, construcción, instalación, operación y mantenimiento de sistemas y equipos en los campos de generación, transmisión, distribución, área industrial y uso racional de la energía.Aprendizajes:Garantizar el aprendizaje integral, teórico – práctico, de los estudiantes de la Carrera en Electricidad, mediante la utilización de métodos efectivos de enseñanza – aprendizaje que permitan el desarrollo del pensamiento lógico, crítico y creativo lo que se complementa con el trabajo práctico en laboratorios.Pertinencia:Responder a los requerimientos de la sociedad ecuatoriana en lo relacionado al dinamismo de los sectores estratégicos del país, los cuales son dependientes, entre otros, del desarrollo en materia de energía eléctrica.Ciudadanía en General:Ofrecer profesionales con la motivación para continuar con estudios de especialización de cuarto nivel, dentro y fuera del país, para responder las necesidades de la sociedad ecuatoriana en los sectores de docencia, investigación y desarrollo, fortaleciendo al sector académico y promoviendo la creación de centros de investigación.Garantizar la disponibilidad de profesionales con sólida formación ética, visión administrativa y económica, capaces de generar empleo y administrar empresas.","Resultados generales
RG1. Plantear soluciones a los diversos problemas locales específicos tomando como referencia la realidad socioeconómica y política del Ecuador
RG2. Integrar conceptos sociales, económicos y ambientales en procesos de evaluación de proyectos
RG3. Identificar normas y principios relativos a la conservación del medio ambiente para aplicarlos en el desarrollo de proyectos de ingeniería a su cargo
Resultados específicos
RE1. Identificar los fundamentos de ciencia, tecnología, ingeniería y matemáticas; necesarios para su formación profesional.
RE2. Identificar los procesos de la conversión de energía proveniente de fuentes convencionales y no convencionales, destinados a la generación de energía eléctrica.
RE3. Resolver problemas de optimización para estudios técnicos eléctricos específicos. Estos problemas de optimización, que necesariamente considerarán criterios técnicos, económicos y de preservación del ambiente, se encaminan al desarrollo de capacidades de autoaprendizaje e investigación.
RE4. Integrar conocimientos para realizar diseños, modelaciones matemáticas y simulaciones operativas de sistemas de generación, transmisión y/o distribución de energía eléctrica que le permitan inmiscuirse en procesos de autoaprendizaje e investigación formativa.
RE5. Elaborar diseños de instalaciones eléctricas a nivel residencial, comercial e industrial
RE6. Evaluar la demanda de energía eléctrica de instalaciones a nivel residencial, comercial e industrial.
RE7. Realizar auditorías energéticas y de calidad de suministro de electricidad.
RE8. Integrar conocimientos relativos a procesos de despacho y operación de sistemas eléctricos de potencia.
RE9. Resolver problemas de ingeniería de sistemas de potencia en estado estacionario y dinámico.
RE10. Sintetizar problemas de optimización mediante la utilización de modelos computacionales para el aprovechamiento óptimo de recursos naturales considerando criterios técnicos, económicos y de preservación del ambiente.
RE11. Simular sistemas de generación – transmisión de energía eléctrica para realizar análisis y estudios operativos específicos en sistemas de alto y extra alto voltaje.
RE12. Simular sistemas de distribución de energía eléctrica para realizar análisis y estudios operativos específicos en sistemas medio y bajo voltaje.
RE13. Utilizar nuevas metodologías de seguridad industrial para pruebas y puesta en funcionamiento de sistemas eléctricos a nivel industrial, comercial y doméstico.
RE14. Participar en equipos multidisciplinarios de investigación en el área de estudios eléctricos especializados de sistemas de potencia
RE15. Participar en proyectos de investigación relacionados con el despacho, operación, seguridad y calidad de servicio en los sistemas eléctricos de potencia","Desarrollar soluciones a problemas de ingeniería eléctrica que suplan las necesidades de la sociedad en un contexto global, social, político y ambiental, utilizando, adaptando o desarrollando herramientas tecnológicas adecuadas.Administrar en forma óptima los recursos técnicos, humanos, físicos y financieros requeridos en los proyectos y empresas en que intervenga o que promueva.Diseñar procesos relacionados con la generación, transmisión, distribución, y el aprovechamiento y control de la energía eléctrica.Supervisar la construcción y puesta en servicio de proyectos de generación, transmisión y distribución de energía eléctrica.Operar sistemas de generación, transmisión y distribución de energía eléctrica.Gerenciar instalaciones eléctricas industriales, comerciales, domiciliarias y especiales, de acuerdo a las normas vigentes a nivel nacional e internacional.Evaluar la factibilidad y los impactos sociales, económicos y ambientales asociados a proyectos de la ingeniería eléctrica.Asesorar la ejecución de proyectos eléctricos en general.Dirigir la instalación, el montaje y mantenimiento de equipos eléctricos.Determinar cantidad de obra, costos y tiempo estimado, especificaciones de diseño y métodos de instalación para elementos, equipos y sistemas eléctricos.Desarrollar procedimientos para la operación, mantenimiento preventivo, correctivo y reparación de equipos y sistemas eléctricos, tomando mando como base normas de seguridad y desempeño.Desarrollar manuales de operación y mantenimiento preventivo y correctivo de sistemas y equipos eléctricos.Elaborar diseños y diagramas de sistemas eléctricos diversos.Llevar a cabo actividades de investigación en áreas relacionadas con la ingeniería eléctrica.Liderar grupos de trabajo interdisciplinarios en el desarrollo de proyectos diversos, en cuanto a la generación, transmisión, distribución y uso de la energía eléctrica.Priorizar en su desempeño la ética profesional, y compromiso con el rendimiento de cuentas de costos y beneficios de proyectos bajo su responsabilidad.Mantener una actualización Profesional continua con particular interés en áreas afines a la ingeniería eléctrica.Realizar auditorías energéticas y de calidad de suministro de electricidad."
Ingenieria En Electronica Y Automatizacion,https://www.epn.edu.ec/ingenieria-en-electronica-y-automatizacion/,"La Carrera de Electrónica y Automatización estudia y analiza procesos de producción en plantas industriales, agroindustriales, sistemas de transporte, bioingeniería, sistemas de seguridad y supervisión de empresas, fábricas, edificios, hospitales, sistemas robóticos e instalaciones industriales desde una visión teórica-metodológica y práctica, para contribuir al mejoramiento continuo de los procesos industriales y a la transformación de la matriz productiva en los sectores estratégicos priorizados del Ecuador, impulsando el desarrollo de energías limpias, mediante el uso y aplicación de teorías y técnicas de control avanzado.",Facultad de Ingeniería Eléctrica y Electrónica,Ingeniera/o en Electrónica y Automatización,Nueve períodos académicos,Presencial,"Debido al futuro campo profesional en donde deberá ejercer su trabajo, el aspirante a la Carrera en Electrónica y Automatización en la Escuela Politécnica Nacional debe tener un perfil compatible con los siguientes conocimientos básicos, habilidades, actitudes y valores:
Poseer habilidades en las áreas tecnológicas.
Estar interesado en las ciencias exactas, electrónico, robótico, y automatización.
Deseoso de utilizar tecnologías de punta y herramientas de diseño de última generación.
Dispuesto a diseñar soluciones innovadoras con proyectos de aplicación práctica.
Ser creativo para resolver problemas, proponer mejoras y dar soluciones a situaciones nuevas.
Tener valores personales de responsabilidad, honestidad, solidaridad social, responsabilidad con el medio ambiente y deseo de superación.","Objetivo generalFormar ingenieros de alto nivel, creativos con cualidades críticas, ética, solidarios, capaces de comprender, adaptar y generar tecnologías en el campo de la Electrónica y Automatización Industrial con conocimientos y habilidades que le permitan desarrollar sus actividades principalmente en el sector industrial, productivo, de energía y de desarrollo tecnológico, buscando la optimización de los recursos, el mejoramiento continuo de los procesos y conservación ecológica.Objetivos específicosConocimientoFormar ingenieros capaces de comprender, analizar, diseñar y construir sistemas de control automáticos en el sector industrial, productivo y de energía aplicando los métodos y técnicas más actuales y modernas.PertinenciaIncorporar a la sociedad ingenieros capaces de enfrentar los problemas de automatización en la industria, para mejorar la matriz productiva del País con soluciones tecnológicas innovadoras buscando la optimización de los recursos, el mejoramiento continuo de los procesos y la conservación ambiental.AprendizajesComprender las diferentes disciplinas que abarca el campo de la electrónica y la automatización, para aportar con sus conocimientos profesionales y en forma creativa al desarrollo del País.Desarrollar habilidades para trabajar en equipo promoviendo la inclusión de los estudiantes en proyectos interdisciplinarios para establecer vínculos entre la universidad y la sociedad.Fomentar el aprendizaje en contextos interculturales y de integración haciendo uso de tecnologías de la información, comunicación y participación.Ciudadanía integralPromover la formación de ingenieros con conciencia social, que estén en capacidad de concebir nuevas ideas, entender nuevos paradigmas y usar su conocimiento en el campo de la electrónica y la automatización para contribuir a modernizar la matriz productiva y de esta manera mejorar las condiciones de vida de la población ecuatoriana.Desarrollar en los estudiantes la conciencia sobre la necesidad de preservar los recursos naturales y de ahorrar energía, para que utilicen su conocimiento en el campo de la electrónica y la automatización en el desarrollo de sistemas de control que consideren buenas prácticas ambientales que garanticen los derechos de la naturaleza y la sostenibilidad ambiental territorial y global.","Resultados generales
RG1. Comprender la complejidad de la profesión y el compromiso con la sociedad y el medio ambiente, con el fin de cumplir con su código deontológico.
RG2. Actuar con criterio y responsabilidad frente a dilemas éticos en el campo de su profesión aplicando valores y códigos de ética profesional reconocidos.
RG3. Manifestar interés por temas contemporáneos en el ámbito local, nacional e internacional con el fin de analizarlos en relación con su profesión, discriminando las fuentes de información.
RG4. Demostrar capacidad para la integración, participación proactiva, liderazgo, aceptación a la diversidad, pluralismo, comprensión mutua y solución de conflictos.
RG5. Conocer el cambio tecnológico para desarrollar creatividad e innovación.
RG6. Establecer estrategias para continuar aprendiendo a lo largo de su vida a través de identificar oportunidades de aprendizaje necesarias para el desarrollo y mejoramiento continuo de su carrera profesional.
RG7. Demostrar habilidades para realizar búsquedas bibliográficas, utilizar bases de datos y otras fuentes de información.
RG8. Fomentar las buenas prácticas de la profesión.
RG9. Demostrar capacidad para liderar en ámbitos técnicos, financieros, humanos y de gestión.
RG10. Comunicar el conocimiento en diversos estilos y formatos.
RG11. Demostrar suficiente fluidez en, al menos, un idioma extranjero, para comunicar sus propuestas técnicas de manera efectiva.
RG12. Participar en equipos de trabajo, utilizando destrezas de cooperación, comunicación, manejo de conflictos y definición de estrategias. 
Resultados específicos
RE1. Proponer soluciones técnicamente satisfactorias y sustentables en el tiempo dentro del ámbito de su profesión.
RE2. Aplicar los conocimientos de análisis y diseño de sistemas de control para la solución de problemas de su entorno, en el mejoramiento de su formación científico – técnica y ética.
RE3. Aplicar los métodos prácticos y teóricos apropiados para solucionar los problemas técnicos de la profesión.
RE4. Emplear principios económicos, de calidad, conservación, métodos estadísticos y de información técnica disciplinar.
RE5. Aplicar las regulaciones que incluyan la legislación nacional e internacional apropiada para su campo de especialización.
RE6. Aplicar principios de matemáticas y ciencias básicas para describir el comportamiento y operación de procesos y sistemas en el ámbito de su profesión.
RE7. Integrar los principios de monitoreo y control en la supervisión de procesos industriales.
RE8. Aplicar las leyes fundamentales para explicar el comportamiento de los diferentes sistemas automáticos de producción.
RE9. Aplicar normas de sistemas de energía eléctrica en sistemas residenciales, comerciales y en aplicaciones industriales.
RE10. Seleccionar dispositivos electrónicos, eléctricos, electromecánicos, neumáticos, electroneumáticos, utilizados a nivel industrial, residencial y en biomedicina.
RE11. Integrar las tecnologías de última generación para el mejoramiento continuo de los procesos productivos.
RE12. Aplicar nuevas teorías y modelos en el campo de la electrónica y automatización.
RE13. Perfeccionar habilidades para llevar a cabo investigaciones y estudios detallados de aspectos técnicos en concordancia con los conocimientos y comprensión de las temáticas de su carrera.¿
RE14. Transmitir los conocimientos, problemas y soluciones aplicados en el campo de la electrónica y automatización en lenguaje apropiado a públicos especializados y no especializados.
RE15. Generar soluciones a problemas técnicos, administrativos o gerenciales en sistemas automatizados.
RE16. Generar emprendimientos propios en el ámbito de su profesión con proyección local, nacional o internacional.
RE17. Integrar los conocimientos adquiridos en la Carrera para resolver problemas pertinentes al campo de acción del Ingeniero en Electrónica y Automatización.","Diseñar, integrar y crear sistemas automáticos de control para satisfacer los requerimientos técnicos del sector industrial.Formular, desarrollar, implementar e innovar proyectos de automatización con criterios de calidad, seguridad y funcionalidad.Construir y/o adaptar soluciones tecnológicas para el mejoramiento continuo de los procesos de producción y servicios.Responder de manera efectiva a situaciones nuevas a fin de asimilar e incorporar los cambios científicos, tanto en la parte técnica como en el área administrativa gerencial.Actuar y decidir con sentido ético, proyección social y gestión empresarial.Enfatizar en las soluciones que optimicen los recursos disponibles y la conservación ecológica para contribuir al desarrollo sostenido y sustentable del País."
Fisica,https://www.epn.edu.ec/fisica/,"La carrera de Física tiene como objetivo formar profesionales capaces de analizar, formular y resolver problemas; de planificar, gestionar y evaluar modelos y procesos en el campo de la física. Tendrán un nivel académico que les permita participar en proyectos de investigación o resolver problemas científico-técnicos mediante el desarrollo de modelos físico-matemáticos y llevar a cabo la medición de parámetros físicos de toda índole de manera que contribuyan a la generación de conocimiento en las ciencias físicas y contribuyan a la innovación tecnológica mediante el trabajo con profesionales de ingenierías y ciencias aplicadas.",Facultad de Ciencias,Física/o,Nueve períodos académicos,Presencial,"Formar profesionales capaces de analizar, formular y resolver problemas; de planificar, gestionar y evaluar modelos y procesos en el campo de la física. Tendrán un nivel académico que les permita participar en proyectos de investigación o resolver problemas científico-técnicos mediante el desarrollo de modelos físico-matemáticos y llevar a cabo la medición de parámetros físicos de toda índole de manera que contribuyan a la generación de conocimiento en las ciencias físicas y contribuyan a la innovación tecnológica mediante el trabajo con profesionales de ingenierías y ciencias aplicadas.","El aspirante que desea ingresar a estudiar a la Carrera de Física de la Facultad de Ciencias de la Escuela Politécnica Nacional deberá haber concluido sus estudios de bachillerato, haber aprobado el examen de Nivelación y Admisión SNNA con el puntaje requerido y haber aprobado el curso de nivelación.Para el perfil deseable se sugieren las siguientes características:Tener conocimientos básicos de matemáticas, física y ciencias naturalesTener conocimientos básicos de inglés y computaciónTener aptitudes de criticidad analítica.Tener aptitudes matemáticasSer honesto y responsable ante los retos y compromisos.Ser disciplinado en el desarrollo de actividades académicas, de servicio a la sociedad y protección del medio ambiente.Tener aptitudes para el trabajo organizado, independiente y/o en equipo.Tener hábitos de lectura y auto-aprendizaje","Resultados generales
RG1. Comunicar adecuadamente los resultados de la aplicación de los modelos y teorías físicas para facilitar la transferencia de conocimientos a los sectores estratégicos del país.
RG2. Demostrar una formación humanista, ética y científica-técnica en la conceptualización y desarrollo de modelos físicos para el estudio de procesos naturales e industriales.
RG3. Solucionar problemas fundamentales y aplicados de ciencia y tecnología desde los conceptos Físicos, participando en la transformación de la matriz productiva del país.
Resultados específicos
RE1. Presentar la evidencia científica y empírica en base a las teorías físicas clásicas y modernas, con rigor analítico-metodológico utilizando su sólida formación en matemáticas.
RE2. Discriminar la información de procesos, mediciones o cálculos desde los modelos físicos subyacentes, colaborando en la solución de problemas reales o de investigación interdisciplinaria.
RE3. Analizar la información científica actualizada desde la conceptualización física adquirida en su formación.
RE4. Desarrollar modelos que permitan entender los procesos físicos asociados a fenómenos naturales o procesos de importancia social y económica.
RE5. Transferir el conocimiento adquirido en el ejercicio de su profesión para facilitar la conceptualización, planteamiento y aplicación de modelos y teorías físicas que aporten a la solución de problemas estratégicos en sectores prioritarios para el desarrollo nacional.
RE6. Diseñar, administrar y ejecutar proyectos de investigación y desarrollo multidisciplinarios.
RE7. Manipular instrumentación de laboratorio y diseñar circuitos eléctricos y electrónicos, programas computacionales para su aplicación a la solución de problemas prácticos de medición y actuación funcional.
RE8. Ejecutar arbitrajes, pericias, estudios y asesoramientos en ciencias físicas o afines en proyectos de desarrollo tecnológico, industrias, empresas o instituciones educativas.","El Físico es un profesional con un conocimiento amplio en las áreas fundamentales de la física, en matemática y en computación; tiene la capacidad de aplicar el método científico al estudio de situaciones y problemas reales en diferentes campos; particularmente, tiene la capacidad de entender los desarrollos actuales de la física y aplicarlos al análisis de los problemas que surgen en su actividad científico/técnica cotidiana. Las habilidades adquiridas de un físico le permiten incursionar no solo en actividades académicas sino también en actividades asociadas con procesos de aplicación técnica y tecnológica relacionadas con la física. Estas habilidades incluyen la capacidad de abstracción y formulación de teorías y modelos, de cálculo científico asistido por computadora, de análisis de resultados de medidas y simulaciones; así como la capacidad de trabajar con instrumentación científica en laboratorios especializados como parte de equipos multidisciplinarios.El principal ámbito de trabajo para un físico está relacionado con los procesos científico-tecnológicos que conlleven a la generación de nuevo conocimiento, a la aplicación del conocimiento existente y al desarrollo de procesos de innovación que requieren del aporte de la física, como parte de equipos multidisciplinarios. La actividad de un físico se desarrolla principalmente en la academia, centros de investigación y en las instituciones, públicas o privadas, cuyas actividades involucren un componente científico."
Ingenieria En Geologia,https://www.epn.edu.ec/ingenieria-en-geologia/,"Los geólogos son especialistas en la investigación y comprensión de los procesos que moldean la Tierra, capaces de identificar y gestionar recursos naturales como minerales, agua y energía, siempre con un enfoque responsable y sostenible. El programa académico busca posicionar a nuestros estudiantes en la comunidad científica, tanto nacional como internacional, a través de la participación en grupos de investigación y proyectos innovadores. Los geólogos egresados están capacitados para proveer soluciones tecnológicas oportunas y creativas a problemas complejos de la sociedad, como la gestión de recursos naturales, la mitigación de riesgos naturales.",Facultad de Ingeniería en Geología y Petróleos,Ingeniera/o en Geología,Nueve períodos académicos,Presencial,"La Carrera en Geología requiere que los estudiantes reúnan características particulares en cuanto a conocimientos, destrezas, valores y actitudes enfocadas a las Geociencias. Los estudiantes deben tener:
Sólidos conocimientos de matemática, física y química.
Interés en la investigación científica curiosidad por comprender los fenómenos naturales.
Capacidad de lidiar con la incertidumbre.
Humildad para el reconocimiento de los errores y aprender de ellos.
Interés y disposición de trabajar en el campo.
Capacidad de trabajo en equipo.
Disposición a la lectura, con sentido crítico y capacidad de síntesis.
Capacidad de interpretación tridimensional del entorno.
Capacidad de comunicación oral y escrita.
Respeto a la naturaleza y su entorno social.","Objetivo generalFormar profesionales capaces de aplicar las ciencias básicas y usar herramientas metodológicas para la solución de problemas concretos en el área de las Geociencias, mediante el diseño, perfeccionamiento, implementación y evaluación de modelos y estrategias de innovación tecnológica que aporten al desarrollo geológico, social, económico y al aprovechamiento sostenible de los recursos naturales del país, respondiendo a las demandas sobre Geociencias de la sociedad ecuatoriana, como las que sobre ello se manifiestan dentro del Plan Nacional para el Buen Vivir 2013- 2017.Objetivos específicosConocimiento: Formar profesionales con sólidos conocimientos en las áreas de las Ciencias de la Tierra, con capacidad de determinar la estructura, morfología, evolución y dinámica de nuestro planeta, para construir modelos geológicos, análisis y evaluación de amenazas geológicas, que aporten en contexto a la gestión de recursos naturales.Pertinencia: Formar profesionales que desarrollen la capacidad de dirigir y participar en proyectos de investigación geo científica, exploración y evaluación de los recursos naturales disponibles, que contribuyan al Buen Vivir y al desarrollo de la matriz productiva, en el campo de especialización de la carrera.Aprendizajes: Formar profesionales éticos, líderes, con responsabilidad social, que promuevan el desarrollo sostenible frente a la comunidad ecuatoriana.Ciudadanía integral: Incrementar y consolidar alianzas estratégicas con el sector público y privado, nacional e internacional, que promuevan la generación, adaptación y transferencia de conocimientos en el área de las geo ciencias.","Resultados generales
RG1: Integrar los conocimientos matemáticos, físicos y químicos; así como también, los conocimientos de las Ciencias de la Tierra con las Ciencias Naturales.RG2: Integrar equipos de trabajo utilizando destrezas de cooperación, comunicación, manejo de conflictos y definición de estrategias.RG3: Actuar con criterio ético y responsabilidad social para aportar al desarrollo nacional y regional.RG4: Socializar la información técnica utilizando efectivamente herramientas de comunicación oral y escrita, tomando en cuenta las características de los actores sociales.
Resultados específicos
RE1: Analizar e interpretar conjuntos de datos relacionados con la Ingeniería en Geología y Ciencias de la Tierra a fin de generar resultados y conocimiento.RE2: Analizar y evaluar amenazas geológicas para la reducción del Riesgo de Desastres y aportar en la planificación del territorio.RE3: Diseñar modelos, componentes o procesos aplicados a Geociencias, para satisfacer necesidades dentro de restricciones realistas (económicas, ambientales, sociales, políticas, éticas, de salud y seguridad, e incertidumbre).RE4: Evaluar la Geodiversidad del Ecuador para promover la conservación de los diversos paisajes y formaciones geológicas naturales que forman parte del patrimonio geológico nacional.","Aportar al desarrollo científico-tecnológico relacionado con energía hidroeléctrica y geotérmica fundamentalmente en cuanto a energía renovable.Contribuir al conocimiento e innovación en el campo de la minería e industria de materiales (nuevos materiales para construcción, minerales y rocas industriales).Aportar a la prevención, gestión y mitigación de riesgos naturales (control, investigación y cartografía de zonas de exposición-riesgo, clasificación, cuantificación y prevención de riesgos naturales).Investigar y desarrollar conocimiento para la gestión y manejo de recursos hídricos."
Ingenieria De La Produccion,https://www.epn.edu.ec/ingenieria-de-la-produccion/,"Formar profesionales en el campo de la Ingeniería de Producción con la capacidad de identificar, formular y resolver problemas complejos relacionados con las actividades de diseño, operación y optimización de procesos de manufactura o servicios; teniendo en cuenta los aspectos económicos, sociales, ambientales y humanos relacionados con los sistemas productivos, para posibilitar el desarrollo sostenible del país.",Facultad de Ciencias Administrativas,Ingeniera/o de la Producción,Nueve (9) períodos académicos,Presencial,"El aspirante a la carrera de Ingeniería de la Producción, debe ser un bachiller con interés en los procesos de producción, que demuestre habilidad para comunicarse, creatividad, con aptitudes para el empleo de técnicas cuantitativas y cualitativas; a su vez, el aspirante debe haber concluido los estudios de bachillerato y obtener el puntaje mínimo definido por el Sistema Nacional de Nivelación y Admisión SNNA correspondiente a la carrera.
La Ingeniería de la Producción espera incorporar estudiantes con los siguientes perfiles:
Bachilleres ecuatorianos o extranjeros de colegios secundarios privados o públicos.
Dentro del perfil de ingreso deseable en los aspirantes a la carrera de Ingeniería de la Producción, se espera que se posean conocimientos y habilidades básicas para:
Conocer y apreciar críticamente el desarrollo de las ciencias y de la tecnología y otros saberes, sus aplicaciones y consecuencias en el mundo natural y social.
Comprender y analizar los mecanismos y valores que organizan, de manera general, las sociedades, y de manera particular, la convivencia humana; y, asumir juicios y actitudes personales con respecto a la realidad ecuatoriana y al mundo contemporáneo.
Acercarse al medio natural y social, desde las diferentes formas de exploración, apreciación y análisis, tales como el razonamiento lógico, así como desde la estética, la creatividad y la capacidad de disfrute.","Objetivos de la Carrera
El estudio de pertinencia, a través de las entrevistas y encuestas a empleadores, permitió evidenciar las debilidades e inexistencia de un profesional en el campo de la producción que pueda vincular conocimientos técnicos con gestión; en tal sentido, los desempeños que se espera que alcancen los graduados de la carrera de Ingeniería de la Producción dentro de los cinco años posteriores a su graduación son:Diseñar sistemas de producción articulados con un enfoque de sostenibilidad.Gestionar sistemas productivos de manufactura y servicios.Generar procesos de innovación organizacional acorde al contexto cultural.Evaluar sistemas de producción bajo criterios operacionales, técnicos, económicos, sociales y ambientales.","Resultados de aprendizajeEspecíficos
RE1. Identificar teorías y conceptos de la administración y sus funciones básicas, a fin de gestionar eficiente y eficazmente las organizaciones y mejorar su competitividad en un mundo globalizado.
RE2. Identificar métodos innovadores de administración como apoyo en la toma de decisiones y en las prácticas de gestión, contribuyendo al desarrollo económico y empresarial.
RE3. Generar ideas innovadoras para el despliegue de la estrategia del negocio, contribuyendo en la generación de valor para las partes interesadas internas y externas a la organización.
RE4. Aplicar herramientas administrativas basadas en el uso de las tecnologías de información y comunicación vinculadas a la gestión empresarial, que permitan identificar oportunidades de negocio y diseñar soluciones a los problemas organizacionales con la finalidad de tomar decisiones que contribuyan a la mejora continua empresarial. Generales
RG1. Demostrar habilidades de comunicación y trabajo en equipo en su ámbito profesional, llevando a cabo negociaciones exitosas en contextos multiculturales.
RG2. Practicar la ética en su práctica profesional respetando el marco regulatorio vigente, liderando la transformación organizacional; y, actuando con solidaridad y responsabilidad social para mejorar la calidad de vida de su comunidad, con un sólido compromiso en el cuidado y conservación del medio ambiente.","El Licenciado/a en Administración de Empresas está en capacidad de desarrollar actividades empresariales en cualquier tipo de organización, empleando técnicas y herramientas administrativas, diseñando y desarrollando proyectos innovadores apoyados en el uso de tecnologías de información y comunicación, tomando además decisiones estratégicas que agreguen valor y hagan competitiva a la organización en beneficio del desarrollo del país. Asimismo, está en capacidad de integrar equipos de investigación y participar en equipos multidisciplinarios en el desarrollo de actividades de consultoría empresarial. El profesional es formado con principios éticos, humanísticos; y, con valores de responsabilidad social."
Matematica,https://www.epn.edu.ec/matematica/,"La matemática pura es fascinante, tanto como las áreas aplicadas. El profesional en esta carrera está capacitado para investigar, utilizar, adaptar o crear métodos y modelos matemáticos en análisis matemático, ecuaciones diferenciales, estadística, matemáticas financieras, métodos numéricos y computacionales, optimización y control óptimo.",Facultad de Ciencias,Matemática/o,Nueve (9) períodos académicos,Presencial,"El aspirante que desea ingresar a estudiar a la Carrera de Matemática de la Facultad de Ciencias de la Escuela Politécnica Nacional deberá haber concluido sus estudios de bachillerato, haber aprobado el examen de Nivelación y Admisión SNNA con el puntaje requerido y haber aprobado el curso de nivelación.
Para el perfil deseable se sugieren las siguientes características:
Tener conocimientos básicos de matemáticas, física y ciencias naturales
Tener conocimientos básicos de inglés y computación
Tener aptitudes de criticidad analítica.
Tener aptitudes matemáticas
Ser honesto y responsable ante los retos y compromisos.
Ser disciplinado en el desarrollo de actividades académicas, de servicio a la sociedad y protección del medio ambiente.
Tener aptitudes para el trabajo organizado, independiente y/o en equipo.
Tener hábitos de lectura y auto-aprendizaje","Objetivos de la Carrera
La carrera de matemática tiene por objeto la formación de profesionales cuyos conocimientos globales garanticen la resolución de problemas con elevado carácter de abstracción, así como de múltiples aplicaciones donde éstos puedan utilizarse.","El profesional Matemático posee los conocimientos, habilidades, destrezas y aptitudes para desempeñarse en:Investigación pura, es decir, investigación en el campo propio de la Matemática: Análisis Funcional, Álgebra, Geometría, Topología, Optimización, Ecuaciones Diferenciales, Análisis Numérico, Teoría de Probabilidades, Estadística, Procesos Estocásticos, etc.Investigación orientada a las aplicaciones de la Matemática en las diferentes ingenierías, y la innovación y desarrollo de modelos matemáticos en: Biología, Física, Química, Medicina, Ecología, Biotecnología, Nanotecnología, Ciencia de Materiales, Sistemas de Información, etc.Asesoría especializada en áreas de la Matemática para la Administración de Empresas, estudios estadísticos, estudios de mercado, estudios actuariales, desarrollo de software, etc.Dirección de instituciones y proyectos asociados al área matemática: centros de investigación, de desarrollo tecnológico, etc.Emprendimiento en empresas de investigación, innovación y desarrollo de modelos matemáticos para las distintas ingenierías y ciencias de la vida.Lo siguientes son los escenarios laborales, roles y funciones, y sus relaciones.1. Escenario laboral de desarrollo de la ciencia: investigadorRol de investigador en matemática pura y aplicadaGenerar nuevo conocimiento científico y tecnológico. Esto es, desarrollar nuevas teorías y conceptos o profundizar teorías existentes; desarrollar e innovar modelos matemáticos para solucionar necesidades específicas, desde enfoques nuevos o diferentes a los ya existentes.Gestionar proyectos de investigación pura y aplicada. Administración de los recursos físicos y humanos en el desarrollo de proyectos de investigación.Transferir socialmente el conocimiento generado durante el proceso de desarrollo de proyectos de investigación. Por lo cual el Matemático debe y puede estar vinculado a la academia, centros de capacitación o centros de transferencia de tecnología.2. Escenario laboral de aplicación de la matemática por parte del Matemático: consultor y asesorRol de consultor y asesorAnalizar los problemas específicos puestos a consideración y diseñar, implementar y evaluar soluciones a los problemas planteados.Aplicar las teorías y modelos matemáticos a la solución de problemas específicos.Trabajar en equipos disciplinarios e interdisciplinarios en la solución de problemas del mundo real.3. Escenario laboral de dirección o administración de instituciones y proyectos: director o administradorRol de director o administrador de instituciones y proyectos.Administrar instituciones y proyectos asociados al área de la Matemática, o en general de la ciencia y la tecnología como centros de investigación y estudios estadísticos y sociales, de desarrollo tecnológico, productivo, etc.Evaluar instituciones y proyectos asociados al área de la Matemática o en general de la ciencia y la tecnología.4. Escenario laboral de generación de empleo: emprendedorRol de emprendedor y generador de empleoCrear empresas de investigación, innovación y desarrollo de aplicaciones de la Matemática en estudios estadísticos, estudios actuariales, estudios de mercado, ciencias de la vida, etc.",
Matematica Aplicada,https://www.epn.edu.ec/matematica-aplicada/,"En la carrera de Matemática Aplicada se ofrece una sólida formación tanto en áreas directamente relacionadas con el mercado laboral como son la estadística, la optimización y las ciencias actuariales, como también en áreas relacionadas con la matemática pura y aplicada como el Análisis Matemático y las Ecuaciones Diferenciales. De esta forma, las y los graduados de la carrera están en capacidad de insertarse en el mercado laboral ya sea en el sector público, en el sector empresarial, en el sector financiero o en la academia, con gran éxito en todos los casos. Asimismo, pueden continuar con su formación de cuarto nivel cursando programas de maestría y doctorado en reconocidas instituciones a nivel mundial.",Facultad de Ciencias,Ingeniera/o en Matemática,Nueve (9) períodos académicos,Presencial,"Los aspirantes a ingresar a la Carrera de Matemática Aplicada deben haber concluido los estudios de bachillerato y obtener el puntaje mínimo definido por el Sistema Nacional de Nivelación y Admisión SNNA correspondiente a la carrera.
Asimismo, dentro del perfil deseable se sugieren las siguientes características:
Conocimientos:
Tener conocimientos básicos de Matemática (Fundamentos de Álgebra, Trigonometría, Geometría Euclidiana y Analítica) y nociones elementales de Computación.
Tener conocimiento de idioma inglés.","Objetivos de la Carrera
El ingeniero matemático es un profesional disciplinado, con alta capacidad de abstracción y de aplicar sus conocimientos a casos reales; además posee liderazgo, solidaridad y habilidad para trabajar bajo presión, por lo cual tiene facilidad de integrar equipos multidisciplinarios de investigación aplicada, ya sea como funcionario, especialista de apoyo o como líder de un proyecto, empresa u organización; con aptitud para enfrentar problemas mediante métodos y modelos matemáticos para mejorar la eficiencia, incrementar la productividad, controlar y simular procesos, optimizar recursos, planificar y ejecutar proyectos, realizar investigaciones por muestreo, estudios de mercado, control de calidad, análisis de riesgos, estudios actuariales, gestión y administración de empresas públicas y privadas, docencia en instituciones de educación superior, asesoría educativa, consultoría e investigación matemática pura y aplicada.","Resultados de aprendizaje GeneralesLos resultados de aprendizaje, que posibilitan el desarrollo de capacidades y actitudes (valores), de los Ingenieros Matemáticos, responden al “Ser” del profesional, y son los siguientes: RG1 Comunicar la aplicación de métodos matemáticos, con un nivel de detalle y abstracción adecuado, para facilitar la transferencia de conocimiento a los sectores estratégicos del país.RG2 Demostrar una formación humanista, ética y técnico-científica para conceptualizar, desarrollar, transferir e innovar la calidad, seguridad y cobertura de servicios públicos y privados, a través del desarrollo de modelos matemáticos eficientes.RG3 Resolver los problemas sociales, legales, éticos, culturales y medio ambientales relacionados con la disciplina, para ejercer la profesión con responsabilidad, conciencia social y respeto al medio ambiente. Resultados de aprendizaje específicosLos resultados de aprendizaje, relacionados con el dominio de teorías, sistemas conceptuales, métodos y lenguajes de integración del conocimiento, la profesión y la investigación (conocimientos), de los Ingenieros Matemáticos, responden al “Saber” del profesional, y son los siguientes: RE1 Aplicar conocimientos técnicos y tecnológicos relacionados con las Matemáticas Aplicadas para apoyar a la mejora continua de procesos, la gestión estratégica, la optimización de recursos, la ampliación de servicios, el mejoramiento de la producción, y así alcanzar el desarrollo sostenido y sustentable del país.RE2 Diseñar modelos matemáticos eficientes, para resolver problemas asociados a las ciencias, las ingenierías, y los ámbitos social y empresarial.RE3 Desarrollar nuevas formas de aplicación de la Matemática para satisfacer las necesidades de transformación en los sectores estratégicos nacionales, mediante el uso de fundamentos y herramientas de investigación. Los resultados de aprendizaje, relacionados con las capacidades cognitivas y genéricas (auto aprendizaje e investigación formativa), que son necesarios para el futuro ejercicio profesional de los Ingenieros Matemáticos, responden al “Saber Conocer” del profesional, y son los siguientes: RE4 Considerar el avance de la disciplina para mejorar su desempeño profesional, mediante la asimilación de nuevo conocimiento y el auto aprendizaje relacionado a nuevas teorías, software de soporte, aplicaciones, entre otros.RE5 Desarrollar la creatividad y emprendimiento a través de la investigación de nuevas formas de aplicación de la Matemática para satisfacer las necesidades de transformación en los sectores estratégicos nacionales.RE6 Transferir el conocimiento adquirido durante el auto aprendizaje o la investigación para facilitar la conceptualización, diseño y aplicación de modelos matemáticos que solucionen problemas estratégicos en sectores prioritarios de producción para el desarrollo nacional. Los resultados de aprendizaje, relacionados con el manejo de modelos, protocolos, procesos y procedimientos profesionales e investigativos (destrezas), que son necesarios para el futuro ejercicio profesional de los Ingenieros Matemáticos, responden al “Saber Hacer” del profesional, y son los siguientes: RE7 Desarrollar modelos matemáticos suficientemente robustos y proponer soluciones integradoras y multidisciplinarias, a problemas sociales, económicos, y de la ingeniería, con adecuado manejo de tiempo, costo, alcance y progreso.RE8 Seleccionar técnicas matemáticas, mediante la evaluación cualitativa y cuantitativa de la funcionalidad, usabilidad, desempeño y aplicabilidad de la solución para satisfacer las necesidades de los sectores interesados.",
Ingenieria En Materiales,https://www.epn.edu.ec/ingenieria-en-materiales/,"Formar profesionales científica y técnicamente interdisciplinarios, que posean los conocimientos y destrezas para realizar actividades de: diseño, investigación, desarrollo, control, evaluación, innovación y solución de problemas relacionados con la ciencia y tecnología de materiales sean estos metálicos, cerámicos, compuestos o poliméricos.",Facultad de Ingeniería Mecánica,Ingeniera/o en Materiales,Nueve (9) períodos académicos,Presencial,"Al finalizar su formación académica, los profesionales estarán en capacidad de:
Integrar los conocimientos en Ciencia de Materiales con la Ingeniería en Materiales para solucionar problemas particulares.
Explicar los procesos de manufactura de los materiales metálicos, cerámicos y poliméricos para de esta manera optimizarlos y satisfacer las necesidades del medio.
Integrar los principios que interrelacionan la estructura, diseño, procesamiento y propiedades que determinan el desempeño de los materiales.
Desempeñar posiciones a nivel productivo en industrias relacionadas con el procesamiento de materiales y efectuar tareas de innovación e investigación.
Dirigir procesos de gestión, manufactura y transformación de materiales de manera responsable, honesta y sustentable, al servicio de la sociedad, así como, desarrollo de proyectos de investigación y de soluciones a las necesidades existentes.
Aplicar los conocimientos sobre las etapas de preparación y adecuación de las materias primas para la producción de materiales.
Diseñar y controlar métodos de protección contra la degradación de los materiales.
Demostrar habilidades de trabajo en equipo, pensamiento crítico y aprendizaje continuo en el uso de materiales y sus aplicaciones específicas, con responsabilidad social y ambiental.
Actuar con ética profesional en todas las actividades encomendadas.","Objetivos de la Carrera
Formar profesionales científica y técnicamente interdisciplinarios, que posean los conocimientos y destrezas para realizar actividades de: diseño, investigación, desarrollo, control, evaluación, innovación y solución de problemas relacionados con la ciencia y tecnología de materiales sean estos metálicos, cerámicos, compuestos o poliméricos.Los profesionales en Materiales de la EPN serán capaces de ejercer su profesión en el marco de la ética, conciencia ambiental, pensamiento crítico, analítico y creativo, a fin de que puedan insertarse y adaptarse social y profesionalmente en los diferentes sectores sociales, productivos y de servicios.Los profesionales graduados de esta carrera contribuirán al mejoramiento u optimización de materiales en procesos industriales, teniendo como base el compromiso con la conservación y preservación del medio ambiente a través del cumplimiento de especificaciones y normas técnicas.","Resultados generales
RG1. Comunicar la aplicación de métodos matemáticos, con un nivel de detalle y abstracción adecuado, para facilitar la transferencia de conocimiento a los sectores estratégicos del país.
RG2. Demostrar una formación humanista, ética y técnico-científica para conceptualizar, desarrollar, transferir e innovar la calidad, seguridad y cobertura de servicios públicos y privados, a través del desarrollo de modelos matemáticos eficientes.
RG3. Resolver los problemas sociales, legales, éticos, culturales y medio ambientales relacionados con la disciplina, para ejercer la profesión con responsabilidad, conciencia social y respeto al medio ambiente.
Resultados específicos
RE1. Aplicar conocimientos técnicos y tecnológicos relacionados con las Matemáticas Aplicadas para apoyar a la mejora continua de procesos, la gestión estratégica, la optimización de recursos, la ampliación de servicios, el mejoramiento de la producción, y así alcanzar el desarrollo sostenido y sustentable del país.
RE2. Diseñar modelos matemáticos eficientes, para resolver problemas asociados a las ciencias, las ingenierías, y los ámbitos social y empresarial.
RE3. Desarrollar nuevas formas de aplicación de la Matemática para satisfacer las necesidades de transformación en los sectores estratégicos nacionales, mediante el uso de fundamentos y herramientas de investigación.
RE4. Considerar el avance de la disciplina para mejorar su desempeño profesional, mediante la asimilación de nuevo conocimiento y el auto aprendizaje relacionado a nuevas teorías, software de soporte, aplicaciones, entre otros.
RE5. Desarrollar la creatividad y emprendimiento a través de la investigación de nuevas formas de aplicación de la Matemática para satisfacer las necesidades de transformación en los sectores estratégicos nacionales.
RE6. Transferir el conocimiento adquirido durante el auto aprendizaje o la investigación para facilitar la conceptualización, diseño y aplicación de modelos matemáticos que solucionen problemas estratégicos en sectores prioritarios de producción para el desarrollo nacional.
RE7. Desarrollar modelos matemáticos suficientemente robustos y proponer soluciones integradoras y multidisciplinarias, a problemas sociales, económicos, y de la ingeniería, con adecuado manejo de tiempo, costo, alcance y progreso.
RE8. Seleccionar técnicas matemáticas, mediante la evaluación cualitativa y cuantitativa de la funcionalidad, usabilidad, desempeño y aplicabilidad de la solución para satisfacer las necesidades de los sectores interesados.","La consecución del título de grado permitirá a los profesionales desempeñar funciones en industrias productoras de materiales o en industrias utilizadoras de materiales, así como en laboratorios vinculados al desarrollo, caracterización y control de calidad de materiales. Así también, podrá realizar actividades tales como:Seleccionar la mejor combinación de materiales para propósitos específicos.Realizar pruebas de laboratorio de los materiales para evaluar su resistencia al calor, corrosión o ataque químico.Evaluar los materiales con características y aplicaciones específicas.Analizar datos utilizando modelos computacionales.Desarrollar prototipos de nuevos materiales.Considerar las implicaciones de los residuos y otros posibles agentes contaminantes del ambiente de cualquier producto o proceso.Asesorar sobre las adaptaciones que debe realizar una planta para implementar nuevos procesos y materiales.Trabajar en la solución de problemas que puedan surgir durante el proceso de manufactura o con el producto terminado.Supervisar el control de calidad, tanto de los procesos como de los productos.Coadyuvar para asegurar que los productos cumplen con las normas legales y los estándares de calidad, nacionales e internacionales.Supervisar el trabajo del personal técnico y demás personal de apoyo.Considerar las implicaciones de costo de los materiales utilizados en el proceso y proponer alternativas para mejora, en términos de tiempo y costo.Colaborar en proyectos de investigación.La carrera en Materiales se ha diseñado de tal manera que pueda responder a las expectativas y necesidades del sector productivo del país, tales como:Diversificación de la producción nacional a través del modelo de sustitución de importaciones por el del desarrollo de materiales para nuevas aplicaciones o por el del mejoramiento de las propiedades y características de los materiales ya existentes.Fortalecimiento de las micro, pequeñas y medianas empresas (MIPYMES) y sectores artesanales, generando mayor valor agregado en la producción nacional y utilización de materias primas nacionales.Participación en procesos de desagregación tecnológica que promueva una adecuada transferencia de tecnologías permitiendo mejorar la producción nacional de materiales metálicos, polímeros, cerámicos, y compuestos; de tal manera que provea valor agregado a dicha producción en base a materias primas nacionales.Participación en la industrialización de la actividad minera, permitiendo la aplicación correcta de tecnologías existentes de extracción de minerales en las minas del territorio nacional.Fortalecimiento de sistemas de reciclaje de materiales, que permitan el eficiente aprovechamiento de residuos industriales y la recuperación de materiales.El mantenimiento y recuperación de monumentos, obras de arte e inmuebles de centros históricos del patrimonio cultural del país."
Ingenieria En Mecanica,https://www.epn.edu.ec/ingenieria-en-mecanica/,"La carrera de Mecánica se enfoca en formar profesionales altamente capacitados en el diseño, análisis, fabricación y mantenimiento de sistemas mecánicos y térmicos. Los estudiantes reciben una sólida formación en ciencias básicas, como matemáticas, física y química, que se complementa con un profundo conocimiento en áreas fundamentales de la ingeniería mecánica, tales como mecánica de sólidos, termodinámica, dinámica de fluidos, y transferencia de calor. Además, el currículo incluye materias especializadas que permiten a los estudiantes desarrollar habilidades en diseño mecánico, simulación computacional, manufactura, robótica, y control de procesos. La carrera promueve el desarrollo de competencias en investigación y desarrollo tecnológico, incentivando la innovación y la solución de problemas complejos en la industria.",Facultad de Ingeniería Mecánica,Ingeniera/o en Mecánica,Nueve (9) períodos académicos,Presencial,"El aspirante debe haber culminado el bachillerato y obtenido el puntaje mínimo definido por el Sistema Nacional de Nivelación y Admisión SNNA correspondiente a la carrera. Además, los aspirantes a ingresar a la carrera de Mecánica deberán tener:
Conocimientos de:
Ciencias básicas (Fundamentos de Física, Fundamentos de Química, Fundamentos de Geometría, Fundamentos de Matemática)
Habilidades para:
Comunicarse en forma oral y escrita.
Analizar problemas y proponer soluciones sobre la base de la creatividad.
Utilizar paquetes informáticos básicos.
Aprender de forma autónoma.
Actitudes y valores que:
Promuevan hábitos de estudio, lectura, auto aprendizaje, investigación y trabajo en equipo.
Contribuyan al desarrollo de la curiosidad y creatividad.
Fomenten el respeto a sí mismo, a los demás y a su entorno.
Reflejen responsabilidad, espíritu de lucha, constancia y disciplina.","Objetivos de la Carrera
La Ingeniería Mecánica tiene aplicaciones diversas, ya que contribuye ampliamente al sector industrial, desde la investigación básica hasta su aplicación en las áreas del desarrollo tecnológico y productivo de un país. El Ingeniero Mecánico actualmente cumple un papel importante en el nuevo esquema de desarrollo planteado por el Gobierno, en el cual es un actor fundamental que colabora con el cambio de la matriz productiva y energética. En este escenario, los ingenieros graduados tendrán una formación acorde a la aplicación, utilización y adaptación de nuevas tecnologías.Los ingenieros mecánicos deben adquirir mediante capacitación profesional y experiencias de trabajo, los conocimientos, habilidades y destrezas tecnológicas que permitan tener un desarrollo sustentable en las áreas en las que estén inmersos. De esta manera, se inicia un proceso real de industrialización en el país, mismo que generará el incremento de los procesos productivos con un alto contenido de innovación tecnológica.Es así que, las funciones o desempeños de la profesión que se espera que el Ingeniero Mecánico alcance dentro de 3 a 5 años en la industria son:Diseñar maquinaria para diferentes procesos productivos involucrando la desagregación tecnológica y la transferencia de tecnología.Optimizar procesos de fabricación a través de la automatización de sus sistemas mecánicos, estructurales, energéticos, etc.Diseñar tecnologías limpias que disminuyan la generación de contaminantes y contemplen la implementación e investigación de alternativas energéticas a partir de recursos renovables.Proveer servicios de consultoría y desarrollo de proyectos orientados a la gestión, planeación, diseño e implementación de sistemas mecánicos y energéticos.Diseñar y dirigir la instalación, montaje, operación, mantenimiento industrial y fiscalización de maquinaria, estructuras metálicas, sistemas de ventilación, refrigeración, gas centralizado y sistemas de transporte.Trabajar en equipos multidisciplinarios e interdisciplinarios diseñando procesos productivos de cualquier tipo mediante la investigación de nuevas tecnologías, materiales y sistemas de generación energética.Trabajar en docencia y capacitación en centros de educación superior en áreas relacionadas con la ingeniería Mecánica.","Resultados generales
RG1. Trabajar en equipos multidisciplinarios e interdisciplinarios.
RG2. Actuar con responsabilidad ética y profesional enmarcándose dentro de la legislación y normativa vigente.
RG3. Comunicar ideas efectivamente.
RG4. Valorar el impacto de las soluciones de ingeniería dentro del contexto global, económico, ambiental y social.
RG5. Valorar la importancia de los procedimientos de seguridad y mantenimiento en los procesos productivos.
RG6. Promover la innovación y la creatividad
RG7. Evidenciar compromiso con el aprendizaje continuo.
RG8. Relacionar temas y problemáticas de actualidad con la Ingeniería Mecánica.
RG9. Analizar datos e información empleando: métodos, técnicas, procedimientos y herramientas de ingeniería e investigación científica.
Resultados Específicos
RE1. Aplicar conocimientos de ciencias básicas e ingeniería para la resolución de problemas de ingeniería mecánica.
RE2. Identificar problemas de Ingeniería Mecánica con enfoque de complejidad sistémica, para el planteamiento de soluciones integrales.
RE3. Organizar el conocimiento teórico-práctico percibido durante el proceso de aprendizaje.
RE4. Diseñar experimentos con base en el cumplimiento de documentación técnica como normas, especificaciones y protocolos de pruebas.
RE5. Diseñar sistemas, componentes o procesos que satisfagan las necesidades deseadas considerando restricciones técnicas, económicas, ambientales, sociales, políticas, de seguridad, de facilidad de manufactura y de sostenibilidad.
RE6. Resolver problemas de Ingeniería Mecánica utilizando herramientas y métodos que satisfagan las necesidades de los distintos sectores de la sociedad.
RE7. Usar las técnicas, habilidades y herramientas de la ingeniería moderna necesarias para la práctica de la Ingeniería Mecánica.","Resultados generales
RG1. Trabajar en equipos multidisciplinarios e interdisciplinarios.
RG2. Actuar con responsabilidad ética y profesional enmarcándose dentro de la legislación y normativa vigente.
RG3. Comunicar ideas efectivamente.
RG4. Valorar el impacto de las soluciones de ingeniería dentro del contexto global, económico, ambiental y social.
RG5. Valorar la importancia de los procedimientos de seguridad y mantenimiento en los procesos productivos.
RG6. Promover la innovación y la creatividad
RG7. Evidenciar compromiso con el aprendizaje continuo.
RG8. Relacionar temas y problemáticas de actualidad con la Ingeniería Mecánica.
RG9. Analizar datos e información empleando: métodos, técnicas, procedimientos y herramientas de ingeniería e investigación científica.
Resultados Específicos
RE1. Aplicar conocimientos de ciencias básicas e ingeniería para la resolución de problemas de ingeniería mecánica.
RE2. Identificar problemas de Ingeniería Mecánica con enfoque de complejidad sistémica, para el planteamiento de soluciones integrales.
RE3. Organizar el conocimiento teórico-práctico percibido durante el proceso de aprendizaje.
RE4. Diseñar experimentos con base en el cumplimiento de documentación técnica como normas, especificaciones y protocolos de pruebas.
RE5. Diseñar sistemas, componentes o procesos que satisfagan las necesidades deseadas considerando restricciones técnicas, económicas, ambientales, sociales, políticas, de seguridad, de facilidad de manufactura y de sostenibilidad.
RE6. Resolver problemas de Ingeniería Mecánica utilizando herramientas y métodos que satisfagan las necesidades de los distintos sectores de la sociedad.
RE7. Usar las técnicas, habilidades y herramientas de la ingeniería moderna necesarias para la práctica de la Ingeniería Mecánica."
Ingenieria En Mecatronica,https://www.epn.edu.ec/ingenieria-en-mecatronica/,"Se centra en el estudio y optimización de sistemas mecatrónicos en sectores industriales clave, con énfasis en la automatización de procesos, mejora de la productividad y optimización de la producción. Mediante un enfoque teórico-metodológico y práctico, los estudiantes adquieren las habilidades necesarias para diseñar, desarrollar e implementar sistemas electromecánicos que integran tecnologías mecánicas, electrónicas y de control computarizado. Los ingenieros estarán capacitados para contribuir al avance de la industria nacional, optimizando procesos en fábricas, plantas industriales y sistemas robóticos, aplicando teorías avanzadas de control, automatización, tecnologías electrónicas y sistemas inteligentes.",Facultad de Ingeniería Mecánica,Ingeniera/o en Mecatrónico,Nueve (9) períodos académicos,Presencial,"La Carrera de Mecatrónica está diseñada para aquellos estudiantes que demuestran el agrado por el estudio de todo lo relacionado con las habilidades fisicomatemáticas, tecnologías mecánicas, electrónica, automatización, programación, uso y transformación de la energía en sus diferentes formas y manifestaciones, el diseño como el cálculo, la construcción y manipulación de partes mecánicas, así como una buena capacidad de dirección, liderazgo y trabajo en equipo interdisciplinario.
El aspirante a cursar la carrera de Mecatrónica debe cumplir además las siguientes características:
Tener facilidad para el cálculo.
Tener amplio sentido práctico.
Poseer capacidad de razonamiento.
Demostrar capacidad de abstracción e investigación.
Tener sentido de la organización y el método.
Demostrar capacidad de creación e innovación.
Tener aptitudes de planificación, liderazgo e innovación.","Objetivo generalFormar profesionales en el campo de la Mecatrónica con una sólida preparación científica y tecnológica, que conjuguen conocimientos, habilidades y actitudes que los capaciten para desarrollar funciones de diseñador, planificador e innovador, con capacidad para concebir, desarrollar y optimizar el funcionamiento de sistemas electromecánicos y automatizar equipos, procesos o productos de alta tecnología mejorando la productividad y competitividad de las organizaciones, con habilidades para interrelacionarse social y profesionalmente en un mundo globalizado, comprometidos con la conservación y preservación del medio ambiente, a través del cumplimiento de especificaciones, normas técnicas y códigos nacionales e internacionales.Objetivos específicosVinculados a los conocimientos:Proporcionar a los estudiantes el conocimiento de principios de la mecánica, la electrónica y la computación para ingeniería, con el propósito del entendimiento de los problemas en la práctica ingenieril.Concientizar a los estudiantes sobre los beneficios de la combinación de la mecánica, electrónica y la computación para ingeniería.Permitir al estudiante el contacto directo con la tecnología mecatrónica, sus usos, avances y limitaciones. Vinculados a los aprendizajes:Presentar a los estudiantes los principales aspectos del desarrollo de productos y procesos, y de los principales aspectos comerciales relacionados.Presentar a los estudiantes los métodos experimentales, analíticos y numéricos para el diseño y desarrollo de productos y/o procesos en las áreas de laMecatrónica.Vinculados a la pertinencia:Proponer actividades que permitan potenciar habilidades e iniciativas para el desarrollo de productos.Proponer actividades que permitan atender necesidades sociales mediante la generación de soluciones a los problemas tecnológicos.Incentivar en los estudiantes las actividades de diseño, simulación, fabricación de sistemas electromecánicos que permitan el mejor uso de la tecnología en los sectores productivos del país.Incentivar en los estudiantes la búsqueda de la optimización de diferentes tipos de procesos y mecanismos ya existentes en la industria, así como la selección correcta de equipos de trabajo, mediante la aplicación de sus conocimientos en sistemas mecatrónicos.","Resultados generales
RG1. Demostrar habilidades de comunicación efectiva, haciendo uso de informes técnicos, reportes escritos, presentaciones orales u otros medios
RG2. Demostrar capacidad de organización y gestión aplicadas al trabajo en equipo interdisciplinario. 
RG3. Demostrar capacidad de adaptación a nuevas situaciones tecnológicas.
RG4. Colaborar en grupos multidisciplinarios de trabajo escuchando y respetando opiniones sobre las múltiples facetas sociales de un problema en ingeniería
RG5. Diseñar soluciones que permitan mejorar la capacidad productiva de sectores poco industrializados del país con el menor impacto ambiental posible.
Resultados específicos
RE1. Fusionar los conocimientos en sistemas mecánicos y electrónicos para solucionar problemas particulares.
RE2. Diseñar sistemas que cumplan con una tarea específica aplicando procesos de modelación y control de diferentes tipos de sistemas físicos
RE3. Integrar los principios que interrelacionan conocimientos en estructura, funcionamiento, diseño, montaje e implementación de sistemas mecatrónicos en la industria.
RE4. Diseñar sistemas de mejora continua de los procesos que usen sistemas electromecánicos en la línea de producción de una industria.
RE5. Aplicar los conocimientos sobre diferentes métodos de resolución de las ecuaciones producto del modelaje de sistemas, sean estas analíticas, computacionales o numéricas.
RE6. Simular y analizar el comportamiento de los sistemas mecatrónicos diseñados.
RE7. Dirigir proyectos de modelaje, diseño, fabricación e implementación de sistemas mecatrónicos de manera responsable, honesta y sustentable, al servicio de la sociedad.
RE8. Aplicar los fundamentos de administración de empresas e interpretar la información financiera que le permita el análisis económico-social de proyectos bajo su responsabilidad
RE9. Elaborar planes de mantenimiento para sistemas mecatrónicos. 
RE10. Demostrar habilidades creativas e innovativas.","Al comprender el funcionamiento de los mecanismos, circuitos eléctricos y electrónicos, y conseguir modelar su comportamiento, los ingenieros en mecatrónica están en capacidad de entender, crear, diseñar y viabilizar sistemas mecatrónicos, los cuales sean programados para resolver necesidades de un usuario en particular o de la industria. Su experiencia radica en comprender las leyes que rigen sobre los sistemas físicos, modelar su comportamiento, estudiar el mismo por medio de simulaciones, y articular diferentes tipos de sistemas mecánicos con sistemas electrónicos.En caso de que la respuesta del sistema físico estudiado deba ser modificada, el ingeniero mecatrónico estará en capacidad de seleccionar la ley de control más adecuada e implementarla para obtener las características de la salida deseadas.La solución propuesta por el ingeniero en mecatrónica deberá tener un buen desempeño, ser durable y rentable. Además, está en capacidad de vincular a las redes de información con la producción industrial. El campo de acción de un ingeniero en mecatrónica es amplio, incluyendo:Parametrización de sistemas.Modelaje de sistemas físicos.Dimensionamiento de mecanismos, circuitos y fuentes de potencia.Diseño de soluciones mecatrónicas,Mecánica computacional aplicada al control y optimización de sistemas físicos, así como al diseño y adaptación de soluciones mecatrónicas innovadoras para resolver desafíos industriales, como la mejora en la precisión, el aumento del nivel de producción y la eficiencia de los procesos."
Ingenieria En Petroleos,https://www.epn.edu.ec/ingenieria-en-petroleos/,"La Carrera en Petróleos trata con situaciones y problemas, asociados a la industria hidrocarburífera, formando profesionales con capacidades teóricas, tecnológicas y con claro compromiso social sobre la industria, que les permite promover el desarrollo productivo, social y competitivo de los sectores públicos y privados vinculados a la industria, a partir del manejo eficiente de los recursos tecnológicos, físicos, económicos y de información; para alcanzar altos niveles de competitividad y promoviendo el cambio de la matriz productiva; trabajando dentro de un contexto multicultural y una realidad nacional que apunta a la actualización de tecnología y a un desarrollo integral del país acorde al Plan Nacional de Desarrollo. Las asignaturas de la unidad básica abarcan todos los contenidos que estructuran la plataforma básica científica para el adecuado desarrollo de las asignaturas de formación profesional. Las asignaturas de la unidad profesional cubren toda la experticia del área de estudio y además tienen un carácter bipartito, es decir, su contenido es autónomo e independiente con respecto a otras asignaturas pero también se concatenan entre ellas a manera de complemento con el fin de favorecer la globalización de los saberes.",Facultad de Ingeniería en Geología y Petróleos,Ingeniera/o en Petróleos,Nueve (9) períodos académicos,Presencial,"Estudiantes responsables, proactivos, independientes, honestos, éticos, con conciencia social y sólidos conocimientos en las ciencias básicas; pensamiento lógico y crítico, dispuestos a trabajar en grupos multidisciplinarios, amor por la naturaleza y gusto por el trabajo de campo.","Objetivos de la Carrera
El Ingeniero en Petróleos está capacitado para desempeñarse en gerencias y jefaturas técnicas del área petrolera relacionadas con: diseño, producción, transporte, almacenamiento y valoración de reservas petroleras, gestión ambiental, operaciones, asesoramiento técnico, consultoría y asesoría técnica.Cargos a Ocupar:Ministro de HidrocarburosGerente de Operaciones en compañías Nacionales y ExtranjerasConsultor en Compañías de Asesoría y Auditoria petroleraCoordinador o Director en Institutos de Investigación y TecnologíaJefe de Procesos en Plantas Industriales Petrolíferas y de GasDirector Académico, Docente, Profesor Asesor o Profesor InvestigadorTareas a desempeñar:Perforación, producción, transporte de hidrocarburos y manejo ambiental de campos petroleros.Dirigir actividades de prospección, perforación, extracción y desarrollo del campo petrolero.Evaluar la producción optimizando y controlando los procesos, operativos.Promoción de proyectos de desarrollo y aplicación de los procesos de exploración y explotación en yacimientos de hidrocarburos.Formar parte de organismos de investigación o como perito en asuntos legales relacionados con su campo profesional.Sus conocimientos le permitirán ejercer como docente en los niveles en aquellas asignaturas que comprende su plan de estudios.Gestión de la planeación de la política petrolera.","Resultados específicos
RE1. Desarrollar actividades básicas de evaluación y cuantificación de reservas en prospectos y campos en producción.
RE2. Dimensionar sistemas de levantamiento artificial en campos petroleros. Diagnosticar problemas operacionales en el sistema de producción.
RE3. Analizar los procesos involucrados en las operaciones de exploración y producción de hidrocarburos, mediante el trabajo de grupos interdisciplinarios, y aplicación de herramientas computacionales de última tecnología.
RE4. Aplicar los fundamentos de los diferentes métodos de Recuperación Mejorada, de los Yacimientos de Crudos Pesados y de los procesos de Recuperación Térmica utilizados en la Explotación de Petróleo en Yacimientos Convencionales. 
Resultados generales
RG1. Aplicar principios y fundamentos de ciencias básicas en la resolución de problemas en el ejercicio profesional.
RG2. Integrar equipos de trabajo, utilizando destrezas de cooperación, comunicación, manejo de conflictos y definición de estrategias, en el campo de especialización.
RG3. Actuar con criterio y responsabilidad frente a dilemas éticos en todos los campos del accionar social y de estudio.
RG4. Comunicar información utilizando efectivamente medios escritos, orales y digitales, tomando en cuenta las características de la audiencia y aplicando tecnologías de información y comunicación.
RG5. Valorar las implicaciones de temas contemporáneos del ámbito local, nacional e internacional en relación con su campo de especialización, discriminando las fuentes de información.
RG6. Manifestar compromiso con el desarrollo nacional y regional, orientando la aplicación de sus conocimientos.
RG7. Desarrollar la capacidad de análisis y pensamiento crítico, orientada a la resolución de problemas en el ejercicio profesional.","El profesional en Ingeniería de Petróleos posee una sólida formación científica y técnica para liderar de manera integral las operaciones de:Perforación, producción, transporte de hidrocarburos y manejo ambiental de campos petroleros.Dirigir actividades de prospección, perforación, extracción y desarrollo del campo petrolero.Evaluar la producción optimizando y controlando los procesos, operativos. Promoción de proyectos de desarrollo y aplicación de los procesos de exploración y explotación en yacimientos de hidrocarburos.Formar parte de organismos de investigación o como perito en asuntos legales relacionados con su campo profesional.Ejercer como docente en los niveles en aquellas asignaturas que comprende su plan de estudios. Gestión de la planeación de la política petrolera."
Ingenieria Quimica,https://www.epn.edu.ec/ingenieria-quimica/,"La carrera de Ingeniería Química tiene como propósito fundamental formar profesionales capaces de formular y resolver exitosamente problemas complejos relacionados con el diseño de procesos y productos químicos o bioquímicos. Los profesionales de esta carrera dominarán la concepción, cálculo, diseño, análisis y operación de equipos e instalaciones industriales bajo elevados estándares de calidad, seguridad, economía, uso racional y eficiente de los recursos naturales y conservación del medio ambiente, en estricto cumplimiento del código ético de la profesión, con la finalidad de satisfacer las necesidades del sector productivo e industrial del país.",Facultad de Ingeniería Química y Agroindustria,Ingeniera/o en Química,Nueve (9) períodos académicos,Presencial,"Un estudiante que desee optar por la carrera de Ingeniería Química de la EPN, deberá:
Poseer capacidad de razonamiento verbal, lógico y numérico
Tener vocación para el área de ingeniería
Demostrar habilidades de pensamiento analítico
Demostrar iniciativa
Demostrar facilidad de trabajar en grupo
Poseer sólidos conocimientos en Física, Química y Matemática del nivel de Bachillerato","Objetivos de la Carrera
Un ingeniero químico puede desempeñar funciones técnicas, científicas, humanísticas y administrativas, para sectores productivos y económicos, que consideran procesos que transforman materias primas y fuentes básicas de energía en productos útiles para la sociedad. Con unos pocos años de experiencia un ingeniero químico será capaz de:Gerenciar procesos productivos en la industria químicaDiseñar nuevos productos y procesos para la industria químicaGerenciar proyectos para la industria químicaEn concordancia con estas capacidades, los ingenieros químicos pueden llegar a ocupar cargos gerenciales como:Gerente GeneralGerente de ProducciónGerente de Sistemas de GestiónGerente de Diseño y Desarrollo","Resultados generales
RG1. Demostrar honestidad y responsabilidad hacia la sociedad y medio ambiente en términos del comportamiento ético profesional.
RG2. Demostrar conocimiento de los temas contemporáneos y relevantes asociados a la práctica de la ingeniería química.
RG3. Aplicar conocimientos de ciencias básicas, matemáticas e ingeniería en la práctica de la ingeniería química.
RG4. Demostrar habilidad de integrarse y trabajar en equipos multidisciplinarios.
RG5. Demostrar habilidad de comunicarse efectivamente tanto de forma oral como escrita.
RG6. Demostrar que tienen el conocimiento necesario para entender el impacto de las soluciones de ingeniería en el contexto global, social y ambiental.
RG7. Demostrar habilidad de auto aprendizaje y de actualización permanente de conocimientos.
Resultados específicos
RE1. Diseñar productos y procesos que requieran transformación física, química y/o bioquímica de materiales que satisfagan las necesidades de la industria, y del país de manera económica, eficiente y ambientalmente sustentable.
RE2. Diseñar y conducir experimentos, para la obtención y el análisis de datos en el ejercicio de la Ingeniería Química.
RE3. Aplicar los principios de la Ingeniería Química, a partir del análisis de sistemas y procesos mediante balances de masa, transferencia de masa, transferencia de calor y fluidos, termodinámica, diseño y control de plantas y procesos tanto en régimen estacionario como no estacionario en el diseño, optimización o innovación de procesos.
RE4. Aplicar los conocimientos con criterio lógico en la identificación formulación y solución de problemas asociados al ejercicio de la Ingeniería Química.
RE5. Emplear métodos y herramientas de Ingeniería necesarios en la práctica profesional.","Un estudiante que desee optar por la carrera de Ingeniería Química de la EPN, deberá:Poseer capacidad de razonamiento verbal, lógico y numéricoTener vocación para el área de ingenieríaDemostrar habilidades de pensamiento analíticoDemostrar iniciativaDemostrar facilidad de trabajar en grupoPoseer sólidos conocimientos en Física, Química y Matemática del nivel de Bachillerato"
Ingenieria En Sistemas De Informacion,https://www.epn.edu.ec/ingenieria-en-sistemas-de-informacion/,"Formar profesionales que posean conocimientos y desarrollen habilidades que les permitan integrar las soluciones de tecnologías de la información y los procesos de negocio para satisfacer las necesidades de información de las empresas y otras organizaciones, a fin de que éstas logren sus objetivos en forma efectiva y eficiente; los profesionales están facultados para abordar factores técnicos y organizativos, y para determinar cómo los procesos comerciales, respaldados en el análisis de la información y uso de la tecnología, pueden proporcionar una ventaja competitiva en las organizaciones, posibilitando así el desarrollo económico, social y ambiental de los distintos sectores estratégicos nacionales.",Facultad de Ingeniería de Sistemas,Ingeniera/o en Sistemas de Información,Nueve (9) períodos académicos,Presencial,"Los aspirantes a ingresar a la carrera de Ingeniería de Sistemas de Información, deben haber aprobado el examen SNNA del Sistema Nacional de Nivelación y Admisión, y haber obtenido el puntaje mínimo de la Carrera, para lo cual deben poseer las siguientes habilidades y conocimientos:
Aptitud Verbal. En esta habilidad se consideran cuatro aspectos que son:
Reconocer antónimos.
Establecer analogías.
Complementar enunciados.
Comprensión de lectura.
Razonamiento numérico. En esta habilidad se manejan tres aspectos que son:
Aritmética.
Álgebra.
Geometría.
Razonamiento abstracto.","Objetivos de la Carrera
Formar profesionales que posean conocimientos y desarrollen habilidades que les permitan integrar las soluciones de tecnologías de la información y los procesos de negocio para satisfacer las necesidades de información de las empresas y otras organizaciones, a fin de que éstas logren sus objetivos en forma efectiva y eficiente; los profesionales están facultados para abordar factores técnicos y organizativos, y para determinar cómo los procesos comerciales, respaldados en el análisis de la información y uso de la tecnología, pueden proporcionar una ventaja competitiva en las organizaciones, posibilitando así el desarrollo económico, social y ambiental de los distintos sectores estratégicos nacionales.","Resultados Generales
:RG1: Aplicar conceptos técnico-prácticos actuales, con responsabilidad y ética, relacionados a la Ingeniería Ambiental, en cuanto a minimización de impactos ambientales y gestión adecuada de los recursos naturales.RG2: Trabajar honesta y responsablemente en equipos de trabajo multidisciplinarios para generar las soluciones ambientales costo-efectivas que satisfagan las necesidades de la sociedad, tomando en cuenta el contexto en el que se desenvuelve.RG3: Valorar las regulaciones que incluyan la legislación nacional e internacional apropiada para su campo de especialización, con el fin de ejercer sus funciones dentro de los límites legales.RG4: Identificar la complejidad de la profesión y el compromiso con la sociedad y el ambiente.
Resultados Específicos
:RE1: Aplicar conocimientos fundamentales de los principios y conceptos matemáticos, así como conocimientos de la naturaleza y sus fenómenos físico-químicos; incluyendo expresiones cuantitativas y tópicos relacionados con el medio ambiente y ciencias de la tierra.RE2: Identificar fundamentos, métodos, y herramientas para resolver problemas profesionales relacionados con la Ingeniería Ambiental.RE3: Resolver problemas profesionales de mediana complejidad relacionados con la Ingeniería Ambiental.RE4: Utilizar los conocimientos de ciencias básicas y la capacidad de aprendizaje continuo para colaborar en proyectos de investigación, desarrollo e innovación en diversas áreas de la Ingeniería Ambiental.RE5: Utilizar pensamiento crítico, para enfrentar los problemas ambientales que se deban resolver.RE6: Demostrar habilidades de comunicación utilizando medios escritos, orales y digitales, para comunicar los resultados de su actuación.RE7: Utilizar herramientas informáticas de forma adecuada y eficaz en la resolución de problemas ambientales.RE8: Aplicar modelos matemáticos para representar problemas ambientales reales y determinar alternativas de solución.RE9: Diseñar y/o modificar procesos de tratamiento de agua, aire, suelo y residuos.RE10: Aplicar las regulaciones y normativas ambientales en la resolución de problemas ambientales","Al finalizar su formación académica, el profesional estará en capacidad de:Aplicar conocimientos técnicos y tecnológicos relacionados con los Sistemas de Información para apoyar a la mejora continua de procesos, la gestión estratégica y la optimización de servicios.Construir Sistemas de Información eficientes y sustentables, utilizando tecnología de punta, para agilizar y simplificar procesos y procedimientos administrativos, maximizando el acceso a información de calidad.Desarrollar la creatividad y emprendimiento a través de la investigación de nuevas formas de aplicación de los Sistemas de Información para satisfacer las necesidades de transformación en los sectores estratégicos nacionales, mediante el uso de fundamentos y herramientas de investigación.Considerar el avance de la disciplina para mejorar su desempeño profesional, mediante la asimilación de nuevo conocimiento y el auto aprendizaje de herramientas de punta, ya sean éstas lenguajes de programación, herramientas, paradigmas, plataformas tecnológicas, entre otras.Transferir el conocimiento adquirido durante el auto aprendizaje o la investigación para facilitar la conceptualización, diseño y construcción de Sistemas de Información que solucionen problemas estratégicos en sectores prioritarios de producción y desarrollo nacional.Diseñar soluciones eficientes, sustentables, integradoras y multidisciplinarias, con adecuado manejo de tiempo, costo, alcance y progreso.Seleccionar soluciones en Sistemas de Información, mediante la evaluación cualitativa y cuantitativa de la funcionalidad, usabilidad, desempeño y aplicabilidad de la solución, para satisfacer las necesidades de los sectores interesados.Evaluar el impacto social, cultural y ambiental de un sistema de información sobre la vida de las personas y su ecosistema.Desarrollar la habilidad de trabajar en equipos multidisciplinarios para comunicar efectivamente la aplicación de conocimiento de los Sistemas de Información, con un nivel de detalle y abstracción adecuado y facilitar la transferencia de conocimiento a los sectores estratégicos del país.Demostrar una formación humanista, ética y técnico-científica para conceptualizar, desarrollar, transferir e innovar la calidad, seguridad y cobertura de servicios públicos y privados, a través del uso de Sistemas de Información eficientes y sustentables.Ejercer la profesión con ética, responsabilidad, honestidad, conciencia social y respeto al medio ambiente."
Ingenieria En Software,https://www.epn.edu.ec/ingenieria-en-software/,"La Carrera en Software se enfoca en la creación de productos software desde su nacimiento, como una idea, hasta su implementación, para ser utilizados por los usuarios finales. Como campo de estudio, la Ingeniería de Software aborda la gestión del ciclo de vida de un producto software, esto incluye la identificación de los requisitos, análisis, diseño, construcción y pruebas del producto informático; todo esto a partir de metodologías, herramientas y técnicas de desarrollo y documentación. En este sentido, la Carrera en Software tiene como objetivo formar profesionales competentes para resolver problemas inherentes a la gestión efectiva de productos software que apoyen al desarrollo tecnológico de la sociedad en el marco de los sectores estratégicos del Ecuador.",Facultad de Ingeniería de Sistemas,Ingeniera/o en Software,Nueve (9) períodos académicos,Presencial,"Los aspirantes a ingresar a la Carrera en Software, titulación Ingeniero/a de Software, deben haber concluido los estudios de bachillerato y obtener el puntaje mínimo definido por el Sistema Nacional de Nivelación y Admisión SNNA correspondiente a la carrera.
Dentro del perfil de ingreso deseable se sugiere características de Conocimientos, Destrezas, y Valores y Actitudes.
Conocimientos: conocimientos básicos de computación, matemática e idioma inglés. Destrezas: capacidad de razonamiento lógico-matemático, abstracción-modelamiento, análisis, síntesis, comunicación oral y escrita.
Valores y actitudes: Ser disciplinado en el desarrollo de actividades académicas, de servicio a la sociedad y protección del medio ambiente; tener aptitudes para el trabajo organizado, independiente y en equipo; tener hábitos de lectura y auto-aprendizaje; tener interés por aprender y perfeccionar la escritura, lectura y conversación en idioma inglés","Objetivos de la Carrera
El Ingeniera/o de Software tendrá los conocimientos, destrezas y aptitudes para desempeñarse en:La verificación, validación y aseguramiento de la calidad del Software.Administración de proyectos de Software.Investigación aplicada en proyectos de conceptualización, desarrollo, innovación y transferencia de Software.Ingeniería de Software para el desarrollo de Sistemas de Información y Sistemas Inteligentes.Emprendimiento de empresas de investigación, innovación, desarrollo y comercialización de Software.","Resultados Generales
RG1. Ser capaz de identificar las necesidades de los sectores estratégicos públicos o privados del país, que requieren una solución a través de productos de software eficientes y costo-efectivos.
RG2. Demostrar hábitos de trabajo efectivos, el liderazgo, la buena comunicación, respeto al medio ambiente, ética profesional, que le permitan trabajar individualmente y como parte de un equipo.
RG3. Fomentar el desarrollo profesional continuo y vanguardista acorde a nuevos modelos, técnicas y tecnologías que van surgiendo en la industria del software.
Resultados Específicos
RE1. Aplicar teorías, metodologías, estándares y tecnologías apropiadas, para crear soluciones de software, mediante el análisis, diseño, desarrollo, implementación, verificación, documentación, y gestión.
RE2. Evaluar aspectos interdisciplinares, de infraestructuras tecnológicas existentes, de tecnología emergente, legales, éticos, económicos, ambientales, y sociales, para diseñar soluciones de Software de Calidad.
RE3. Emplear principios y herramientas de investigación, para generar nuevas formas de aplicación de la Ingeniería de Software en los sectores industriales y académicos estratégicos del país.
RE4. Construir un sistema de aprendizaje autónomo mediante el aprendizaje activo, motivado, participativo, modelado, necesario, y crítico de la diversidad de fuentes y tipo de información, considerando que la Ingeniería de Software es parte de un campo que cambia muy rápidamente.
RE5. Desarrollar la creatividad y emprendimiento a través de la investigación de nuevas formas de aplicación de la Ingeniería de Software para satisfacer las necesidades de transformación en los sectores estratégicos nacionales.
RE6. Emplear los fundamentos de comunicación profesional, técnica, y científica, para transferir efectivamente los conocimientos adquiridos durante el auto aprendizaje, la investigación, y el ejercicio profesional.
RE7. Crear sistemas de Software, aplicando la Ingeniería de Software y los estándares más adecuados, asegurando la calidad del proceso y del producto de software; tomando en cuenta cuestiones legales y sociales, y practicando los hábitos de trabajo ético y efectivo.
RE8. Demostrar capacidad de trabajo individual y en equipo logrando la conciliación de objetivos conflictivos en un entorno típico de desarrollo de Software, compromisos aceptables dentro de las limitaciones de costo, tiempo, conocimiento, sistemas existentes, entre otros.
RE9. Utilizar técnicas, herramientas y estándares que permitan auditar el desempeño y cumplimiento de soluciones de Software.Ser capaz de identificar las necesidades de los sectores estratégicos públicos o privados del país, que requieren una solución a través de productos de software eficientes y costo-efectivos.Demostrar hábitos de trabajo efectivos, el liderazgo, la buena comunicación, respeto al medio ambiente, ética profesional, que le permitan trabajar individualmente y como parte de un equipo.Fomentar el desarrollo profesional continuo y vanguardista acorde a nuevos modelos, técnicas y tecnologías que van surgiendo en la industria del software","Verificación, validación y aseguramiento de la calidad del Software.Administración de proyectos de Software.Investigación aplicada en proyectos de conceptualización, desarrollo, innovación y transferencia de Software.Ingeniería de Software para el desarrollo de Sistemas de Información y Sistemas Inteligentes.Emprendimiento de empresas de investigación, innovación, desarrollo y comercialización de Software."
Ingenieria En Telecomunicacion De La Informacion,https://www.epn.edu.ec/ingenieria-en-telecomunicacion-de-la-informacion/,"La Carrera de Tecnologías de la Información se concentra en los problemas relacionados con la satisfacción de las necesidades del usuario dentro de un contexto social y de la organización, a través de la selección, creación, aplicación, integración y administración de las Tecnologías de la Información, con una perspectiva teórica, práctica y experimental, para la transformación tanto delos usuarios como de las organizaciones mediante el empleo de tecnologías actuales y emergentes, y sin excluir principios actitudinales y afectivos en su interrelación con las personas y el medio en el que se desenvuelven.",Facultad de Ingeniería Eléctrica y Electrónica,Ingeniera/o en Tecnologías de la Información,Nueve (9) períodos académicos,Presencial,"Los aspirantes a ingresar a la Carrera de Tecnologías de la Información deben haber concluido sus estudios de bachillerato y deben obtener el puntaje mínimo requerido por el Sistema Nacional de Nivelación y Admisión (SNNA) para ingenierías y en particular para la Carrera.
Sería recomendable que el aspirante tenga el siguiente perfil de ingreso:
En cuanto a su formación previa, el aspirante debe tener una formación que le permita acceder a los conocimientos avanzados que se imparten en la Carrera. En particular, es recomendable que tenga conocimientos en áreas relacionadas a física y matemáticas y cuente con un buen nivel de comprensión de lectura y redacción en español.
Respecto a sus aptitudes y capacidades, resultan deseables las siguientes: capacidad de concentración, capacidad de abstracción, facilidad para el aprendizaje autónomo, habilidad para organizar el tiempo y el estudio, capacidad de pensamiento lógico, gusto por el uso y manejo y aprovechamiento de la tecnología.
Respecto a sus valores y actitudes, se espera que el aspirante, en concordancia con el código de ética de la EPN, tenga buena disposición para el trabajo individual y trabajo en equipo, respete al pensamiento, visión y criterios ajenos, excluya toda de forma de violencia y actitudes discriminatorias, apoyo a un ambiente pluralista y que haga de la honestidad el principio básico de comportamiento en todos sus actos.","Objetivo generalEl objetivo de la Carrera de Tecnologías de la Información es formar profesionales de tercer nivel capaces de resolver problemas, de trabajar en equipo, responsables, innovadores, con iniciativa y autónomos, de aplicar ética y competentemente sus conocimientos en interacción humano máquina, bases de datos, redes de comunicaciones, sistemas web, gestión de información y seguridades, para integrar, evaluar y proponer soluciones basadas en Tecnologías de la Información en función del contexto de las organizaciones y así proponer soluciones a los distintos problemas que estas tengan, creando un impacto positivo en la sociedad de la información en concordancia con los lineamientos del Plan Nacional del Buen Vivir.Objetivos específicosConocimiento:Generar profesionales con conocimientos en normas y estándares aplicables en redes de comunicaciones, servicios web, bases de datos, gestión de información y seguridades que brinden soluciones confiables a las organizaciones y a la sociedad. o Formar profesionales capacitados en los principios de funcionamiento que rigen las redes de comunicaciones y los servicios web para usarlos y modificarlos generando soluciones tecnológicas sólidas y confiables.Desarrollar profesionales que sepan explorar un área específica de las Tecnologías de la Información, y que estén en la capacidad de recolectar y analizar información para determinar y entender el contexto actual de dicha área.Preparar profesionales con capacidad de utilizar y adaptar herramientas para el análisis, diagnóstico y gestión de problemas en redes de comunicaciones, servicios web y bases de datos mediante una permanente formación práctica.Generar profesionales con capacidad de emplear metodologías que guíen el proceso de diseño e implementación de soluciones basadas en Tecnologías de la Información que se adapten a las necesidades de las organizaciones y de la sociedad.Pertinencia:Desarrollar la capacidad creativa, intelectual y personal que permita al profesional aportar en la mejora de los niveles de productividad de organizaciones locales, nacionales, públicas o privadas, a través del diseño, implementación y gestión de soluciones basadas en Tecnologías de la Información para la modernización de sus procesos.Desarrollar en el profesional la capacidad de analizar el funcionamiento de las Tecnologías de la Información existentes y emergentes, que le permitan proponer proyectos y emprendimientos para mejorar la prestación de servicios públicos y privados en pro de la consecución de la sociedad de la información.Aprendizajes:Usar procesos de enseñanza-aprendizaje con un fuerte componente teórico-práctico que les permita entender los principios y aplicar la tecnología.Fomentar el desarrollo motivado por parte del propio estudiante a través de su trabajo autónomo.Aplicar la metodología basada en problemas para encontrar la solución a un problema real de la sociedad.Usar herramientas tecnológicas que soporten el proceso de aprendizaje de los estudiantes. o Incentivar el trabajo en equipo a través del desarrollo de actividades colaborativas.Ciudadanía integral:Generar profesionales receptivos a las necesidades de la sociedad y que busquen garantizar el libre acceso a soluciones que usan Tecnologías de la Información para su beneficio.Formar profesionales que operen e implementen soluciones tecnológicas para impulsar la productividad, industria y economía, y así contribuir a mejorar la calidad de vida la población.Preparar profesionales con valores éticos dispuestos a difundir su conocimiento para fomentar el desarrollo social y de esta manera ayudar a democratizar el conocimiento mediante el uso de las distintas herramientas de Tecnologías de la Información.Otros:Preparar profesionales que realicen investigación en el área de las Tecnologías de la Información.","Resultados Generales
:RG1: Cooperar honesta y responsablemente en equipos de trabajo multi, intra e inter disciplinarios para generar la solución costo-efectivo que satisfaga las necesidades de los usuarios y tome en consideración el contexto en el que se desenvuelven.RG2: Valorar las regulaciones que incluyan la legislación nacional e internacional apropiada para su campo de especialización, con el fin de ejercer sus funciones dentro de los límites legales.RG3: Comprender la complejidad de la profesión y el compromiso con la sociedad y el medio ambiente, con el fin de cumplir con su código deontológico.RG4: Comunicar y receptar criterios de forma efectiva en diversos contextos de la profesión, tanto por medios orales como por medios escritos, interactuando así con los diferentes actores y sectores vinculados.RG5: Inferir el funcionamiento y las formas de utilización de las Tecnologías de la Información emergentes y existentes, relevantes para su campo de especializaciónRG6: Usar sus conocimientos de administración y financieros, calidad, conservación y utilización de estadísticas e información técnica disciplinar en el ejercicio de su profesión.RG7: Utilizar los conocimientos de ciencias básicas y la capacidad de aprendizaje continuo para colaborar en proyectos de investigación, desarrollo e innovación. 
Resultados Específicos
:RE1: Aplicar conceptos técnico-prácticos actuales, con responsabilidad y ética, relacionados a las Tecnologías de la Información para interacción humano máquina, bases de datos, redes de comunicaciones, sistemas web, gestión de información y seguridadesRE2: Resolver problemas en las áreas de la especialidad usando los conocimientos teórico-metodológicos relacionados y considerando las mejores prácticas y estándares de las Tecnologías de la Información.RE3: Proponer soluciones elaboradas y argumentadas con sentido crítico, y empleando las Tecnologías de la Información para brindar respuestas proactivas y reactivas que garanticen la operatividad del negocio tratando de minimizar posibles riesgos.RE4: Aplicar los conocimientos de electricidad y electrónica, para transformar datos analógicos a digitales; bases de datos, para almacenamiento de la información y posible obtención de conocimiento de dicha información; redes de datos, para transmisión de la información; programación, para el procesamiento de la información; y finalmente, las aplicaciones distribuidas, aplicaciones web, servicios web y las interfaces humano-máquina para la generación y presentación de la información.RE5: Proponer soluciones basadas en Tecnologías de la Información que soporten los procesos de una organización gracias a la formación académica recibida, así como a su capacidad de autoaprendizaje e investigación formativa.RE6: Usar los conocimientos integrados en los campos de formación básica, profesional y humanística para generar una idea desde su concepto abstracto, ejecutarla y realizarla de forma práctica y real tanto en una nueva empresa como en organizaciones que emplean herramientas y metodologías de las Tecnologías de la Información.RE7: Evaluar la situación actual de la infraestructura de Tecnologías de la Información de una organización para encontrar fallos, determinar su rendimiento, optimizar su funcionamiento, así como proponer mejoras de seguridad.RE8: Analizar las necesidades del usuario para la selección, diseño, implementación, evaluación, optimización y administración de las Tecnologías de la Información.RE9: Integrar soluciones basadas en Tecnologías de la Información tomando en consideración el entorno en el que se desenvuelve el usuario.RE10: Gestionar las herramientas e infraestructura de Tecnologías de la Información utilizadas dentro de una organización a fin de garantizar su correcto funcionamiento actual y futuro.","Auditar los sistemas de Tecnologías de la Información, a través de metodologías estándares con el fin de determinar las condiciones actuales.Proveer servicios de consultoría para el desarrollo de proyectos de Tecnologías de la Información, orientados a la gestión, planeación, análisis, diseño, implementación y despliegue de sistemas que den solución a los diversos problemas de las organizaciones y su entorno.Dirigir proyectos de Tecnologías de la Información a través de procesos y modelos estándares y que contribuyen a la consecución de los objetivos estratégicos de las organizaciones.Propiciar la implementación de nuevas soluciones de Tecnologías de la Información para atender áreas de innovación en las organizaciones mediante la evaluación de las tecnologías emergentes en el mercado.Emprender, de forma independiente, empresas orientadas al desarrollo y consultoría de bienes y servicios en el ámbito de las Tecnologías de la Información.Liderar proyectos de investigación aplicada y/o desarrollos tecnológicos en el sector de las Tecnologías de la Información.Implementar sistemas de información desarrollados para satisfacer las necesidades de la organización, garantizando aspectos de seguridad y calidad.Desarrollar proyectos de Tecnologías de la Información para la implementación eficaz de soluciones empleando los recursos disponibles en la organización.Administrar los servicios y la infraestructura de las Tecnologías de la Información de la organización."
Ingenieria En Telecomunicaciones,https://www.epn.edu.ec/ingenieria-en-telecomunicaciones/,"La Carrera de Tecnologías de la Información se concentra en los problemas relacionados con la satisfacción de las necesidades del usuario dentro de un contexto social y de la organización, a través de la selección, creación, aplicación, integración y administración de las Tecnologías de la Información, con una perspectiva teórica, práctica y experimental, para la transformación tanto delos usuarios como de las organizaciones mediante el empleo de tecnologías actuales y emergentes, y sin excluir principios actitudinales y afectivos en su interrelación con las personas y el medio en el que se desenvuelven",Facultad de Ingeniería Eléctrica y Electrónica,Ingeniera/o en Tecnologías de la Información,Nueve (9) períodos académicos,Presencial,"Los aspirantes a ingresar a la Carrera de Tecnologías de la Información deben haber concluido sus estudios de bachillerato y deben obtener el puntaje mínimo requerido por el Sistema Nacional de Nivelación y Admisión (SNNA) para ingenierías y en particular para la Carrera.
Sería recomendable que el aspirante tenga el siguiente perfil de ingreso:
En cuanto a su formación previa, el aspirante debe tener una formación que le permita acceder a los conocimientos avanzados que se imparten en la Carrera. En particular, es recomendable que tenga conocimientos en áreas relacionadas a física y matemáticas y cuente con un buen nivel de comprensión de lectura y redacción en español.
Respecto a sus aptitudes y capacidades, resultan deseables las siguientes: capacidad de concentración, capacidad de abstracción, facilidad para el aprendizaje autónomo, habilidad para organizar el tiempo y el estudio, capacidad de pensamiento lógico, gusto por el uso y manejo y aprovechamiento de la tecnología.
Respecto a sus valores y actitudes, se espera que el aspirante, en concordancia con el código de ética de la EPN, tenga buena disposición para el trabajo individual y trabajo en equipo, respete al pensamiento, visión y criterios ajenos, excluya toda de forma de violencia y actitudes discriminatorias, apoyo a un ambiente pluralista y que haga de la honestidad el principio básico de comportamiento en todos sus actos.","Objetivo generalEl objetivo de la Carrera de Tecnologías de la Información es formar profesionales de tercer nivel capaces de resolver problemas, de trabajar en equipo, responsables, innovadores, con iniciativa y autónomos, de aplicar ética y competentemente sus conocimientos en interacción humano máquina, bases de datos, redes de comunicaciones, sistemas web, gestión de información y seguridades, para integrar, evaluar y proponer soluciones basadas en Tecnologías de la Información en función del contexto de las organizaciones y así proponer soluciones a los distintos problemas que estas tengan, creando un impacto positivo en la sociedad de la información en concordancia con los lineamientos del Plan Nacional del Buen Vivir.Objetivos específicosConocimiento:Generar profesionales con conocimientos en normas y estándares aplicables en redes de comunicaciones, servicios web, bases de datos, gestión de información y seguridades que brinden soluciones confiables a las organizaciones y a la sociedad. o Formar profesionales capacitados en los principios de funcionamiento que rigen las redes de comunicaciones y los servicios web para usarlos y modificarlos generando soluciones tecnológicas sólidas y confiables.Desarrollar profesionales que sepan explorar un área específica de las Tecnologías de la Información, y que estén en la capacidad de recolectar y analizar información para determinar y entender el contexto actual de dicha área.Preparar profesionales con capacidad de utilizar y adaptar herramientas para el análisis, diagnóstico y gestión de problemas en redes de comunicaciones, servicios web y bases de datos mediante una permanente formación práctica.Generar profesionales con capacidad de emplear metodologías que guíen el proceso de diseño e implementación de soluciones basadas en Tecnologías de la Información que se adapten a las necesidades de las organizaciones y de la sociedad.Pertinencia:Desarrollar la capacidad creativa, intelectual y personal que permita al profesional aportar en la mejora de los niveles de productividad de organizaciones locales, nacionales, públicas o privadas, a través del diseño, implementación y gestión de soluciones basadas en Tecnologías de la Información para la modernización de sus procesos.Desarrollar en el profesional la capacidad de analizar el funcionamiento de las Tecnologías de la Información existentes y emergentes, que le permitan proponer proyectos y emprendimientos para mejorar la prestación de servicios públicos y privados en pro de la consecución de la sociedad de la información.Aprendizajes:Usar procesos de enseñanza-aprendizaje con un fuerte componente teórico-práctico que les permita entender los principios y aplicar la tecnología.Fomentar el desarrollo motivado por parte del propio estudiante a través de su trabajo autónomo.Aplicar la metodología basada en problemas para encontrar la solución a un problema real de la sociedad.Usar herramientas tecnológicas que soporten el proceso de aprendizaje de los estudiantes. o Incentivar el trabajo en equipo a través del desarrollo de actividades colaborativas.Ciudadanía integral:Generar profesionales receptivos a las necesidades de la sociedad y que busquen garantizar el libre acceso a soluciones que usan Tecnologías de la Información para su beneficio.Formar profesionales que operen e implementen soluciones tecnológicas para impulsar la productividad, industria y economía, y así contribuir a mejorar la calidad de vida la población.Preparar profesionales con valores éticos dispuestos a difundir su conocimiento para fomentar el desarrollo social y de esta manera ayudar a democratizar el conocimiento mediante el uso de las distintas herramientas de Tecnologías de la Información.Otros:Preparar profesionales que realicen investigación en el área de las Tecnologías de la Información.","Resultados de aprendizajeGenerales:RG1: Cooperar honesta y responsablemente en equipos de trabajo multi, intra e inter disciplinarios para generar la solución costo-efectivo que satisfaga las necesidades de los usuarios y tome en consideración el contexto en el que se desenvuelven.RG2: Valorar las regulaciones que incluyan la legislación nacional e internacional apropiada para su campo de especialización, con el fin de ejercer sus funciones dentro de los límites legales.RG3: Comprender la complejidad de la profesión y el compromiso con la sociedad y el medio ambiente, con el fin de cumplir con su código deontológico.RG4: Comunicar y receptar criterios de forma efectiva en diversos contextos de la profesión, tanto por medios orales como por medios escritos, interactuando así con los diferentes actores y sectores vinculados.RG5: Inferir el funcionamiento y las formas de utilización de las Tecnologías de la Información emergentes y existentes, relevantes para su campo de especialización.RG6: Usar sus conocimientos de administración y financieros, calidad, conservación y utilización de estadísticas e información técnica disciplinar en el ejercicio de su profesión.RG7: Utilizar los conocimientos de ciencias básicas y la capacidad de aprendizaje continuo para colaborar en proyectos de investigación, desarrollo e innovación.EspecíficosRE1: Aplicar conceptos técnico-prácticos actuales, con responsabilidad y ética, relacionados a las Tecnologías de la Información para interacción humano máquina, bases de datos, redes de comunicaciones, sistemas web, gestión de información y seguridades.RE2: Resolver problemas en las áreas de la especialidad usando los conocimientos teórico-metodológicos relacionados y considerando las mejores prácticas y estándares de las Tecnologías de la Información.RE3: Proponer soluciones elaboradas y argumentadas con sentido crítico, y empleando las Tecnologías de la Información para brindar respuestas proactivas y reactivas que garanticen la operatividad del negocio tratando de minimizar posibles riesgos.RE4: Aplicar los conocimientos de electricidad y electrónica, para transformar datos analógicos a digitales; bases de datos, para almacenamiento de la información y posible obtención de conocimiento de dicha información; redes de datos, para transmisión de la información; programación, para el procesamiento de la información; y finalmente, las aplicaciones distribuidas, aplicaciones web, servicios web y las interfaces humano-máquina para la generación y presentación de la información.RE5: Proponer soluciones basadas en Tecnologías de la Información que soporten los procesos de una organización gracias a la formación académica recibida, así como a su capacidad de autoaprendizaje e investigación formativa.RE6: Usar los conocimientos integrados en los campos de formación básica, profesional y humanística para generar una idea desde su concepto abstracto, ejecutarla y realizarla de forma práctica y real tanto en una nueva empresa como en organizaciones que emplean herramientas y metodologías de las Tecnologías de la Información.RE7: Evaluar la situación actual de la infraestructura de Tecnologías de la Información de una organización para encontrar fallos, determinar su rendimiento, optimizar su funcionamiento así como proponer mejoras de seguridad.RE8: Analizar las necesidades del usuario para la selección, diseño, implementación, evaluación, optimización y administración de las Tecnologías de la Información.RE9: Integrar soluciones basadas en Tecnologías de la Información tomando en consideración el entorno en el que se desenvuelve el usuario.RE10: Gestionar las herramientas e infraestructura de Tecnologías de la Información utilizadas dentro de una organización a fin de garantizar su correcto funcionamiento actual y futuro.","Auditar los sistemas de Tecnologías de la Información, a través de metodologías estándares con el fin de determinar las condiciones actuales.Proveer servicios de consultoría para el desarrollo de proyectos de Tecnologías de la Información, orientados a la gestión, planeación, análisis, diseño, implementación y despliegue de sistemas que den solución a los diversos problemas de las organizaciones y su entorno.Dirigir proyectos de Tecnologías de la Información a través de procesos y modelos estándares y que contribuyen a la consecución de los objetivos estratégicos de las organizaciones.Propiciar la implementación de nuevas soluciones de Tecnologías de la Información para atender áreas de innovación en las organizaciones mediante la evaluación de las tecnologías emergentes en el mercado.Emprender, de forma independiente, empresas orientadas al desarrollo y consultoría de bienes y servicios en el ámbito de las Tecnologías de la Información.Liderar proyectos de investigación aplicada y/o desarrollos tecnológicos en el sector de las Tecnologías de la Información.Implementar sistemas de información desarrollados para satisfacer las necesidades de la organización, garantizando aspectos de seguridad y calidad.Desarrollar proyectos de Tecnologías de la Información para la implementación eficaz de soluciones empleando los recursos disponibles en la organización.Administrar los servicios y la infraestructura de las Tecnologías de la Información de la organización."
Ingenieria Civil,https://www.epn.edu.ec/ingenieria-civil/,"La Ingeniería Civil es una profesión que se relaciona con la planificación, diseño, construcción, mantenimiento y operación de infraestructura desde el punto de vista estructural, de recursos hídricos y saneamiento. El Ingeniero Civil de la Escuela Politécnica Nacional es el profesional que tiene conocimientos, habilidades, destrezas, valores, aptitudes y actitudes aplicables en las áreas de estructuras, vías terrestres, hidráulica, administración, construcción, ingeniería sanitaria y geotecnia, tomando en consideración la conservación del ambiente con la finalidad de planear, diseñar, construir, operar y conservar obras hidráulicas y sanitarias, sistemas estructurales, vías terrestres, obras de urbanización e instalaciones en obras civiles; y en la elaboración, evaluación y diagnóstico de estudios técnicos económicos y financieros de obras, proyectos de investigación y desarrollo tecnológico.",Facultad de Ingeniería Civil y Ambiental,Ingeniera/o Civil,Nueve (9) períodos académicos,Presencial,"Los aspirantes a ingresar a la carrera de Ingeniería Civil, deben haber aprobado el examen SNNA del Sistema Nacional de Nivelación y Admisión, y haber obtenido el puntaje mínimo de la Carrera, para lo cual deben poseer las siguientes habilidades y conocimientos:
Aptitud Verbal. En esta habilidad se consideran cuatro aspectos que son:
Reconocer antónimos.
Establecer analogías.
Complementar enunciados.
Comprensión de lectura.
Razonamiento numérico. En esta habilidad se manejan tres aspectos que son:
Aritmética.
Álgebra.
Geometría.
Razonamiento abstracto.","Objetivos de la Carrera
Los ingenieros civiles de la Escuela Politécnica Nacional, en concordancia con su desarrollo y madurez profesional, son capaces de concebir, analizar, planificar, diseñar, operar y optimizar sistemas para suministros de agua potable y saneamiento básico, dentro de principios de responsabilidad intergeneracional. Asimismo, está en capacidad de desarrollar proyectos de vivienda social, vivienda en general y de construir edificaciones en hormigón armado, acero, madera y otros materiales. Esta capacitados para diseñar sistemas de transporte de agua, captación, potabilización y distribución de agua, así como está capacitado para diseñar, construir y concebir sistemas de recolección y trasporte de aguas servidas, desde un punto de vista técnico y social.Las funciones o desempeños de la profesión que realizarán los profesionales de la Carrera de Ingeniería civil dentro de 3 a 5 años posteriores a su graduación son los siguientes:Proveer servicios de consultoría en estructuras, hidráulica, saneamiento y vías.Desempeñarse como responsable de Diseño de proyectos de Ingeniería Civil.Implementar nuevas tecnologías para la construcción.Dirigir y participar en proyectos relacionados con construcción de edificaciones, en el ámbito público o privado, en los campos de la planificación, evaluación, gestión y ejecución de obras.Crear su propia empresa, orientada a ofrecer soluciones de consultoría en diseño, en las áreas de especialización: estructuras sismo-resistentes, construcciones hidráulicas, manejo de recursos hídricos y saneamiento.Desempeñarse como docente/investigador en instituciones educativas de nivel medio y superior.Diseñar, evaluar y mejorar sistemas de saneamiento, recolección y tratamiento de aguas.Diseñar, evaluar y mejorar sistemas de potabilización del agua.Diseñar planes de manejo integral de residuos sólidos.Desempeñarse como técnico de obra, en proyectos de edificaciones de educación, salud, servicios y otros en el sector estatal y privado.Desempeñarse como administrador de proyectos de construcción.El graduado del programa tendrá un papel importante para mejorar la calidad de vida de las personas, aportando a la sociedad con la construcción de infraestructura privada y pública y de brindar soluciones técnicas a problemas reales sobre los servicios de saneamiento, movilidad, edificaciones en las ciudades. El ingeniero civil tendrá oportunidad de acción, ya que su educación lo orienta a dirigir grupos de trabajo, en donde su formación multidisciplinaria le permitirá ejercer liderazgo, en la ejecución y gestión de proyectos de infraestructura.Las leyes civiles vigentes y los requerimientos de infraestructura para el desarrollo e infraestructura social del país, requiere de ingenieros civiles en organismos públicos y privados, para que ejecuten tareas de planificación, diseño, fiscalización o auditoría, como administradores civiles o técnicos civiles, en labores específicas individuales o como miembros de grupos multidisciplinarios.Al ser la variante de vivienda, saneamiento, infraestructura, preponderante en todos los ámbitos de acción de las instituciones públicas, empresas privadas y sociedad en general, siempre existirá la demanda de profesionales en Ingeniería Civil, que se desempeñen con destrezas específicas para resolver problemas y conflictos alrededor del uso de materiales, necesidad de servicio de saneamiento, manejo de riesgo, construcción de infraestructura estatal, con soluciones aplicables al medio ecuatoriano y el apropiado uso de los recursos del país.Esta información fue obtenida de las encuestas realizadas a los graduados y empleadores de la Carrera de Ingeniería Ambiental. Los resultados de las encuestas se presentan en el Anexo 8.11 Resultados de la Encuesta a los Empleadores y en el Anexo 8.12 Resultados de la Encuesta a los Graduados.","Resultados Generales
:
RG1. Comunicar efectivamente la aplicación de conocimiento de la Ingeniería Civil, con un nivel de detalle y abstracción adecuado, y aplicación de la ciencia facilitando la transferencia de conocimiento a los sectores estratégicos del país.
RG2. Demostrar una formación humanista, ética y técnico-científica para conceptualizar, desarrollar, transferir e innovar la calidad, seguridad y cobertura de la infraestructura públicas y privadas, servicios públicos y privados concernientes al campo de ingeniería civil como agua y saneamiento, a través del uso óptimos de los recursos de materiales, mano de obra y maquinaria.
RG3. Resolver los problemas sociales, legales, éticos, culturales y medio ambientales relacionados con la ingeniería civil a través de un ejercicio profesional responsable, con conciencia social y respeto al medio ambiente.
Resultados Específicos
:
RE1. Aplicar conocimientos técnicos y tecnológicos relacionados con la ingeniería civil para lograr la mejora continua de métodos constructivos y procesos de saneamiento, sistemas viales, la gestión estratégica de recursos, utilización de mano de obra y la optimización de materiales e insumos. Es decir, aplicación de las Ciencias Básicas a Ingeniería Civil.
RE2. Construir infraestructura sustentable, utilizando tecnología de punta y maximizando el uso de la mano de obra disponible, el justo uso de los recursos, la mejora de calidad en bienes inmuebles, infraestructura pública y la calidad de vida de los ciudadanos. Es decir, la identificación y definición de los problemas de manera eficiente. Desarrollar nuevas formas de aplicación de la ingeniería civil para satisfacer las necesidades y sustentar el mejoramiento de los sectores estratégicos nacionales, mediante la investigación en recursos hídricos, vivienda, infraestructura, materiales, saneamiento gestión de riesgos y ambiental.
RE3. Considerar las mejoras tecnológicas y el auto aprendizaje mediante la asimilación de nuevos conocimientos en maquinarias, materiales, software, usos de nuevos materiales y procesos en la región. Desarrollo de la utilización de herramientas especializadas. Desarrollar la creatividad y emprendimiento a través de la investigación para satisfacer las necesidades en ingeniería civil de los sectores estratégicos nacionales. Promover el trabajo en equipo.
RE4. Transferir el conocimiento adquirido, auto aprendizaje o la investigación para facilitar la conceptualización, diseño y construcción de infraestructura que solucione las necesidades de sectores de la producción y desarrollo nacional. Trabajar con compromiso social y ético.
RE5. Prestar soluciones eficientes, sustentables, integradoras y multidisciplinarias, con adecuado manejo de tiempo, costo, materiales, mano de obra y procesos, a través de una adecuada planificación, diseño, construcción, gestión y control de la infraestructura. Evaluar el impacto económico, social, calidad de vida y ambiental de la infraestructura sobre la vida de las personas. Demostrar compromiso con el aprendizaje continuo.
RE6. Utilizar herramientas informáticas de forma adecuada y eficaz en la resolución de problemas de ingeniería civil, utilización de modelos para la solución óptima de alternativas.","El Ingeniero Civil podra:Proveer servicios de consultoría en estructuras, hidráulica, saneamiento y vías.Desempeñarse como responsable de Diseño de proyectos de Ingeniería Civil.Implementar nuevas tecnologías para la construcción.Dirigir y participar en proyectos relacionados con construcción de edificaciones, en el ámbito público o privado, en los campos de la planificación, evaluación, gestión y ejecución de obras.Crear su propia empresa, orientada a ofrecer soluciones de consultoría en diseño, en las áreas de especialización: estructuras sismo-resistentes, construcciones hidráulicas, manejo de recursos hídricos y saneamiento.Desempeñarse como docente/investigador en instituciones educativas de nivel medio y superior.Diseñar, evaluar y mejorar sistemas de saneamiento, recolección y tratamiento de aguas.Diseñar, evaluar y mejorar sistemas de potabilización del agua.Diseñar planes de manejo integral de residuos sólidos.Desempeñarse como técnico de obra, en proyectos de edificaciones de educación, salud, servicios y otros en el sector estatal y privado.Desempeñarse como administrador de proyectos de construcción."
Seguridad De Redes De Informacion,https://www.epn.edu.ec/seguridad-de-redes-de-informacion/,"La Carrera de Seguridad de Tecnologías de la Información busca formar profesionales en el ámbito de la Seguridad de las Tecnologías de la Información y la Comunicación capaces de identificar, evaluar y tratar los riesgos de seguridad en redes de comunicaciones, componentes de TI e información de organizaciones de diferentes sectores productivos del país, utilizando para ello metodologías, técnicas y herramientas de vanguardia, e implementando buenas prácticas y tecnologías de protección adecuadas; con habilidades para interrelacionarse personal y profesionalmente, y para trabajar en equipo con alto rigor ético y legal y comprometidos con el desarrollo sustentable de las organizaciones y su entorno.",Facultad de Ingeniería Eléctrica y Electrónica,Ingeniera/o en Seguridad de Redes de Información,Nueve (9) períodos académicos,Presencial,"Los aspirantes a ingresar a la Carrera de Seguridad de Redes de Información deben haber concluido sus estudios de bachillerato y deben obtener el puntaje mínimo requerido por el Sistema Nacional de Nivelación y Admisión (SNNA) para ingenierías y en particular para la Carrera.
Sería recomendable que el aspirante tenga el siguiente perfil de ingreso:
En cuanto a su formación previa, el aspirante debe tener una formación que le permita acceder a los conocimientos avanzados que se imparten en la Carrera. En particular, es recomendable que tenga conocimientos en áreas relacionadas a física y matemáticas y cuente con un buen nivel de comprensión de lectura y redacción en español.
Respecto a sus aptitudes y capacidades, resultan deseables las siguientes: capacidad de concentración, capacidad de abstracción, facilidad para el aprendizaje autónomo, habilidad para organizar el tiempo y el estudio, capacidad de pensamiento lógico, gusto por el uso y manejo y aprovechamiento de la tecnología.
Respecto a sus valores y actitudes, se espera que el aspirante, en concordancia con el código de ética de la EPN, tenga buena disposición para el trabajo individual y trabajo en equipo, respete al pensamiento, visión y criterios ajenos, excluya toda de forma de violencia y actitudes discriminatorias, apoyo a un ambiente pluralista y que haga de la honestidad el principio básico de comportamiento en todos sus actos.","Objetivos de la carrera
El Ingeniero/a en Seguridad de Tecnologías de la Información estará en la capacidad de aplicar teorías, conceptos y métodos para resolver problemas relacionados a la seguridad de las Tecnologías de la Información, en áreas como: la seguridad en la red, seguridad de la información, seguridad en los componentes y la gestión de la misma a través de la aplicación de las mejores prácticas (normas y estándares); con ética y responsabilidad.Por otro lado, el campo de acción de un Ingeniero/a en Seguridad de Tecnologías de la Información también incluye:i) Proponer soluciones a problemas relacionados con temáticas multidisciplinarias para las que la Seguridad de las TI es un dominio transversal, y coordina y dirige efectivamente su implementación,ii) Proponer y dirigir proyectos de investigación e innovación relacionados con la Seguridad de las TI y su integración en diferentes soluciones tecnológicas,iii) Gestionar con solvencia vulneraciones de Seguridad de las TI de una organizacióniv) Administrar servicios de consultoría para el análisis de la Seguridad de una organización en el ámbito de las TI,v) Liderar centros (como el CSIRT-Computer Security Incident Response Team) de Seguridad de una organización.vi) Finalmente, gracias a la formación integral en los estándares vigentes tecnológicos, el Ingeniero/a en Seguridad de Tecnologías de la Información está en la capacidad de generar emprendimientos orientados al desarrollo y consultoría de bienes y servicios en el ámbito de la Seguridad de las TI.","Resultados Generales
:
RG1. Usar sus conocimientos de administración y financieros, realidad nacional, calidad, utilización de estadísticas e información técnica disciplinar en el ejercicio de su profesión.
RG2. Utilizar los conocimientos de ciencias básicas y la capacidad de aprendizaje continuo para colaborar en proyectos de investigación desarrollo e innovación.
RG3. Trabajar en equipo con independencia de la etnia, el género, la condición social, etc., y evitando la discriminación por cualquiera de estos aspectos.
RG4. Realizar estudios, consultorías y proyectos con responsabilidad ética y profesional, y en el marco de la legislación y normativa nacional e internacional pertinente.
RG5. Receptar las diferentes posiciones que puedan tener los diferentes actores y sectores al trabajar en equipo.
RG6. Utilizar sus conocimientos de forma creativa para ofrecer soluciones de seguridad innovadoras y vanguardistas.
RG7. Transmitir sus conocimientos, ideas y soluciones de forma eficaz utilizando un lenguaje correcto tanto de forma oral como escrita  
Resultados Específicos
:
RE1. Explicar el fundamento teórico, metodologías, técnicas y herramientas para la identificación, detección y auditoría de los riesgos de seguridad de la red de comunicaciones en una organización, y las tecnologías y buenas prácticas para su tratamiento.
RE2. Explicar el fundamento teórico, metodologías, técnicas y herramientas para la identificación, detección y auditoría de los riesgos de seguridad de los componentes de TI en una organización, y las tecnologías y buenas prácticas para su tratamiento.
RE3. Explicar el fundamento teórico, metodologías, técnicas y herramientas para la identificación, detección y auditoría de los riesgos de seguridad de la información en una organización, y las tecnologías y buenas prácticas para su tratamiento.
RE4. Analizar y evaluar los riesgos de seguridad de la red de comunicaciones en una organización, siguiendo métodos, técnicas y herramientas apropiadas, y de implementar las buenas prácticas y tecnologías requeridas para su tratamiento.
RE5. Analizar y evaluar los riesgos de seguridad de los componentes de TI en una organización, siguiendo métodos, técnicas y herramientas apropiadas, y de implementar las buenas prácticas y tecnologías requeridas para su tratamiento.
RE6. Analizar y evaluar los riesgos de seguridad de la información en una organización, siguiendo métodos, técnicas y herramientas apropiadas, y de implementar las buenas prácticas y tecnologías requeridas para su tratamiento.
RE7. Gestionar la seguridad de la información en una organización, considerando la legislación local e internacional en materia de seguridad y protección de datos.
RE8. El egresado estará en capacidad de ejercer su profesión de manera legal, ética, con rigor científico y comprometido con el desarrollo sustentable de su entorno.
RE9. El egresado demostrará su capacidad de análisis crítico proponiendo soluciones de seguridad que contribuyan al desarrollo productivo de las organizaciones públicas y privadas.
RE10. El egresado contribuirá con soluciones de seguridad de vanguardia, considerando siempre el contexto cultural regional y local.","El Ingeniero/a en Seguridad de Tecnologías de la Información estará en la capacidad de aplicar teorías, conceptos y métodos para resolver problemas relacionados a la seguridad de las Tecnologías de la Información, en áreas como: la seguridad en la red, seguridad de la información, seguridad en los componentes y la gestión de la misma a través de la aplicación de las mejores prácticas (normas y estándares); con ética y responsabilidad. Por otro lado, el campo de acción de un Ingeniero/a en Seguridad de Tecnologías de la Información también incluye:i) Proponer soluciones a problemas relacionados con temáticas multidisciplinarias para las que la Seguridad de las TI es un dominio transversal, y coordina y dirige efectivamente su implementación,ii) Proponer y dirigir proyectos de investigación e innovación relacionados con la Seguridad de las TI y su integración en diferentes soluciones tecnológicas,iii) Gestionar con solvencia vulneraciones de Seguridad de las TI de una organizacióniv) Administrar servicios de consultoría para el análisis de la Seguridad de una organización en el ámbito de las TI,v) Liderar centros (como el CSIRT-Computer Security Incident Response Team) de Seguridad de una organización.vi) Finalmente, gracias a la formación integral en los estándares vigentes tecnológicos, el Ingeniero/a en Seguridad de Tecnologías de la Información está en la capacidad de generar emprendimientos orientados al desarrollo y consultoría de bienes y servicios en el ámbito de la Seguridad de las TI."
